ORDER_ID,CUSTOMER_ID,PRODUCT_CATEGORY,REGION,ORDER_DATE,QUANTITY,UNIT_PRICE,TOTAL_SALES,PROFIT
ORD-1,CUST-655,Furniture,East,1/1/23 0:00,19,73.07,1388.33,212.82
ORD-2,CUST-115,Grocery,East,1/1/23 1:00,8,93.41,747.28,135.14
ORD-3,CUST-26,Electronics,East,1/1/23 2:00,7,43.78,306.46,73.66
ORD-4,CUST-760,Furniture,East,1/1/23 3:00,16,31.74,507.84,54.73
ORD-5,CUST-282,Furniture,West,1/1/23 4:00,19,59.94,1138.86,331.89
ORD-6,CUST-251,Grocery,East,1/1/23 5:00,6,81.66,489.96,53.53
ORD-7,CUST-229,Electronics,North,1/1/23 6:00,11,10.34,113.74,31.42
ORD-8,CUST-143,Electronics,East,1/1/23 7:00,5,66.82,334.1,93.17
ORD-9,CUST-755,Furniture,West,1/1/23 8:00,16,63.69,1019.04,208.8
ORD-10,CUST-105,Clothing,East,1/1/23 9:00,7,38.63,270.41,34.45
ORD-11,CUST-693,Furniture,North,1/1/23 10:00,5,50.63,253.15,53.93
ORD-12,CUST-759,Furniture,West,1/1/23 11:00,11,32.23,354.53,80.03
ORD-13,CUST-914,Furniture,West,1/1/23 12:00,15,81.09,1216.35,330.3
ORD-14,CUST-559,Furniture,North,1/1/23 13:00,3,67.11,201.33,42.32
ORD-15,CUST-90,Grocery,North,1/1/23 14:00,5,57.94,289.7,52.77
ORD-16,CUST-605,Electronics,North,1/1/23 15:00,5,45.33,226.65,60.66
ORD-17,CUST-433,Grocery,North,1/1/23 16:00,9,36.22,325.98,96.55
ORD-18,CUST-33,Grocery,North,1/1/23 17:00,15,84.05,1260.75,288.74
ORD-19,CUST-31,Grocery,West,1/1/23 18:00,3,50.63,151.89,41.75
ORD-20,CUST-96,Furniture,West,1/1/23 19:00,6,55.13,330.78,72.69
ORD-21,CUST-224,Clothing,East,1/1/23 20:00,17,56.87,966.79,230.06
ORD-22,CUST-239,Electronics,East,1/1/23 21:00,8,50.35,402.8,
ORD-23,CUST-518,Clothing,South,1/1/23 22:00,11,33.05,363.55,87.6
ORD-24,CUST-617,Grocery,East,1/1/23 23:00,6,20.83,124.98,20.52
ORD-25,CUST-28,Grocery,East,1/2/23 0:00,8,18.87,150.96,32.48
ORD-26,CUST-575,Clothing,North,1/2/23 1:00,10,78.17,781.7,171.06
ORD-27,CUST-204,Clothing,North,1/2/23 2:00,3,30.12,90.36,14.73
ORD-28,CUST-734,Clothing,East,1/2/23 3:00,14,15.01,210.14,35.72
ORD-29,CUST-666,Grocery,South,1/2/23 4:00,14,81.78,1144.92,289.03
ORD-30,CUST-719,Grocery,North,1/2/23 5:00,10,23.87,238.7,51.69
ORD-31,CUST-559,Electronics,East,1/2/23 6:00,12,66.26,795.12,103.24
ORD-32,CUST-430,Electronics,East,1/2/23 7:00,6,40.48,242.88,64.98
ORD-33,CUST-226,Grocery,West,1/2/23 8:00,12,21.38,256.56,70.97
ORD-34,CUST-460,Clothing,South,1/2/23 9:00,14,47.3,662.2,127.96
ORD-35,CUST-604,Clothing,West,1/2/23 10:00,2,11.33,22.66,3.21
ORD-36,CUST-285,Electronics,South,1/2/23 11:00,9,85.69,771.21,223.28
ORD-37,CUST-829,Grocery,North,1/2/23 12:00,10,56.21,562.1,155.39
ORD-38,CUST-891,Electronics,South,1/2/23 13:00,17,22.52,382.84,57
ORD-39,CUST-7,Electronics,East,1/2/23 14:00,17,31.33,532.61,63.44
ORD-40,CUST-778,Furniture,East,1/2/23 15:00,3,50.32,150.96,28.4
ORD-41,CUST-826,Furniture,South,1/2/23 16:00,19,27,513,120.7
ORD-42,CUST-164,Furniture,South,1/2/23 17:00,1,34.17,34.17,4.62
ORD-43,CUST-715,Clothing,South,1/2/23 18:00,12,58.09,697.08,141.26
ORD-44,CUST-433,Grocery,West,1/2/23 19:00,7,84.93,594.51,110.03
ORD-45,CUST-349,Grocery,South,1/2/23 20:00,4,46.17,184.68,51.36
ORD-46,CUST-285,Grocery,North,1/2/23 21:00,10,74.53,745.3,138.56
ORD-47,CUST-160,Grocery,West,1/2/23 22:00,13,88.9,1155.7,238.95
ORD-48,CUST-221,Furniture,West,1/2/23 23:00,2,29.47,58.94,17.15
ORD-49,CUST-981,Clothing,South,1/3/23 0:00,10,82.65,826.5,132.19
ORD-50,CUST-782,Clothing,North,1/3/23 1:00,4,78.17,312.68,49.34
ORD-51,CUST-345,Furniture,West,1/3/23 2:00,18,42.12,758.16,197.06
ORD-52,CUST-105,Clothing,East,1/3/23 3:00,5,99.06,495.3,77.02
ORD-53,CUST-95,Furniture,West,1/3/23 4:00,19,33.63,638.97,170.2
ORD-54,CUST-390,Grocery,South,1/3/23 5:00,2,32.93,65.86,7.84
ORD-55,CUST-100,Furniture,North,1/3/23 6:00,12,79.5,954,116.63
ORD-56,CUST-368,Grocery,South,1/3/23 7:00,17,49.12,835.04,234.03
ORD-57,CUST-868,Grocery,East,1/3/23 8:00,10,39.77,397.7,82.79
ORD-58,CUST-353,Electronics,East,1/3/23 9:00,2,26.08,52.16,12.71
ORD-59,CUST-619,Furniture,East,1/3/23 10:00,6,78.88,473.28,68.65
ORD-60,CUST-271,Electronics,South,1/3/23 11:00,8,80.77,646.16,86.1
ORD-61,CUST-827,Furniture,West,1/3/23 12:00,19,60.99,1158.81,309.39
ORD-62,CUST-45,Furniture,South,1/3/23 13:00,11,96.16,1057.76,181.64
ORD-63,CUST-748,Electronics,North,1/3/23 14:00,12,38.63,463.56,88.54
ORD-64,CUST-471,Electronics,West,1/3/23 15:00,9,29.77,267.93,28.29
ORD-65,CUST-550,Furniture,East,1/3/23 16:00,2,70.97,141.94,25.15
ORD-66,CUST-128,Clothing,South,1/3/23 17:00,8,78.26,626.08,159.08
ORD-67,CUST-997,Grocery,East,1/3/23 18:00,11,30.24,166.32,87.9
ORD-68,CUST-945,Electronics,East,1/3/23 19:00,4,16.89,67.56,16.2
ORD-69,CUST-388,Grocery,North,1/3/23 20:00,10,82.95,829.5,197.78
ORD-70,CUST-81,Clothing,West,1/3/23 21:00,16,97.89,783.12,315.2
ORD-71,CUST-566,Clothing,North,1/3/23 22:00,8,68.02,544.16,113
ORD-72,CUST-301,Clothing,North,1/3/23 23:00,4,35.01,140.04,34.8
ORD-73,CUST-850,Electronics,North,1/4/23 0:00,10,99.7,997,149.01
ORD-74,CUST-644,Clothing,East,1/4/23 1:00,12,90.39,1084.68,158.69
ORD-75,CUST-634,Electronics,North,1/4/23 2:00,14,56.2,786.8,228.16
ORD-76,CUST-907,Clothing,North,1/4/23 3:00,16,84.28,1348.48,142.32
ORD-77,CUST-883,Grocery,West,1/4/23 4:00,18,83.42,750.78,192.04
ORD-78,CUST-371,Grocery,West,1/4/23 5:00,12,94.13,1129.56,241.8
ORD-79,CUST-592,Furniture,North,1/4/23 6:00,18,85.68,1542.24,381.81
ORD-80,CUST-197,Grocery,West,1/4/23 7:00,7,67.93,475.51,98.71
ORD-81,CUST-722,Furniture,West,1/4/23 8:00,7,64.84,453.88,77.62
ORD-82,CUST-72,Grocery,North,1/4/23 9:00,9,52.06,468.54,138.5
ORD-83,CUST-47,Electronics,East,1/4/23 10:00,1,66.38,66.38,15.98
ORD-84,CUST-678,Grocery,North,1/4/23 11:00,6,81.57,489.42,130.32
ORD-85,CUST-234,Furniture,West,1/4/23 12:00,6,97.21,583.26,63.02
ORD-86,CUST-792,Furniture,East,1/4/23 13:00,12,52.06,624.72,91.95
ORD-87,CUST-297,Clothing,South,1/4/23 14:00,12,61.63,739.56,129.3
ORD-88,CUST-82,Electronics,East,1/4/23 15:00,10,50.03,500.3,68.3
ORD-89,CUST-876,Grocery,West,1/4/23 16:00,6,70.16,420.96,48.23
ORD-90,CUST-239,Clothing,East,1/4/23 17:00,17,66.69,1133.73,164.41
ORD-91,CUST-888,Grocery,North,1/4/23 18:00,19,11.61,220.59,45.6
ORD-92,CUST-104,Grocery,South,1/4/23 19:00,18,58.7,1056.6,252.68
ORD-93,CUST-390,Clothing,South,1/4/23 20:00,6,17.96,107.76,41.19
ORD-94,CUST-285,Clothing,South,1/4/23 21:00,19,12.37,235.03,25.52
ORD-95,CUST-465,Clothing,West,1/4/23 22:00,10,81.21,812.1,150.72
ORD-96,CUST-651,Clothing,West,1/4/23 23:00,8,33.28,266.24,33.13
ORD-97,CUST-855,Clothing,South,1/5/23 0:00,6,40.66,243.96,45.44
ORD-98,CUST-374,Grocery,East,1/5/23 1:00,7,15.77,110.39,20.62
ORD-99,CUST-167,Clothing,South,1/5/23 2:00,1,26.16,,5.22
ORD-100,CUST-380,Electronics,East,1/5/23 3:00,18,78.9,1420.2,395.62
ORD-101,CUST-364,Furniture,East,1/5/23 4:00,12,54.42,653.04,
ORD-102,CUST-215,Clothing,West,1/5/23 5:00,16,89.26,1428.16,324.68
ORD-103,CUST-687,Clothing,East,1/5/23 6:00,10,45.75,457.5,126.76
ORD-104,CUST-274,Grocery,South,1/5/23 7:00,10,34.18,341.8,120.84
ORD-105,CUST-719,Clothing,West,1/5/23 8:00,14,41.28,577.92,152.44
ORD-106,CUST-960,Clothing,North,1/5/23 9:00,10,74.15,741.5,157.76
ORD-107,CUST-700,Clothing,North,1/5/23 10:00,10,59.95,599.5,122.92
ORD-108,CUST-664,Grocery,West,1/5/23 11:00,11,91.38,1005.18,246.09
ORD-109,CUST-74,Clothing,South,1/5/23 12:00,2,64.2,128.4,13.35
ORD-110,CUST-624,Furniture,North,1/5/23 13:00,8,54.37,434.96,103.55
ORD-111,CUST-651,Grocery,North,1/5/23 14:00,7,80.72,565.04,162.11
ORD-112,CUST-176,Furniture,East,1/5/23 15:00,8,95.28,762.24,185.06
ORD-113,CUST-547,Grocery,East,1/5/23 16:00,1,42.03,,4.51
ORD-114,CUST-747,Clothing,South,1/5/23 17:00,2,32.49,64.98,11.41
ORD-115,CUST-251,Furniture,West,1/5/23 18:00,18,65.46,1178.28,308.61
ORD-116,CUST-168,Grocery,South,1/5/23 19:00,15,54.9,823.5,240.23
ORD-117,CUST-474,Electronics,West,1/5/23 20:00,1,99.03,99.03,17.23
ORD-118,CUST-389,Clothing,North,1/5/23 21:00,5,51.61,258.05,69.22
ORD-119,CUST-277,Grocery,East,1/5/23 22:00,2,16.69,33.38,9.1
ORD-120,CUST-948,Electronics,South,1/5/23 23:00,3,97.96,293.88,36.63
ORD-121,CUST-656,Grocery,South,1/6/23 0:00,19,85.92,1632.48,439.39
ORD-122,CUST-705,Electronics,West,1/6/23 1:00,18,26.04,468.72,77.27
ORD-123,CUST-571,Clothing,West,1/6/23 2:00,18,91.41,1645.38,359.76
ORD-124,CUST-225,Furniture,South,1/6/23 3:00,14,40.66,569.24,118.28
ORD-125,CUST-702,Electronics,West,1/6/23 4:00,8,43.94,351.52,81.77
ORD-126,CUST-333,Grocery,South,1/6/23 5:00,12,91.58,1098.96,272.64
ORD-127,CUST-864,Clothing,South,1/6/23 6:00,10,57.71,577.1,108.6
ORD-128,CUST-787,Electronics,South,1/6/23 7:00,17,22.4,380.8,105.73
ORD-129,CUST-795,Grocery,North,1/6/23 8:00,11,43.22,475.42,124.51
ORD-130,CUST-58,Grocery,West,1/6/23 9:00,2,74.99,149.98,38.56
ORD-131,CUST-235,Grocery,East,1/6/23 10:00,4,25.68,102.72,19.69
ORD-132,CUST-842,Electronics,East,1/6/23 11:00,1,63.12,63.12,6.79
ORD-133,CUST-33,Electronics,West,1/6/23 12:00,15,72.57,1088.55,216.02
ORD-134,CUST-825,Electronics,South,1/6/23 13:00,13,40.95,532.35,148.89
ORD-135,CUST-324,Furniture,East,1/6/23 14:00,8,72.45,579.6,80.04
ORD-136,CUST-411,Electronics,East,1/6/23 15:00,4,89.58,358.32,106.25
ORD-137,CUST-275,Electronics,West,1/6/23 16:00,10,52.49,,137.28
ORD-138,CUST-68,Electronics,East,1/6/23 17:00,19,44.46,844.74,204.4
ORD-139,CUST-217,Furniture,South,1/6/23 18:00,18,32.6,586.8,138.15
ORD-140,CUST-936,Electronics,West,1/6/23 19:00,5,64.38,321.9,69.98
ORD-141,CUST-966,Grocery,South,1/6/23 20:00,19,89.19,1694.61,413.71
ORD-142,CUST-581,Electronics,East,1/6/23 21:00,16,39.22,627.52,115.7
ORD-143,CUST-898,Grocery,East,1/6/23 22:00,1,45.66,45.66,12.29
ORD-144,CUST-736,Grocery,South,1/6/23 23:00,12,46.6,559.2,133.8
ORD-145,CUST-323,Grocery,North,1/7/23 0:00,2,60.47,120.94,30.75
ORD-146,CUST-218,Furniture,East,1/7/23 1:00,8,30.56,244.48,63.2
ORD-147,CUST-672,Furniture,North,1/7/23 2:00,18,84,1512,179.04
ORD-148,CUST-512,Furniture,East,1/7/23 3:00,16,36.6,585.6,65.08
ORD-149,CUST-406,Electronics,North,1/7/23 4:00,5,73.48,367.4,95.6
ORD-150,CUST-906,Grocery,North,1/7/23 5:00,13,56.19,730.47,110.94
ORD-151,CUST-937,Furniture,North,1/7/23 6:00,19,62.73,1191.87,257.91
ORD-152,CUST-659,Furniture,South,1/7/23 7:00,3,26.16,78.48,14.81
ORD-153,CUST-470,Electronics,North,1/7/23 8:00,8,76.15,609.2,63.61
ORD-154,CUST-147,Furniture,North,1/7/23 9:00,12,26.98,323.76,34.98
ORD-155,CUST-272,Electronics,North,1/7/23 10:00,2,20.21,40.42,10.73
ORD-156,CUST-143,Clothing,East,1/7/23 11:00,11,59.2,651.2,144.26
ORD-157,CUST-253,Furniture,North,1/7/23 12:00,12,73.84,886.08,181.44
ORD-158,CUST-763,Clothing,East,1/7/23 13:00,18,14.5,261,75.4
ORD-159,CUST-575,Electronics,North,1/7/23 14:00,13,16.25,211.25,28.44
ORD-160,CUST-552,Grocery,North,1/7/23 15:00,5,82.24,411.2,62.34
ORD-161,CUST-270,Furniture,South,1/7/23 16:00,12,82.81,993.72,249.77
ORD-162,CUST-765,Electronics,East,1/7/23 17:00,2,32.08,64.16,16.36
ORD-163,CUST-599,Grocery,North,1/7/23 18:00,5,65.37,326.85,59.15
ORD-164,CUST-439,Grocery,East,1/7/23 19:00,7,49.89,349.23,101.35
ORD-165,CUST-920,Clothing,East,1/7/23 20:00,12,66.94,803.28,231.06
ORD-166,CUST-598,Electronics,West,1/7/23 21:00,16,87.66,1402.56,143.74
ORD-167,CUST-409,Grocery,South,1/7/23 22:00,8,17.19,137.52,18.49
ORD-168,CUST-371,Furniture,South,1/7/23 23:00,9,80.02,720.18,190.16
ORD-169,CUST-225,Furniture,South,1/8/23 0:00,15,54.37,815.55,136.23
ORD-170,CUST-142,Clothing,West,1/8/23 1:00,5,60.77,303.85,36.19
ORD-171,CUST-522,Grocery,West,1/8/23 2:00,13,68.85,895.05,230.03
ORD-172,CUST-506,Electronics,South,1/8/23 3:00,5,93.04,465.2,88.81
ORD-173,CUST-94,Furniture,West,1/8/23 4:00,11,15.1,166.1,32.97
ORD-174,CUST-774,Grocery,West,1/8/23 5:00,10,12.65,126.5,17.37
ORD-175,CUST-49,Grocery,West,1/8/23 6:00,13,26.04,338.52,78.6
ORD-176,CUST-882,Clothing,South,1/8/23 7:00,9,98.78,889.02,186.91
ORD-177,CUST-113,Furniture,South,1/8/23 8:00,14,74.36,1041.04,147.13
ORD-178,CUST-157,Furniture,South,1/8/23 9:00,18,65.32,1175.76,197.61
ORD-179,CUST-643,Electronics,West,1/8/23 10:00,15,14.23,213.45,46.83
ORD-180,CUST-164,Furniture,South,1/8/23 11:00,10,89.12,891.2,253.97
ORD-181,CUST-812,Electronics,West,1/8/23 12:00,7,83.15,582.05,165.35
ORD-182,CUST-697,Furniture,North,1/8/23 13:00,8,69.83,558.64,88.03
ORD-183,CUST-433,Clothing,West,1/8/23 14:00,3,40.52,121.56,30.04
ORD-184,CUST-611,Furniture,East,1/8/23 15:00,15,16.35,245.25,62.56
ORD-185,CUST-66,Electronics,South,1/8/23 16:00,16,62.2,995.2,260.51
ORD-186,CUST-395,Electronics,South,1/8/23 17:00,4,74.77,299.08,64.05
ORD-187,CUST-391,Clothing,East,1/8/23 18:00,6,18.48,110.88,11.32
ORD-188,CUST-611,Furniture,West,1/8/23 19:00,1,67.04,67.04,16.92
ORD-189,CUST-480,Furniture,North,1/8/23 20:00,4,35.77,143.08,17.36
ORD-190,CUST-542,Clothing,East,1/8/23 21:00,11,78.78,866.58,106.91
ORD-191,CUST-258,Furniture,East,1/8/23 22:00,12,58.57,702.84,155.42
ORD-192,CUST-995,Furniture,West,1/8/23 23:00,5,21.61,108.05,32.06
ORD-193,CUST-567,Electronics,South,1/9/23 0:00,16,57.39,918.24,136.37
ORD-194,CUST-882,Furniture,West,1/9/23 1:00,13,45.62,593.06,135.91
ORD-195,CUST-966,Furniture,East,1/9/23 2:00,13,26.23,340.99,54.81
ORD-196,CUST-12,Clothing,East,1/9/23 3:00,17,85.74,1457.58,407.75
ORD-197,CUST-697,Clothing,South,1/9/23 4:00,7,10.99,76.93,16.82
ORD-198,CUST-739,Grocery,South,1/9/23 5:00,8,38.09,304.72,43.12
ORD-199,CUST-118,Electronics,South,1/9/23 6:00,13,11.13,144.69,22.05
ORD-200,CUST-699,Furniture,West,1/9/23 7:00,16,18.64,298.24,55.62
ORD-201,CUST-907,Furniture,South,1/9/23 8:00,4,36.74,146.96,18.28
ORD-202,CUST-550,Grocery,East,1/9/23 9:00,8,14.88,119.04,13.78
ORD-203,CUST-769,Furniture,East,1/9/23 10:00,16,63.7,1019.2,240.54
ORD-204,CUST-274,Electronics,North,1/9/23 11:00,10,17.82,178.2,32.33
ORD-205,CUST-788,Grocery,West,1/9/23 12:00,12,73.15,877.8,215.28
ORD-206,CUST-657,Electronics,North,1/9/23 13:00,12,14.74,176.88,21.58
ORD-207,CUST-349,Grocery,East,1/9/23 14:00,5,15.34,76.7,17.03
ORD-208,CUST-115,Grocery,North,1/9/23 15:00,16,37.48,599.68,113.14
ORD-209,CUST-301,Clothing,East,1/9/23 16:00,1,90.69,90.69,10.12
ORD-210,CUST-446,Electronics,North,1/9/23 17:00,9,67.73,609.57,127.38
ORD-211,CUST-162,Furniture,South,1/9/23 18:00,12,79.31,951.72,110.93
ORD-212,CUST-465,Furniture,North,1/9/23 19:00,5,22.74,113.7,30.19
ORD-213,CUST-4,Electronics,South,1/9/23 20:00,3,85.07,255.21,57.78
ORD-214,CUST-977,Furniture,South,1/9/23 21:00,5,10.73,53.65,11.34
ORD-215,CUST-740,Furniture,West,1/9/23 22:00,2,29.18,58.36,7.39
ORD-216,CUST-897,Electronics,South,1/9/23 23:00,14,65.45,916.3,144.31
ORD-217,CUST-737,Grocery,South,1/10/23 0:00,2,43.77,87.54,17.38
ORD-218,CUST-270,Electronics,North,1/10/23 1:00,13,98.58,1281.54,290.47
ORD-219,CUST-996,Grocery,East,1/10/23 2:00,7,12.73,89.11,12.18
ORD-220,CUST-513,Furniture,West,1/10/23 3:00,10,99.87,,101.64
ORD-221,CUST-781,Furniture,South,1/10/23 4:00,13,66.13,859.69,145.25
ORD-222,CUST-183,Furniture,West,1/10/23 5:00,16,60.28,964.48,189.59
ORD-223,CUST-520,Clothing,North,1/10/23 6:00,14,15.36,215.04,29.44
ORD-224,CUST-935,Grocery,South,1/10/23 7:00,11,34.6,380.6,75.52
ORD-225,CUST-109,Clothing,North,1/10/23 8:00,10,93.22,932.2,156.33
ORD-226,CUST-892,Clothing,West,1/10/23 9:00,6,41.88,251.28,48
ORD-227,CUST-641,Electronics,North,1/10/23 10:00,4,69.55,278.2,47.15
ORD-228,CUST-306,Clothing,West,1/10/23 11:00,1,99.95,99.95,22.56
ORD-229,CUST-862,Electronics,North,1/10/23 12:00,7,33.68,235.76,25.6
ORD-230,CUST-655,Electronics,West,1/10/23 13:00,9,61.85,556.65,74.69
ORD-231,CUST-520,Clothing,East,1/10/23 14:00,8,72.68,581.44,108.47
ORD-232,CUST-624,Grocery,North,1/10/23 15:00,5,24.82,124.1,21.25
ORD-233,CUST-204,Grocery,North,1/10/23 16:00,19,23.38,444.22,79.22
ORD-234,CUST-157,Grocery,East,1/10/23 17:00,10,51.07,510.7,133.17
ORD-235,CUST-383,Grocery,East,1/10/23 18:00,11,44.72,491.92,136.39
ORD-236,CUST-781,Grocery,North,1/10/23 19:00,15,74.28,1114.2,166.83
ORD-237,CUST-166,Clothing,East,1/10/23 20:00,6,16.26,97.56,26.08
ORD-238,CUST-553,Clothing,South,1/10/23 21:00,15,97.49,1462.35,280.42
ORD-239,CUST-977,Furniture,West,1/10/23 22:00,5,11.28,56.4,8.73
ORD-240,CUST-798,Grocery,West,1/10/23 23:00,19,64.12,1218.28,361.94
ORD-241,CUST-945,Clothing,West,1/11/23 0:00,19,60.64,1152.16,457.92
ORD-242,CUST-544,Furniture,South,1/11/23 1:00,10,22.12,221.2,66.11
ORD-243,CUST-941,Grocery,East,1/11/23 2:00,12,23.58,282.96,37.81
ORD-244,CUST-1,Electronics,East,1/11/23 3:00,4,81.34,325.36,41.9
ORD-245,CUST-614,Furniture,North,1/11/23 4:00,18,89.88,1617.84,324.66
ORD-246,CUST-332,Clothing,East,1/11/23 5:00,16,35.47,567.52,129.24
ORD-247,CUST-501,Electronics,North,1/11/23 6:00,8,49.42,395.36,53.06
ORD-248,CUST-20,Electronics,South,1/11/23 7:00,4,41.95,167.8,45.66
ORD-249,CUST-115,Electronics,West,1/11/23 8:00,12,16.53,198.36,40.94
ORD-250,CUST-952,Furniture,West,1/11/23 9:00,2,70.59,141.18,25.72
ORD-251,CUST-372,Clothing,West,1/11/23 10:00,4,84.27,337.08,74.3
ORD-252,CUST-900,Electronics,East,1/11/23 11:00,5,37.44,187.2,42.49
ORD-253,CUST-852,Grocery,North,1/11/23 12:00,3,99.12,297.36,32.28
ORD-254,CUST-827,Electronics,North,1/11/23 13:00,9,16.83,151.47,45.44
ORD-255,CUST-315,Electronics,South,1/11/23 14:00,18,69.56,1252.08,216.34
ORD-256,CUST-246,Furniture,East,1/11/23 15:00,11,50.34,553.74,62.19
ORD-257,CUST-60,Furniture,South,1/11/23 16:00,3,50.19,150.57,40.72
ORD-258,CUST-247,Clothing,North,1/11/23 17:00,2,51.19,102.38,30.57
ORD-259,CUST-900,Grocery,North,1/11/23 18:00,9,33.28,299.52,78.86
ORD-260,CUST-581,Furniture,West,1/11/23 19:00,14,74.4,1041.6,281.62
ORD-261,CUST-970,Electronics,East,1/11/23 20:00,4,74.94,299.76,67.5
ORD-262,CUST-81,Clothing,North,1/11/23 21:00,9,35.42,318.78,90.68
ORD-263,CUST-88,Electronics,West,1/11/23 22:00,13,85.18,1107.34,118.65
ORD-264,CUST-750,Electronics,East,1/11/23 23:00,18,38.52,693.36,175.66
ORD-265,CUST-498,Furniture,South,1/12/23 0:00,15,75.26,1128.9,264.32
ORD-266,CUST-836,Clothing,East,1/12/23 1:00,10,20.89,208.9,22.96
ORD-267,CUST-71,Grocery,East,1/12/23 2:00,16,25.18,402.88,84.12
ORD-268,CUST-779,Grocery,North,1/12/23 3:00,12,38.42,461.04,93.6
ORD-269,CUST-546,Furniture,North,1/12/23 4:00,5,63.45,317.25,75.6
ORD-270,CUST-785,Furniture,East,1/12/23 5:00,2,68.1,136.2,15.73
ORD-271,CUST-129,Clothing,North,1/12/23 6:00,10,45.67,456.7,119.22
ORD-272,CUST-132,Grocery,North,1/12/23 7:00,1,17.01,17.01,2.18
ORD-273,CUST-676,Grocery,North,1/12/23 8:00,7,43.63,305.41,56.11
ORD-274,CUST-487,Grocery,West,1/12/23 9:00,17,71.99,1223.83,338.09
ORD-275,CUST-970,Electronics,West,1/12/23 10:00,16,70.39,1126.24,238.88
ORD-276,CUST-563,Grocery,East,1/12/23 11:00,3,24.42,73.26,12.89
ORD-277,CUST-170,Electronics,North,1/12/23 12:00,14,10.7,149.8,16.42
ORD-278,CUST-272,Clothing,West,1/12/23 13:00,10,77.77,777.7,182.34
ORD-279,CUST-541,Electronics,East,1/12/23 14:00,7,19.57,136.99,40.73
ORD-280,CUST-894,Clothing,North,1/12/23 15:00,17,17.41,295.97,83.57
ORD-281,CUST-622,Grocery,South,1/12/23 16:00,6,10.24,61.44,14.96
ORD-282,CUST-434,Grocery,North,1/12/23 17:00,4,48.93,195.72,23.69
ORD-283,CUST-988,Clothing,North,1/12/23 18:00,17,55.29,939.93,139
ORD-284,CUST-217,Furniture,West,1/12/23 19:00,9,67.39,606.51,83.32
ORD-285,CUST-952,Clothing,East,1/12/23 20:00,4,36.65,146.6,25.08
ORD-286,CUST-553,Furniture,East,1/12/23 21:00,7,73.94,517.58,76.14
ORD-287,CUST-774,Electronics,West,1/12/23 22:00,2,25.24,50.48,7.52
ORD-288,CUST-748,Electronics,North,1/12/23 23:00,17,84.88,1442.96,322.28
ORD-289,CUST-707,Electronics,South,1/13/23 0:00,8,61.47,491.76,80.52
ORD-290,CUST-206,Grocery,North,1/13/23 1:00,15,62.55,938.25,
ORD-291,CUST-731,Electronics,North,1/13/23 2:00,15,28.88,433.2,125.45
ORD-292,CUST-320,Furniture,South,1/13/23 3:00,8,16.67,133.36,30.37
ORD-293,CUST-409,Electronics,West,1/13/23 4:00,16,51.83,829.28,207.59
ORD-294,CUST-688,Clothing,East,1/13/23 5:00,19,65.41,1242.79,311.09
ORD-295,CUST-666,Clothing,West,1/13/23 6:00,11,18.55,204.05,33.9
ORD-296,CUST-383,Grocery,West,1/13/23 7:00,2,95.55,191.1,19.68
ORD-297,CUST-449,Clothing,North,1/13/23 8:00,17,98.24,1670.08,185.39
ORD-298,CUST-922,Furniture,East,1/13/23 9:00,16,59.09,945.44,147.88
ORD-299,CUST-530,Electronics,East,1/13/23 10:00,15,95.51,1432.65,340.84
ORD-300,CUST-463,Grocery,West,1/13/23 11:00,13,26.15,339.95,95.64
ORD-301,CUST-124,Electronics,South,1/13/23 12:00,15,12.29,184.35,53.79
ORD-302,CUST-254,Electronics,West,1/13/23 13:00,4,13.55,54.2,5.7
ORD-303,CUST-231,Furniture,South,1/13/23 14:00,16,62.88,1006.08,299.83
ORD-304,CUST-66,Clothing,East,1/13/23 15:00,12,15.55,186.6,30.7
ORD-305,CUST-347,Clothing,West,1/13/23 16:00,4,96.27,385.08,103.43
ORD-306,CUST-22,Electronics,North,1/13/23 17:00,3,22.77,68.31,9.29
ORD-307,CUST-603,Grocery,West,1/13/23 18:00,17,37.43,636.31,71.64
ORD-308,CUST-568,Clothing,East,1/13/23 19:00,18,84.03,1512.54,265.71
ORD-309,CUST-236,Grocery,North,1/13/23 20:00,18,29.69,534.42,145.25
ORD-310,CUST-603,Clothing,North,1/13/23 21:00,17,31.87,541.79,78.11
ORD-311,CUST-226,Grocery,South,1/13/23 22:00,12,67.81,813.72,106.43
ORD-312,CUST-8,Furniture,North,1/13/23 23:00,4,34.85,139.4,39.31
ORD-313,CUST-73,Grocery,North,1/14/23 0:00,12,29.57,354.84,102.08
ORD-314,CUST-725,Furniture,West,1/14/23 1:00,15,32.88,493.2,50.56
ORD-315,CUST-647,Furniture,East,1/14/23 2:00,16,54.16,866.56,212.73
ORD-316,CUST-61,Grocery,South,1/14/23 3:00,5,96.95,484.75,78.45
ORD-317,CUST-235,Furniture,West,1/14/23 4:00,15,84.9,1273.5,222.79
ORD-318,CUST-70,Electronics,North,1/14/23 5:00,17,35.61,605.37,117.33
ORD-319,CUST-928,Furniture,North,1/14/23 6:00,18,42.7,768.6,142.47
ORD-320,CUST-33,Clothing,South,1/14/23 7:00,5,51.81,259.05,52.59
ORD-321,CUST-881,Grocery,East,1/14/23 8:00,13,98.1,1275.3,276.07
ORD-322,CUST-339,Electronics,South,1/14/23 9:00,19,25.52,484.88,93.64
ORD-323,CUST-73,Grocery,West,1/14/23 10:00,13,42.17,548.21,131.74
ORD-324,CUST-527,Clothing,South,1/14/23 11:00,18,75.65,1361.7,331.87
ORD-325,CUST-244,Clothing,North,1/14/23 12:00,14,96.75,1354.5,254.74
ORD-326,CUST-286,Clothing,West,1/14/23 13:00,4,24.01,96.04,12.34
ORD-327,CUST-686,Furniture,North,1/14/23 14:00,4,30.46,,27.8
ORD-328,CUST-498,Furniture,East,1/14/23 15:00,19,30.31,575.89,146.62
ORD-329,CUST-220,Grocery,North,1/14/23 16:00,13,11.88,154.44,35.15
ORD-330,CUST-553,Grocery,North,1/14/23 17:00,12,64.37,772.44,168.09
ORD-331,CUST-136,Electronics,South,1/14/23 18:00,7,70.36,492.52,71.85
ORD-332,CUST-741,Electronics,North,1/14/23 19:00,12,64.23,770.76,176.53
ORD-333,CUST-958,Grocery,West,1/14/23 20:00,4,16.42,65.68,10.97
ORD-334,CUST-904,Furniture,West,1/14/23 21:00,2,16.23,32.46,9.22
ORD-335,CUST-585,Clothing,East,1/14/23 22:00,2,28.93,57.86,13.35
ORD-336,CUST-591,Grocery,West,1/14/23 23:00,5,36.13,180.65,28.12
ORD-337,CUST-485,Electronics,South,1/15/23 0:00,10,80.79,807.9,157.21
ORD-338,CUST-249,Furniture,East,1/15/23 1:00,10,24.35,243.5,65.58
ORD-339,CUST-804,Grocery,West,1/15/23 2:00,9,13.97,125.73,21.01
ORD-340,CUST-485,Grocery,South,1/15/23 3:00,13,45.46,590.98,121.2
ORD-341,CUST-827,Furniture,West,1/15/23 4:00,7,47.48,332.36,78.42
ORD-342,CUST-417,Grocery,West,1/15/23 5:00,5,50.58,252.9,63.45
ORD-343,CUST-195,Furniture,North,1/15/23 6:00,10,84.42,844.2,113.78
ORD-344,CUST-97,Clothing,West,1/15/23 7:00,10,18.82,188.2,40.09
ORD-345,CUST-100,Furniture,West,1/15/23 8:00,6,73.35,440.1,124.3
ORD-346,CUST-675,Furniture,South,1/15/23 9:00,19,40.42,767.98,225.53
ORD-347,CUST-442,Furniture,South,1/15/23 10:00,8,37.9,303.2,70.11
ORD-348,CUST-363,Grocery,North,1/15/23 11:00,1,93.93,93.93,27.87
ORD-349,CUST-434,Grocery,West,1/15/23 12:00,17,32.36,550.12,117.81
ORD-350,CUST-421,Furniture,North,1/15/23 13:00,7,67.83,474.81,89.51
ORD-351,CUST-479,Grocery,West,1/15/23 14:00,14,34.76,486.64,102.35
ORD-352,CUST-885,Electronics,East,1/15/23 15:00,17,55.64,945.88,116.48
ORD-353,CUST-747,Electronics,East,1/15/23 16:00,9,80.77,726.93,131.1
ORD-354,CUST-56,Grocery,North,1/15/23 17:00,17,89.36,1519.12,291.19
ORD-355,CUST-690,Grocery,North,1/15/23 18:00,5,85.48,427.4,115.28
ORD-356,CUST-670,Furniture,North,1/15/23 19:00,8,62.4,499.2,125.66
ORD-357,CUST-662,Clothing,South,1/15/23 20:00,6,32.39,194.34,42.81
ORD-358,CUST-101,Grocery,South,1/15/23 21:00,11,69.51,764.61,129.57
ORD-359,CUST-63,Electronics,South,1/15/23 22:00,19,73.89,1403.91,192.91
ORD-360,CUST-413,Furniture,North,1/15/23 23:00,4,10.96,43.84,7.43
ORD-361,CUST-746,Grocery,West,1/16/23 0:00,18,49.53,891.54,
ORD-362,CUST-348,Electronics,East,1/16/23 1:00,1,85.89,85.89,13.11
ORD-363,CUST-820,Electronics,North,1/16/23 2:00,13,54.06,702.78,130.28
ORD-364,CUST-883,Clothing,South,1/16/23 3:00,14,38.02,532.28,94.4
ORD-365,CUST-112,Furniture,South,1/16/23 4:00,1,88.46,88.46,22.39
ORD-366,CUST-255,Furniture,North,1/16/23 5:00,11,24.03,264.33,73.16
ORD-367,CUST-197,Clothing,North,1/16/23 6:00,17,28.58,485.86,116.55
ORD-368,CUST-195,Clothing,South,1/16/23 7:00,4,71.86,287.44,48.38
ORD-369,CUST-550,Furniture,West,1/16/23 8:00,12,41.72,500.64,93.44
ORD-370,CUST-460,Furniture,South,1/16/23 9:00,10,74.17,741.7,95.43
ORD-371,CUST-144,Grocery,South,1/16/23 10:00,6,24.19,145.14,19.39
ORD-372,CUST-433,Grocery,North,1/16/23 11:00,1,32.7,32.7,4.34
ORD-373,CUST-188,Clothing,West,1/16/23 12:00,7,24.1,168.7,21.28
ORD-374,CUST-286,Grocery,South,1/16/23 13:00,16,95.76,1532.16,208.25
ORD-375,CUST-474,Electronics,South,1/16/23 14:00,14,46.49,650.86,91.47
ORD-376,CUST-256,Grocery,East,1/16/23 15:00,6,40.35,242.1,29.63
ORD-377,CUST-896,Grocery,North,1/16/23 16:00,5,11.28,56.4,
ORD-378,CUST-946,Electronics,East,1/16/23 17:00,18,23.81,428.58,127.75
ORD-379,CUST-78,Clothing,East,1/16/23 18:00,15,47.9,718.5,198.19
ORD-380,CUST-454,Electronics,South,1/16/23 19:00,6,16.17,97.02,10.59
ORD-381,CUST-828,Grocery,North,1/16/23 20:00,19,55.97,1063.43,196.32
ORD-382,CUST-883,Clothing,West,1/16/23 21:00,1,50.95,50.95,13.85
ORD-383,CUST-877,Grocery,South,1/16/23 22:00,1,79.05,79.05,10.03
ORD-384,CUST-564,Electronics,West,1/16/23 23:00,13,69.38,901.94,243.1
ORD-385,CUST-101,Electronics,West,1/17/23 0:00,3,50.14,150.42,32.87
ORD-386,CUST-52,Grocery,North,1/17/23 1:00,10,30.22,302.2,86.51
ORD-387,CUST-668,Furniture,East,1/17/23 2:00,3,75.42,226.26,62.27
ORD-388,CUST-554,Furniture,North,1/17/23 3:00,9,73.71,663.39,156.17
ORD-389,CUST-857,Electronics,West,1/17/23 4:00,8,23.8,190.4,44.09
ORD-390,CUST-16,Electronics,South,1/17/23 5:00,3,92.33,276.99,39.51
ORD-391,CUST-993,Furniture,West,1/17/23 6:00,13,15.8,205.4,25.34
ORD-392,CUST-96,Furniture,South,1/17/23 7:00,6,14.95,89.7,16.42
ORD-393,CUST-949,Grocery,South,1/17/23 8:00,13,26.86,349.18,47.95
ORD-394,CUST-772,Grocery,North,1/17/23 9:00,12,91.85,1102.2,132.8
ORD-395,CUST-870,Furniture,West,1/17/23 10:00,13,56.8,738.4,118.49
ORD-396,CUST-243,Grocery,East,1/17/23 11:00,2,80.91,161.82,44.03
ORD-397,CUST-171,Grocery,West,1/17/23 12:00,16,30.51,488.16,50.49
ORD-398,CUST-417,Clothing,West,1/17/23 13:00,6,54.12,324.72,51.48
ORD-399,CUST-498,Grocery,East,1/17/23 14:00,19,42.25,802.75,148.36
ORD-400,CUST-493,Electronics,North,1/17/23 15:00,13,84.5,1098.5,222.02
ORD-401,CUST-219,Grocery,West,1/17/23 16:00,17,12.03,204.51,27.88
ORD-402,CUST-886,Grocery,West,1/17/23 17:00,9,31.95,287.55,84.21
ORD-403,CUST-411,Furniture,South,1/17/23 18:00,17,23.73,403.41,87.05
ORD-404,CUST-925,Electronics,West,1/17/23 19:00,2,87.33,174.66,35.7
ORD-405,CUST-61,Grocery,East,1/17/23 20:00,19,52.08,989.52,100.7
ORD-406,CUST-169,Grocery,South,1/17/23 21:00,19,46.38,881.22,173.73
ORD-407,CUST-389,Clothing,North,1/17/23 22:00,7,50.45,353.15,94.48
ORD-408,CUST-3,Grocery,South,1/17/23 23:00,10,97.47,974.7,140.29
ORD-409,CUST-400,Grocery,East,1/18/23 0:00,10,86.52,865.2,147.29
ORD-410,CUST-272,Clothing,East,1/18/23 1:00,9,73.57,662.13,68.94
ORD-411,CUST-949,Furniture,South,1/18/23 2:00,17,36.14,614.38,181.48
ORD-412,CUST-803,Grocery,North,1/18/23 3:00,15,24.87,373.05,42.28
ORD-413,CUST-804,Clothing,South,1/18/23 4:00,2,92.93,185.86,51.97
ORD-414,CUST-466,Electronics,North,1/18/23 5:00,4,48.08,192.32,31.27
ORD-415,CUST-293,Furniture,South,1/18/23 6:00,19,35.09,666.71,145.02
ORD-416,CUST-434,Electronics,East,1/18/23 7:00,17,52.38,890.46,210.03
ORD-417,CUST-714,Electronics,West,1/18/23 8:00,5,92.61,463.05,59.35
ORD-418,CUST-981,Clothing,West,1/18/23 9:00,7,44.84,313.88,59.25
ORD-419,CUST-749,Grocery,North,1/18/23 10:00,18,60.64,1091.52,180.2
ORD-420,CUST-803,Clothing,North,1/18/23 11:00,7,82.27,575.89,64.11
ORD-421,CUST-570,Clothing,North,1/18/23 12:00,17,48.44,823.48,219.57
ORD-422,CUST-678,Clothing,East,1/18/23 13:00,7,31.02,217.14,23.68
ORD-423,CUST-736,Clothing,South,1/18/23 14:00,4,99.51,398.04,91.81
ORD-424,CUST-499,Furniture,East,1/18/23 15:00,8,96.09,768.72,125.16
ORD-425,CUST-159,Grocery,West,1/18/23 16:00,13,85.91,1116.83,154.6
ORD-426,CUST-195,Electronics,North,1/18/23 17:00,4,71.95,287.8,67.18
ORD-427,CUST-304,Electronics,South,1/18/23 18:00,6,36.54,219.24,47.12
ORD-428,CUST-223,Grocery,West,1/18/23 19:00,5,92.21,461.05,75.17
ORD-429,CUST-992,Electronics,West,1/18/23 20:00,12,34.8,417.6,84.6
ORD-430,CUST-60,Grocery,West,1/18/23 21:00,4,82.07,328.28,48.99
ORD-431,CUST-594,Electronics,East,1/18/23 22:00,9,92.64,833.76,227.4
ORD-432,CUST-754,Clothing,North,1/18/23 23:00,4,64.27,257.08,
ORD-433,CUST-556,Electronics,West,1/19/23 0:00,19,82.28,1563.32,232.98
ORD-434,CUST-63,Grocery,North,1/19/23 1:00,14,81.25,1137.5,284.79
ORD-435,CUST-766,Grocery,East,1/19/23 2:00,5,27.38,136.9,14.17
ORD-436,CUST-322,Grocery,West,1/19/23 3:00,18,70.11,1261.98,193.84
ORD-437,CUST-59,Grocery,East,1/19/23 4:00,10,18.41,184.1,32.23
ORD-438,CUST-52,Grocery,East,1/19/23 5:00,19,55.71,1058.49,292.62
ORD-439,CUST-599,Furniture,North,1/19/23 6:00,12,24.6,295.2,85.63
ORD-440,CUST-489,Furniture,West,1/19/23 7:00,18,47.47,854.46,207.89
ORD-441,CUST-515,Electronics,East,1/19/23 8:00,17,84.97,1444.49,286.74
ORD-442,CUST-942,Grocery,West,1/19/23 9:00,11,98.85,1087.35,248.05
ORD-443,CUST-874,Electronics,North,1/19/23 10:00,3,38.62,115.86,21.18
ORD-444,CUST-544,Grocery,East,1/19/23 11:00,17,57.88,983.96,157.2
ORD-445,CUST-162,Grocery,North,1/19/23 12:00,1,56.02,56.02,16.25
ORD-446,CUST-59,Furniture,West,1/19/23 13:00,15,95.9,1438.5,177.05
ORD-447,CUST-984,Furniture,West,1/19/23 14:00,9,53.07,477.63,80.85
ORD-448,CUST-521,Clothing,North,1/19/23 15:00,15,72.92,,306.06
ORD-449,CUST-83,Furniture,South,1/19/23 16:00,3,92.96,278.88,68.22
ORD-450,CUST-872,Clothing,East,1/19/23 17:00,19,43.6,828.4,87.66
ORD-451,CUST-191,Clothing,West,1/19/23 18:00,13,91.19,1185.47,186.03
ORD-452,CUST-71,Clothing,West,1/19/23 19:00,12,92.57,1110.84,225.84
ORD-453,CUST-610,Clothing,East,1/19/23 20:00,1,93.76,93.76,18.46
ORD-454,CUST-70,Clothing,North,1/19/23 21:00,17,34.34,583.78,110.1
ORD-455,CUST-692,Electronics,North,1/19/23 22:00,13,46.03,598.39,
ORD-456,CUST-883,Furniture,North,1/19/23 23:00,1,88.34,88.34,26.27
ORD-457,CUST-241,Clothing,South,1/20/23 0:00,10,42.32,423.2,65.34
ORD-458,CUST-414,Grocery,South,1/20/23 1:00,15,64.02,960.3,190.15
ORD-459,CUST-123,Furniture,West,1/20/23 2:00,7,20.62,144.34,26.12
ORD-460,CUST-965,Furniture,North,1/20/23 3:00,18,15.06,271.08,36.34
ORD-461,CUST-912,Clothing,East,1/20/23 4:00,16,47.08,753.28,105.85
ORD-462,CUST-584,Electronics,West,1/20/23 5:00,14,62.1,869.4,246.61
ORD-463,CUST-253,Clothing,East,1/20/23 6:00,18,45.34,816.12,221.7
ORD-464,CUST-593,Electronics,West,1/20/23 7:00,7,62,434,60.68
ORD-465,CUST-609,Grocery,South,1/20/23 8:00,17,56.36,958.12,263.61
ORD-466,CUST-41,Furniture,West,1/20/23 9:00,18,71.71,1290.78,183.08
ORD-467,CUST-635,Grocery,South,1/20/23 10:00,12,68.46,821.52,185.1
ORD-468,CUST-84,Electronics,West,1/20/23 11:00,8,48.18,385.44,44.81
ORD-469,CUST-430,Electronics,North,1/20/23 12:00,2,48.25,96.5,26.64
ORD-470,CUST-674,Grocery,East,1/20/23 13:00,7,22.67,158.69,17.5
ORD-471,CUST-598,Electronics,North,1/20/23 14:00,4,56.19,224.76,47.42
ORD-472,CUST-579,Grocery,West,1/20/23 15:00,18,62.85,1131.3,289.55
ORD-473,CUST-536,Furniture,West,1/20/23 16:00,6,52.88,317.28,39.14
ORD-474,CUST-324,Grocery,West,1/20/23 17:00,9,39.31,353.79,64
ORD-475,CUST-958,Furniture,South,1/20/23 18:00,9,74.95,674.55,109.665
ORD-476,CUST-268,Grocery,East,1/20/23 19:00,14,16.72,234.08,55.37
ORD-477,CUST-210,Electronics,East,1/20/23 20:00,8,92.3,738.4,119.24
ORD-478,CUST-686,Grocery,West,1/20/23 21:00,19,11.86,225.34,47.74
ORD-479,CUST-734,Electronics,West,1/20/23 22:00,3,96.61,289.83,83.05
ORD-480,CUST-322,Grocery,South,1/20/23 23:00,18,51.61,928.98,149.73
ORD-481,CUST-245,Grocery,North,1/21/23 0:00,5,47.14,235.7,25.86
ORD-482,CUST-272,Clothing,North,1/21/23 1:00,14,33.08,463.12,108.89
ORD-483,CUST-406,Electronics,East,1/21/23 2:00,4,10.91,43.64,11.23
ORD-484,CUST-135,Clothing,South,1/21/23 3:00,7,34.73,243.11,70.88
ORD-485,CUST-688,Electronics,West,1/21/23 4:00,12,19.85,238.2,31.34
ORD-486,CUST-661,Clothing,East,1/21/23 5:00,2,69.38,138.76,24.76
ORD-487,CUST-308,Furniture,South,1/21/23 6:00,11,38.72,425.92,114.5
ORD-488,CUST-469,Grocery,North,1/21/23 7:00,14,79.05,1106.7,289.26
ORD-489,CUST-324,Electronics,South,1/21/23 8:00,16,28.62,457.92,103.01
ORD-490,CUST-952,Electronics,North,1/21/23 9:00,6,91.02,546.12,84.03
ORD-491,CUST-770,Grocery,South,1/21/23 10:00,4,57.07,228.28,35.8
ORD-492,CUST-959,Electronics,East,1/21/23 11:00,15,20.31,304.65,38.02
ORD-493,CUST-75,Electronics,North,1/21/23 12:00,1,46.08,46.08,13.1
ORD-494,CUST-10,Clothing,East,1/21/23 13:00,7,28.61,200.27,26.95
ORD-495,CUST-470,Electronics,East,1/21/23 14:00,12,27.97,335.64,72.02
ORD-496,CUST-637,Furniture,North,1/21/23 15:00,10,55.57,,120.51
ORD-497,CUST-577,Furniture,North,1/21/23 16:00,5,70.47,352.35,61.28
ORD-498,CUST-103,Grocery,West,1/21/23 17:00,12,92.05,1104.6,188.34
ORD-499,CUST-76,Electronics,West,1/21/23 18:00,18,55.19,993.42,232.18
ORD-500,CUST-551,Grocery,West,1/21/23 19:00,10,96.93,969.3,172.21
ORD-501,CUST-219,Furniture,East,1/21/23 20:00,6,94.75,568.5,85.86
ORD-502,CUST-519,Electronics,East,1/21/23 21:00,12,87.86,1054.32,189.59
ORD-503,CUST-272,Electronics,West,1/21/23 22:00,7,55,385,100.69
ORD-504,CUST-136,Grocery,East,1/21/23 23:00,18,22.68,408.24,119.74
ORD-505,CUST-956,Furniture,East,1/22/23 0:00,2,29.61,59.22,13.45
ORD-506,CUST-358,Electronics,North,1/22/23 1:00,10,68.29,682.9,175.11
ORD-507,CUST-903,Grocery,North,1/22/23 2:00,15,47.96,719.4,148.6
ORD-508,CUST-71,Furniture,East,1/22/23 3:00,12,23.21,278.52,62.66
ORD-509,CUST-901,Grocery,West,1/22/23 4:00,17,53.11,902.87,268.71
ORD-510,CUST-251,Clothing,South,1/22/23 5:00,4,11.57,46.28,8.69
ORD-511,CUST-379,Electronics,West,1/22/23 6:00,7,76.05,532.35,60.29
ORD-512,CUST-292,Clothing,South,1/22/23 7:00,9,16.62,149.58,43.59
ORD-513,CUST-162,Furniture,West,1/22/23 8:00,19,66.62,1265.78,327.35
ORD-514,CUST-449,Clothing,North,1/22/23 9:00,7,81.37,569.59,102.33
ORD-515,CUST-854,Clothing,East,1/22/23 10:00,2,21.94,43.88,13.01
ORD-516,CUST-557,Furniture,East,1/22/23 11:00,6,56.68,340.08,57.51
ORD-517,CUST-721,Grocery,North,1/22/23 12:00,18,80.12,1442.16,251.55
ORD-518,CUST-310,Clothing,South,1/22/23 13:00,6,33.46,200.76,44.56
ORD-519,CUST-627,Grocery,South,1/22/23 14:00,13,24.66,320.58,49.65
ORD-520,CUST-827,Clothing,South,1/22/23 15:00,19,40.31,765.89,183.59
ORD-521,CUST-670,Grocery,North,1/22/23 16:00,2,59.92,119.84,15.65
ORD-522,CUST-542,Furniture,South,1/22/23 17:00,12,61.78,741.36,90.15
ORD-523,CUST-9,Clothing,North,1/22/23 18:00,15,21.78,326.7,67.62
ORD-524,CUST-684,Furniture,West,1/22/23 19:00,14,51.18,716.52,
ORD-525,CUST-837,Clothing,West,1/22/23 20:00,6,34.15,204.9,24.86
ORD-526,CUST-568,Furniture,North,1/22/23 21:00,18,85.78,1544.04,452.15
ORD-527,CUST-307,Furniture,East,1/22/23 22:00,5,38.22,191.1,41.02
ORD-528,CUST-955,Clothing,West,1/22/23 23:00,18,85.48,1538.64,200.34
ORD-529,CUST-680,Clothing,South,1/23/23 0:00,3,48.57,145.71,23.65
ORD-530,CUST-107,Clothing,North,1/23/23 1:00,3,75.39,226.17,58.81
ORD-531,CUST-962,Electronics,South,1/23/23 2:00,10,55.91,559.1,114.42
ORD-532,CUST-900,Grocery,South,1/23/23 3:00,19,65.98,1253.62,172.54
ORD-533,CUST-138,Electronics,East,1/23/23 4:00,3,45.58,136.74,16.49
ORD-534,CUST-271,Electronics,South,1/23/23 5:00,12,79.14,949.68,176.79
ORD-535,CUST-119,Furniture,East,1/23/23 6:00,16,48.27,772.32,129.35
ORD-536,CUST-912,Clothing,West,1/23/23 7:00,17,51.17,869.89,201.1
ORD-537,CUST-110,Grocery,North,1/23/23 8:00,7,56.59,396.13,112.92
ORD-538,CUST-761,Furniture,South,1/23/23 9:00,13,84.86,1103.18,164.98
ORD-539,CUST-567,Electronics,North,1/23/23 10:00,2,69.34,138.68,37.59
ORD-540,CUST-160,Clothing,South,1/23/23 11:00,4,41.42,165.68,47.07
ORD-541,CUST-279,Furniture,North,1/23/23 12:00,10,70.33,703.3,197.21
ORD-542,CUST-289,Clothing,South,1/23/23 13:00,7,67.82,474.74,206.805
ORD-543,CUST-620,Furniture,South,1/23/23 14:00,17,93.79,1594.43,427.98
ORD-544,CUST-216,Clothing,South,1/23/23 15:00,6,85.73,514.38,112.49
ORD-545,CUST-735,Electronics,South,1/23/23 16:00,19,68.27,1297.13,236.04
ORD-546,CUST-352,Grocery,South,1/23/23 17:00,5,40.74,203.7,40.4
ORD-547,CUST-209,Electronics,South,1/23/23 18:00,10,80.16,801.6,220.06
ORD-548,CUST-704,Grocery,South,1/23/23 19:00,9,61.77,555.93,89.1
ORD-549,CUST-650,Clothing,South,1/23/23 20:00,13,98.67,1282.71,169.13
ORD-550,CUST-874,Furniture,South,1/23/23 21:00,19,32.28,613.32,78.61
ORD-551,CUST-271,Electronics,North,1/23/23 22:00,6,17.17,103.02,27.34
ORD-552,CUST-518,Grocery,East,1/23/23 23:00,4,16.29,65.16,16.44
ORD-553,CUST-501,Electronics,South,1/24/23 0:00,3,67.6,202.8,40.46
ORD-554,CUST-258,Grocery,East,1/24/23 1:00,3,94.53,,43.95
ORD-555,CUST-928,Electronics,South,1/24/23 2:00,4,10.17,40.68,9.58
ORD-556,CUST-930,Grocery,South,1/24/23 3:00,5,75.32,376.6,40.55
ORD-557,CUST-867,Grocery,North,1/24/23 4:00,8,69.14,553.12,118.17
ORD-558,CUST-53,Clothing,West,1/24/23 5:00,16,75.91,1214.56,218.24
ORD-559,CUST-95,Grocery,West,1/24/23 6:00,3,41.99,125.97,37.23
ORD-560,CUST-650,Clothing,North,1/24/23 7:00,12,83.84,1006.08,202.74
ORD-561,CUST-434,Grocery,East,1/24/23 8:00,8,14.02,56.08,23.6
ORD-562,CUST-850,Furniture,West,1/24/23 9:00,13,77.99,1013.87,245.84
ORD-563,CUST-284,Furniture,North,1/24/23 10:00,4,34.04,136.16,26.81
ORD-564,CUST-46,Furniture,North,1/24/23 11:00,14,52.92,740.88,107.36
ORD-565,CUST-4,Grocery,West,1/24/23 12:00,14,84.04,1176.56,244.08
ORD-566,CUST-342,Clothing,East,1/24/23 13:00,13,34.42,447.46,129.25
ORD-567,CUST-790,Clothing,North,1/24/23 14:00,6,26.67,160.02,29.12
ORD-568,CUST-134,Grocery,South,1/24/23 15:00,17,71.32,1212.44,286.05
ORD-569,CUST-653,Furniture,East,1/24/23 16:00,4,58.01,232.04,68.59
ORD-570,CUST-269,Furniture,East,1/24/23 17:00,8,56.3,450.4,119.8
ORD-571,CUST-166,Clothing,West,1/24/23 18:00,17,33.11,562.87,130.48
ORD-572,CUST-760,Furniture,West,1/24/23 19:00,3,13.14,39.42,9.74
ORD-573,CUST-453,Electronics,South,1/24/23 20:00,17,46.92,797.64,229.16
ORD-574,CUST-565,Clothing,North,1/24/23 21:00,9,19.59,176.31,51.47
ORD-575,CUST-723,Furniture,West,1/24/23 22:00,2,91.54,183.08,53.79
ORD-576,CUST-438,Clothing,West,1/24/23 23:00,13,13.71,178.23,40.12
ORD-577,CUST-575,Electronics,East,1/25/23 0:00,2,48.85,97.7,17.29
ORD-578,CUST-10,Clothing,West,1/25/23 1:00,11,14.7,161.7,20.48
ORD-579,CUST-115,Clothing,West,1/25/23 2:00,15,18.6,279,49.41
ORD-580,CUST-78,Clothing,West,1/25/23 3:00,11,69.3,762.3,219.99
ORD-581,CUST-968,Clothing,West,1/25/23 4:00,3,68.24,102.36,56.9
ORD-582,CUST-905,Electronics,East,1/25/23 5:00,3,12.97,,7.97
ORD-583,CUST-708,Grocery,South,1/25/23 6:00,12,10.1,121.2,25.14
ORD-584,CUST-926,Clothing,South,1/25/23 7:00,5,17.09,85.45,13.82
ORD-585,CUST-153,Clothing,North,1/25/23 8:00,7,78.67,550.69,105.13
ORD-586,CUST-559,Furniture,West,1/25/23 9:00,7,62.61,438.27,106.45
ORD-587,CUST-37,Clothing,East,1/25/23 10:00,13,13.43,174.59,31.51
ORD-588,CUST-855,Furniture,North,1/25/23 11:00,9,53.93,485.37,66.79
ORD-589,CUST-379,Grocery,North,1/25/23 12:00,13,74.08,963.04,200.48
ORD-590,CUST-597,Electronics,South,1/25/23 13:00,12,88.21,1058.52,153.56
ORD-591,CUST-566,Electronics,East,1/25/23 14:00,13,94.06,1222.78,360.55
ORD-592,CUST-152,Grocery,East,1/25/23 15:00,10,39.47,394.7,70.28
ORD-593,CUST-441,Electronics,East,1/25/23 16:00,1,22.22,22.22,6.26
ORD-594,CUST-131,Grocery,South,1/25/23 17:00,8,31.32,250.56,36.36
ORD-595,CUST-43,Grocery,South,1/25/23 18:00,16,79.86,1277.76,176.13
ORD-596,CUST-316,Grocery,South,1/25/23 19:00,13,97.43,1266.59,282.93
ORD-597,CUST-374,Electronics,South,1/25/23 20:00,3,51.98,155.94,39.9
ORD-598,CUST-921,Furniture,South,1/25/23 21:00,3,37.48,,23.99
ORD-599,CUST-956,Grocery,West,1/25/23 22:00,5,48.63,243.15,35.49
ORD-600,CUST-816,Clothing,West,1/25/23 23:00,11,37.43,411.73,44.29
ORD-601,CUST-996,Electronics,East,1/26/23 0:00,7,33.08,231.56,51.79
ORD-602,CUST-882,Grocery,North,1/26/23 1:00,10,63.44,634.4,80.07
ORD-603,CUST-41,Grocery,East,1/26/23 2:00,10,11.42,114.2,19.26
ORD-604,CUST-921,Clothing,North,1/26/23 3:00,2,33.36,66.72,15.69
ORD-605,CUST-367,Furniture,South,1/26/23 4:00,3,69.52,208.56,24.94
ORD-606,CUST-216,Furniture,North,1/26/23 5:00,8,12.89,103.12,12.94
ORD-607,CUST-699,Furniture,East,1/26/23 6:00,11,17.49,192.39,21.61
ORD-608,CUST-256,Grocery,East,1/26/23 7:00,13,36.41,473.33,141.63
ORD-609,CUST-683,Grocery,North,1/26/23 8:00,7,89,623,110.53
ORD-610,CUST-106,Grocery,West,1/26/23 9:00,13,78.84,1024.92,288.17
ORD-611,CUST-363,Electronics,South,1/26/23 10:00,2,11.99,23.98,3.81
ORD-612,CUST-799,Clothing,South,1/26/23 11:00,6,55.15,330.9,82.94
ORD-613,CUST-574,Grocery,East,1/26/23 12:00,9,34.72,312.48,44.94
ORD-614,CUST-906,Clothing,West,1/26/23 13:00,2,68.38,136.76,27.31
ORD-615,CUST-896,Clothing,North,1/26/23 14:00,18,74.94,1348.92,357.36
ORD-616,CUST-417,Furniture,South,1/26/23 15:00,16,87.66,1402.56,369.25
ORD-617,CUST-998,Electronics,West,1/26/23 16:00,12,52.79,633.48,163.98
ORD-618,CUST-636,Grocery,South,1/26/23 17:00,7,99.5,696.5,184.4
ORD-619,CUST-768,Furniture,West,1/26/23 18:00,7,98.2,687.4,97.81
ORD-620,CUST-159,Furniture,West,1/26/23 19:00,17,89.4,1519.8,298.55
ORD-621,CUST-948,Grocery,East,1/26/23 20:00,13,61.74,802.62,158.1
ORD-622,CUST-953,Clothing,South,1/26/23 21:00,11,45.82,504.02,140.17
ORD-623,CUST-243,Furniture,North,1/26/23 22:00,6,42.79,256.74,40.92
ORD-624,CUST-886,Clothing,East,1/26/23 23:00,14,11.09,155.26,44.45
ORD-625,CUST-167,Electronics,East,1/27/23 0:00,6,32.43,194.58,37
ORD-626,CUST-1000,Clothing,North,1/27/23 1:00,6,74.69,448.14,104.85
ORD-627,CUST-820,Electronics,East,1/27/23 2:00,2,64.33,128.66,19.78
ORD-628,CUST-831,Clothing,West,1/27/23 3:00,15,92.48,1387.2,252.55
ORD-629,CUST-182,Furniture,West,1/27/23 4:00,17,14.5,246.5,59.64
ORD-630,CUST-903,Furniture,South,1/27/23 5:00,8,23.97,191.76,38.84
ORD-631,CUST-423,Electronics,South,1/27/23 6:00,5,81.03,405.15,115.93
ORD-632,CUST-26,Grocery,North,1/27/23 7:00,17,42.27,718.59,
ORD-633,CUST-184,Electronics,South,1/27/23 8:00,1,20.65,20.65,4.4
ORD-634,CUST-755,Electronics,West,1/27/23 9:00,18,99.68,1794.24,497.6
ORD-635,CUST-947,Clothing,North,1/27/23 10:00,15,80.85,1212.75,282.71
ORD-636,CUST-341,Clothing,North,1/27/23 11:00,5,46.79,233.95,53.68
ORD-637,CUST-802,Electronics,South,1/27/23 12:00,7,84.1,588.7,87.88
ORD-638,CUST-954,Furniture,West,1/27/23 13:00,18,71.25,1282.5,229.53
ORD-639,CUST-422,Clothing,North,1/27/23 14:00,6,81.1,243.3,
ORD-640,CUST-822,Grocery,West,1/27/23 15:00,5,83.37,416.85,116.03
ORD-641,CUST-686,Clothing,West,1/27/23 16:00,19,17.63,334.97,54.64
ORD-642,CUST-885,Clothing,West,1/27/23 17:00,10,66.07,660.7,94.54
ORD-643,CUST-753,Grocery,South,1/27/23 18:00,15,10.61,159.15,34.81
ORD-644,CUST-831,Electronics,East,1/27/23 19:00,10,13.91,139.1,15.78
ORD-645,CUST-255,Grocery,East,1/27/23 20:00,16,91.36,1461.76,355.07
ORD-646,CUST-274,Electronics,North,1/27/23 21:00,12,57.48,689.76,165.98
ORD-647,CUST-164,Electronics,West,1/27/23 22:00,18,76.23,1372.14,234.63
ORD-648,CUST-807,Electronics,South,1/27/23 23:00,1,85.47,85.47,35.715
ORD-649,CUST-719,Grocery,West,1/28/23 0:00,16,95.46,1527.36,306.14
ORD-650,CUST-111,Electronics,West,1/28/23 1:00,6,88.24,529.44,121.32
ORD-651,CUST-392,Furniture,South,1/28/23 2:00,3,53.5,160.5,22.78
ORD-652,CUST-894,Grocery,East,1/28/23 3:00,2,40.24,80.48,14.77
ORD-653,CUST-40,Furniture,West,1/28/23 4:00,2,23.9,47.8,13.02
ORD-654,CUST-880,Electronics,West,1/28/23 5:00,13,46.03,598.39,85.32
ORD-655,CUST-482,Clothing,East,1/28/23 6:00,9,42.98,386.82,68.9
ORD-656,CUST-228,Electronics,South,1/28/23 7:00,16,60.36,965.76,158.01
ORD-657,CUST-205,Furniture,North,1/28/23 8:00,5,69.9,349.5,45.51
ORD-658,CUST-837,Furniture,East,1/28/23 9:00,7,98.05,686.35,108.4
ORD-659,CUST-941,Grocery,North,1/28/23 10:00,13,75.55,982.15,143.94
ORD-660,CUST-472,Clothing,North,1/28/23 11:00,13,67.94,883.22,251.47
ORD-661,CUST-359,Grocery,East,1/28/23 12:00,7,40.16,281.12,69.78
ORD-662,CUST-313,Furniture,West,1/28/23 13:00,10,13.11,131.1,21.4
ORD-663,CUST-841,Electronics,North,1/28/23 14:00,15,35.93,538.95,136.18
ORD-664,CUST-815,Clothing,North,1/28/23 15:00,6,79.16,474.96,49.6
ORD-665,CUST-893,Electronics,South,1/28/23 16:00,5,28.47,142.35,29.23
ORD-666,CUST-234,Electronics,West,1/28/23 17:00,2,74.1,148.2,22.24
ORD-667,CUST-229,Clothing,North,1/28/23 18:00,15,62.18,932.7,114.6
ORD-668,CUST-25,Grocery,South,1/28/23 19:00,16,25.47,407.52,112.78
ORD-669,CUST-676,Electronics,West,1/28/23 20:00,19,33.55,637.45,89.16
ORD-670,CUST-198,Furniture,East,1/28/23 21:00,9,54.67,492.03,130.13
ORD-671,CUST-409,Electronics,East,1/28/23 22:00,19,47.65,905.35,165.36
ORD-672,CUST-337,Clothing,South,1/28/23 23:00,7,80.07,560.49,57.65
ORD-673,CUST-286,Clothing,East,1/29/23 0:00,4,76.1,304.4,75.04
ORD-674,CUST-886,Clothing,North,1/29/23 1:00,3,61.71,185.13,40.59
ORD-675,CUST-72,Grocery,West,1/29/23 2:00,11,84,924,156
ORD-676,CUST-991,Electronics,North,1/29/23 3:00,1,60.64,60.64,14.22
ORD-677,CUST-792,Grocery,North,1/29/23 4:00,6,96.8,580.8,66.64
ORD-678,CUST-286,Grocery,East,1/29/23 5:00,11,29.55,325.05,93.71
ORD-679,CUST-360,Clothing,North,1/29/23 6:00,1,74.27,74.27,14.76
ORD-680,CUST-657,Clothing,East,1/29/23 7:00,7,43.29,303.03,35.49
ORD-681,CUST-522,Grocery,West,1/29/23 8:00,6,35.11,210.66,57.67
ORD-682,CUST-410,Electronics,West,1/29/23 9:00,14,26.23,367.22,57.2
ORD-683,CUST-696,Furniture,North,1/29/23 10:00,2,59.73,119.46,16.81
ORD-684,CUST-864,Grocery,South,1/29/23 11:00,4,29.39,117.56,18.36
ORD-685,CUST-550,Electronics,East,1/29/23 12:00,11,28.03,308.33,98.475
ORD-686,CUST-340,Clothing,East,1/29/23 13:00,15,99.15,1487.25,170.75
ORD-687,CUST-962,Clothing,North,1/29/23 14:00,18,82.16,1478.88,290.38
ORD-688,CUST-29,Electronics,East,1/29/23 15:00,1,77.34,77.34,21.59
ORD-689,CUST-119,Furniture,East,1/29/23 16:00,3,81.47,244.41,33.64
ORD-690,CUST-899,Clothing,South,1/29/23 17:00,3,97.2,291.6,48.47
ORD-691,CUST-994,Clothing,South,1/29/23 18:00,7,61.59,,77.27
ORD-692,CUST-268,Clothing,North,1/29/23 19:00,1,29.82,29.82,6.48
ORD-693,CUST-183,Electronics,South,1/29/23 20:00,11,87.6,963.6,273.52
ORD-694,CUST-595,Grocery,North,1/29/23 21:00,6,76.85,461.1,82.49
ORD-695,CUST-986,Clothing,West,1/29/23 22:00,3,47.29,141.87,16.15
ORD-696,CUST-272,Grocery,North,1/29/23 23:00,19,52.62,999.78,169.55
ORD-697,CUST-40,Furniture,West,1/30/23 0:00,2,47.01,94.02,12.98
ORD-698,CUST-112,Clothing,North,1/30/23 1:00,18,93.69,1686.42,388.48
ORD-699,CUST-611,Clothing,East,1/30/23 2:00,12,40.92,491.04,51.98
ORD-700,CUST-445,Furniture,South,1/30/23 3:00,10,96.71,967.1,153.18
ORD-701,CUST-354,Clothing,West,1/30/23 4:00,5,91.92,459.6,96.07
ORD-702,CUST-747,Grocery,North,1/30/23 5:00,9,66.75,600.75,93.4
ORD-703,CUST-806,Electronics,South,1/30/23 6:00,2,62.18,124.36,26.14
ORD-704,CUST-322,Grocery,North,1/30/23 7:00,2,43.31,86.62,10.65
ORD-705,CUST-447,Electronics,South,1/30/23 8:00,6,11.65,69.9,20.17
ORD-706,CUST-621,Electronics,South,1/30/23 9:00,10,21.49,214.9,33.99
ORD-707,CUST-524,Grocery,North,1/30/23 10:00,18,77.88,1401.84,598.44
ORD-708,CUST-119,Grocery,West,1/30/23 11:00,12,52.44,629.28,103.94
ORD-709,CUST-395,Grocery,West,1/30/23 12:00,4,23.49,93.96,24.09
ORD-710,CUST-922,Grocery,East,1/30/23 13:00,17,33.76,573.92,85.65
ORD-711,CUST-591,Furniture,South,1/30/23 14:00,15,95.31,714.825,334.47
ORD-712,CUST-195,Clothing,East,1/30/23 15:00,6,43.04,258.24,42.54
ORD-713,CUST-261,Electronics,East,1/30/23 16:00,16,91.69,1467.04,296.1
ORD-714,CUST-46,Grocery,North,1/30/23 17:00,17,37.42,636.14,149.34
ORD-715,CUST-726,Grocery,North,1/30/23 18:00,3,58.89,176.67,38.47
ORD-716,CUST-447,Grocery,North,1/30/23 19:00,10,11.84,118.4,25.49
ORD-717,CUST-2,Furniture,South,1/30/23 20:00,5,56.97,284.85,32.23
ORD-718,CUST-533,Grocery,North,1/30/23 21:00,14,67.32,942.48,141.2
ORD-719,CUST-948,Grocery,North,1/30/23 22:00,13,31.09,404.17,86.64
ORD-720,CUST-826,Grocery,South,1/30/23 23:00,6,62.1,372.6,38.62
ORD-721,CUST-552,Clothing,South,1/31/23 0:00,12,68.25,819,122.96
ORD-722,CUST-704,Furniture,West,1/31/23 1:00,8,71.82,574.56,83.79
ORD-723,CUST-737,Grocery,North,1/31/23 2:00,5,79.88,399.4,59.9
ORD-724,CUST-963,Electronics,North,1/31/23 3:00,15,38.02,570.3,118.12
ORD-725,CUST-760,Electronics,North,1/31/23 4:00,16,61.1,977.6,211.54
ORD-726,CUST-755,Electronics,West,1/31/23 5:00,1,98.34,98.34,27.71
ORD-727,CUST-687,Furniture,North,1/31/23 6:00,16,90.83,1453.28,257.53
ORD-728,CUST-202,Furniture,West,1/31/23 7:00,5,95.74,478.7,136.58
ORD-729,CUST-373,Electronics,East,1/31/23 8:00,3,44.75,134.25,30.93
ORD-730,CUST-442,Grocery,West,1/31/23 9:00,15,80.82,1212.3,342.51
ORD-731,CUST-72,Furniture,East,1/31/23 10:00,13,65.79,855.27,228.1
ORD-732,CUST-972,Electronics,North,1/31/23 11:00,16,17.45,139.6,66.31
ORD-733,CUST-681,Electronics,East,1/31/23 12:00,11,84.16,925.76,158.51
ORD-734,CUST-943,Grocery,West,1/31/23 13:00,2,70.94,141.88,21.03
ORD-735,CUST-339,Clothing,South,1/31/23 14:00,6,27.9,167.4,24.19
ORD-736,CUST-639,Furniture,East,1/31/23 15:00,6,17.18,103.08,29.94
ORD-737,CUST-322,Grocery,East,1/31/23 16:00,14,85.33,1194.62,348.49
ORD-738,CUST-680,Electronics,North,1/31/23 17:00,11,17.1,188.1,46.08
ORD-739,CUST-869,Electronics,West,1/31/23 18:00,8,18.22,145.76,40.34
ORD-740,CUST-128,Grocery,East,1/31/23 19:00,8,48.47,387.76,110.05
ORD-741,CUST-738,Furniture,East,1/31/23 20:00,1,22.13,22.13,4.48
ORD-742,CUST-922,Clothing,East,1/31/23 21:00,7,92.23,645.61,145.79
ORD-743,CUST-308,Clothing,East,1/31/23 22:00,6,52.33,313.98,57.69
ORD-744,CUST-520,Electronics,South,1/31/23 23:00,8,61.22,489.76,89.97
ORD-745,CUST-317,Furniture,West,2/1/23 0:00,19,93.53,1777.07,191.37
ORD-746,CUST-683,Clothing,North,2/1/23 1:00,8,57.72,461.76,86.24
ORD-747,CUST-419,Furniture,North,2/1/23 2:00,14,41.82,585.48,137.41
ORD-748,CUST-335,Furniture,South,2/1/23 3:00,18,81.74,1471.32,271.31
ORD-749,CUST-413,Electronics,West,2/1/23 4:00,16,49.86,797.76,218.97
ORD-750,CUST-714,Clothing,East,2/1/23 5:00,9,38.66,347.94,57.94
ORD-751,CUST-303,Grocery,South,2/1/23 6:00,15,75.09,1126.35,142.52
ORD-752,CUST-568,Electronics,West,2/1/23 7:00,10,82.14,821.4,215.46
ORD-753,CUST-131,Clothing,East,2/1/23 8:00,16,81.25,1300,305.23
ORD-754,CUST-197,Clothing,South,2/1/23 9:00,4,97.99,391.96,58.15
ORD-755,CUST-431,Clothing,West,2/1/23 10:00,13,80.8,1050.4,217.74
ORD-756,CUST-681,Clothing,North,2/1/23 11:00,5,79.29,396.45,71.51
ORD-757,CUST-963,Clothing,North,2/1/23 12:00,7,87.17,610.19,175.6
ORD-758,CUST-389,Furniture,West,2/1/23 13:00,9,10.02,90.18,19.97
ORD-759,CUST-694,Electronics,North,2/1/23 14:00,8,42.62,340.96,44.9
ORD-760,CUST-767,Furniture,West,2/1/23 15:00,16,76.38,1222.08,244.94
ORD-761,CUST-925,Grocery,East,2/1/23 16:00,6,63.97,383.82,104.6
ORD-762,CUST-179,Clothing,West,2/1/23 17:00,16,25.98,415.68,97.39
ORD-763,CUST-631,Electronics,East,2/1/23 18:00,6,37.34,224.04,60.15
ORD-764,CUST-583,Clothing,South,2/1/23 19:00,14,40.31,564.34,84.7
ORD-765,CUST-309,Electronics,West,2/1/23 20:00,1,61.1,61.1,16.97
ORD-766,CUST-416,Furniture,South,2/1/23 21:00,9,84.84,763.56,191.75
ORD-767,CUST-562,Electronics,North,2/1/23 22:00,13,93.92,1220.96,300.09
ORD-768,CUST-854,Grocery,East,2/1/23 23:00,19,77.51,1472.69,249.34
ORD-769,CUST-1,Grocery,West,2/2/23 0:00,17,85.87,1459.79,405.14
ORD-770,CUST-312,Electronics,South,2/2/23 1:00,11,52.31,575.41,130.96
ORD-771,CUST-294,Electronics,East,2/2/23 2:00,8,45.08,360.64,97.51
ORD-772,CUST-216,Electronics,East,2/2/23 3:00,5,45.34,226.7,39.04
ORD-773,CUST-441,Electronics,North,2/2/23 4:00,10,65.44,654.4,84.5
ORD-774,CUST-805,Grocery,North,2/2/23 5:00,7,21.18,148.26,24.68
ORD-775,CUST-594,Clothing,East,2/2/23 6:00,10,62.15,621.5,118.74
ORD-776,CUST-622,Electronics,East,2/2/23 7:00,4,69.86,279.44,57.76
ORD-777,CUST-671,Electronics,West,2/2/23 8:00,9,49.5,445.5,90.06
ORD-778,CUST-330,Grocery,East,2/2/23 9:00,14,95.79,1341.06,280.56
ORD-779,CUST-477,Grocery,West,2/2/23 10:00,2,64.74,129.48,34.74
ORD-780,CUST-453,Furniture,East,2/2/23 11:00,9,29.8,268.2,35.94
ORD-781,CUST-453,Electronics,North,2/2/23 12:00,1,53.13,53.13,8.67
ORD-782,CUST-692,Furniture,West,2/2/23 13:00,10,70.79,707.9,196.6
ORD-783,CUST-219,Grocery,South,2/2/23 14:00,10,39.13,391.3,82.99
ORD-784,CUST-524,Grocery,North,2/2/23 15:00,3,17.17,51.51,11.16
ORD-785,CUST-485,Clothing,West,2/2/23 16:00,6,62.51,375.06,73.37
ORD-786,CUST-813,Electronics,West,2/2/23 17:00,6,95.31,571.86,119.97
ORD-787,CUST-923,Furniture,South,2/2/23 18:00,2,53.66,107.32,14.98
ORD-788,CUST-983,Grocery,West,2/2/23 19:00,18,91.55,1647.9,345.03
ORD-789,CUST-816,Grocery,East,2/2/23 20:00,2,85.15,170.3,50.99
ORD-790,CUST-754,Furniture,South,2/2/23 21:00,12,23.27,279.24,59.54
ORD-791,CUST-174,Clothing,North,2/2/23 22:00,5,73.74,368.7,40.14
ORD-792,CUST-675,Grocery,North,2/2/23 23:00,7,49.19,344.33,89.28
ORD-793,CUST-87,Electronics,East,2/3/23 0:00,16,32.52,520.32,93.29
ORD-794,CUST-291,Grocery,North,2/3/23 1:00,1,71.82,71.82,9.39
ORD-795,CUST-528,Electronics,West,2/3/23 2:00,1,76.84,76.84,20.94
ORD-796,CUST-680,Furniture,West,2/3/23 3:00,17,26.19,445.23,62.15
ORD-797,CUST-649,Electronics,East,2/3/23 4:00,1,92.3,92.3,26.23
ORD-798,CUST-635,Furniture,North,2/3/23 5:00,13,77.6,1008.8,190.02
ORD-799,CUST-344,Electronics,North,2/3/23 6:00,9,94,846,210.28
ORD-800,CUST-96,Furniture,East,2/3/23 7:00,15,38.54,578.1,121.05
ORD-801,CUST-839,Electronics,South,2/3/23 8:00,3,94.54,283.62,42.92
ORD-802,CUST-975,Clothing,North,2/3/23 9:00,14,43.17,604.38,141.56
ORD-803,CUST-770,Electronics,South,2/3/23 10:00,11,14.86,163.46,47.66
ORD-804,CUST-241,Electronics,North,2/3/23 11:00,12,78.67,944.04,239.72
ORD-805,CUST-689,Clothing,North,2/3/23 12:00,13,73.32,953.16,210.46
ORD-806,CUST-318,Grocery,North,2/3/23 13:00,13,63.81,829.53,247.3
ORD-807,CUST-231,Grocery,North,2/3/23 14:00,1,54.09,54.09,8.28
ORD-808,CUST-826,Electronics,West,2/3/23 15:00,10,12.89,128.9,14.5
ORD-809,CUST-204,Clothing,South,2/3/23 16:00,3,66.21,198.63,21.14
ORD-810,CUST-151,Electronics,South,2/3/23 17:00,4,47.52,190.08,46.03
ORD-811,CUST-26,Furniture,North,2/3/23 18:00,16,60.42,966.72,257.19
ORD-812,CUST-48,Furniture,North,2/3/23 19:00,8,48.64,389.12,88.34
ORD-813,CUST-251,Electronics,South,2/3/23 20:00,16,96.95,1551.2,435.9
ORD-814,CUST-487,Grocery,West,2/3/23 21:00,17,64.37,1094.29,262.19
ORD-815,CUST-626,Grocery,East,2/3/23 22:00,19,77.43,1471.17,256.26
ORD-816,CUST-871,Electronics,East,2/3/23 23:00,15,94.27,1414.05,192.67
ORD-817,CUST-787,Electronics,South,2/4/23 0:00,16,63.24,1011.84,288.3
ORD-818,CUST-75,Furniture,North,2/4/23 1:00,15,11.09,166.35,20.08
ORD-819,CUST-467,Grocery,North,2/4/23 2:00,2,13.09,26.18,5.46
ORD-820,CUST-425,Electronics,West,2/4/23 3:00,11,73.21,805.31,131.11
ORD-821,CUST-908,Furniture,East,2/4/23 4:00,1,35.12,35.12,5.42
ORD-822,CUST-645,Grocery,West,2/4/23 5:00,15,62.14,932.1,213.61
ORD-823,CUST-590,Clothing,East,2/4/23 6:00,19,28.2,535.8,78.36
ORD-824,CUST-200,Furniture,South,2/4/23 7:00,4,34.32,68.64,38.89
ORD-825,CUST-736,Grocery,East,2/4/23 8:00,11,55.42,609.62,110.47
ORD-826,CUST-714,Grocery,West,2/4/23 9:00,5,97.8,489,115.15
ORD-827,CUST-394,Furniture,West,2/4/23 10:00,3,65.46,196.38,48.22
ORD-828,CUST-507,Clothing,West,2/4/23 11:00,13,94.25,1225.25,289.88
ORD-829,CUST-410,Furniture,South,2/4/23 12:00,10,96.34,963.4,270.41
ORD-830,CUST-250,Grocery,East,2/4/23 13:00,11,28.73,316.03,46.21
ORD-831,CUST-152,Electronics,East,2/4/23 14:00,18,38.01,684.18,80.19
ORD-832,CUST-672,Electronics,West,2/4/23 15:00,2,79.3,158.6,17.62
ORD-833,CUST-705,Furniture,East,2/4/23 16:00,7,88.01,616.07,169.77
ORD-834,CUST-6,Grocery,North,2/4/23 17:00,9,56.73,510.57,150.44
ORD-835,CUST-915,Electronics,North,2/4/23 18:00,10,99.39,993.9,159.53
ORD-836,CUST-769,Grocery,North,2/4/23 19:00,18,11.04,198.72,47.44
ORD-837,CUST-882,Furniture,East,2/4/23 20:00,7,36.96,258.72,26.33
ORD-838,CUST-789,Electronics,South,2/4/23 21:00,7,66.08,462.56,63.71
ORD-839,CUST-907,Grocery,South,2/4/23 22:00,3,52.24,156.72,37.28
ORD-840,CUST-110,Electronics,South,2/4/23 23:00,12,20.49,122.94,27.83
ORD-841,CUST-798,Furniture,South,2/5/23 0:00,7,43.1,301.7,58.44
ORD-842,CUST-436,Grocery,North,2/5/23 1:00,17,12.29,208.93,48.58
ORD-843,CUST-225,Electronics,North,2/5/23 2:00,1,67.85,67.85,
ORD-844,CUST-181,Furniture,West,2/5/23 3:00,5,90.35,451.75,86.18
ORD-845,CUST-824,Electronics,East,2/5/23 4:00,16,89.64,1434.24,324.22
ORD-846,CUST-981,Electronics,East,2/5/23 5:00,15,72.96,547.2,227.54
ORD-847,CUST-713,Clothing,South,2/5/23 6:00,2,51.92,103.84,11.47
ORD-848,CUST-531,Clothing,North,2/5/23 7:00,9,56.08,504.72,125.45
ORD-849,CUST-476,Furniture,South,2/5/23 8:00,7,22.32,156.24,21.01
ORD-850,CUST-52,Clothing,West,2/5/23 9:00,4,40.69,162.76,17.31
ORD-851,CUST-571,Furniture,East,2/5/23 10:00,18,26.9,484.2,92.11
ORD-852,CUST-256,Clothing,East,2/5/23 11:00,4,83.91,335.64,91.67
ORD-853,CUST-940,Electronics,South,2/5/23 12:00,13,92.33,1200.29,156.24
ORD-854,CUST-869,Furniture,West,2/5/23 13:00,1,58.32,58.32,5.98
ORD-855,CUST-125,Furniture,East,2/5/23 14:00,3,75.5,226.5,27.63
ORD-856,CUST-468,Electronics,West,2/5/23 15:00,16,20.93,334.88,57.84
ORD-857,CUST-137,Furniture,West,2/5/23 16:00,4,64.77,259.08,55.97
ORD-858,CUST-821,Furniture,South,2/5/23 17:00,16,73.25,1172,162.44
ORD-859,CUST-476,Clothing,North,2/5/23 18:00,19,50.75,964.25,251.08
ORD-860,CUST-684,Furniture,South,2/5/23 19:00,1,31.89,31.89,7.99
ORD-861,CUST-544,Grocery,North,2/5/23 20:00,5,88.96,444.8,106.38
ORD-862,CUST-573,Electronics,West,2/5/23 21:00,19,76.86,1460.34,288.41
ORD-863,CUST-610,Clothing,North,2/5/23 22:00,11,90.99,1000.89,173.2
ORD-864,CUST-325,Clothing,West,2/5/23 23:00,13,83.66,1087.58,190.45
ORD-865,CUST-973,Grocery,East,2/6/23 0:00,5,99.13,495.65,99.43
ORD-866,CUST-774,Electronics,East,2/6/23 1:00,4,27.3,109.2,12.61
ORD-867,CUST-913,Electronics,East,2/6/23 2:00,4,17.81,71.24,16.85
ORD-868,CUST-454,Clothing,South,2/6/23 3:00,4,40.33,161.32,27.47
ORD-869,CUST-628,Furniture,South,2/6/23 4:00,4,21.61,86.44,12.53
ORD-870,CUST-835,Clothing,West,2/6/23 5:00,18,57.08,1027.44,159.94
ORD-871,CUST-737,Electronics,East,2/6/23 6:00,18,66.97,1205.46,164.01
ORD-872,CUST-914,Grocery,South,2/6/23 7:00,16,62.05,992.8,278.3
ORD-873,CUST-517,Clothing,East,2/6/23 8:00,9,33.33,299.97,40.14
ORD-874,CUST-437,Electronics,South,2/6/23 9:00,18,91.79,1652.22,456.98
ORD-875,CUST-851,Clothing,North,2/6/23 10:00,2,11.91,23.82,5.11
ORD-876,CUST-929,Furniture,North,2/6/23 11:00,4,41.32,165.28,45.2
ORD-877,CUST-562,Clothing,East,2/6/23 12:00,12,74.71,896.52,174.65
ORD-878,CUST-457,Clothing,West,2/6/23 13:00,7,79.02,553.14,157.94
ORD-879,CUST-919,Electronics,South,2/6/23 14:00,15,47.45,711.75,101.28
ORD-880,CUST-163,Electronics,South,2/6/23 15:00,7,11.52,80.64,17.01
ORD-881,CUST-762,Electronics,North,2/6/23 16:00,17,65.62,1115.54,139.63
ORD-882,CUST-883,Clothing,North,2/6/23 17:00,16,15.68,250.88,47.53
ORD-883,CUST-487,Furniture,West,2/6/23 18:00,19,19.71,374.49,80.13
ORD-884,CUST-461,Grocery,West,2/6/23 19:00,9,68.52,616.68,136.37
ORD-885,CUST-266,Grocery,West,2/6/23 20:00,14,38.12,533.68,92.38
ORD-886,CUST-770,Electronics,East,2/6/23 21:00,17,41.32,702.44,80.97
ORD-887,CUST-254,Electronics,North,2/6/23 22:00,5,53.81,269.05,62.17
ORD-888,CUST-861,Clothing,East,2/6/23 23:00,2,98.07,196.14,38.77
ORD-889,CUST-653,Grocery,North,2/7/23 0:00,16,96.89,1550.24,197.46
ORD-890,CUST-284,Electronics,North,2/7/23 1:00,14,47.46,664.44,190.81
ORD-891,CUST-785,Furniture,South,2/7/23 2:00,14,33.89,474.46,138.13
ORD-892,CUST-797,Furniture,North,2/7/23 3:00,1,37.23,37.23,10.1
ORD-893,CUST-534,Electronics,North,2/7/23 4:00,3,34.19,102.57,27.57
ORD-894,CUST-497,Electronics,East,2/7/23 5:00,7,57.9,405.3,48.53
ORD-895,CUST-642,Grocery,North,2/7/23 6:00,15,64.62,969.3,289.51
ORD-896,CUST-245,Grocery,East,2/7/23 7:00,19,53.99,1025.81,184.72
ORD-897,CUST-282,Clothing,West,2/7/23 8:00,2,46.72,93.44,12.39
ORD-898,CUST-451,Grocery,North,2/7/23 9:00,19,29.02,551.38,144.69
ORD-899,CUST-80,Furniture,North,2/7/23 10:00,9,53.43,480.87,69.8
ORD-900,CUST-731,Furniture,East,2/7/23 11:00,19,40.7,773.3,158.71
ORD-901,CUST-293,Electronics,West,2/7/23 12:00,5,58.74,293.7,36.89
ORD-902,CUST-241,Grocery,South,2/7/23 13:00,18,70.77,1273.86,248.31
ORD-903,CUST-279,Clothing,West,2/7/23 14:00,16,67,1072,226.87
ORD-904,CUST-344,Furniture,East,2/7/23 15:00,4,51.62,206.48,39.06
ORD-905,CUST-328,Furniture,West,2/7/23 16:00,12,60.04,720.48,82.06
ORD-906,CUST-915,Clothing,East,2/7/23 17:00,7,35.64,249.48,49.14
ORD-907,CUST-554,Clothing,East,2/7/23 18:00,14,12.18,170.52,33.04
ORD-908,CUST-83,Furniture,South,2/7/23 19:00,12,66.25,795,121.1
ORD-909,CUST-142,Furniture,North,2/7/23 20:00,3,32.73,98.19,27.92
ORD-910,CUST-155,Clothing,East,2/7/23 21:00,5,70.21,351.05,64.44
ORD-911,CUST-237,Furniture,East,2/7/23 22:00,17,77.23,1312.91,358.19
ORD-912,CUST-393,Electronics,South,2/7/23 23:00,10,92.43,924.3,112.7
ORD-913,CUST-711,Electronics,East,2/8/23 0:00,10,96.23,962.3,157.6
ORD-914,CUST-157,Clothing,North,2/8/23 1:00,11,10.95,120.45,16.29
ORD-915,CUST-724,Grocery,South,2/8/23 2:00,17,99.13,1685.21,306.17
ORD-916,CUST-220,Clothing,North,2/8/23 3:00,5,71.47,357.35,43.71
ORD-917,CUST-66,Clothing,North,2/8/23 4:00,13,67.92,882.96,166.18
ORD-918,CUST-425,Grocery,South,2/8/23 5:00,10,11.37,113.7,19.42
ORD-919,CUST-418,Grocery,East,2/8/23 6:00,9,87.51,787.59,113.94
ORD-920,CUST-339,Grocery,North,2/8/23 7:00,17,23.09,392.53,89.67
ORD-921,CUST-556,Electronics,North,2/8/23 8:00,1,85.36,85.36,24.77
ORD-922,CUST-478,Furniture,North,2/8/23 9:00,4,11.4,45.6,6.45
ORD-923,CUST-426,Electronics,North,2/8/23 10:00,4,68.14,272.56,66.06
ORD-924,CUST-64,Furniture,South,2/8/23 11:00,18,49.13,,219.74
ORD-925,CUST-212,Electronics,South,2/8/23 12:00,9,28.07,252.63,50.43
ORD-926,CUST-853,Furniture,West,2/8/23 13:00,18,19.68,354.24,99.02
ORD-927,CUST-431,Electronics,West,2/8/23 14:00,14,49.61,694.54,203.69
ORD-928,CUST-399,Grocery,North,2/8/23 15:00,15,21.1,316.5,54.58
ORD-929,CUST-927,Clothing,East,2/8/23 16:00,6,53.78,322.68,74.28
ORD-930,CUST-789,Electronics,North,2/8/23 17:00,10,66.27,662.7,154.04
ORD-931,CUST-599,Furniture,East,2/8/23 18:00,15,84.46,1266.9,228.96
ORD-932,CUST-969,Grocery,North,2/8/23 19:00,4,71.08,284.32,46.45
ORD-933,CUST-713,Electronics,West,2/8/23 20:00,18,15.87,285.66,81.91
ORD-934,CUST-21,Electronics,West,2/8/23 21:00,18,37.67,678.06,174.94
ORD-935,CUST-878,Grocery,East,2/8/23 22:00,17,35.92,610.64,75.04
ORD-936,CUST-902,Electronics,North,2/8/23 23:00,12,92.35,1108.2,137.39
ORD-937,CUST-784,Clothing,East,2/9/23 0:00,7,88.1,616.7,175.46
ORD-938,CUST-590,Electronics,West,2/9/23 1:00,16,43.31,692.96,80.58
ORD-939,CUST-390,Clothing,North,2/9/23 2:00,11,16.4,180.4,42.88
ORD-940,CUST-489,Clothing,North,2/9/23 3:00,14,90.47,1266.58,184.1
ORD-941,CUST-7,Grocery,East,2/9/23 4:00,3,89.94,269.82,28.88
ORD-942,CUST-966,Electronics,South,2/9/23 5:00,19,86.93,1651.67,184.87
ORD-943,CUST-361,Grocery,East,2/9/23 6:00,18,86.06,1549.08,270.63
ORD-944,CUST-306,Electronics,West,2/9/23 7:00,10,53.22,532.2,61.48
ORD-945,CUST-772,Electronics,West,2/9/23 8:00,6,25.97,155.82,
ORD-946,CUST-400,Furniture,West,2/9/23 9:00,13,52.97,688.61,158
ORD-947,CUST-874,Electronics,West,2/9/23 10:00,10,54.51,545.1,95.23
ORD-948,CUST-914,Grocery,West,2/9/23 11:00,18,54.09,973.62,242.02
ORD-949,CUST-977,Clothing,South,2/9/23 12:00,16,58.49,935.84,185.3
ORD-950,CUST-856,Electronics,North,2/9/23 13:00,6,33.19,199.14,37.05
ORD-951,CUST-430,Furniture,East,2/9/23 14:00,13,42.96,558.48,151.965
ORD-952,CUST-552,Grocery,East,2/9/23 15:00,4,49.08,196.32,36.56
ORD-953,CUST-766,Electronics,West,2/9/23 16:00,14,21.8,305.2,89.6
ORD-954,CUST-753,Grocery,East,2/9/23 17:00,1,50.98,50.98,12.05
ORD-955,CUST-560,Furniture,West,2/9/23 18:00,5,82.94,414.7,67.61
ORD-956,CUST-820,Furniture,South,2/9/23 19:00,8,84.53,676.24,166.88
ORD-957,CUST-618,Grocery,South,2/9/23 20:00,12,47.04,564.48,93.73
ORD-958,CUST-920,Electronics,North,2/9/23 21:00,2,56.69,113.38,14.19
ORD-959,CUST-226,Clothing,South,2/9/23 22:00,12,13.03,156.36,30.5
ORD-960,CUST-500,Furniture,South,2/9/23 23:00,5,70.7,353.5,88.45
ORD-961,CUST-225,Electronics,North,2/10/23 0:00,5,46.41,232.05,40.73
ORD-962,CUST-280,Electronics,East,2/10/23 1:00,13,50.09,651.17,178.31
ORD-963,CUST-447,Clothing,West,2/10/23 2:00,9,88.63,797.67,141.5
ORD-964,CUST-498,Furniture,West,2/10/23 3:00,10,51.57,515.7,87.65
ORD-965,CUST-30,Furniture,East,2/10/23 4:00,1,11.91,11.91,3.57
ORD-966,CUST-399,Electronics,North,2/10/23 5:00,3,30.47,91.41,17.96
ORD-967,CUST-345,Electronics,East,2/10/23 6:00,18,52.81,950.58,248.14
ORD-968,CUST-685,Clothing,South,2/10/23 7:00,12,48.2,578.4,226.44
ORD-969,CUST-696,Clothing,North,2/10/23 8:00,3,87.43,262.29,74.82
ORD-970,CUST-818,Furniture,North,2/10/23 9:00,9,58.79,529.11,61.89
ORD-971,CUST-415,Grocery,North,2/10/23 10:00,2,72.07,144.14,22.23
ORD-972,CUST-742,Furniture,West,2/10/23 11:00,3,52.24,156.72,39.74
ORD-973,CUST-170,Electronics,East,2/10/23 12:00,14,49.57,693.98,147.48
ORD-974,CUST-861,Furniture,North,2/10/23 13:00,4,50.17,200.68,42.53
ORD-975,CUST-479,Grocery,North,2/10/23 14:00,19,46.98,892.62,118.94
ORD-976,CUST-942,Clothing,North,2/10/23 15:00,13,58.47,760.11,118.75
ORD-977,CUST-131,Grocery,East,2/10/23 16:00,7,32.54,227.78,46.53
ORD-978,CUST-638,Grocery,West,2/10/23 17:00,12,90.19,1082.28,168.23
ORD-979,CUST-547,Grocery,South,2/10/23 18:00,3,39.98,119.94,
ORD-980,CUST-28,Clothing,West,2/10/23 19:00,9,23.28,209.52,24.63
ORD-981,CUST-929,Grocery,North,2/10/23 20:00,2,18.69,37.38,4.9
ORD-982,CUST-404,Grocery,West,2/10/23 21:00,9,11.21,100.89,25.6
ORD-983,CUST-607,Grocery,West,2/10/23 22:00,12,48.06,576.72,140.58
ORD-984,CUST-578,Electronics,South,2/10/23 23:00,12,26.88,322.56,35.21
ORD-985,CUST-679,Grocery,East,2/11/23 0:00,15,11.95,179.25,25.21
ORD-986,CUST-28,Clothing,East,2/11/23 1:00,2,56.8,113.6,24.09
ORD-987,CUST-86,Grocery,West,2/11/23 2:00,18,71.2,1281.6,210.86
ORD-988,CUST-659,Grocery,West,2/11/23 3:00,13,17.72,115.18,60.96
ORD-989,CUST-439,Clothing,East,2/11/23 4:00,14,51.48,720.72,185.22
ORD-990,CUST-139,Grocery,East,2/11/23 5:00,5,76.93,384.65,107.05
ORD-991,CUST-888,Clothing,South,2/11/23 6:00,10,98.72,987.2,209.87
ORD-992,CUST-473,Grocery,North,2/11/23 7:00,12,70.05,840.6,143.25
ORD-993,CUST-187,Clothing,West,2/11/23 8:00,10,32.04,320.4,70.88
ORD-994,CUST-52,Grocery,East,2/11/23 9:00,11,74.49,819.39,96.55
ORD-995,CUST-267,Grocery,West,2/11/23 10:00,2,63.81,127.62,13.01
ORD-996,CUST-389,Electronics,West,2/11/23 11:00,5,29.06,145.3,15.03
ORD-997,CUST-336,Electronics,East,2/11/23 12:00,7,86.6,606.2,110.03
ORD-998,CUST-217,Grocery,South,2/11/23 13:00,6,48.47,290.82,42.35
ORD-999,CUST-466,Grocery,West,2/11/23 14:00,3,96.58,289.74,38.09
ORD-1000,CUST-335,Furniture,South,2/11/23 15:00,13,75.06,975.78,217.66
ORD-1001,CUST-346,Clothing,East,2/11/23 16:00,3,68.01,204.03,61.01
ORD-1002,CUST-780,Furniture,North,2/11/23 17:00,6,75.55,453.3,61.45
ORD-1003,CUST-901,Electronics,North,2/11/23 18:00,11,53.03,583.33,122.08
ORD-1004,CUST-389,Electronics,West,2/11/23 19:00,17,55.47,942.99,116.88
ORD-1005,CUST-285,Electronics,East,2/11/23 20:00,10,86.61,866.1,248.44
ORD-1006,CUST-771,Electronics,South,2/11/23 21:00,12,71.28,855.36,135.45
ORD-1007,CUST-975,Grocery,West,2/11/23 22:00,17,90.75,1542.75,425.29
ORD-1008,CUST-852,Electronics,East,2/11/23 23:00,4,90.17,360.68,56.49
ORD-1009,CUST-432,Grocery,East,2/12/23 0:00,2,97.88,97.88,51.13
ORD-1010,CUST-259,Grocery,South,2/12/23 1:00,11,73.02,803.22,113.96
ORD-1011,CUST-855,Electronics,West,2/12/23 2:00,7,55.21,386.47,61.28
ORD-1012,CUST-84,Electronics,East,2/12/23 3:00,2,24.97,49.94,6.92
ORD-1013,CUST-482,Clothing,East,2/12/23 4:00,18,73.48,1322.64,202.17
ORD-1014,CUST-20,Furniture,East,2/12/23 5:00,4,36.24,144.96,38.7
ORD-1015,CUST-768,Electronics,South,2/12/23 6:00,8,35.47,283.76,64.64
ORD-1016,CUST-553,Clothing,West,2/12/23 7:00,14,31.45,440.3,79.77
ORD-1017,CUST-54,Clothing,West,2/12/23 8:00,12,88.76,1065.12,313.47
ORD-1018,CUST-975,Furniture,West,2/12/23 9:00,18,88.12,1586.16,306.08
ORD-1019,CUST-359,Grocery,West,2/12/23 10:00,11,66.79,734.69,215.96
ORD-1020,CUST-230,Electronics,North,2/12/23 11:00,8,52.57,420.56,58.59
ORD-1021,CUST-666,Furniture,North,2/12/23 12:00,2,70.49,140.98,39.61
ORD-1022,CUST-71,Electronics,West,2/12/23 13:00,15,64.65,969.75,99.66
ORD-1023,CUST-800,Clothing,South,2/12/23 14:00,9,47.42,426.78,89.22
ORD-1024,CUST-981,Clothing,North,2/12/23 15:00,19,44.17,839.23,154.93
ORD-1025,CUST-668,Grocery,East,2/12/23 16:00,8,44.45,355.6,72.9
ORD-1026,CUST-42,Clothing,North,2/12/23 17:00,19,63.02,1197.38,252.27
ORD-1027,CUST-773,Clothing,East,2/12/23 18:00,5,68.29,341.45,60.71
ORD-1028,CUST-32,Furniture,West,2/12/23 19:00,11,50.66,557.26,166.98
ORD-1029,CUST-973,Electronics,North,2/12/23 20:00,15,97.18,1457.7,430.46
ORD-1030,CUST-254,Electronics,South,2/12/23 21:00,8,17.55,140.4,41.05
ORD-1031,CUST-205,Furniture,North,2/12/23 22:00,19,41.23,783.37,231.73
ORD-1032,CUST-860,Grocery,North,2/12/23 23:00,8,47.72,381.76,98.72
ORD-1033,CUST-21,Electronics,North,2/13/23 0:00,19,11.52,218.88,65.16
ORD-1034,CUST-637,Clothing,West,2/13/23 1:00,18,42.85,771.3,214.79
ORD-1035,CUST-157,Electronics,South,2/13/23 2:00,10,34.63,346.3,63.44
ORD-1036,CUST-245,Clothing,North,2/13/23 3:00,7,55.54,388.78,99.9
ORD-1037,CUST-130,Grocery,South,2/13/23 4:00,9,40.28,362.52,102.38
ORD-1038,CUST-485,Furniture,West,2/13/23 5:00,1,75.36,75.36,18.28
ORD-1039,CUST-686,Electronics,East,2/13/23 6:00,19,55.89,1061.91,195.98
ORD-1040,CUST-118,Furniture,North,2/13/23 7:00,5,21.68,108.4,18.405
ORD-1041,CUST-578,Electronics,South,2/13/23 8:00,19,77.51,1472.69,385.76
ORD-1042,CUST-971,Clothing,South,2/13/23 9:00,1,18.93,18.93,5.5
ORD-1043,CUST-224,Furniture,West,2/13/23 10:00,15,85.51,1282.65,221.25
ORD-1044,CUST-477,Electronics,North,2/13/23 11:00,16,93.83,1501.28,195.74
ORD-1045,CUST-717,Clothing,East,2/13/23 12:00,7,39.02,273.14,45.15
ORD-1046,CUST-263,Furniture,South,2/13/23 13:00,12,93.35,1120.2,242.55
ORD-1047,CUST-786,Furniture,North,2/13/23 14:00,8,81.37,650.96,106.36
ORD-1048,CUST-378,Electronics,East,2/13/23 15:00,5,93.02,465.1,103.31
ORD-1049,CUST-172,Electronics,South,2/13/23 16:00,10,69.96,699.6,205.24
ORD-1050,CUST-621,Electronics,South,2/13/23 17:00,5,31.21,156.05,36.54
ORD-1051,CUST-622,Clothing,East,2/13/23 18:00,17,90.51,1538.67,265.47
ORD-1052,CUST-987,Electronics,East,2/13/23 19:00,5,26.58,132.9,38.16
ORD-1053,CUST-766,Furniture,West,2/13/23 20:00,15,29.18,437.7,93.29
ORD-1054,CUST-736,Furniture,North,2/13/23 21:00,13,34.4,447.2,56.2
ORD-1055,CUST-118,Electronics,North,2/13/23 22:00,1,37.38,37.38,7.47
ORD-1056,CUST-797,Electronics,West,2/13/23 23:00,11,56.3,619.3,142.89
ORD-1057,CUST-839,Grocery,South,2/14/23 0:00,1,74.21,74.21,19.86
ORD-1058,CUST-168,Furniture,East,2/14/23 1:00,11,93.36,1026.96,295.04
ORD-1059,CUST-988,Clothing,East,2/14/23 2:00,18,17.96,323.28,52.85
ORD-1060,CUST-319,Grocery,East,2/14/23 3:00,18,95.89,1726.02,226.29
ORD-1061,CUST-111,Electronics,South,2/14/23 4:00,16,92.92,1486.72,170.62
ORD-1062,CUST-593,Electronics,East,2/14/23 5:00,13,14.86,193.18,47.85
ORD-1063,CUST-27,Furniture,East,2/14/23 6:00,7,42.43,297.01,76.93
ORD-1064,CUST-952,Electronics,West,2/14/23 7:00,1,83.18,83.18,15.13
ORD-1065,CUST-320,Clothing,South,2/14/23 8:00,16,65.04,1040.64,186.47
ORD-1066,CUST-590,Furniture,North,2/14/23 9:00,1,80.12,80.12,23.3
ORD-1067,CUST-694,Electronics,West,2/14/23 10:00,17,74.71,1270.07,359.86
ORD-1068,CUST-930,Furniture,West,2/14/23 11:00,6,54.71,328.26,48.14
ORD-1069,CUST-982,Electronics,North,2/14/23 12:00,2,13.71,27.42,7.02
ORD-1070,CUST-385,Electronics,West,2/14/23 13:00,17,62.58,1063.86,238.88
ORD-1071,CUST-407,Electronics,South,2/14/23 14:00,6,14.37,86.22,11.28
ORD-1072,CUST-965,Clothing,East,2/14/23 15:00,14,64.34,900.76,154.35
ORD-1073,CUST-733,Clothing,South,2/14/23 16:00,18,82.04,1476.72,200.09
ORD-1074,CUST-204,Furniture,North,2/14/23 17:00,6,62.65,375.9,59.78
ORD-1075,CUST-78,Electronics,North,2/14/23 18:00,10,99.73,997.3,222.46
ORD-1076,CUST-607,Electronics,West,2/14/23 19:00,18,51.03,918.54,160.79
ORD-1077,CUST-708,Clothing,South,2/14/23 20:00,9,77.39,696.51,124.54
ORD-1078,CUST-851,Electronics,South,2/14/23 21:00,8,70.05,560.4,116.52
ORD-1079,CUST-643,Clothing,North,2/14/23 22:00,10,99.23,992.3,116.54
ORD-1080,CUST-249,Electronics,South,2/14/23 23:00,17,74.19,1261.23,312.48
ORD-1081,CUST-105,Furniture,North,2/15/23 0:00,6,24.76,148.56,26.79
ORD-1082,CUST-714,Electronics,South,2/15/23 1:00,14,96,,263.53
ORD-1083,CUST-792,Electronics,South,2/15/23 2:00,6,70.1,210.3,124.02
ORD-1084,CUST-309,Grocery,South,2/15/23 3:00,7,15.34,107.38,18.13
ORD-1085,CUST-871,Clothing,North,2/15/23 4:00,12,69.18,830.16,190.64
ORD-1086,CUST-701,Electronics,West,2/15/23 5:00,3,89.48,268.44,47.92
ORD-1087,CUST-615,Electronics,South,2/15/23 6:00,14,61.93,867.02,241.77
ORD-1088,CUST-825,Grocery,North,2/15/23 7:00,19,41.86,397.67,214.23
ORD-1089,CUST-124,Grocery,North,2/15/23 8:00,16,83.88,1342.08,199.06
ORD-1090,CUST-816,Clothing,South,2/15/23 9:00,7,80.43,563.01,134.19
ORD-1091,CUST-580,Grocery,South,2/15/23 10:00,8,58.98,235.92,53.33
ORD-1092,CUST-802,Furniture,West,2/15/23 11:00,18,23.89,430.02,125.84
ORD-1093,CUST-43,Grocery,North,2/15/23 12:00,13,32.59,423.67,71.94
ORD-1094,CUST-356,Furniture,North,2/15/23 13:00,9,76.46,688.14,183.3
ORD-1095,CUST-546,Clothing,East,2/15/23 14:00,10,82.55,825.5,135.12
ORD-1096,CUST-439,Clothing,North,2/15/23 15:00,9,35.13,316.17,71.63
ORD-1097,CUST-678,Clothing,West,2/15/23 16:00,15,43.12,646.8,191.92
ORD-1098,CUST-380,Clothing,East,2/15/23 17:00,2,16.99,33.98,9.36
ORD-1099,CUST-71,Clothing,East,2/15/23 18:00,13,74.21,964.73,127.41
ORD-1100,CUST-519,Furniture,East,2/15/23 19:00,2,10.32,20.64,4.32
ORD-1101,CUST-664,Furniture,South,2/15/23 20:00,19,14.19,269.61,45.75
ORD-1102,CUST-350,Clothing,South,2/15/23 21:00,2,10.39,20.78,3.88
ORD-1103,CUST-13,Grocery,North,2/15/23 22:00,3,68.08,204.24,34.12
ORD-1104,CUST-870,Electronics,East,2/15/23 23:00,6,47.56,285.36,47.71
ORD-1105,CUST-431,Clothing,West,2/16/23 0:00,3,36.78,110.34,23.01
ORD-1106,CUST-843,Grocery,South,2/16/23 1:00,10,92.14,921.4,127.52
ORD-1107,CUST-502,Electronics,West,2/16/23 2:00,6,27.35,164.1,34.05
ORD-1108,CUST-109,Clothing,West,2/16/23 3:00,16,45.04,720.64,112.27
ORD-1109,CUST-444,Clothing,South,2/16/23 4:00,17,94.63,1608.71,253.85
ORD-1110,CUST-984,Furniture,South,2/16/23 5:00,19,48.44,920.36,228.02
ORD-1111,CUST-371,Electronics,South,2/16/23 6:00,3,59.92,179.76,19.04
ORD-1112,CUST-651,Electronics,South,2/16/23 7:00,18,17.23,310.14,54.64
ORD-1113,CUST-913,Grocery,East,2/16/23 8:00,7,81.11,567.77,103.05
ORD-1114,CUST-849,Furniture,East,2/16/23 9:00,9,48.05,432.45,85.2
ORD-1115,CUST-471,Furniture,East,2/16/23 10:00,12,82.05,984.6,230.2
ORD-1116,CUST-725,Furniture,East,2/16/23 11:00,5,32.84,164.2,28.56
ORD-1117,CUST-157,Furniture,North,2/16/23 12:00,3,48.02,144.06,20.55
ORD-1118,CUST-446,Electronics,East,2/16/23 13:00,11,80.79,888.69,246.14
ORD-1119,CUST-181,Electronics,South,2/16/23 14:00,4,97.65,390.6,115.7
ORD-1120,CUST-752,Clothing,West,2/16/23 15:00,5,15.37,76.85,7.99
ORD-1121,CUST-535,Clothing,East,2/16/23 16:00,1,83.12,83.12,17.4
ORD-1122,CUST-989,Furniture,North,2/16/23 17:00,18,37.06,667.08,112.3
ORD-1123,CUST-667,Furniture,South,2/16/23 18:00,12,59.57,714.84,111.08
ORD-1124,CUST-277,Furniture,West,2/16/23 19:00,13,36.11,234.715,78.46
ORD-1125,CUST-631,Clothing,West,2/16/23 20:00,9,65.21,586.89,200.52
ORD-1126,CUST-828,Grocery,East,2/16/23 21:00,2,41.84,83.68,11.56
ORD-1127,CUST-942,Grocery,West,2/16/23 22:00,5,40.03,200.15,56.56
ORD-1128,CUST-552,Clothing,East,2/16/23 23:00,13,13.41,174.33,33.68
ORD-1129,CUST-794,Clothing,East,2/17/23 0:00,16,23.23,371.68,61.37
ORD-1130,CUST-496,Clothing,South,2/17/23 1:00,16,92.54,1480.64,374.76
ORD-1131,CUST-477,Clothing,South,2/17/23 2:00,3,99.84,299.52,30.93
ORD-1132,CUST-447,Clothing,North,2/17/23 3:00,4,80.25,321,59.82
ORD-1133,CUST-846,Clothing,South,2/17/23 4:00,11,35.81,393.91,67.38
ORD-1134,CUST-749,Furniture,South,2/17/23 5:00,14,46.22,647.08,108.48
ORD-1135,CUST-607,Furniture,East,2/17/23 6:00,3,76.56,229.68,38.45
ORD-1136,CUST-275,Furniture,South,2/17/23 7:00,16,97.17,1554.72,165.2
ORD-1137,CUST-331,Furniture,East,2/17/23 8:00,15,50.99,764.85,99.75
ORD-1138,CUST-873,Clothing,East,2/17/23 9:00,10,84.66,846.6,108.68
ORD-1139,CUST-252,Grocery,South,2/17/23 10:00,9,97.76,879.84,261.95
ORD-1140,CUST-851,Electronics,North,2/17/23 11:00,11,88.61,974.71,101.79
ORD-1141,CUST-958,Clothing,North,2/17/23 12:00,16,30.44,487.04,64.98
ORD-1142,CUST-89,Electronics,West,2/17/23 13:00,10,10.72,107.2,31.61
ORD-1143,CUST-286,Grocery,West,2/17/23 14:00,17,54.29,922.93,208.26
ORD-1144,CUST-903,Furniture,South,2/17/23 15:00,19,57.82,1098.58,208.88
ORD-1145,CUST-462,Grocery,North,2/17/23 16:00,2,28.11,56.22,6.51
ORD-1146,CUST-250,Clothing,East,2/17/23 17:00,2,35.62,71.24,16.67
ORD-1147,CUST-769,Furniture,West,2/17/23 18:00,6,78.86,236.58,60.36
ORD-1148,CUST-476,Clothing,East,2/17/23 19:00,19,52.33,994.27,232.9
ORD-1149,CUST-584,Furniture,West,2/17/23 20:00,8,38.56,308.48,91.26
ORD-1150,CUST-625,Electronics,South,2/17/23 21:00,3,66.04,198.12,40.89
ORD-1151,CUST-685,Electronics,North,2/17/23 22:00,14,68.75,962.5,137.46
ORD-1152,CUST-389,Electronics,West,2/17/23 23:00,16,79.25,1268,285.37
ORD-1153,CUST-345,Grocery,North,2/18/23 0:00,1,24.1,24.1,4.88
ORD-1154,CUST-30,Clothing,East,2/18/23 1:00,3,76.74,230.22,47.57
ORD-1155,CUST-507,Grocery,South,2/18/23 2:00,18,63.95,1151.1,225.18
ORD-1156,CUST-872,Electronics,North,2/18/23 3:00,9,15.18,136.62,32.07
ORD-1157,CUST-333,Clothing,South,2/18/23 4:00,6,79.97,479.82,102.87
ORD-1158,CUST-187,Electronics,North,2/18/23 5:00,1,44.48,44.48,13.23
ORD-1159,CUST-500,Grocery,East,2/18/23 6:00,10,39.73,397.3,105.35
ORD-1160,CUST-218,Grocery,East,2/18/23 7:00,6,50.33,301.98,46.18
ORD-1161,CUST-364,Grocery,South,2/18/23 8:00,12,41.16,493.92,121.09
ORD-1162,CUST-817,Electronics,East,2/18/23 9:00,4,40.45,161.8,23.11
ORD-1163,CUST-265,Clothing,West,2/18/23 10:00,13,82.73,1075.49,275.83
ORD-1164,CUST-349,Clothing,North,2/18/23 11:00,17,21.21,360.57,46.7
ORD-1165,CUST-287,Electronics,East,2/18/23 12:00,8,97.35,778.8,151.64
ORD-1166,CUST-902,Clothing,West,2/18/23 13:00,3,59.94,179.82,46.42
ORD-1167,CUST-611,Electronics,South,2/18/23 14:00,12,26.46,317.52,49.54
ORD-1168,CUST-719,Clothing,West,2/18/23 15:00,7,21.81,152.67,40.83
ORD-1169,CUST-902,Furniture,South,2/18/23 16:00,12,63.24,758.88,173.65
ORD-1170,CUST-283,Furniture,South,2/18/23 17:00,2,66.97,133.94,24.04
ORD-1171,CUST-570,Grocery,North,2/18/23 18:00,14,14.77,103.39,38.19
ORD-1172,CUST-11,Furniture,North,2/18/23 19:00,5,31.87,159.35,45.45
ORD-1173,CUST-530,Furniture,West,2/18/23 20:00,9,81.59,734.31,105.42
ORD-1174,CUST-971,Furniture,North,2/18/23 21:00,11,14.47,159.17,37.99
ORD-1175,CUST-196,Electronics,North,2/18/23 22:00,5,86.96,434.8,104.99
ORD-1176,CUST-88,Furniture,North,2/18/23 23:00,3,69.23,207.69,59.09
ORD-1177,CUST-248,Furniture,West,2/19/23 0:00,17,49.1,834.7,202.53
ORD-1178,CUST-738,Grocery,East,2/19/23 1:00,2,41.18,82.36,17.86
ORD-1179,CUST-417,Furniture,North,2/19/23 2:00,1,11.73,11.73,3.29
ORD-1180,CUST-501,Furniture,North,2/19/23 3:00,7,84.27,589.89,156.81
ORD-1181,CUST-569,Clothing,West,2/19/23 4:00,14,22.84,319.76,77.82
ORD-1182,CUST-777,Grocery,East,2/19/23 5:00,5,37.86,189.3,20.16
ORD-1183,CUST-247,Grocery,North,2/19/23 6:00,19,61.22,1163.18,203.21
ORD-1184,CUST-708,Grocery,South,2/19/23 7:00,11,32.14,353.54,80.03
ORD-1185,CUST-488,Grocery,West,2/19/23 8:00,2,54.74,109.48,22.38
ORD-1186,CUST-662,Grocery,North,2/19/23 9:00,8,82.84,662.72,108.6
ORD-1187,CUST-729,Grocery,North,2/19/23 10:00,9,52.35,471.15,60.72
ORD-1188,CUST-503,Electronics,South,2/19/23 11:00,3,95.41,286.23,60.28
ORD-1189,CUST-459,Furniture,South,2/19/23 12:00,2,86.28,172.56,27.12
ORD-1190,CUST-812,Grocery,West,2/19/23 13:00,7,39.97,279.79,41.02
ORD-1191,CUST-18,Furniture,West,2/19/23 14:00,5,46,230,41.35
ORD-1192,CUST-96,Furniture,South,2/19/23 15:00,5,48.1,240.5,61.83
ORD-1193,CUST-302,Electronics,West,2/19/23 16:00,13,66.36,862.68,170.44
ORD-1194,CUST-227,Grocery,South,2/19/23 17:00,6,35.81,214.86,30.79
ORD-1195,CUST-415,Clothing,North,2/19/23 18:00,18,97.23,1750.14,215.93
ORD-1196,CUST-709,Electronics,South,2/19/23 19:00,2,64.78,129.56,25.89
ORD-1197,CUST-250,Clothing,South,2/19/23 20:00,6,45.95,275.7,71.37
ORD-1198,CUST-314,Furniture,East,2/19/23 21:00,9,68.05,612.45,141.21
ORD-1199,CUST-680,Furniture,South,2/19/23 22:00,3,45.59,136.77,20.03
ORD-1200,CUST-596,Electronics,South,2/19/23 23:00,1,83.6,83.6,15.66
ORD-1201,CUST-378,Electronics,East,2/20/23 0:00,1,61.11,61.11,16.56
ORD-1202,CUST-485,Clothing,West,2/20/23 1:00,19,13.78,261.82,35.48
ORD-1203,CUST-567,Grocery,East,2/20/23 2:00,5,25.91,129.55,26.74
ORD-1204,CUST-544,Clothing,North,2/20/23 3:00,13,87.85,1142.05,195.57
ORD-1205,CUST-353,Electronics,East,2/20/23 4:00,19,60.66,1152.54,143.88
ORD-1206,CUST-436,Clothing,North,2/20/23 5:00,12,95.53,1146.36,126.08
ORD-1207,CUST-764,Electronics,West,2/20/23 6:00,16,16.52,264.32,55.82
ORD-1208,CUST-564,Clothing,East,2/20/23 7:00,19,36.57,694.83,72.37
ORD-1209,CUST-339,Electronics,East,2/20/23 8:00,3,27.42,82.26,9.93
ORD-1210,CUST-361,Electronics,West,2/20/23 9:00,12,59.85,718.2,121.74
ORD-1211,CUST-720,Electronics,North,2/20/23 10:00,5,44.45,222.25,24.16
ORD-1212,CUST-465,Grocery,East,2/20/23 11:00,2,24.15,48.3,8.7
ORD-1213,CUST-278,Clothing,North,2/20/23 12:00,7,67.85,474.95,59.88
ORD-1214,CUST-314,Clothing,East,2/20/23 13:00,13,58.27,757.51,128.76
ORD-1215,CUST-258,Clothing,South,2/20/23 14:00,15,34.73,520.95,134.53
ORD-1216,CUST-237,Electronics,East,2/20/23 15:00,3,53.18,159.54,35.94
ORD-1217,CUST-124,Clothing,West,2/20/23 16:00,5,77.12,385.6,72.91
ORD-1218,CUST-739,Clothing,West,2/20/23 17:00,8,28.47,227.76,26.96
ORD-1219,CUST-198,Electronics,North,2/20/23 18:00,1,36.36,36.36,8.14
ORD-1220,CUST-324,Furniture,East,2/20/23 19:00,8,41.15,329.2,43.7
ORD-1221,CUST-123,Electronics,North,2/20/23 20:00,18,77.21,1389.78,160.27
ORD-1222,CUST-761,Clothing,North,2/20/23 21:00,16,86.22,1379.52,321.15
ORD-1223,CUST-549,Electronics,South,2/20/23 22:00,18,43.87,789.66,223.01
ORD-1224,CUST-974,Furniture,South,2/20/23 23:00,12,36.7,440.4,84.61
ORD-1225,CUST-781,Electronics,West,2/21/23 0:00,13,90.05,1170.65,126.66
ORD-1226,CUST-707,Clothing,North,2/21/23 1:00,13,99.94,1299.22,358.66
ORD-1227,CUST-190,Furniture,West,2/21/23 2:00,10,70.33,703.3,79.75
ORD-1228,CUST-197,Grocery,East,2/21/23 3:00,7,99.1,693.7,189.73
ORD-1229,CUST-222,Clothing,North,2/21/23 4:00,14,69.4,971.6,173.3
ORD-1230,CUST-757,Furniture,North,2/21/23 5:00,16,76.01,1216.16,
ORD-1231,CUST-496,Furniture,East,2/21/23 6:00,15,44.98,674.7,140.72
ORD-1232,CUST-284,Grocery,East,2/21/23 7:00,12,48.97,587.64,171.25
ORD-1233,CUST-742,Electronics,West,2/21/23 8:00,9,22.97,206.73,57.83
ORD-1234,CUST-604,Electronics,West,2/21/23 9:00,8,84.05,672.4,130.49
ORD-1235,CUST-779,Clothing,East,2/21/23 10:00,18,93.8,1688.4,403.81
ORD-1236,CUST-538,Grocery,West,2/21/23 11:00,18,66.11,1189.98,257.14
ORD-1237,CUST-612,Electronics,East,2/21/23 12:00,13,40.93,532.09,127.01
ORD-1238,CUST-290,Grocery,North,2/21/23 13:00,18,23.86,429.48,114.18
ORD-1239,CUST-103,Electronics,North,2/21/23 14:00,15,33.86,507.9,54.29
ORD-1240,CUST-853,Furniture,South,2/21/23 15:00,4,32.99,131.96,21.79
ORD-1241,CUST-199,Electronics,North,2/21/23 16:00,17,65.22,554.37,323.6
ORD-1242,CUST-304,Grocery,East,2/21/23 17:00,5,95.05,475.25,137.76
ORD-1243,CUST-233,Furniture,West,2/21/23 18:00,16,14.34,229.44,23.46
ORD-1244,CUST-370,Furniture,South,2/21/23 19:00,9,10.09,90.81,12.74
ORD-1245,CUST-184,Furniture,West,2/21/23 20:00,10,64.02,640.2,191.26
ORD-1246,CUST-310,Grocery,East,2/21/23 21:00,18,35.57,640.26,127.13
ORD-1247,CUST-15,Clothing,North,2/21/23 22:00,17,89.25,1517.25,325.56
ORD-1248,CUST-726,Clothing,South,2/21/23 23:00,18,39.45,710.1,94.64
ORD-1249,CUST-547,Clothing,East,2/22/23 0:00,7,36.08,252.56,70.43
ORD-1250,CUST-130,Grocery,South,2/22/23 1:00,4,34.26,137.04,20.04
ORD-1251,CUST-281,Furniture,South,2/22/23 2:00,5,23.04,115.2,23.835
ORD-1252,CUST-47,Clothing,North,2/22/23 3:00,16,62.34,997.44,145.25
ORD-1253,CUST-998,Grocery,East,2/22/23 4:00,3,25.14,75.42,21.41
ORD-1254,CUST-56,Clothing,West,2/22/23 5:00,18,48.22,867.96,208.8
ORD-1255,CUST-567,Electronics,South,2/22/23 6:00,14,51.49,720.86,182.9
ORD-1256,CUST-300,Clothing,South,2/22/23 7:00,15,11.84,177.6,31.15
ORD-1257,CUST-715,Clothing,West,2/22/23 8:00,17,11.51,195.67,55.15
ORD-1258,CUST-967,Furniture,East,2/22/23 9:00,1,56.82,56.82,14.65
ORD-1259,CUST-130,Grocery,South,2/22/23 10:00,17,72.64,1234.88,308.87
ORD-1260,CUST-654,Furniture,South,2/22/23 11:00,11,94.79,1042.69,306.75
ORD-1261,CUST-890,Furniture,South,2/22/23 12:00,17,26.12,444.04,76.93
ORD-1262,CUST-771,Furniture,East,2/22/23 13:00,14,19.29,270.06,60.01
ORD-1263,CUST-503,Furniture,East,2/22/23 14:00,19,14.69,279.11,78.71
ORD-1264,CUST-106,Furniture,West,2/22/23 15:00,7,49.24,344.68,88.99
ORD-1265,CUST-894,Clothing,East,2/22/23 16:00,13,66.08,859.04,182.7
ORD-1266,CUST-13,Furniture,East,2/22/23 17:00,18,85.65,1541.7,177.67
ORD-1267,CUST-588,Furniture,North,2/22/23 18:00,14,71.44,1000.16,230.58
ORD-1268,CUST-292,Grocery,West,2/22/23 19:00,1,28.75,28.75,5.9
ORD-1269,CUST-481,Electronics,South,2/22/23 20:00,7,51.56,360.92,49.39
ORD-1270,CUST-491,Clothing,East,2/22/23 21:00,8,91.93,735.44,203.31
ORD-1271,CUST-452,Clothing,South,2/22/23 22:00,18,39.41,709.38,119.64
ORD-1272,CUST-349,Clothing,South,2/22/23 23:00,9,54.89,494.01,87.68
ORD-1273,CUST-189,Furniture,North,2/23/23 0:00,1,96.27,96.27,33.855
ORD-1274,CUST-989,Furniture,East,2/23/23 1:00,17,76.12,1294.04,255.91
ORD-1275,CUST-53,Furniture,West,2/23/23 2:00,19,77.3,1468.7,173.1
ORD-1276,CUST-259,Grocery,East,2/23/23 3:00,6,32.71,196.26,34.83
ORD-1277,CUST-964,Electronics,South,2/23/23 4:00,3,47.32,141.96,16.88
ORD-1278,CUST-883,Furniture,West,2/23/23 5:00,5,17.41,87.05,12.03
ORD-1279,CUST-490,Electronics,East,2/23/23 6:00,2,64.59,129.18,13.1
ORD-1280,CUST-117,Grocery,South,2/23/23 7:00,4,19.34,77.36,10.54
ORD-1281,CUST-842,Clothing,South,2/23/23 8:00,10,85.23,852.3,141.56
ORD-1282,CUST-67,Furniture,North,2/23/23 9:00,10,83.31,833.1,172.99
ORD-1283,CUST-411,Electronics,North,2/23/23 10:00,11,58.02,638.22,181.16
ORD-1284,CUST-504,Electronics,North,2/23/23 11:00,16,22.7,363.2,75.57
ORD-1285,CUST-76,Furniture,South,2/23/23 12:00,17,12.3,209.1,50.42
ORD-1286,CUST-591,Clothing,East,2/23/23 13:00,16,81.7,1307.2,224.23
ORD-1287,CUST-645,Clothing,North,2/23/23 14:00,7,64.01,448.07,112.16
ORD-1288,CUST-703,Clothing,East,2/23/23 15:00,16,73.98,1183.68,265.26
ORD-1289,CUST-55,Grocery,North,2/23/23 16:00,3,37.34,112.02,
ORD-1290,CUST-156,Electronics,West,2/23/23 17:00,16,55.85,893.6,123.99
ORD-1291,CUST-153,Electronics,West,2/23/23 18:00,8,77.25,618,99.32
ORD-1292,CUST-831,Electronics,North,2/23/23 19:00,12,51.63,619.56,138.9
ORD-1293,CUST-577,Grocery,South,2/23/23 20:00,3,64.12,192.36,35.63
ORD-1294,CUST-972,Electronics,North,2/23/23 21:00,17,81.08,1378.36,383.01
ORD-1295,CUST-312,Grocery,North,2/23/23 22:00,18,29.37,528.66,77.7
ORD-1296,CUST-88,Clothing,South,2/23/23 23:00,11,15.93,175.23,20.08
ORD-1297,CUST-255,Furniture,West,2/24/23 0:00,4,57.86,231.44,50.42
ORD-1298,CUST-122,Electronics,East,2/24/23 1:00,16,15.59,249.44,69.15
ORD-1299,CUST-572,Electronics,North,2/24/23 2:00,17,78.99,1342.83,232.24
ORD-1300,CUST-783,Clothing,South,2/24/23 3:00,9,74.73,672.57,154.38
ORD-1301,CUST-427,Furniture,North,2/24/23 4:00,6,89.35,536.1,78.42
ORD-1302,CUST-621,Grocery,South,2/24/23 5:00,2,67.56,135.12,28.6
ORD-1303,CUST-611,Furniture,East,2/24/23 6:00,9,16.05,144.45,37.18
ORD-1304,CUST-810,Clothing,East,2/24/23 7:00,6,32.78,196.68,53.77
ORD-1305,CUST-634,Clothing,West,2/24/23 8:00,3,82.71,248.13,30.03
ORD-1306,CUST-232,Furniture,South,2/24/23 9:00,6,25.04,150.24,25.73
ORD-1307,CUST-795,Grocery,South,2/24/23 10:00,7,72.86,510.02,116.25
ORD-1308,CUST-536,Grocery,West,2/24/23 11:00,1,80.22,80.22,8.58
ORD-1309,CUST-390,Electronics,West,2/24/23 12:00,1,39.71,39.71,9.46
ORD-1310,CUST-462,Grocery,South,2/24/23 13:00,5,39.01,195.05,40.1
ORD-1311,CUST-931,Furniture,West,2/24/23 14:00,6,60.2,361.2,56.97
ORD-1312,CUST-454,Clothing,East,2/24/23 15:00,13,87.52,1137.76,299.15
ORD-1313,CUST-305,Electronics,North,2/24/23 16:00,2,30.15,60.3,9.53
ORD-1314,CUST-881,Electronics,East,2/24/23 17:00,15,94.71,1420.65,423.76
ORD-1315,CUST-603,Clothing,West,2/24/23 18:00,15,63.92,958.8,252.43
ORD-1316,CUST-440,Grocery,South,2/24/23 19:00,13,99.29,1290.77,311.84
ORD-1317,CUST-313,Clothing,South,2/24/23 20:00,14,18.07,252.98,28.4
ORD-1318,CUST-583,Grocery,East,2/24/23 21:00,7,21.39,149.73,42.05
ORD-1319,CUST-636,Clothing,South,2/24/23 22:00,14,84.4,1181.6,304.87
ORD-1320,CUST-62,Furniture,West,2/24/23 23:00,10,87.83,878.3,128.06
ORD-1321,CUST-625,Grocery,East,2/25/23 0:00,17,50.09,851.53,151.96
ORD-1322,CUST-984,Furniture,South,2/25/23 1:00,14,74.27,1039.78,159.84
ORD-1323,CUST-758,Electronics,North,2/25/23 2:00,8,88.08,704.64,209.2
ORD-1324,CUST-102,Clothing,North,2/25/23 3:00,4,13.88,55.52,15.04
ORD-1325,CUST-971,Electronics,West,2/25/23 4:00,16,61.66,986.56,282.2
ORD-1326,CUST-782,Electronics,South,2/25/23 5:00,13,86.81,1128.53,290.88
ORD-1327,CUST-213,Electronics,West,2/25/23 6:00,18,45.83,824.94,157.79
ORD-1328,CUST-641,Electronics,East,2/25/23 7:00,14,37.21,520.94,73.5
ORD-1329,CUST-217,Clothing,North,2/25/23 8:00,18,81.61,1468.98,208.03
ORD-1330,CUST-271,Electronics,East,2/25/23 9:00,5,40.22,201.1,26.21
ORD-1331,CUST-677,Clothing,South,2/25/23 10:00,9,10.29,92.61,19.39
ORD-1332,CUST-84,Clothing,West,2/25/23 11:00,3,96.36,289.08,82.1
ORD-1333,CUST-161,Furniture,West,2/25/23 12:00,8,63.29,506.32,151.07
ORD-1334,CUST-246,Grocery,West,2/25/23 13:00,10,83.76,837.6,131.89
ORD-1335,CUST-178,Grocery,East,2/25/23 14:00,19,84.28,1601.32,383.46
ORD-1336,CUST-566,Clothing,North,2/25/23 15:00,3,15.98,47.94,10.52
ORD-1337,CUST-77,Furniture,East,2/25/23 16:00,11,25.38,279.18,55.22
ORD-1338,CUST-161,Clothing,East,2/25/23 17:00,11,38,418,97.46
ORD-1339,CUST-3,Clothing,South,2/25/23 18:00,17,38.86,660.62,115.13
ORD-1340,CUST-419,Clothing,South,2/25/23 19:00,16,69.29,1108.64,320.28
ORD-1341,CUST-462,Furniture,South,2/25/23 20:00,7,66.08,462.56,111.52
ORD-1342,CUST-706,Grocery,North,2/25/23 21:00,4,54.51,218.04,54.69
ORD-1343,CUST-609,Furniture,North,2/25/23 22:00,19,29.01,551.19,122.76
ORD-1344,CUST-482,Electronics,South,2/25/23 23:00,12,44.38,532.56,71.21
ORD-1345,CUST-299,Furniture,South,2/26/23 0:00,15,58.92,441.9,158.08
ORD-1346,CUST-34,Furniture,North,2/26/23 1:00,11,52.12,573.32,145.24
ORD-1347,CUST-238,Furniture,West,2/26/23 2:00,5,21.46,107.3,30.88
ORD-1348,CUST-296,Furniture,North,2/26/23 3:00,5,68.46,342.3,63.48
ORD-1349,CUST-724,Grocery,North,2/26/23 4:00,15,16.57,248.55,63.34
ORD-1350,CUST-290,Electronics,North,2/26/23 5:00,18,44.04,792.72,153.85
ORD-1351,CUST-720,Grocery,South,2/26/23 6:00,11,73.9,812.9,129.29
ORD-1352,CUST-881,Grocery,West,2/26/23 7:00,12,11.8,141.6,35.1
ORD-1353,CUST-465,Furniture,North,2/26/23 8:00,2,61.3,122.6,31.83
ORD-1354,CUST-73,Clothing,South,2/26/23 9:00,15,40.11,601.65,84.57
ORD-1355,CUST-704,Clothing,East,2/26/23 10:00,4,10.79,43.16,6.95
ORD-1356,CUST-240,Grocery,East,2/26/23 11:00,18,27.13,488.34,97.16
ORD-1357,CUST-947,Grocery,North,2/26/23 12:00,6,94.69,568.14,78.01
ORD-1358,CUST-271,Furniture,East,2/26/23 13:00,19,56.9,1081.1,308.94
ORD-1359,CUST-807,Grocery,West,2/26/23 14:00,11,99.75,1097.25,239.49
ORD-1360,CUST-811,Furniture,East,2/26/23 15:00,2,57.23,114.46,14.22
ORD-1361,CUST-641,Clothing,East,2/26/23 16:00,8,58.95,471.6,64.52
ORD-1362,CUST-604,Clothing,West,2/26/23 17:00,11,45.27,497.97,144.85
ORD-1363,CUST-678,Electronics,North,2/26/23 18:00,5,37.9,189.5,46.93
ORD-1364,CUST-824,Clothing,North,2/26/23 19:00,18,32.64,587.52,145.05
ORD-1365,CUST-957,Grocery,West,2/26/23 20:00,18,40.91,736.38,84.32
ORD-1366,CUST-203,Clothing,West,2/26/23 21:00,14,51.39,719.46,200.77
ORD-1367,CUST-436,Furniture,West,2/26/23 22:00,10,27.28,272.8,51.49
ORD-1368,CUST-118,Clothing,East,2/26/23 23:00,3,30.24,90.72,
ORD-1369,CUST-558,Electronics,West,2/27/23 0:00,9,34.44,309.96,90.49
ORD-1370,CUST-231,Clothing,South,2/27/23 1:00,3,50.43,151.29,18.16
ORD-1371,CUST-664,Furniture,East,2/27/23 2:00,11,68.75,756.25,148.57
ORD-1372,CUST-153,Furniture,North,2/27/23 3:00,12,87.05,1044.6,114.83
ORD-1373,CUST-931,Grocery,North,2/27/23 4:00,12,35.84,430.08,85.98
ORD-1374,CUST-273,Clothing,North,2/27/23 5:00,3,26.54,79.62,11.98
ORD-1375,CUST-847,Furniture,East,2/27/23 6:00,7,44.1,308.7,87.12
ORD-1376,CUST-146,Electronics,South,2/27/23 7:00,14,90.49,1266.86,227.65
ORD-1377,CUST-74,Grocery,West,2/27/23 8:00,11,10.89,119.79,27.17
ORD-1378,CUST-62,Electronics,West,2/27/23 9:00,7,71.01,497.07,135.23
ORD-1379,CUST-170,Clothing,North,2/27/23 10:00,10,52.94,529.4,157.09
ORD-1380,CUST-812,Clothing,North,2/27/23 11:00,11,24.49,269.39,54.08
ORD-1381,CUST-315,Clothing,East,2/27/23 12:00,15,38.89,583.35,111.51
ORD-1382,CUST-610,Grocery,South,2/27/23 13:00,19,30.25,574.75,66.18
ORD-1383,CUST-767,Furniture,West,2/27/23 14:00,16,89,1424,146.03
ORD-1384,CUST-845,Grocery,East,2/27/23 15:00,12,53.37,640.44,142.02
ORD-1385,CUST-583,Electronics,West,2/27/23 16:00,18,60.68,1092.24,123.52
ORD-1386,CUST-944,Grocery,North,2/27/23 17:00,13,63.43,824.59,145.19
ORD-1387,CUST-296,Electronics,West,2/27/23 18:00,5,67.57,337.85,34.03
ORD-1388,CUST-450,Grocery,South,2/27/23 19:00,4,54.6,218.4,48.71
ORD-1389,CUST-128,Furniture,South,2/27/23 20:00,14,11.61,162.54,30.08
ORD-1390,CUST-480,Electronics,North,2/27/23 21:00,8,40.13,321.04,40.26
ORD-1391,CUST-706,Clothing,South,2/27/23 22:00,9,26.55,238.95,38.06
ORD-1392,CUST-312,Clothing,South,2/27/23 23:00,19,71.21,1352.99,289.45
ORD-1393,CUST-717,Grocery,East,2/28/23 0:00,3,15.1,45.3,10.48
ORD-1394,CUST-413,Clothing,West,2/28/23 1:00,5,60.74,303.7,58.45
ORD-1395,CUST-966,Electronics,North,2/28/23 2:00,18,28.96,521.28,135.95
ORD-1396,CUST-279,Clothing,North,2/28/23 3:00,1,95.4,95.4,11.69
ORD-1397,CUST-513,Furniture,North,2/28/23 4:00,8,40.2,321.6,37.6
ORD-1398,CUST-553,Furniture,North,2/28/23 5:00,19,39.27,746.13,81.22
ORD-1399,CUST-506,Grocery,North,2/28/23 6:00,17,93.1,1582.7,327.88
ORD-1400,CUST-449,Electronics,South,2/28/23 7:00,17,47.56,808.52,195.05
ORD-1401,CUST-83,Furniture,East,2/28/23 8:00,11,96.66,1063.26,134.08
ORD-1402,CUST-613,Furniture,North,2/28/23 9:00,2,12.18,24.36,5.55
ORD-1403,CUST-41,Electronics,East,2/28/23 10:00,6,37.57,225.42,44.04
ORD-1404,CUST-911,Clothing,East,2/28/23 11:00,14,69.96,979.44,291.35
ORD-1405,CUST-443,Clothing,South,2/28/23 12:00,3,90.18,270.54,65.88
ORD-1406,CUST-753,Grocery,North,2/28/23 13:00,12,33.08,396.96,91.89
ORD-1407,CUST-331,Clothing,South,2/28/23 14:00,4,93.74,374.96,80.28
ORD-1408,CUST-619,Electronics,North,2/28/23 15:00,12,63.47,761.64,228.09
ORD-1409,CUST-257,Furniture,South,2/28/23 16:00,13,82.09,1067.17,315.98
ORD-1410,CUST-27,Clothing,East,2/28/23 17:00,2,45.75,91.5,19
ORD-1411,CUST-94,Grocery,North,2/28/23 18:00,2,29.1,58.2,11.12
ORD-1412,CUST-235,Clothing,West,2/28/23 19:00,15,92.01,1380.15,265.57
ORD-1413,CUST-985,Electronics,East,2/28/23 20:00,17,93.98,1597.66,296.64
ORD-1414,CUST-691,Grocery,West,2/28/23 21:00,7,54.78,383.46,79.1
ORD-1415,CUST-857,Clothing,East,2/28/23 22:00,14,10.58,148.12,22.92
ORD-1416,CUST-882,Grocery,South,2/28/23 23:00,12,19.88,,68.07
ORD-1417,CUST-590,Electronics,North,3/1/23 0:00,17,61.57,1046.69,207.29
ORD-1418,CUST-602,Furniture,East,3/1/23 1:00,14,12.14,169.96,45.62
ORD-1419,CUST-974,Electronics,South,3/1/23 2:00,6,45.72,274.32,53.51
ORD-1420,CUST-22,Electronics,North,3/1/23 3:00,19,37.3,708.7,172.68
ORD-1421,CUST-784,Electronics,North,3/1/23 4:00,6,74.29,445.74,74.61
ORD-1422,CUST-689,Electronics,East,3/1/23 5:00,18,15,270,60.74
ORD-1423,CUST-842,Furniture,North,3/1/23 6:00,5,53.99,269.95,53.9
ORD-1424,CUST-276,Furniture,East,3/1/23 7:00,6,62.12,372.72,64.64
ORD-1425,CUST-591,Grocery,North,3/1/23 8:00,2,65.56,131.12,36.23
ORD-1426,CUST-42,Clothing,West,3/1/23 9:00,8,46.46,371.68,45.55
ORD-1427,CUST-782,Furniture,South,3/1/23 10:00,15,37.39,560.85,110.7
ORD-1428,CUST-775,Furniture,West,3/1/23 11:00,15,71.42,1071.3,148.78
ORD-1429,CUST-180,Clothing,East,3/1/23 12:00,11,86.28,949.08,258.35
ORD-1430,CUST-482,Furniture,West,3/1/23 13:00,1,72.43,72.43,10.91
ORD-1431,CUST-532,Electronics,East,3/1/23 14:00,18,93.89,1690.02,383.1
ORD-1432,CUST-668,Electronics,North,3/1/23 15:00,12,74.55,894.6,119.08
ORD-1433,CUST-453,Clothing,North,3/1/23 16:00,12,78.82,945.84,171.18
ORD-1434,CUST-939,Grocery,East,3/1/23 17:00,11,25.11,276.21,77.3
ORD-1435,CUST-285,Grocery,West,3/1/23 18:00,8,47.76,382.08,50.9
ORD-1436,CUST-186,Clothing,North,3/1/23 19:00,7,53.65,375.55,87.37
ORD-1437,CUST-600,Clothing,South,3/1/23 20:00,2,33.07,66.14,9.32
ORD-1438,CUST-447,Electronics,North,3/1/23 21:00,11,57.57,633.27,115.98
ORD-1439,CUST-651,Grocery,South,3/1/23 22:00,10,36.17,361.7,112.92
ORD-1440,CUST-834,Furniture,West,3/1/23 23:00,3,71.88,215.64,46.46
ORD-1441,CUST-504,Electronics,South,3/2/23 0:00,10,52.33,523.3,115.39
ORD-1442,CUST-993,Clothing,South,3/2/23 1:00,18,51.29,923.22,210.52
ORD-1443,CUST-94,Grocery,South,3/2/23 2:00,14,98.53,1379.42,212.92
ORD-1444,CUST-482,Furniture,South,3/2/23 3:00,18,45.32,815.76,147.06
ORD-1445,CUST-357,Furniture,North,3/2/23 4:00,8,42.61,340.88,36.63
ORD-1446,CUST-419,Electronics,South,3/2/23 5:00,10,38.67,386.7,98.13
ORD-1447,CUST-342,Grocery,North,3/2/23 6:00,13,90.53,1176.89,314.72
ORD-1448,CUST-329,Grocery,South,3/2/23 7:00,8,54.71,437.68,61.21
ORD-1449,CUST-687,Clothing,East,3/2/23 8:00,4,64,256,35.91
ORD-1450,CUST-108,Grocery,West,3/2/23 9:00,4,26.27,105.08,11.39
ORD-1451,CUST-879,Grocery,South,3/2/23 10:00,5,58.68,293.4,86.28
ORD-1452,CUST-165,Electronics,East,3/2/23 11:00,1,34.72,34.72,9.08
ORD-1453,CUST-338,Grocery,South,3/2/23 12:00,17,75.76,1287.92,221.7
ORD-1454,CUST-422,Furniture,South,3/2/23 13:00,2,84.93,169.86,33.36
ORD-1455,CUST-711,Electronics,South,3/2/23 14:00,8,74.33,594.64,94.19
ORD-1456,CUST-508,Electronics,East,3/2/23 15:00,7,75.72,530.04,116.32
ORD-1457,CUST-296,Clothing,West,3/2/23 16:00,15,56.12,841.8,204.95
ORD-1458,CUST-679,Grocery,East,3/2/23 17:00,5,74.09,370.45,70.19
ORD-1459,CUST-968,Clothing,West,3/2/23 18:00,2,48.04,96.08,26.39
ORD-1460,CUST-411,Furniture,South,3/2/23 19:00,7,68.63,480.41,97.72
ORD-1461,CUST-834,Electronics,North,3/2/23 20:00,8,33.31,266.48,34.34
ORD-1462,CUST-779,Electronics,South,3/2/23 21:00,7,16.28,113.96,25.58
ORD-1463,CUST-564,Electronics,West,3/2/23 22:00,7,47.21,330.47,63.6
ORD-1464,CUST-38,Furniture,East,3/2/23 23:00,14,51.56,721.84,207.27
ORD-1465,CUST-466,Furniture,South,3/3/23 0:00,18,33.08,595.44,106.21
ORD-1466,CUST-91,Clothing,East,3/3/23 1:00,6,75.49,452.94,81.79
ORD-1467,CUST-323,Clothing,East,3/3/23 2:00,4,16.62,66.48,
ORD-1468,CUST-259,Clothing,East,3/3/23 3:00,10,30.05,300.5,61.72
ORD-1469,CUST-332,Grocery,South,3/3/23 4:00,18,77.37,1392.66,243.56
ORD-1470,CUST-119,Electronics,East,3/3/23 5:00,12,49.34,592.08,
ORD-1471,CUST-994,Electronics,East,3/3/23 6:00,16,73.48,1175.68,188.62
ORD-1472,CUST-792,Clothing,South,3/3/23 7:00,7,61.07,427.49,66.48
ORD-1473,CUST-414,Electronics,East,3/3/23 8:00,6,95.56,573.36,156.46
ORD-1474,CUST-886,Clothing,South,3/3/23 9:00,5,63.8,319,32.12
ORD-1475,CUST-527,Grocery,West,3/3/23 10:00,3,11.34,34.02,4.77
ORD-1476,CUST-845,Grocery,West,3/3/23 11:00,12,41.76,501.12,109.29
ORD-1477,CUST-2,Furniture,West,3/3/23 12:00,15,22.88,343.2,45.47
ORD-1478,CUST-674,Grocery,East,3/3/23 13:00,10,93.22,932.2,277.01
ORD-1479,CUST-891,Clothing,North,3/3/23 14:00,19,19.36,367.84,70.93
ORD-1480,CUST-556,Grocery,North,3/3/23 15:00,16,44.89,718.24,157.63
ORD-1481,CUST-474,Furniture,East,3/3/23 16:00,11,30.35,333.85,44.09
ORD-1482,CUST-424,Electronics,North,3/3/23 17:00,8,86.2,689.6,108.87
ORD-1483,CUST-56,Clothing,South,3/3/23 18:00,3,37.77,113.31,25.26
ORD-1484,CUST-193,Electronics,North,3/3/23 19:00,7,99.27,694.89,145.86
ORD-1485,CUST-531,Furniture,East,3/3/23 20:00,7,13.48,94.36,24.24
ORD-1486,CUST-371,Furniture,East,3/3/23 21:00,14,21.54,301.56,46.39
ORD-1487,CUST-638,Furniture,South,3/3/23 22:00,2,30.22,60.44,13.94
ORD-1488,CUST-775,Electronics,West,3/3/23 23:00,10,83,830,131.3
ORD-1489,CUST-511,Electronics,East,3/4/23 0:00,19,89.07,1692.33,367.83
ORD-1490,CUST-641,Electronics,South,3/4/23 1:00,9,16.43,147.87,32.68
ORD-1491,CUST-453,Electronics,North,3/4/23 2:00,16,12.92,206.72,25.71
ORD-1492,CUST-779,Furniture,North,3/4/23 3:00,19,77.01,1463.19,306.87
ORD-1493,CUST-53,Furniture,South,3/4/23 4:00,18,22,396,40.55
ORD-1494,CUST-209,Clothing,South,3/4/23 5:00,9,21.97,197.73,39.59
ORD-1495,CUST-274,Clothing,East,3/4/23 6:00,16,12.01,192.16,46.02
ORD-1496,CUST-563,Electronics,North,3/4/23 7:00,13,14.48,188.24,21.57
ORD-1497,CUST-135,Grocery,South,3/4/23 8:00,10,33.73,337.3,97.06
ORD-1498,CUST-950,Grocery,North,3/4/23 9:00,14,15.85,221.9,42.55
ORD-1499,CUST-295,Furniture,South,3/4/23 10:00,12,43.2,518.4,149.13
ORD-1500,CUST-449,Furniture,North,3/4/23 11:00,19,84.95,1614.05,196.07
ORD-1501,CUST-902,Furniture,West,3/4/23 12:00,7,39.37,275.59,79.92
ORD-1502,CUST-716,Clothing,East,3/4/23 13:00,15,75.51,1132.65,138
ORD-1503,CUST-497,Clothing,North,3/4/23 14:00,16,18.45,295.2,56.77
ORD-1504,CUST-125,Furniture,West,3/4/23 15:00,8,69.34,554.72,159.54
ORD-1505,CUST-30,Furniture,North,3/4/23 16:00,10,38.51,385.1,56.43
ORD-1506,CUST-997,Furniture,North,3/4/23 17:00,4,77.48,309.92,33.15
ORD-1507,CUST-646,Grocery,West,3/4/23 18:00,19,22.26,422.94,109.38
ORD-1508,CUST-624,Clothing,North,3/4/23 19:00,19,90.81,1725.39,378.17
ORD-1509,CUST-819,Grocery,North,3/4/23 20:00,15,31.83,477.45,96.82
ORD-1510,CUST-246,Grocery,East,3/4/23 21:00,14,41.78,584.92,62.51
ORD-1511,CUST-727,Furniture,West,3/4/23 22:00,1,95.52,95.52,22.03
ORD-1512,CUST-163,Furniture,West,3/4/23 23:00,16,62.06,992.96,133.38
ORD-1513,CUST-319,Electronics,South,3/5/23 0:00,10,42.92,429.2,122.85
ORD-1514,CUST-565,Electronics,North,3/5/23 1:00,19,95.46,1813.74,430.12
ORD-1515,CUST-15,Grocery,East,3/5/23 2:00,3,39.62,118.86,28.69
ORD-1516,CUST-566,Clothing,North,3/5/23 3:00,5,18.54,92.7,13.58
ORD-1517,CUST-418,Furniture,North,3/5/23 4:00,9,99.72,897.48,247.84
ORD-1518,CUST-96,Furniture,South,3/5/23 5:00,18,34.11,613.98,127.43
ORD-1519,CUST-231,Grocery,North,3/5/23 6:00,11,86.61,952.71,258.58
ORD-1520,CUST-862,Electronics,East,3/5/23 7:00,16,24.9,398.4,61.43
ORD-1521,CUST-935,Clothing,East,3/5/23 8:00,2,75.82,151.64,38.08
ORD-1522,CUST-117,Electronics,South,3/5/23 9:00,12,57.2,686.4,147.52
ORD-1523,CUST-473,Electronics,North,3/5/23 10:00,6,98.28,589.68,64.68
ORD-1524,CUST-970,Electronics,East,3/5/23 11:00,11,59.75,657.25,119.01
ORD-1525,CUST-121,Electronics,North,3/5/23 12:00,8,12.25,98,13.4
ORD-1526,CUST-664,Furniture,North,3/5/23 13:00,12,64.35,772.2,132.69
ORD-1527,CUST-853,Furniture,North,3/5/23 14:00,2,23.08,46.16,8.16
ORD-1528,CUST-158,Electronics,South,3/5/23 15:00,9,81.87,736.83,143.67
ORD-1529,CUST-511,Clothing,North,3/5/23 16:00,15,87.09,1306.35,287.47
ORD-1530,CUST-956,Grocery,East,3/5/23 17:00,2,53.39,106.78,22.87
ORD-1531,CUST-734,Clothing,North,3/5/23 18:00,1,80.49,80.49,8.68
ORD-1532,CUST-299,Clothing,East,3/5/23 19:00,10,23.06,230.6,57.68
ORD-1533,CUST-522,Clothing,North,3/5/23 20:00,2,54.29,108.58,31.47
ORD-1534,CUST-723,Electronics,East,3/5/23 21:00,12,45.45,545.4,92.57
ORD-1535,CUST-280,Furniture,East,3/5/23 22:00,8,65.02,520.16,70.72
ORD-1536,CUST-426,Clothing,North,3/5/23 23:00,5,14,70,14.56
ORD-1537,CUST-855,Electronics,North,3/6/23 0:00,1,77.69,77.69,18.72
ORD-1538,CUST-495,Clothing,East,3/6/23 1:00,15,17.12,256.8,60.55
ORD-1539,CUST-484,Clothing,West,3/6/23 2:00,6,69.08,414.48,92.19
ORD-1540,CUST-250,Electronics,South,3/6/23 3:00,12,11.66,139.92,18.08
ORD-1541,CUST-468,Furniture,West,3/6/23 4:00,8,84.87,678.96,181.53
ORD-1542,CUST-565,Furniture,West,3/6/23 5:00,13,25.72,334.36,61.9
ORD-1543,CUST-149,Grocery,North,3/6/23 6:00,19,56.39,1071.41,154.6
ORD-1544,CUST-393,Electronics,South,3/6/23 7:00,1,33.53,33.53,3.93
ORD-1545,CUST-196,Grocery,West,3/6/23 8:00,11,75.04,825.44,151.34
ORD-1546,CUST-944,Grocery,North,3/6/23 9:00,1,38.92,,8.7
ORD-1547,CUST-614,Grocery,West,3/6/23 10:00,8,75.21,601.68,140.24
ORD-1548,CUST-521,Furniture,West,3/6/23 11:00,5,35.64,178.2,52.13
ORD-1549,CUST-765,Electronics,North,3/6/23 12:00,17,77.72,1321.24,172.59
ORD-1550,CUST-901,Grocery,North,3/6/23 13:00,8,12.75,102,30.31
ORD-1551,CUST-140,Electronics,North,3/6/23 14:00,10,35.5,355,81.98
ORD-1552,CUST-885,Electronics,South,3/6/23 15:00,2,54.88,109.76,20.95
ORD-1553,CUST-72,Furniture,West,3/6/23 16:00,9,14.06,126.54,35.13
ORD-1554,CUST-283,Grocery,North,3/6/23 17:00,3,26.74,80.22,19.16
ORD-1555,CUST-792,Grocery,East,3/6/23 18:00,18,94.11,1693.98,287.54
ORD-1556,CUST-809,Electronics,West,3/6/23 19:00,7,97.92,685.44,189.74
ORD-1557,CUST-875,Clothing,East,3/6/23 20:00,15,76.58,1148.7,268.02
ORD-1558,CUST-425,Furniture,South,3/6/23 21:00,18,32.7,588.6,141.13
ORD-1559,CUST-349,Furniture,North,3/6/23 22:00,3,33.45,100.35,28.03
ORD-1560,CUST-957,Furniture,East,3/6/23 23:00,14,68.12,953.68,180.9
ORD-1561,CUST-807,Furniture,South,3/7/23 0:00,2,20.58,41.16,9.52
ORD-1562,CUST-520,Grocery,North,3/7/23 1:00,14,95.35,1334.9,332.31
ORD-1563,CUST-274,Grocery,East,3/7/23 2:00,11,30.23,332.53,63.44
ORD-1564,CUST-841,Clothing,East,3/7/23 3:00,16,99.97,1599.52,186.65
ORD-1565,CUST-3,Furniture,South,3/7/23 4:00,8,54.62,436.96,111.11
ORD-1566,CUST-290,Furniture,North,3/7/23 5:00,7,79.43,556.01,60.92
ORD-1567,CUST-744,Electronics,North,3/7/23 6:00,11,10.2,112.2,27.33
ORD-1568,CUST-306,Grocery,East,3/7/23 7:00,3,89.99,269.97,76.18
ORD-1569,CUST-858,Furniture,East,3/7/23 8:00,17,34.3,583.1,98.77
ORD-1570,CUST-602,Clothing,East,3/7/23 9:00,14,70.11,981.54,118.19
ORD-1571,CUST-594,Clothing,North,3/7/23 10:00,6,82.57,495.42,72.62
ORD-1572,CUST-676,Grocery,South,3/7/23 11:00,8,24.77,198.16,42.1
ORD-1573,CUST-502,Clothing,South,3/7/23 12:00,5,49.83,249.15,71.89
ORD-1574,CUST-887,Clothing,North,3/7/23 13:00,8,54.45,435.6,88.19
ORD-1575,CUST-153,Grocery,West,3/7/23 14:00,2,38.09,76.18,9.34
ORD-1576,CUST-458,Furniture,South,3/7/23 15:00,15,53.36,800.4,180.54
ORD-1577,CUST-552,Furniture,East,3/7/23 16:00,12,38.58,462.96,114.15
ORD-1578,CUST-496,Clothing,West,3/7/23 17:00,17,42.47,721.99,128.99
ORD-1579,CUST-354,Clothing,West,3/7/23 18:00,1,70.24,70.24,17.16
ORD-1580,CUST-341,Furniture,South,3/7/23 19:00,15,66.93,1003.95,165.62
ORD-1581,CUST-566,Grocery,West,3/7/23 20:00,14,30.9,432.6,111.53
ORD-1582,CUST-782,Clothing,West,3/7/23 21:00,16,90.77,1452.32,244.3
ORD-1583,CUST-557,Electronics,South,3/7/23 22:00,9,87.65,788.85,119.29
ORD-1584,CUST-387,Grocery,South,3/7/23 23:00,1,55.82,55.82,15.4
ORD-1585,CUST-467,Clothing,West,3/8/23 0:00,17,48.99,832.83,174.64
ORD-1586,CUST-956,Clothing,East,3/8/23 1:00,13,43.92,570.96,89.66
ORD-1587,CUST-330,Electronics,North,3/8/23 2:00,5,73.65,368.25,105.69
ORD-1588,CUST-891,Electronics,West,3/8/23 3:00,10,70.45,704.5,167.79
ORD-1589,CUST-194,Furniture,West,3/8/23 4:00,6,27.66,165.96,23.92
ORD-1590,CUST-715,Grocery,East,3/8/23 5:00,19,70.43,1338.17,298.32
ORD-1591,CUST-245,Grocery,West,3/8/23 6:00,13,32.72,425.36,116.58
ORD-1592,CUST-586,Furniture,West,3/8/23 7:00,1,11.67,11.67,2.79
ORD-1593,CUST-393,Grocery,North,3/8/23 8:00,15,72.93,1093.95,162.95
ORD-1594,CUST-240,Grocery,North,3/8/23 9:00,14,68.03,952.42,218.84
ORD-1595,CUST-877,Grocery,North,3/8/23 10:00,8,46.97,375.76,84.11
ORD-1596,CUST-795,Grocery,South,3/8/23 11:00,10,57.31,573.1,151.4
ORD-1597,CUST-421,Grocery,South,3/8/23 12:00,9,95.25,857.25,116.27
ORD-1598,CUST-45,Electronics,North,3/8/23 13:00,17,63.57,1080.69,259.29
ORD-1599,CUST-326,Grocery,North,3/8/23 14:00,9,69.21,622.89,65.7
ORD-1600,CUST-763,Electronics,South,3/8/23 15:00,3,15.75,47.25,11.3
ORD-1601,CUST-485,Grocery,East,3/8/23 16:00,11,24.94,274.34,80.13
ORD-1602,CUST-723,Furniture,West,3/8/23 17:00,12,37.09,445.08,60.03
ORD-1603,CUST-936,Clothing,West,3/8/23 18:00,10,58.54,585.4,94.99
ORD-1604,CUST-831,Electronics,North,3/8/23 19:00,17,79.89,1358.13,294.14
ORD-1605,CUST-391,Grocery,East,3/8/23 20:00,17,38.91,661.47,163.04
ORD-1606,CUST-396,Furniture,South,3/8/23 21:00,11,42.07,462.77,78.15
ORD-1607,CUST-680,Clothing,North,3/8/23 22:00,4,33.05,132.2,30.78
ORD-1608,CUST-812,Electronics,East,3/8/23 23:00,7,32.91,230.37,64.47
ORD-1609,CUST-841,Clothing,East,3/9/23 0:00,14,95.4,1335.6,327.64
ORD-1610,CUST-668,Furniture,East,3/9/23 1:00,7,67.19,470.33,113.92
ORD-1611,CUST-156,Electronics,South,3/9/23 2:00,8,24.03,192.24,33.91
ORD-1612,CUST-508,Clothing,South,3/9/23 3:00,1,75,75,21.17
ORD-1613,CUST-988,Grocery,West,3/9/23 4:00,4,74.98,299.92,46.63
ORD-1614,CUST-38,Electronics,West,3/9/23 5:00,12,69.98,839.76,118.45
ORD-1615,CUST-130,Clothing,East,3/9/23 6:00,3,22.12,66.36,11.47
ORD-1616,CUST-515,Furniture,East,3/9/23 7:00,13,46.72,607.36,139.71
ORD-1617,CUST-989,Furniture,South,3/9/23 8:00,6,19.61,117.66,32.04
ORD-1618,CUST-605,Electronics,West,3/9/23 9:00,11,83.5,918.5,116.11
ORD-1619,CUST-340,Clothing,East,3/9/23 10:00,4,68.97,275.88,72.49
ORD-1620,CUST-891,Electronics,West,3/9/23 11:00,16,55.65,890.4,233.79
ORD-1621,CUST-103,Electronics,West,3/9/23 12:00,7,40.87,286.09,62.19
ORD-1622,CUST-896,Clothing,East,3/9/23 13:00,11,26.58,292.38,73.72
ORD-1623,CUST-866,Clothing,South,3/9/23 14:00,1,19.58,19.58,2.67
ORD-1624,CUST-451,Grocery,East,3/9/23 15:00,7,97.23,680.61,91.15
ORD-1625,CUST-103,Clothing,East,3/9/23 16:00,12,27.97,335.64,91.48
ORD-1626,CUST-539,Furniture,West,3/9/23 17:00,7,15.39,107.73,21.51
ORD-1627,CUST-933,Electronics,East,3/9/23 18:00,7,96.55,675.85,100.83
ORD-1628,CUST-468,Electronics,South,3/9/23 19:00,10,59.41,594.1,141.24
ORD-1629,CUST-16,Furniture,East,3/9/23 20:00,16,81.7,1307.2,363.89
ORD-1630,CUST-740,Clothing,South,3/9/23 21:00,8,13.94,111.52,25.26
ORD-1631,CUST-148,Furniture,South,3/9/23 22:00,9,61.03,549.27,93.08
ORD-1632,CUST-420,Furniture,West,3/9/23 23:00,9,45.84,412.56,81.13
ORD-1633,CUST-892,Grocery,North,3/10/23 0:00,2,79.48,158.96,39.81
ORD-1634,CUST-671,Furniture,North,3/10/23 1:00,13,13.46,174.98,19.86
ORD-1635,CUST-994,Electronics,West,3/10/23 2:00,13,46.15,599.95,86.05
ORD-1636,CUST-159,Furniture,East,3/10/23 3:00,4,81.92,327.68,63.08
ORD-1637,CUST-77,Electronics,West,3/10/23 4:00,12,57.04,684.48,151.17
ORD-1638,CUST-481,Electronics,South,3/10/23 5:00,17,59.5,1011.5,169.76
ORD-1639,CUST-801,Electronics,North,3/10/23 6:00,2,18.74,37.48,5.98
ORD-1640,CUST-993,Clothing,West,3/10/23 7:00,13,21.91,284.83,30.84
ORD-1641,CUST-272,Grocery,East,3/10/23 8:00,18,70.93,1276.74,136
ORD-1642,CUST-347,Electronics,West,3/10/23 9:00,15,70.75,1061.25,165.28
ORD-1643,CUST-639,Electronics,North,3/10/23 10:00,8,98.12,784.96,161.78
ORD-1644,CUST-710,Clothing,West,3/10/23 11:00,15,74.08,1111.2,234.77
ORD-1645,CUST-408,Electronics,West,3/10/23 12:00,1,54.39,54.39,10.81
ORD-1646,CUST-666,Furniture,North,3/10/23 13:00,10,87.16,871.6,158.61
ORD-1647,CUST-83,Furniture,South,3/10/23 14:00,12,19.4,232.8,35.03
ORD-1648,CUST-873,Grocery,South,3/10/23 15:00,5,50.44,252.2,45.43
ORD-1649,CUST-337,Electronics,North,3/10/23 16:00,9,35.84,322.56,41.21
ORD-1650,CUST-873,Clothing,West,3/10/23 17:00,8,19.42,155.36,19.12
ORD-1651,CUST-691,Furniture,North,3/10/23 18:00,16,78.72,1259.52,201.51
ORD-1652,CUST-880,Clothing,South,3/10/23 19:00,14,55.97,783.58,234.35
ORD-1653,CUST-547,Clothing,East,3/10/23 20:00,13,60.11,781.43,129.17
ORD-1654,CUST-390,Furniture,West,3/10/23 21:00,13,47.01,611.13,175.57
ORD-1655,CUST-978,Clothing,South,3/10/23 22:00,5,51.43,257.15,45.89
ORD-1656,CUST-325,Furniture,West,3/10/23 23:00,16,20.44,327.04,61.42
ORD-1657,CUST-642,Clothing,North,3/11/23 0:00,11,70.56,776.16,201.35
ORD-1658,CUST-736,Furniture,East,3/11/23 1:00,5,48.92,244.6,29.04
ORD-1659,CUST-909,Electronics,North,3/11/23 2:00,13,83.51,1085.63,148.15
ORD-1660,CUST-778,Grocery,East,3/11/23 3:00,11,27.67,304.37,89.72
ORD-1661,CUST-500,Furniture,West,3/11/23 4:00,19,28.45,540.55,108.75
ORD-1662,CUST-894,Furniture,West,3/11/23 5:00,3,68.12,204.36,22.25
ORD-1663,CUST-555,Grocery,North,3/11/23 6:00,15,86.14,1292.1,141.45
ORD-1664,CUST-37,Furniture,East,3/11/23 7:00,7,52.5,367.5,103.43
ORD-1665,CUST-633,Furniture,East,3/11/23 8:00,7,75.43,528.01,217.545
ORD-1666,CUST-71,Clothing,West,3/11/23 9:00,6,99.94,599.64,114.94
ORD-1667,CUST-241,Grocery,North,3/11/23 10:00,3,99.12,297.36,39.44
ORD-1668,CUST-647,Electronics,East,3/11/23 11:00,13,76.99,1000.87,266.29
ORD-1669,CUST-701,Furniture,West,3/11/23 12:00,7,76.56,535.92,88.38
ORD-1670,CUST-944,Grocery,South,3/11/23 13:00,5,32.29,161.45,29.68
ORD-1671,CUST-295,Clothing,North,3/11/23 14:00,18,85.02,1530.36,361.92
ORD-1672,CUST-233,Electronics,South,3/11/23 15:00,8,46.46,371.68,63.44
ORD-1673,CUST-765,Grocery,North,3/11/23 16:00,17,96.58,1641.86,370.62
ORD-1674,CUST-93,Electronics,West,3/11/23 17:00,1,17.33,17.33,4.8
ORD-1675,CUST-445,Electronics,East,3/11/23 18:00,14,49.23,689.22,178.84
ORD-1676,CUST-101,Electronics,East,3/11/23 19:00,17,60.03,1020.51,179.94
ORD-1677,CUST-779,Furniture,East,3/11/23 20:00,10,46.46,464.6,73.22
ORD-1678,CUST-649,Furniture,North,3/11/23 21:00,12,28.95,347.4,54.58
ORD-1679,CUST-721,Clothing,West,3/11/23 22:00,16,63.37,1013.92,172.08
ORD-1680,CUST-894,Clothing,South,3/11/23 23:00,14,78.03,1092.42,217.07
ORD-1681,CUST-103,Grocery,West,3/12/23 0:00,16,68.04,1088.64,199.57
ORD-1682,CUST-455,Clothing,South,3/12/23 1:00,8,31.1,248.8,31.5
ORD-1683,CUST-171,Electronics,North,3/12/23 2:00,10,75.84,758.4,100.63
ORD-1684,CUST-711,Electronics,North,3/12/23 3:00,17,33.12,,94.92
ORD-1685,CUST-307,Furniture,South,3/12/23 4:00,18,25.77,463.86,98.53
ORD-1686,CUST-926,Electronics,South,3/12/23 5:00,16,72.16,1154.56,252.31
ORD-1687,CUST-30,Grocery,South,3/12/23 6:00,17,85.85,1459.45,287.86
ORD-1688,CUST-48,Electronics,West,3/12/23 7:00,16,53.34,853.44,211.44
ORD-1689,CUST-333,Electronics,South,3/12/23 8:00,19,57.83,1098.77,271.89
ORD-1690,CUST-816,Grocery,North,3/12/23 9:00,8,37.25,298,55.29
ORD-1691,CUST-58,Clothing,North,3/12/23 10:00,6,54.52,327.12,40.85
ORD-1692,CUST-301,Clothing,East,3/12/23 11:00,6,21.88,131.28,27.05
ORD-1693,CUST-368,Grocery,South,3/12/23 12:00,9,96.02,864.18,152.35
ORD-1694,CUST-384,Furniture,West,3/12/23 13:00,4,82.03,328.12,41.86
ORD-1695,CUST-442,Electronics,West,3/12/23 14:00,12,70.12,841.44,249.37
ORD-1696,CUST-150,Grocery,West,3/12/23 15:00,12,58.44,701.28,121.99
ORD-1697,CUST-251,Electronics,East,3/12/23 16:00,17,81.3,1382.1,311.19
ORD-1698,CUST-544,Furniture,North,3/12/23 17:00,15,54.53,817.95,161.98
ORD-1699,CUST-422,Electronics,West,3/12/23 18:00,9,37,333,42.81
ORD-1700,CUST-580,Grocery,North,3/12/23 19:00,7,24.43,171.01,19
ORD-1701,CUST-699,Electronics,East,3/12/23 20:00,10,68.28,682.8,153.74
ORD-1702,CUST-812,Clothing,South,3/12/23 21:00,16,93.65,1498.4,223.87
ORD-1703,CUST-185,Furniture,South,3/12/23 22:00,12,23.83,285.96,42.53
ORD-1704,CUST-175,Furniture,South,3/12/23 23:00,7,26.2,183.4,53.44
ORD-1705,CUST-180,Furniture,West,3/13/23 0:00,18,49.02,882.36,169.73
ORD-1706,CUST-81,Grocery,South,3/13/23 1:00,15,82.62,1239.3,131.22
ORD-1707,CUST-625,Furniture,West,3/13/23 2:00,6,36.45,218.7,36.73
ORD-1708,CUST-892,Clothing,East,3/13/23 3:00,12,32.85,394.2,85.5
ORD-1709,CUST-392,Grocery,East,3/13/23 4:00,11,65.8,723.8,119.94
ORD-1710,CUST-635,Clothing,West,3/13/23 5:00,3,58.21,174.63,18.4
ORD-1711,CUST-700,Electronics,North,3/13/23 6:00,2,15.42,30.84,5.82
ORD-1712,CUST-247,Electronics,South,3/13/23 7:00,6,17.33,103.98,12.6
ORD-1713,CUST-510,Electronics,South,3/13/23 8:00,5,67.87,339.35,75.96
ORD-1714,CUST-935,Electronics,South,3/13/23 9:00,18,51.86,933.48,209.02
ORD-1715,CUST-598,Clothing,West,3/13/23 10:00,16,97.39,1558.24,167.59
ORD-1716,CUST-147,Grocery,East,3/13/23 11:00,8,71.07,568.56,89.91
ORD-1717,CUST-238,Grocery,South,3/13/23 12:00,11,10.91,120.01,21.93
ORD-1718,CUST-473,Furniture,East,3/13/23 13:00,10,53.29,532.9,111.94
ORD-1719,CUST-654,Clothing,South,3/13/23 14:00,12,47.3,567.6,90.37
ORD-1720,CUST-261,Electronics,South,3/13/23 15:00,6,19.6,117.6,18.53
ORD-1721,CUST-471,Clothing,West,3/13/23 16:00,5,93.09,465.45,138.05
ORD-1722,CUST-262,Furniture,North,3/13/23 17:00,9,82.45,742.05,80.42
ORD-1723,CUST-683,Furniture,West,3/13/23 18:00,16,30.71,491.36,146.33
ORD-1724,CUST-10,Clothing,South,3/13/23 19:00,14,33.04,462.56,50.67
ORD-1725,CUST-921,Clothing,South,3/13/23 20:00,8,12.88,103.04,16.25
ORD-1726,CUST-824,Clothing,North,3/13/23 21:00,19,36.7,697.3,138.58
ORD-1727,CUST-477,Grocery,East,3/13/23 22:00,14,62.62,876.68,112.79
ORD-1728,CUST-923,Electronics,East,3/13/23 23:00,7,47.88,335.16,42.56
ORD-1729,CUST-295,Clothing,South,3/14/23 0:00,5,97.23,486.15,73.54
ORD-1730,CUST-694,Clothing,East,3/14/23 1:00,18,15.05,270.9,79.83
ORD-1731,CUST-560,Clothing,South,3/14/23 2:00,2,63.23,126.46,22.26
ORD-1732,CUST-162,Furniture,North,3/14/23 3:00,11,87.25,959.75,204.62
ORD-1733,CUST-76,Furniture,North,3/14/23 4:00,8,53.27,426.16,102.64
ORD-1734,CUST-453,Grocery,South,3/14/23 5:00,1,10.27,10.27,2.55
ORD-1735,CUST-968,Electronics,North,3/14/23 6:00,12,31.85,382.2,90.81
ORD-1736,CUST-354,Grocery,West,3/14/23 7:00,2,39.14,78.28,13.1
ORD-1737,CUST-602,Electronics,West,3/14/23 8:00,18,96.94,1744.92,213.48
ORD-1738,CUST-307,Furniture,North,3/14/23 9:00,7,92.06,644.42,100.75
ORD-1739,CUST-655,Furniture,South,3/14/23 10:00,17,95.43,1622.31,230.46
ORD-1740,CUST-986,Furniture,South,3/14/23 11:00,14,84.32,1180.48,150.22
ORD-1741,CUST-435,Grocery,North,3/14/23 12:00,7,41.65,291.55,30.58
ORD-1742,CUST-707,Clothing,East,3/14/23 13:00,3,91.53,274.59,78.85
ORD-1743,CUST-257,Clothing,West,3/14/23 14:00,6,98.35,590.1,167.71
ORD-1744,CUST-468,Furniture,East,3/14/23 15:00,2,41.51,83.02,9.14
ORD-1745,CUST-866,Clothing,South,3/14/23 16:00,17,33.45,568.65,76.55
ORD-1746,CUST-310,Clothing,South,3/14/23 17:00,12,59.22,355.32,90.89
ORD-1747,CUST-204,Grocery,East,3/14/23 18:00,12,26.84,322.08,50.32
ORD-1748,CUST-394,Electronics,North,3/14/23 19:00,17,12.94,219.98,30.98
ORD-1749,CUST-874,Furniture,East,3/14/23 20:00,10,95.12,475.6,275.06
ORD-1750,CUST-495,Furniture,East,3/14/23 21:00,3,93.32,279.96,32.71
ORD-1751,CUST-110,Grocery,West,3/14/23 22:00,18,24.64,443.52,63.13
ORD-1752,CUST-243,Grocery,West,3/14/23 23:00,13,46.7,607.1,70.51
ORD-1753,CUST-391,Clothing,East,3/15/23 0:00,12,84.79,1017.48,301.25
ORD-1754,CUST-586,Furniture,East,3/15/23 1:00,17,69.49,1181.33,335.12
ORD-1755,CUST-368,Electronics,South,3/15/23 2:00,4,45.53,182.12,44.31
ORD-1756,CUST-589,Grocery,West,3/15/23 3:00,10,76.98,769.8,142.56
ORD-1757,CUST-303,Electronics,West,3/15/23 4:00,11,90.73,998.03,137.76
ORD-1758,CUST-717,Electronics,South,3/15/23 5:00,6,93.35,560.1,80.82
ORD-1759,CUST-303,Furniture,North,3/15/23 6:00,6,44.1,264.6,49.91
ORD-1760,CUST-23,Furniture,West,3/15/23 7:00,9,25.62,230.58,58.49
ORD-1761,CUST-850,Grocery,West,3/15/23 8:00,15,92.16,1382.4,211.43
ORD-1762,CUST-675,Furniture,North,3/15/23 9:00,2,18.33,36.66,5.94
ORD-1763,CUST-406,Furniture,West,3/15/23 10:00,4,74.95,299.8,65.95
ORD-1764,CUST-282,Furniture,West,3/15/23 11:00,5,22.64,113.2,16.7
ORD-1765,CUST-9,Electronics,North,3/15/23 12:00,17,45.04,765.68,166.03
ORD-1766,CUST-580,Grocery,North,3/15/23 13:00,8,47.04,376.32,66.77
ORD-1767,CUST-886,Clothing,East,3/15/23 14:00,8,24.29,194.32,20.77
ORD-1768,CUST-703,Electronics,South,3/15/23 15:00,12,93.04,,201.57
ORD-1769,CUST-797,Furniture,South,3/15/23 16:00,8,10.24,81.92,23.26
ORD-1770,CUST-763,Electronics,North,3/15/23 17:00,19,90.44,1718.36,272.57
ORD-1771,CUST-997,Furniture,North,3/15/23 18:00,3,89.54,268.62,44.21
ORD-1772,CUST-51,Furniture,West,3/15/23 19:00,18,38.53,693.54,78.5
ORD-1773,CUST-933,Electronics,East,3/15/23 20:00,19,73.39,1394.41,310.97
ORD-1774,CUST-621,Grocery,East,3/15/23 21:00,19,32.75,622.25,167.91
ORD-1775,CUST-764,Furniture,North,3/15/23 22:00,15,78.29,1174.35,200.33
ORD-1776,CUST-509,Grocery,West,3/15/23 23:00,6,60.5,363,53.74
ORD-1777,CUST-853,Clothing,West,3/16/23 0:00,16,37.02,592.32,172.56
ORD-1778,CUST-926,Furniture,South,3/16/23 1:00,8,46.02,368.16,91.68
ORD-1779,CUST-925,Grocery,South,3/16/23 2:00,16,72.09,1153.44,246.18
ORD-1780,CUST-294,Grocery,West,3/16/23 3:00,18,91.55,823.95,265.49
ORD-1781,CUST-795,Clothing,South,3/16/23 4:00,16,21.77,348.32,50.21
ORD-1782,CUST-819,Grocery,North,3/16/23 5:00,11,61.42,675.62,164.28
ORD-1783,CUST-236,Grocery,West,3/16/23 6:00,7,32.84,229.88,46.98
ORD-1784,CUST-622,Clothing,South,3/16/23 7:00,17,82.12,1396.04,284.96
ORD-1785,CUST-822,Furniture,East,3/16/23 8:00,17,16.32,277.44,31.83
ORD-1786,CUST-361,Grocery,West,3/16/23 9:00,12,72.01,864.12,174.93
ORD-1787,CUST-225,Grocery,West,3/16/23 10:00,13,25.75,334.75,88.56
ORD-1788,CUST-652,Grocery,East,3/16/23 11:00,10,63.67,636.7,184.24
ORD-1789,CUST-195,Electronics,North,3/16/23 12:00,7,85.21,596.47,72.37
ORD-1790,CUST-636,Clothing,East,3/16/23 13:00,14,77.96,1091.44,246.92
ORD-1791,CUST-257,Electronics,West,3/16/23 14:00,1,77.76,77.76,16.61
ORD-1792,CUST-695,Clothing,North,3/16/23 15:00,17,56.61,962.37,267.6
ORD-1793,CUST-774,Furniture,South,3/16/23 16:00,4,90.17,360.68,90.26
ORD-1794,CUST-739,Furniture,South,3/16/23 17:00,5,62.93,314.65,92.21
ORD-1795,CUST-786,Grocery,South,3/16/23 18:00,7,92.58,648.06,189.24
ORD-1796,CUST-676,Clothing,West,3/16/23 19:00,10,59.19,591.9,85.91
ORD-1797,CUST-698,Furniture,East,3/16/23 20:00,17,55.54,944.18,231.39
ORD-1798,CUST-859,Clothing,North,3/16/23 21:00,7,30.01,210.07,43.3
ORD-1799,CUST-141,Furniture,South,3/16/23 22:00,1,59.03,59.03,8.44
ORD-1800,CUST-644,Electronics,North,3/16/23 23:00,7,22.65,158.55,22.03
ORD-1801,CUST-100,Furniture,West,3/17/23 0:00,11,88.27,970.97,112.84
ORD-1802,CUST-926,Electronics,South,3/17/23 1:00,9,70.83,637.47,165.17
ORD-1803,CUST-643,Furniture,West,3/17/23 2:00,12,99.43,1193.16,196.75
ORD-1804,CUST-662,Grocery,East,3/17/23 3:00,3,18.29,54.87,14.89
ORD-1805,CUST-41,Electronics,West,3/17/23 4:00,4,31.66,126.64,28.07
ORD-1806,CUST-317,Furniture,West,3/17/23 5:00,4,88.94,355.76,83.51
ORD-1807,CUST-808,Grocery,East,3/17/23 6:00,13,45.57,592.41,93.8
ORD-1808,CUST-452,Electronics,North,3/17/23 7:00,19,51.97,987.43,189.05
ORD-1809,CUST-35,Grocery,East,3/17/23 8:00,10,87.46,874.6,159.58
ORD-1810,CUST-594,Clothing,East,3/17/23 9:00,5,56.96,284.8,41.9
ORD-1811,CUST-374,Clothing,West,3/17/23 10:00,7,27.41,191.87,51.13
ORD-1812,CUST-750,Electronics,North,3/17/23 11:00,16,90.28,1444.48,324.17
ORD-1813,CUST-135,Furniture,South,3/17/23 12:00,1,12.8,12.8,1.38
ORD-1814,CUST-93,Electronics,East,3/17/23 13:00,12,90.59,1087.08,286.97
ORD-1815,CUST-932,Grocery,North,3/17/23 14:00,2,14.55,29.1,3.53
ORD-1816,CUST-303,Furniture,East,3/17/23 15:00,7,69.93,489.51,88.47
ORD-1817,CUST-335,Clothing,East,3/17/23 16:00,11,16.45,180.95,38.77
ORD-1818,CUST-766,Furniture,East,3/17/23 17:00,13,73.56,956.28,97.09
ORD-1819,CUST-426,Clothing,East,3/17/23 18:00,2,13.06,26.12,6.02
ORD-1820,CUST-180,Furniture,West,3/17/23 19:00,7,85.82,600.74,139.34
ORD-1821,CUST-206,Furniture,North,3/17/23 20:00,15,51.93,778.95,179.55
ORD-1822,CUST-136,Furniture,North,3/17/23 21:00,11,18.41,202.51,26.87
ORD-1823,CUST-806,Grocery,North,3/17/23 22:00,2,73.61,147.22,22.25
ORD-1824,CUST-553,Grocery,East,3/17/23 23:00,7,54.04,378.28,56.54
ORD-1825,CUST-898,Electronics,West,3/18/23 0:00,4,27.19,108.76,31.76
ORD-1826,CUST-995,Electronics,East,3/18/23 1:00,11,11.41,125.51,14.25
ORD-1827,CUST-375,Clothing,East,3/18/23 2:00,2,47.62,95.24,17.69
ORD-1828,CUST-544,Grocery,North,3/18/23 3:00,16,17.71,283.36,77.71
ORD-1829,CUST-514,Clothing,East,3/18/23 4:00,7,18.48,129.36,
ORD-1830,CUST-936,Electronics,South,3/18/23 5:00,13,34.06,442.78,117.11
ORD-1831,CUST-280,Clothing,East,3/18/23 6:00,5,66.74,333.7,98.26
ORD-1832,CUST-851,Electronics,South,3/18/23 7:00,17,57.69,980.73,174.03
ORD-1833,CUST-169,Grocery,East,3/18/23 8:00,12,16.21,194.52,31.5
ORD-1834,CUST-264,Furniture,West,3/18/23 9:00,19,97.16,1846.04,195.92
ORD-1835,CUST-936,Grocery,West,3/18/23 10:00,7,89.85,628.95,81.77
ORD-1836,CUST-845,Clothing,North,3/18/23 11:00,6,33.33,199.98,42.48
ORD-1837,CUST-967,Clothing,East,3/18/23 12:00,8,21.01,168.08,22.11
ORD-1838,CUST-494,Grocery,South,3/18/23 13:00,13,94.82,1232.66,304.79
ORD-1839,CUST-991,Grocery,South,3/18/23 14:00,5,51.5,257.5,27.67
ORD-1840,CUST-826,Electronics,East,3/18/23 15:00,2,38.01,76.02,
ORD-1841,CUST-303,Clothing,South,3/18/23 16:00,9,54.13,487.17,116.48
ORD-1842,CUST-765,Clothing,West,3/18/23 17:00,11,79.55,875.05,132.22
ORD-1843,CUST-892,Grocery,South,3/18/23 18:00,6,25.15,150.9,37.08
ORD-1844,CUST-347,Furniture,North,3/18/23 19:00,7,79.07,553.49,165.59
ORD-1845,CUST-824,Clothing,West,3/18/23 20:00,7,77.45,542.15,140.64
ORD-1846,CUST-118,Furniture,West,3/18/23 21:00,19,58.54,1112.26,187.27
ORD-1847,CUST-480,Grocery,West,3/18/23 22:00,6,87.93,527.58,147.78
ORD-1848,CUST-987,Grocery,East,3/18/23 23:00,11,21.89,240.79,26.54
ORD-1849,CUST-78,Electronics,East,3/19/23 0:00,11,63.59,699.49,171.38
ORD-1850,CUST-145,Clothing,West,3/19/23 1:00,7,50.44,353.08,36.95
ORD-1851,CUST-773,Furniture,East,3/19/23 2:00,2,48.01,96.02,12.95
ORD-1852,CUST-990,Electronics,South,3/19/23 3:00,19,32.73,621.87,185.02
ORD-1853,CUST-232,Clothing,East,3/19/23 4:00,4,43.51,87.02,29.97
ORD-1854,CUST-881,Electronics,East,3/19/23 5:00,6,19.73,118.38,31.26
ORD-1855,CUST-693,Grocery,West,3/19/23 6:00,17,32.64,554.88,97.22
ORD-1856,CUST-742,Clothing,North,3/19/23 7:00,5,34.48,172.4,46.2
ORD-1857,CUST-691,Electronics,North,3/19/23 8:00,7,74.86,524.02,153.58
ORD-1858,CUST-407,Electronics,North,3/19/23 9:00,9,14.37,129.33,24.2
ORD-1859,CUST-991,Furniture,South,3/19/23 10:00,1,68.61,68.61,14.54
ORD-1860,CUST-867,Electronics,East,3/19/23 11:00,1,29.93,29.93,6.76
ORD-1861,CUST-824,Clothing,North,3/19/23 12:00,19,17.37,330.03,94.71
ORD-1862,CUST-571,Clothing,West,3/19/23 13:00,6,37.07,222.42,33.66
ORD-1863,CUST-375,Furniture,North,3/19/23 14:00,18,30.2,543.6,120.82
ORD-1864,CUST-93,Clothing,North,3/19/23 15:00,10,59.68,596.8,98.44
ORD-1865,CUST-810,Grocery,East,3/19/23 16:00,11,42.16,463.76,66.5
ORD-1866,CUST-405,Clothing,East,3/19/23 17:00,1,96.94,96.94,11.34
ORD-1867,CUST-15,Clothing,East,3/19/23 18:00,1,96.72,96.72,21.68
ORD-1868,CUST-271,Electronics,South,3/19/23 19:00,13,49.93,649.09,179.42
ORD-1869,CUST-550,Electronics,South,3/19/23 20:00,5,81.56,407.8,69.44
ORD-1870,CUST-127,Clothing,North,3/19/23 21:00,1,11.19,11.19,2.36
ORD-1871,CUST-466,Furniture,East,3/19/23 22:00,3,59.3,177.9,40.64
ORD-1872,CUST-378,Electronics,North,3/19/23 23:00,18,76.9,1384.2,
ORD-1873,CUST-689,Furniture,West,3/20/23 0:00,9,29.52,265.68,74.57
ORD-1874,CUST-767,Clothing,West,3/20/23 1:00,14,15.51,217.14,37.47
ORD-1875,CUST-689,Clothing,East,3/20/23 2:00,17,24.03,408.51,51.06
ORD-1876,CUST-269,Grocery,East,3/20/23 3:00,14,49.77,348.39,89.75
ORD-1877,CUST-599,Electronics,West,3/20/23 4:00,4,55.57,222.28,61.83
ORD-1878,CUST-391,Clothing,East,3/20/23 5:00,5,44.28,221.4,65.89
ORD-1879,CUST-843,Grocery,South,3/20/23 6:00,17,49.6,843.2,133.05
ORD-1880,CUST-654,Electronics,South,3/20/23 7:00,2,52.32,104.64,13.47
ORD-1881,CUST-963,Clothing,East,3/20/23 8:00,5,79.25,396.25,77.84
ORD-1882,CUST-381,Clothing,West,3/20/23 9:00,4,19.47,77.88,18.84
ORD-1883,CUST-111,Electronics,North,3/20/23 10:00,4,79.21,316.84,70.49
ORD-1884,CUST-692,Electronics,East,3/20/23 11:00,6,71.98,431.88,125.34
ORD-1885,CUST-240,Electronics,East,3/20/23 12:00,13,76.75,997.75,262.96
ORD-1886,CUST-483,Clothing,North,3/20/23 13:00,5,76.1,380.5,104.18
ORD-1887,CUST-26,Clothing,East,3/20/23 14:00,7,52.35,366.45,76.34
ORD-1888,CUST-635,Grocery,North,3/20/23 15:00,1,29.03,29.03,4.8
ORD-1889,CUST-906,Furniture,West,3/20/23 16:00,14,58.3,816.2,196.17
ORD-1890,CUST-966,Electronics,South,3/20/23 17:00,4,96.22,384.88,72.28
ORD-1891,CUST-575,Clothing,West,3/20/23 18:00,17,62.97,1070.49,168.66
ORD-1892,CUST-336,Clothing,South,3/20/23 19:00,14,10.99,153.86,20.07
ORD-1893,CUST-938,Electronics,North,3/20/23 20:00,16,15.37,245.92,50.55
ORD-1894,CUST-625,Furniture,South,3/20/23 21:00,14,99.36,1391.04,304.43
ORD-1895,CUST-227,Electronics,West,3/20/23 22:00,16,16.48,263.68,56.36
ORD-1896,CUST-664,Furniture,South,3/20/23 23:00,8,14.14,113.12,13.95
ORD-1897,CUST-65,Clothing,North,3/21/23 0:00,3,41.77,125.31,26.82
ORD-1898,CUST-651,Furniture,South,3/21/23 1:00,19,97.24,1847.56,246.99
ORD-1899,CUST-844,Grocery,East,3/21/23 2:00,1,38.68,38.68,9
ORD-1900,CUST-476,Clothing,West,3/21/23 3:00,2,46.89,93.78,17.43
ORD-1901,CUST-932,Grocery,East,3/21/23 4:00,15,67.07,1006.05,271.39
ORD-1902,CUST-718,Electronics,North,3/21/23 5:00,10,12.17,121.7,31.11
ORD-1903,CUST-310,Electronics,South,3/21/23 6:00,18,90.8,1634.4,400.23
ORD-1904,CUST-665,Electronics,East,3/21/23 7:00,14,56.75,794.5,190.8
ORD-1905,CUST-419,Furniture,East,3/21/23 8:00,17,52.01,884.17,187.53
ORD-1906,CUST-120,Clothing,South,3/21/23 9:00,13,87.47,1137.11,127.61
ORD-1907,CUST-144,Electronics,South,3/21/23 10:00,1,95.78,95.78,22.13
ORD-1908,CUST-47,Electronics,West,3/21/23 11:00,5,48.11,240.55,46.52
ORD-1909,CUST-969,Clothing,East,3/21/23 12:00,13,25.52,331.76,64.33
ORD-1910,CUST-39,Electronics,East,3/21/23 13:00,14,83.41,1167.74,205.29
ORD-1911,CUST-312,Grocery,North,3/21/23 14:00,3,46.29,138.87,39.69
ORD-1912,CUST-505,Clothing,West,3/21/23 15:00,15,94.2,1413,211.79
ORD-1913,CUST-119,Clothing,North,3/21/23 16:00,19,95.49,1814.31,296.31
ORD-1914,CUST-100,Clothing,East,3/21/23 17:00,17,20.33,345.61,101.13
ORD-1915,CUST-241,Grocery,North,3/21/23 18:00,3,96.09,288.27,75.54
ORD-1916,CUST-909,Clothing,East,3/21/23 19:00,16,43.14,690.24,70.97
ORD-1917,CUST-551,Grocery,East,3/21/23 20:00,14,68.16,954.24,268.35
ORD-1918,CUST-139,Clothing,North,3/21/23 21:00,12,13.13,157.56,22.9
ORD-1919,CUST-398,Furniture,North,3/21/23 22:00,12,90,1080,260.48
ORD-1920,CUST-465,Electronics,South,3/21/23 23:00,11,67.74,745.14,156.94
ORD-1921,CUST-380,Furniture,South,3/22/23 0:00,17,67.92,1154.64,239.43
ORD-1922,CUST-687,Electronics,South,3/22/23 1:00,8,91.2,729.6,177.72
ORD-1923,CUST-973,Grocery,East,3/22/23 2:00,17,55.75,947.75,134.05
ORD-1924,CUST-761,Furniture,North,3/22/23 3:00,11,46.95,516.45,68.07
ORD-1925,CUST-714,Clothing,West,3/22/23 4:00,2,87.95,175.9,40.52
ORD-1926,CUST-969,Electronics,East,3/22/23 5:00,10,76.82,768.2,121.46
ORD-1927,CUST-554,Electronics,West,3/22/23 6:00,10,95.41,954.1,281.26
ORD-1928,CUST-430,Furniture,North,3/22/23 7:00,11,94.61,1040.71,198.05
ORD-1929,CUST-602,Grocery,East,3/22/23 8:00,6,44.41,266.46,32.59
ORD-1930,CUST-761,Furniture,West,3/22/23 9:00,4,50.23,200.92,47.65
ORD-1931,CUST-745,Grocery,West,3/22/23 10:00,12,33.04,396.48,63.93
ORD-1932,CUST-159,Grocery,South,3/22/23 11:00,11,69.46,764.06,99.11
ORD-1933,CUST-907,Electronics,South,3/22/23 12:00,13,42.81,556.53,102.72
ORD-1934,CUST-425,Furniture,South,3/22/23 13:00,5,80.75,403.75,118.24
ORD-1935,CUST-671,Furniture,East,3/22/23 14:00,6,20.94,125.64,22.9
ORD-1936,CUST-102,Grocery,North,3/22/23 15:00,1,20.48,20.48,3.47
ORD-1937,CUST-854,Furniture,North,3/22/23 16:00,6,28.4,170.4,32.19
ORD-1938,CUST-502,Clothing,South,3/22/23 17:00,18,17.59,316.62,32.43
ORD-1939,CUST-631,Clothing,South,3/22/23 18:00,9,65.8,592.2,74.98
ORD-1940,CUST-418,Furniture,South,3/22/23 19:00,15,23.26,348.9,94.18
ORD-1941,CUST-962,Furniture,West,3/22/23 20:00,8,24.4,195.2,57.7
ORD-1942,CUST-975,Grocery,South,3/22/23 21:00,19,11.28,214.32,28.2
ORD-1943,CUST-287,Clothing,West,3/22/23 22:00,16,80.39,1286.24,266.38
ORD-1944,CUST-34,Clothing,North,3/22/23 23:00,6,83.11,498.66,146.24
ORD-1945,CUST-707,Electronics,East,3/23/23 0:00,6,24.58,147.48,19.37
ORD-1946,CUST-380,Grocery,East,3/23/23 1:00,3,76.56,229.68,31.53
ORD-1947,CUST-223,Electronics,East,3/23/23 2:00,10,49.02,490.2,139.89
ORD-1948,CUST-455,Clothing,East,3/23/23 3:00,1,31.56,31.56,7.61
ORD-1949,CUST-456,Grocery,West,3/23/23 4:00,14,65.92,922.88,120.34
ORD-1950,CUST-974,Furniture,West,3/23/23 5:00,4,26.06,104.24,18.63
ORD-1951,CUST-242,Grocery,South,3/23/23 6:00,12,78.12,937.44,104.29
ORD-1952,CUST-876,Furniture,West,3/23/23 7:00,6,14.29,85.74,15.99
ORD-1953,CUST-372,Furniture,South,3/23/23 8:00,11,96.32,1059.52,270.79
ORD-1954,CUST-102,Grocery,South,3/23/23 9:00,12,16.47,197.64,41.66
ORD-1955,CUST-703,Furniture,East,3/23/23 10:00,10,62.15,621.5,213.945
ORD-1956,CUST-377,Electronics,West,3/23/23 11:00,18,91.2,1641.6,271.46
ORD-1957,CUST-558,Clothing,West,3/23/23 12:00,7,11.07,77.49,10.25
ORD-1958,CUST-924,Furniture,South,3/23/23 13:00,7,54.87,384.09,39.42
ORD-1959,CUST-661,Electronics,South,3/23/23 14:00,11,41.5,456.5,120.64
ORD-1960,CUST-368,Furniture,North,3/23/23 15:00,4,62.23,248.92,56.59
ORD-1961,CUST-63,Clothing,North,3/23/23 16:00,1,30.29,,4.42
ORD-1962,CUST-408,Electronics,South,3/23/23 17:00,13,15.84,205.92,37.82
ORD-1963,CUST-283,Clothing,North,3/23/23 18:00,18,66.33,1193.94,310.77
ORD-1964,CUST-195,Clothing,North,3/23/23 19:00,9,47.52,427.68,88.85
ORD-1965,CUST-992,Electronics,South,3/23/23 20:00,9,66.02,594.18,95.09
ORD-1966,CUST-126,Electronics,South,3/23/23 21:00,9,28.95,260.55,39.98
ORD-1967,CUST-972,Electronics,West,3/23/23 22:00,10,40.49,404.9,58.11
ORD-1968,CUST-869,Grocery,South,3/23/23 23:00,2,60.55,121.1,32.06
ORD-1969,CUST-844,Electronics,South,3/24/23 0:00,6,63.38,380.28,82.28
ORD-1970,CUST-466,Electronics,East,3/24/23 1:00,15,43.51,652.65,157.83
ORD-1971,CUST-94,Electronics,West,3/24/23 2:00,3,35.2,105.6,28.73
ORD-1972,CUST-679,Electronics,West,3/24/23 3:00,11,34.63,380.93,113.28
ORD-1973,CUST-218,Furniture,West,3/24/23 4:00,6,25.72,154.32,23.13
ORD-1974,CUST-658,Grocery,East,3/24/23 5:00,3,39.29,117.87,16.05
ORD-1975,CUST-655,Clothing,South,3/24/23 6:00,11,27.95,,59.15
ORD-1976,CUST-612,Electronics,West,3/24/23 7:00,15,67.04,1005.6,107.61
ORD-1977,CUST-995,Furniture,West,3/24/23 8:00,13,61.22,795.86,205.61
ORD-1978,CUST-22,Furniture,North,3/24/23 9:00,10,44.43,444.3,122.96
ORD-1979,CUST-52,Furniture,West,3/24/23 10:00,6,39.32,235.92,55.96
ORD-1980,CUST-806,Clothing,South,3/24/23 11:00,15,31.39,470.85,72.32
ORD-1981,CUST-342,Electronics,South,3/24/23 12:00,18,58.19,1047.42,130.54
ORD-1982,CUST-250,Grocery,North,3/24/23 13:00,18,92.7,1668.6,294.39
ORD-1983,CUST-129,Grocery,West,3/24/23 14:00,7,71.71,501.97,133.86
ORD-1984,CUST-806,Furniture,West,3/24/23 15:00,15,77,1155,195.85
ORD-1985,CUST-579,Clothing,West,3/24/23 16:00,18,85.09,1531.62,163.65
ORD-1986,CUST-211,Clothing,East,3/24/23 17:00,18,41.65,749.7,116.1
ORD-1987,CUST-71,Clothing,West,3/24/23 18:00,9,15.66,140.94,42
ORD-1988,CUST-850,Grocery,South,3/24/23 19:00,2,66.03,132.06,31.08
ORD-1989,CUST-784,Furniture,South,3/24/23 20:00,8,26.98,215.84,60.47
ORD-1990,CUST-568,Electronics,East,3/24/23 21:00,2,61.21,122.42,31.21
ORD-1991,CUST-213,Grocery,East,3/24/23 22:00,11,76.56,842.16,175.12
ORD-1992,CUST-601,Furniture,West,3/24/23 23:00,7,80.53,563.71,73.13
ORD-1993,CUST-222,Furniture,North,3/25/23 0:00,6,37.17,223.02,37.85
ORD-1994,CUST-833,Electronics,East,3/25/23 1:00,10,56.12,561.2,121.64
ORD-1995,CUST-891,Electronics,East,3/25/23 2:00,5,65.89,329.45,90.31
ORD-1996,CUST-239,Electronics,West,3/25/23 3:00,11,83.75,921.25,141.63
ORD-1997,CUST-337,Clothing,West,3/25/23 4:00,1,78.52,78.52,9.76
ORD-1998,CUST-793,Electronics,East,3/25/23 5:00,2,98.92,197.84,41.9
ORD-1999,CUST-152,Furniture,North,3/25/23 6:00,1,10.73,10.73,1.45
ORD-2000,CUST-808,Electronics,East,3/25/23 7:00,19,49.37,938.03,208.31
ORD-2001,CUST-923,Furniture,West,3/25/23 8:00,2,33.04,66.08,10.09
ORD-2002,CUST-611,Grocery,West,3/25/23 9:00,4,20.79,83.16,12.16
ORD-2003,CUST-3,Clothing,East,3/25/23 10:00,12,92.04,1104.48,297.945
ORD-2004,CUST-284,Grocery,North,3/25/23 11:00,18,99.82,1796.76,
ORD-2005,CUST-880,Grocery,East,3/25/23 12:00,1,26.25,26.25,5.49
ORD-2006,CUST-149,Furniture,East,3/25/23 13:00,1,13.46,13.46,2
ORD-2007,CUST-134,Grocery,West,3/25/23 14:00,14,34.75,486.5,135.36
ORD-2008,CUST-554,Furniture,North,3/25/23 15:00,4,85.14,340.56,41.54
ORD-2009,CUST-257,Electronics,South,3/25/23 16:00,5,36.45,182.25,19.66
ORD-2010,CUST-818,Electronics,North,3/25/23 17:00,11,15.12,166.32,36.68
ORD-2011,CUST-179,Furniture,East,3/25/23 18:00,13,14.72,191.36,23.86
ORD-2012,CUST-113,Electronics,East,3/25/23 19:00,16,48.47,775.52,155.86
ORD-2013,CUST-677,Clothing,East,3/25/23 20:00,13,93.86,1220.18,354.28
ORD-2014,CUST-888,Grocery,North,3/25/23 21:00,2,35.73,71.46,17.13
ORD-2015,CUST-27,Clothing,West,3/25/23 22:00,16,48.44,775.04,173.21
ORD-2016,CUST-135,Grocery,East,3/25/23 23:00,6,19.17,115.02,24.72
ORD-2017,CUST-16,Electronics,East,3/26/23 0:00,14,54.42,761.88,103.55
ORD-2018,CUST-367,Clothing,North,3/26/23 1:00,1,72.69,72.69,13.56
ORD-2019,CUST-809,Electronics,South,3/26/23 2:00,17,34.4,584.8,98.54
ORD-2020,CUST-808,Grocery,South,3/26/23 3:00,11,36.7,403.7,117.32
ORD-2021,CUST-244,Furniture,West,3/26/23 4:00,19,85.78,1629.82,241.97
ORD-2022,CUST-603,Furniture,West,3/26/23 5:00,3,10.93,32.79,6.37
ORD-2023,CUST-332,Clothing,East,3/26/23 6:00,11,67.28,740.08,212.86
ORD-2024,CUST-17,Electronics,North,3/26/23 7:00,5,45.45,227.25,58.59
ORD-2025,CUST-179,Electronics,East,3/26/23 8:00,17,36.85,626.45,183.49
ORD-2026,CUST-272,Clothing,West,3/26/23 9:00,7,69.18,484.26,107.34
ORD-2027,CUST-54,Furniture,North,3/26/23 10:00,10,85.12,851.2,141.94
ORD-2028,CUST-130,Grocery,North,3/26/23 11:00,11,60.26,662.86,175.88
ORD-2029,CUST-760,Clothing,West,3/26/23 12:00,3,12.8,38.4,6.08
ORD-2030,CUST-432,Grocery,South,3/26/23 13:00,10,51.53,,68.51
ORD-2031,CUST-539,Furniture,South,3/26/23 14:00,10,51.65,516.5,124.61
ORD-2032,CUST-117,Electronics,North,3/26/23 15:00,14,58.94,825.16,187.96
ORD-2033,CUST-764,Furniture,East,3/26/23 16:00,12,70.39,,232.95
ORD-2034,CUST-66,Clothing,South,3/26/23 17:00,15,11.74,176.1,
ORD-2035,CUST-488,Electronics,East,3/26/23 18:00,10,55.18,551.8,149.78
ORD-2036,CUST-460,Clothing,South,3/26/23 19:00,10,62.95,629.5,70.51
ORD-2037,CUST-797,Clothing,South,3/26/23 20:00,19,40.9,777.1,180.99
ORD-2038,CUST-371,Furniture,East,3/26/23 21:00,1,70.15,70.15,18.02
ORD-2039,CUST-526,Clothing,West,3/26/23 22:00,10,30.54,305.4,90.52
ORD-2040,CUST-608,Furniture,South,3/26/23 23:00,2,38.56,77.12,13.49
ORD-2041,CUST-112,Electronics,South,3/27/23 0:00,17,96.65,1643.05,220.13
ORD-2042,CUST-463,Furniture,East,3/27/23 1:00,7,41.33,289.31,78.28
ORD-2043,CUST-516,Electronics,West,3/27/23 2:00,7,41.19,288.33,47.14
ORD-2044,CUST-227,Furniture,South,3/27/23 3:00,9,63.61,572.49,125.74
ORD-2045,CUST-969,Grocery,South,3/27/23 4:00,2,97.39,194.78,34.67
ORD-2046,CUST-630,Grocery,West,3/27/23 5:00,14,98.48,1378.72,248.81
ORD-2047,CUST-45,Clothing,South,3/27/23 6:00,17,62.17,1056.89,260.52
ORD-2048,CUST-745,Furniture,West,3/27/23 7:00,1,10.1,10.1,1.74
ORD-2049,CUST-803,Furniture,West,3/27/23 8:00,9,91.06,819.54,195.55
ORD-2050,CUST-931,Electronics,East,3/27/23 9:00,19,61.32,1165.08,119.85
ORD-2051,CUST-888,Clothing,North,3/27/23 10:00,4,42.94,171.76,28.33
ORD-2052,CUST-675,Furniture,West,3/27/23 11:00,8,84.63,677.04,110.91
ORD-2053,CUST-534,Clothing,East,3/27/23 12:00,13,45.98,597.74,149.3
ORD-2054,CUST-309,Grocery,North,3/27/23 13:00,4,13.06,52.24,8.51
ORD-2055,CUST-470,Furniture,South,3/27/23 14:00,9,83.9,755.1,171.16
ORD-2056,CUST-659,Furniture,North,3/27/23 15:00,9,59.13,532.17,126.5
ORD-2057,CUST-988,Clothing,West,3/27/23 16:00,18,40.43,727.74,168.61
ORD-2058,CUST-32,Furniture,West,3/27/23 17:00,12,32.58,390.96,86.27
ORD-2059,CUST-63,Clothing,West,3/27/23 18:00,10,63.44,634.4,115.92
ORD-2060,CUST-491,Furniture,West,3/27/23 19:00,11,28.72,315.92,55.18
ORD-2061,CUST-868,Electronics,West,3/27/23 20:00,7,39.15,274.05,58.35
ORD-2062,CUST-412,Clothing,East,3/27/23 21:00,9,67.29,605.61,68.28
ORD-2063,CUST-437,Furniture,West,3/27/23 22:00,6,89.34,536.04,147.5
ORD-2064,CUST-703,Grocery,East,3/27/23 23:00,19,57.96,1101.24,291.9
ORD-2065,CUST-111,Furniture,South,3/28/23 0:00,16,78.32,1253.12,212.12
ORD-2066,CUST-503,Grocery,West,3/28/23 1:00,15,78.68,1180.2,251.81
ORD-2067,CUST-730,Grocery,West,3/28/23 2:00,7,69.79,488.53,139.94
ORD-2068,CUST-932,Electronics,North,3/28/23 3:00,16,32.13,514.08,79.34
ORD-2069,CUST-455,Clothing,South,3/28/23 4:00,5,88.01,440.05,109.35
ORD-2070,CUST-76,Furniture,West,3/28/23 5:00,16,49.26,788.16,91.86
ORD-2071,CUST-921,Electronics,West,3/28/23 6:00,1,13.98,13.98,2.86
ORD-2072,CUST-83,Furniture,South,3/28/23 7:00,19,32.02,608.38,168.4
ORD-2073,CUST-330,Grocery,East,3/28/23 8:00,5,78.9,394.5,82.98
ORD-2074,CUST-623,Clothing,West,3/28/23 9:00,7,16.22,113.54,25.35
ORD-2075,CUST-152,Furniture,North,3/28/23 10:00,19,23.26,441.94,124.42
ORD-2076,CUST-68,Furniture,West,3/28/23 11:00,5,72.48,362.4,88.09
ORD-2077,CUST-130,Grocery,North,3/28/23 12:00,17,90.33,1535.61,367.28
ORD-2078,CUST-282,Furniture,North,3/28/23 13:00,8,67.04,536.32,116.53
ORD-2079,CUST-640,Furniture,West,3/28/23 14:00,1,30.01,30.01,6.8
ORD-2080,CUST-649,Grocery,West,3/28/23 15:00,2,14.81,29.62,7.72
ORD-2081,CUST-600,Electronics,North,3/28/23 16:00,15,65.36,980.4,290.05
ORD-2082,CUST-562,Grocery,South,3/28/23 17:00,18,14.27,256.86,66.54
ORD-2083,CUST-730,Electronics,South,3/28/23 18:00,11,65.14,716.54,173.05
ORD-2084,CUST-333,Clothing,West,3/28/23 19:00,10,30.3,303,38.51
ORD-2085,CUST-391,Electronics,East,3/28/23 20:00,4,91.42,365.68,96.33
ORD-2086,CUST-612,Electronics,South,3/28/23 21:00,5,52.76,263.8,65.21
ORD-2087,CUST-544,Clothing,West,3/28/23 22:00,4,30.15,120.6,30.64
ORD-2088,CUST-302,Electronics,South,3/28/23 23:00,13,86.78,1128.14,164.96
ORD-2089,CUST-465,Grocery,East,3/29/23 0:00,13,32.86,427.18,119.9
ORD-2090,CUST-518,Electronics,West,3/29/23 1:00,18,37.59,676.62,
ORD-2091,CUST-620,Clothing,East,3/29/23 2:00,2,85.09,170.18,25.65
ORD-2092,CUST-441,Grocery,West,3/29/23 3:00,16,37.79,604.64,140.64
ORD-2093,CUST-102,Clothing,East,3/29/23 4:00,1,46.91,46.91,11.01
ORD-2094,CUST-813,Clothing,South,3/29/23 5:00,19,41.29,784.51,127.61
ORD-2095,CUST-719,Furniture,South,3/29/23 6:00,9,20.48,184.32,44.29
ORD-2096,CUST-118,Furniture,East,3/29/23 7:00,3,13.5,40.5,7.19
ORD-2097,CUST-874,Clothing,East,3/29/23 8:00,7,75.21,526.47,52.67
ORD-2098,CUST-671,Clothing,East,3/29/23 9:00,10,68.06,680.6,90.19
ORD-2099,CUST-667,Clothing,West,3/29/23 10:00,1,35.41,35.41,9.79
ORD-2100,CUST-899,Furniture,South,3/29/23 11:00,10,36.6,366,52.9
ORD-2101,CUST-788,Furniture,West,3/29/23 12:00,9,95.05,855.45,104.86
ORD-2102,CUST-565,Electronics,South,3/29/23 13:00,15,98.89,1483.35,350.72
ORD-2103,CUST-739,Electronics,North,3/29/23 14:00,15,52.61,789.15,148.47
ORD-2104,CUST-887,Clothing,West,3/29/23 15:00,3,82.22,246.66,63.96
ORD-2105,CUST-221,Grocery,South,3/29/23 16:00,5,76.3,381.5,103.88
ORD-2106,CUST-441,Grocery,South,3/29/23 17:00,9,36.76,330.84,89.06
ORD-2107,CUST-463,Furniture,West,3/29/23 18:00,9,15.27,137.43,22.35
ORD-2108,CUST-910,Furniture,West,3/29/23 19:00,7,22.83,159.81,32.14
ORD-2109,CUST-234,Furniture,South,3/29/23 20:00,12,85.45,1025.4,235.87
ORD-2110,CUST-424,Clothing,West,3/29/23 21:00,9,75.81,682.29,112.17
ORD-2111,CUST-348,Grocery,East,3/29/23 22:00,6,69.79,418.74,45.32
ORD-2112,CUST-848,Electronics,West,3/29/23 23:00,2,21.76,43.52,8.67
ORD-2113,CUST-465,Clothing,West,3/30/23 0:00,9,67.59,608.31,62.39
ORD-2114,CUST-409,Electronics,West,3/30/23 1:00,17,79.49,1351.33,392.06
ORD-2115,CUST-426,Electronics,South,3/30/23 2:00,1,87.45,87.45,22.68
ORD-2116,CUST-748,Clothing,East,3/30/23 3:00,19,11.19,212.61,29.43
ORD-2117,CUST-98,Electronics,North,3/30/23 4:00,6,71.6,429.6,67.67
ORD-2118,CUST-321,Grocery,North,3/30/23 5:00,5,11.72,58.6,17.38
ORD-2119,CUST-438,Electronics,East,3/30/23 6:00,2,73.62,147.24,25.72
ORD-2120,CUST-321,Grocery,East,3/30/23 7:00,9,67.21,604.89,155.3
ORD-2121,CUST-682,Grocery,East,3/30/23 8:00,14,23.35,326.9,61.9
ORD-2122,CUST-262,Grocery,South,3/30/23 9:00,4,78.95,315.8,86.16
ORD-2123,CUST-384,Furniture,North,3/30/23 10:00,4,16.15,64.6,15.55
ORD-2124,CUST-977,Electronics,East,3/30/23 11:00,15,84.38,1265.7,198.555
ORD-2125,CUST-157,Clothing,South,3/30/23 12:00,8,33.57,268.56,42.67
ORD-2126,CUST-704,Clothing,North,3/30/23 13:00,4,72,288,60.94
ORD-2127,CUST-946,Electronics,West,3/30/23 14:00,16,93.13,1490.08,425.02
ORD-2128,CUST-486,Furniture,South,3/30/23 15:00,4,40.58,162.32,19.54
ORD-2129,CUST-69,Furniture,North,3/30/23 16:00,16,55.26,884.16,194.72
ORD-2130,CUST-94,Grocery,South,3/30/23 17:00,12,51.68,620.16,99.5
ORD-2131,CUST-852,Electronics,North,3/30/23 18:00,16,24.19,387.04,107.55
ORD-2132,CUST-88,Electronics,North,3/30/23 19:00,19,63.13,1199.47,303.51
ORD-2133,CUST-96,Clothing,West,3/30/23 20:00,8,76.87,614.96,106.97
ORD-2134,CUST-443,Electronics,South,3/30/23 21:00,6,92.52,555.12,74.06
ORD-2135,CUST-99,Furniture,East,3/30/23 22:00,10,86.57,865.7,88.56
ORD-2136,CUST-763,Electronics,West,3/30/23 23:00,5,55.9,279.5,62.67
ORD-2137,CUST-757,Clothing,West,3/31/23 0:00,18,74.71,1344.78,243.71
ORD-2138,CUST-382,Grocery,North,3/31/23 1:00,10,82.07,820.7,133.73
ORD-2139,CUST-832,Clothing,East,3/31/23 2:00,10,54.41,544.1,161.65
ORD-2140,CUST-134,Clothing,South,3/31/23 3:00,7,20.39,142.73,27.58
ORD-2141,CUST-570,Grocery,East,3/31/23 4:00,18,49.41,889.38,222.32
ORD-2142,CUST-62,Clothing,East,3/31/23 5:00,1,85.82,85.82,11.63
ORD-2143,CUST-601,Clothing,East,3/31/23 6:00,7,63.7,445.9,45.79
ORD-2144,CUST-980,Electronics,East,3/31/23 7:00,1,75.2,75.2,13.8
ORD-2145,CUST-576,Electronics,East,3/31/23 8:00,15,26.67,400.05,93.26
ORD-2146,CUST-576,Grocery,North,3/31/23 9:00,4,96.79,387.16,77.94
ORD-2147,CUST-338,Electronics,North,3/31/23 10:00,10,46.37,463.7,128.95
ORD-2148,CUST-687,Electronics,West,3/31/23 11:00,9,68.83,,115.71
ORD-2149,CUST-126,Clothing,North,3/31/23 12:00,2,11.7,23.4,3.8
ORD-2150,CUST-421,Furniture,West,3/31/23 13:00,14,21.46,300.44,85.09
ORD-2151,CUST-363,Electronics,West,3/31/23 14:00,16,80.38,1286.08,233.24
ORD-2152,CUST-895,Furniture,South,3/31/23 15:00,1,97.12,97.12,14.95
ORD-2153,CUST-682,Electronics,East,3/31/23 16:00,2,38.8,77.6,9.28
ORD-2154,CUST-964,Electronics,North,3/31/23 17:00,7,13.35,93.45,24.17
ORD-2155,CUST-769,Grocery,South,3/31/23 18:00,10,42.48,424.8,
ORD-2156,CUST-434,Grocery,North,3/31/23 19:00,1,11.57,11.57,1.23
ORD-2157,CUST-889,Grocery,West,3/31/23 20:00,13,27.31,355.03,60.97
ORD-2158,CUST-938,Furniture,North,3/31/23 21:00,1,77.72,77.72,19.43
ORD-2159,CUST-739,Clothing,East,3/31/23 22:00,5,94.34,471.7,136.45
ORD-2160,CUST-53,Electronics,West,3/31/23 23:00,16,17.87,285.92,50.2
ORD-2161,CUST-992,Electronics,West,4/1/23 0:00,15,60.21,903.15,247.83
ORD-2162,CUST-295,Electronics,South,4/1/23 1:00,17,32.85,558.45,99.82
ORD-2163,CUST-615,Furniture,East,4/1/23 2:00,16,22.52,360.32,48.97
ORD-2164,CUST-320,Grocery,West,4/1/23 3:00,13,29.71,386.23,38.89
ORD-2165,CUST-361,Clothing,East,4/1/23 4:00,11,62,682,113.24
ORD-2166,CUST-107,Furniture,North,4/1/23 5:00,17,15.86,269.62,47.37
ORD-2167,CUST-592,Grocery,East,4/1/23 6:00,17,49.08,834.36,241.15
ORD-2168,CUST-520,Furniture,West,4/1/23 7:00,2,22.17,44.34,6.26
ORD-2169,CUST-218,Clothing,South,4/1/23 8:00,13,34.54,449.02,79.23
ORD-2170,CUST-159,Grocery,West,4/1/23 9:00,14,27.17,380.38,39.95
ORD-2171,CUST-673,Furniture,East,4/1/23 10:00,11,89.47,984.17,248.71
ORD-2172,CUST-494,Clothing,East,4/1/23 11:00,10,73.72,737.2,208.65
ORD-2173,CUST-230,Electronics,West,4/1/23 12:00,3,88.16,264.48,39.03
ORD-2174,CUST-868,Clothing,East,4/1/23 13:00,17,44.51,756.67,140.59
ORD-2175,CUST-111,Electronics,North,4/1/23 14:00,15,38.21,573.15,71.31
ORD-2176,CUST-359,Furniture,West,4/1/23 15:00,9,44.25,398.25,76.21
ORD-2177,CUST-866,Grocery,South,4/1/23 16:00,10,11.67,116.7,14.78
ORD-2178,CUST-570,Grocery,West,4/1/23 17:00,8,75.22,601.76,123.16
ORD-2179,CUST-377,Furniture,North,4/1/23 18:00,13,41.48,539.24,133.15
ORD-2180,CUST-118,Grocery,North,4/1/23 19:00,18,38.2,687.6,144.86
ORD-2181,CUST-781,Grocery,North,4/1/23 20:00,5,63.83,319.15,47.57
ORD-2182,CUST-286,Electronics,North,4/1/23 21:00,6,49.26,295.56,50.47
ORD-2183,CUST-588,Furniture,North,4/1/23 22:00,17,98.28,1670.76,380.46
ORD-2184,CUST-232,Clothing,South,4/1/23 23:00,11,42.06,462.66,100.84
ORD-2185,CUST-827,Electronics,East,4/2/23 0:00,16,65.25,1044,132.96
ORD-2186,CUST-440,Furniture,North,4/2/23 1:00,9,38.05,342.45,92.12
ORD-2187,CUST-866,Electronics,North,4/2/23 2:00,2,99.15,198.3,38.68
ORD-2188,CUST-575,Clothing,West,4/2/23 3:00,5,50.06,250.3,33.16
ORD-2189,CUST-998,Clothing,South,4/2/23 4:00,1,67.07,67.07,8.35
ORD-2190,CUST-786,Furniture,South,4/2/23 5:00,4,21.4,85.6,25.09
ORD-2191,CUST-839,Clothing,East,4/2/23 6:00,4,75.97,303.88,47.5
ORD-2192,CUST-637,Electronics,South,4/2/23 7:00,3,34.23,102.69,28.93
ORD-2193,CUST-629,Clothing,West,4/2/23 8:00,9,50.38,453.42,82.58
ORD-2194,CUST-692,Electronics,West,4/2/23 9:00,12,89.48,1073.76,190.25
ORD-2195,CUST-659,Electronics,East,4/2/23 10:00,10,97.35,973.5,233.82
ORD-2196,CUST-571,Clothing,West,4/2/23 11:00,2,48.21,96.42,9.83
ORD-2197,CUST-27,Furniture,North,4/2/23 12:00,11,85.13,936.43,156.96
ORD-2198,CUST-624,Grocery,North,4/2/23 13:00,10,14.8,148,23.76
ORD-2199,CUST-952,Clothing,West,4/2/23 14:00,6,86.28,517.68,141.65
ORD-2200,CUST-674,Electronics,East,4/2/23 15:00,18,66.66,1199.88,246.96
ORD-2201,CUST-850,Electronics,South,4/2/23 16:00,2,53.98,107.96,18.67
ORD-2202,CUST-711,Clothing,East,4/2/23 17:00,2,90.1,180.2,41.415
ORD-2203,CUST-274,Furniture,South,4/2/23 18:00,10,86.08,860.8,187.74
ORD-2204,CUST-30,Furniture,West,4/2/23 19:00,16,36.73,587.68,76.6
ORD-2205,CUST-185,Electronics,West,4/2/23 20:00,12,81.23,974.76,145.47
ORD-2206,CUST-280,Electronics,North,4/2/23 21:00,1,18.95,18.95,3.01
ORD-2207,CUST-720,Furniture,South,4/2/23 22:00,8,84.05,672.4,148.99
ORD-2208,CUST-781,Grocery,East,4/2/23 23:00,16,70.79,1132.64,197.82
ORD-2209,CUST-317,Clothing,West,4/3/23 0:00,18,17.91,322.38,64.85
ORD-2210,CUST-944,Electronics,East,4/3/23 1:00,13,71.48,929.24,213.81
ORD-2211,CUST-348,Electronics,North,4/3/23 2:00,15,62.25,933.75,271.96
ORD-2212,CUST-360,Furniture,South,4/3/23 3:00,12,63.51,762.12,192.79
ORD-2213,CUST-7,Clothing,South,4/3/23 4:00,8,36.18,289.44,52.4
ORD-2214,CUST-186,Furniture,West,4/3/23 5:00,10,33.98,339.8,84.83
ORD-2215,CUST-891,Clothing,South,4/3/23 6:00,14,78.63,1100.82,319.17
ORD-2216,CUST-147,Clothing,West,4/3/23 7:00,5,33.11,165.55,33.09
ORD-2217,CUST-580,Clothing,North,4/3/23 8:00,18,50.16,902.88,164.41
ORD-2218,CUST-674,Electronics,South,4/3/23 9:00,19,72.53,1378.07,159.31
ORD-2219,CUST-411,Grocery,West,4/3/23 10:00,15,17.17,257.55,71.72
ORD-2220,CUST-72,Furniture,East,4/3/23 11:00,6,63.51,381.06,56.89
ORD-2221,CUST-146,Grocery,West,4/3/23 12:00,11,63.04,693.44,78.21
ORD-2222,CUST-759,Furniture,South,4/3/23 13:00,11,71.58,787.38,163.33
ORD-2223,CUST-649,Clothing,North,4/3/23 14:00,18,43.29,779.22,
ORD-2224,CUST-996,Electronics,South,4/3/23 15:00,18,50.41,907.38,164.53
ORD-2225,CUST-32,Grocery,South,4/3/23 16:00,10,39.7,397,101.88
ORD-2226,CUST-94,Electronics,West,4/3/23 17:00,2,82.74,165.48,44.23
ORD-2227,CUST-765,Furniture,East,4/3/23 18:00,9,21.75,195.75,37.36
ORD-2228,CUST-544,Electronics,South,4/3/23 19:00,14,96.67,1353.38,295.3
ORD-2229,CUST-221,Electronics,East,4/3/23 20:00,19,67.14,1275.66,
ORD-2230,CUST-386,Grocery,West,4/3/23 21:00,10,89.82,898.2,258.54
ORD-2231,CUST-430,Clothing,East,4/3/23 22:00,4,48.36,193.44,47.41
ORD-2232,CUST-465,Electronics,West,4/3/23 23:00,6,39.91,239.46,68.26
ORD-2233,CUST-350,Clothing,North,4/4/23 0:00,14,91.07,1274.98,183.6
ORD-2234,CUST-162,Furniture,East,4/4/23 1:00,4,18.9,75.6,12.25
ORD-2235,CUST-379,Electronics,East,4/4/23 2:00,15,20.54,308.1,35.18
ORD-2236,CUST-320,Grocery,North,4/4/23 3:00,16,36.94,591.04,118.2
ORD-2237,CUST-739,Furniture,East,4/4/23 4:00,7,96.38,674.66,185.39
ORD-2238,CUST-333,Furniture,North,4/4/23 5:00,17,66.98,1138.66,188.3
ORD-2239,CUST-796,Grocery,South,4/4/23 6:00,19,59.88,1137.72,142.96
ORD-2240,CUST-965,Electronics,West,4/4/23 7:00,19,73.48,1396.12,158.72
ORD-2241,CUST-582,Electronics,North,4/4/23 8:00,17,47.57,808.69,153.25
ORD-2242,CUST-611,Furniture,East,4/4/23 9:00,6,78.23,469.38,62.34
ORD-2243,CUST-87,Electronics,North,4/4/23 10:00,11,45.39,499.29,84.49
ORD-2244,CUST-905,Clothing,East,4/4/23 11:00,16,84.37,1349.92,356.37
ORD-2245,CUST-54,Grocery,South,4/4/23 12:00,8,34.06,272.48,48.18
ORD-2246,CUST-160,Clothing,North,4/4/23 13:00,11,34.98,384.78,85.41
ORD-2247,CUST-162,Electronics,South,4/4/23 14:00,7,57.01,399.07,79.99
ORD-2248,CUST-773,Furniture,West,4/4/23 15:00,19,48.77,926.63,225.83
ORD-2249,CUST-633,Grocery,East,4/4/23 16:00,10,68.33,683.3,89.67
ORD-2250,CUST-51,Electronics,East,4/4/23 17:00,9,42.79,385.11,109.41
ORD-2251,CUST-691,Electronics,South,4/4/23 18:00,4,30.75,123,28.13
ORD-2252,CUST-84,Furniture,West,4/4/23 19:00,15,52.28,784.2,120.92
ORD-2253,CUST-279,Furniture,North,4/4/23 20:00,13,60.49,786.37,98.02
ORD-2254,CUST-454,Clothing,North,4/4/23 21:00,2,22.83,45.66,5.93
ORD-2255,CUST-678,Grocery,East,4/4/23 22:00,2,60.1,120.2,30.84
ORD-2256,CUST-435,Grocery,South,4/4/23 23:00,16,38.73,619.68,134.86
ORD-2257,CUST-498,Furniture,South,4/5/23 0:00,9,45.32,407.88,71.85
ORD-2258,CUST-622,Clothing,North,4/5/23 1:00,13,35.14,456.82,76.1
ORD-2259,CUST-453,Grocery,West,4/5/23 2:00,3,93.83,281.49,76.33
ORD-2260,CUST-425,Furniture,West,4/5/23 3:00,9,71.5,643.5,176.93
ORD-2261,CUST-280,Electronics,North,4/5/23 4:00,13,33.62,437.06,94.52
ORD-2262,CUST-221,Grocery,North,4/5/23 5:00,2,68.05,136.1,27.89
ORD-2263,CUST-774,Clothing,South,4/5/23 6:00,8,86.37,690.96,181.92
ORD-2264,CUST-525,Clothing,West,4/5/23 7:00,9,46.15,415.35,103.78
ORD-2265,CUST-117,Clothing,North,4/5/23 8:00,16,84.7,1355.2,244.02
ORD-2266,CUST-354,Electronics,North,4/5/23 9:00,2,23.9,47.8,5.57
ORD-2267,CUST-441,Grocery,East,4/5/23 10:00,6,84.05,504.3,127.94
ORD-2268,CUST-114,Grocery,North,4/5/23 11:00,8,58.63,469.04,62.73
ORD-2269,CUST-291,Electronics,North,4/5/23 12:00,5,30.07,,15.53
ORD-2270,CUST-695,Grocery,West,4/5/23 13:00,9,46.64,419.76,112.77
ORD-2271,CUST-695,Electronics,South,4/5/23 14:00,1,98.92,98.92,21.33
ORD-2272,CUST-608,Electronics,West,4/5/23 15:00,9,80.52,724.68,201.7
ORD-2273,CUST-499,Electronics,South,4/5/23 16:00,10,61.76,617.6,121.62
ORD-2274,CUST-540,Clothing,East,4/5/23 17:00,4,20.36,81.44,34.845
ORD-2275,CUST-684,Grocery,North,4/5/23 18:00,3,47.6,142.8,24.39
ORD-2276,CUST-316,Electronics,East,4/5/23 19:00,10,33.67,336.7,82.46
ORD-2277,CUST-47,Grocery,South,4/5/23 20:00,15,16.39,245.85,39.38
ORD-2278,CUST-226,Clothing,West,4/5/23 21:00,11,58.8,646.8,64.83
ORD-2279,CUST-405,Electronics,West,4/5/23 22:00,14,90.03,1260.42,221.77
ORD-2280,CUST-614,Furniture,East,4/5/23 23:00,6,70.8,424.8,105.16
ORD-2281,CUST-57,Clothing,South,4/6/23 0:00,12,32.47,389.64,50.66
ORD-2282,CUST-8,Furniture,East,4/6/23 1:00,13,61.62,801.06,160.98
ORD-2283,CUST-210,Grocery,East,4/6/23 2:00,17,94.89,1613.13,229.81
ORD-2284,CUST-309,Grocery,North,4/6/23 3:00,16,75.06,1200.96,138.02
ORD-2285,CUST-969,Clothing,East,4/6/23 4:00,3,72.05,216.15,48.31
ORD-2286,CUST-217,Grocery,North,4/6/23 5:00,2,97.13,194.26,56.41
ORD-2287,CUST-786,Furniture,North,4/6/23 6:00,11,81.9,900.9,146.07
ORD-2288,CUST-141,Electronics,West,4/6/23 7:00,9,22.3,200.7,43.38
ORD-2289,CUST-783,Electronics,North,4/6/23 8:00,3,41.29,123.87,36.01
ORD-2290,CUST-262,Electronics,North,4/6/23 9:00,18,96.86,1743.48,401.17
ORD-2291,CUST-297,Clothing,West,4/6/23 10:00,15,54.07,811.05,190.29
ORD-2292,CUST-336,Grocery,East,4/6/23 11:00,14,20.05,280.7,38.12
ORD-2293,CUST-123,Furniture,South,4/6/23 12:00,2,51.27,102.54,20.36
ORD-2294,CUST-8,Grocery,South,4/6/23 13:00,17,72.73,1236.41,214.41
ORD-2295,CUST-510,Grocery,South,4/6/23 14:00,8,99.78,798.24,155.01
ORD-2296,CUST-765,Grocery,East,4/6/23 15:00,10,39.15,391.5,101.85
ORD-2297,CUST-441,Electronics,North,4/6/23 16:00,18,56.27,1012.86,194.61
ORD-2298,CUST-180,Furniture,South,4/6/23 17:00,19,89.17,1694.23,190.72
ORD-2299,CUST-133,Furniture,East,4/6/23 18:00,8,41.97,335.76,94.38
ORD-2300,CUST-390,Grocery,North,4/6/23 19:00,8,19.83,158.64,33.15
ORD-2301,CUST-546,Electronics,West,4/6/23 20:00,3,95.4,286.2,81.54
ORD-2302,CUST-721,Electronics,South,4/6/23 21:00,3,53.96,161.88,34.72
ORD-2303,CUST-236,Furniture,North,4/6/23 22:00,12,55.25,663,75.53
ORD-2304,CUST-513,Electronics,South,4/6/23 23:00,17,65.91,1120.47,235.94
ORD-2305,CUST-573,Electronics,South,4/7/23 0:00,4,10.32,41.28,8.88
ORD-2306,CUST-854,Electronics,South,4/7/23 1:00,17,93.8,1594.6,227.82
ORD-2307,CUST-685,Clothing,North,4/7/23 2:00,14,42.53,595.42,115.63
ORD-2308,CUST-826,Grocery,East,4/7/23 3:00,19,45.72,868.68,166.69
ORD-2309,CUST-363,Furniture,North,4/7/23 4:00,9,25.67,231.03,51.88
ORD-2310,CUST-74,Furniture,South,4/7/23 5:00,12,44.03,528.36,80.27
ORD-2311,CUST-407,Clothing,North,4/7/23 6:00,5,82.35,411.75,89.08
ORD-2312,CUST-883,Grocery,West,4/7/23 7:00,11,82,902,133.67
ORD-2313,CUST-760,Furniture,East,4/7/23 8:00,3,94.22,282.66,53.5
ORD-2314,CUST-44,Electronics,North,4/7/23 9:00,15,46.29,694.35,86.48
ORD-2315,CUST-447,Furniture,West,4/7/23 10:00,14,73.78,1032.92,111
ORD-2316,CUST-20,Electronics,East,4/7/23 11:00,11,55.65,612.15,100.46
ORD-2317,CUST-471,Clothing,West,4/7/23 12:00,8,82.36,658.88,102.07
ORD-2318,CUST-944,Electronics,East,4/7/23 13:00,4,74.13,296.52,53.78
ORD-2319,CUST-80,Furniture,North,4/7/23 14:00,12,43.11,517.32,151.26
ORD-2320,CUST-883,Furniture,West,4/7/23 15:00,8,40.3,322.4,65.91
ORD-2321,CUST-321,Furniture,South,4/7/23 16:00,6,32.72,196.32,41.35
ORD-2322,CUST-590,Clothing,West,4/7/23 17:00,15,61.89,928.35,267.66
ORD-2323,CUST-440,Clothing,East,4/7/23 18:00,12,96.75,1161,329.99
ORD-2324,CUST-588,Grocery,North,4/7/23 19:00,16,28.01,448.16,124.06
ORD-2325,CUST-415,Furniture,East,4/7/23 20:00,16,18.57,297.12,35.54
ORD-2326,CUST-727,Electronics,West,4/7/23 21:00,4,20.75,83,18.83
ORD-2327,CUST-656,Clothing,West,4/7/23 22:00,11,80.48,885.28,231.61
ORD-2328,CUST-428,Furniture,South,4/7/23 23:00,13,41.51,539.63,144.14
ORD-2329,CUST-297,Furniture,North,4/8/23 0:00,9,30.19,271.71,58.58
ORD-2330,CUST-118,Clothing,North,4/8/23 1:00,4,41.76,167.04,17.29
ORD-2331,CUST-415,Grocery,West,4/8/23 2:00,12,68.08,816.96,240.79
ORD-2332,CUST-22,Clothing,North,4/8/23 3:00,9,59.21,532.89,103.61
ORD-2333,CUST-990,Clothing,South,4/8/23 4:00,13,76.92,999.96,178.71
ORD-2334,CUST-333,Electronics,East,4/8/23 5:00,16,40.52,648.32,116.04
ORD-2335,CUST-176,Electronics,North,4/8/23 6:00,6,50.68,,56.2
ORD-2336,CUST-821,Grocery,West,4/8/23 7:00,10,19.18,191.8,28.47
ORD-2337,CUST-971,Furniture,East,4/8/23 8:00,13,16.58,215.54,35.66
ORD-2338,CUST-633,Clothing,East,4/8/23 9:00,7,51.6,361.2,107.3
ORD-2339,CUST-472,Grocery,South,4/8/23 10:00,19,37.14,705.66,122.53
ORD-2340,CUST-852,Electronics,West,4/8/23 11:00,19,65.15,1237.85,254.19
ORD-2341,CUST-707,Clothing,North,4/8/23 12:00,17,13.87,235.79,63.58
ORD-2342,CUST-942,Furniture,West,4/8/23 13:00,13,20.96,272.48,55.99
ORD-2343,CUST-371,Electronics,East,4/8/23 14:00,13,87.87,1142.31,188.36
ORD-2344,CUST-91,Electronics,West,4/8/23 15:00,2,60.97,121.94,24.97
ORD-2345,CUST-448,Electronics,North,4/8/23 16:00,10,74.08,740.8,90.98
ORD-2346,CUST-865,Grocery,North,4/8/23 17:00,13,85.78,1115.14,140.51
ORD-2347,CUST-109,Furniture,South,4/8/23 18:00,9,51.75,465.75,166.845
ORD-2348,CUST-250,Clothing,North,4/8/23 19:00,1,78.5,78.5,22.25
ORD-2349,CUST-447,Grocery,North,4/8/23 20:00,14,57.21,800.94,196.34
ORD-2350,CUST-604,Grocery,West,4/8/23 21:00,16,30.05,480.8,55.25
ORD-2351,CUST-411,Grocery,West,4/8/23 22:00,15,40.39,605.85,109.4
ORD-2352,CUST-537,Electronics,East,4/8/23 23:00,1,54.13,54.13,5.44
ORD-2353,CUST-81,Furniture,South,4/9/23 0:00,17,38.52,654.84,132.44
ORD-2354,CUST-406,Grocery,West,4/9/23 1:00,13,40.2,522.6,72.45
ORD-2355,CUST-892,Clothing,North,4/9/23 2:00,15,40.37,605.55,165.7
ORD-2356,CUST-318,Furniture,East,4/9/23 3:00,16,21.06,336.96,40.73
ORD-2357,CUST-764,Clothing,West,4/9/23 4:00,16,17.62,281.92,28.27
ORD-2358,CUST-348,Furniture,South,4/9/23 5:00,2,14.18,28.36,5.39
ORD-2359,CUST-227,Clothing,South,4/9/23 6:00,17,19.99,339.83,44.55
ORD-2360,CUST-342,Electronics,East,4/9/23 7:00,11,40.93,450.23,111.48
ORD-2361,CUST-798,Grocery,East,4/9/23 8:00,8,63.45,507.6,144.15
ORD-2362,CUST-173,Clothing,East,4/9/23 9:00,3,26.93,80.79,8.76
ORD-2363,CUST-79,Furniture,East,4/9/23 10:00,12,89.92,1079.04,193.27
ORD-2364,CUST-523,Grocery,East,4/9/23 11:00,16,82.75,1324,396.36
ORD-2365,CUST-649,Grocery,North,4/9/23 12:00,14,56.85,795.9,196.22
ORD-2366,CUST-117,Furniture,North,4/9/23 13:00,16,75.18,1202.88,349.6
ORD-2367,CUST-544,Clothing,West,4/9/23 14:00,17,42.97,730.49,97.02
ORD-2368,CUST-523,Electronics,South,4/9/23 15:00,11,13.31,146.41,21.12
ORD-2369,CUST-199,Electronics,North,4/9/23 16:00,17,91.39,1553.63,203.47
ORD-2370,CUST-928,Clothing,North,4/9/23 17:00,19,21.5,408.5,65.55
ORD-2371,CUST-795,Grocery,North,4/9/23 18:00,1,95.31,95.31,23.34
ORD-2372,CUST-358,Grocery,West,4/9/23 19:00,12,61.47,737.64,98.1
ORD-2373,CUST-360,Grocery,East,4/9/23 20:00,15,37.5,562.5,115.23
ORD-2374,CUST-745,Grocery,West,4/9/23 21:00,18,54.6,982.8,151.2
ORD-2375,CUST-982,Clothing,South,4/9/23 22:00,14,55.15,772.1,205.25
ORD-2376,CUST-839,Grocery,South,4/9/23 23:00,1,12.1,12.1,1.23
ORD-2377,CUST-661,Furniture,South,4/10/23 0:00,13,41.99,545.87,78.95
ORD-2378,CUST-835,Grocery,South,4/10/23 1:00,15,76.59,1148.85,253.95
ORD-2379,CUST-152,Electronics,North,4/10/23 2:00,7,55.91,391.37,46.71
ORD-2380,CUST-242,Grocery,North,4/10/23 3:00,15,31.98,479.7,92.71
ORD-2381,CUST-106,Clothing,West,4/10/23 4:00,10,40.16,401.6,75.2
ORD-2382,CUST-150,Electronics,East,4/10/23 5:00,14,87.67,1227.38,332.01
ORD-2383,CUST-263,Clothing,South,4/10/23 6:00,6,57.3,343.8,77.38
ORD-2384,CUST-203,Clothing,West,4/10/23 7:00,14,57.55,805.7,183.65
ORD-2385,CUST-178,Electronics,North,4/10/23 8:00,12,96.53,1158.36,336.34
ORD-2386,CUST-617,Clothing,North,4/10/23 9:00,11,38.88,427.68,126.8
ORD-2387,CUST-157,Clothing,East,4/10/23 10:00,19,53.16,1010.04,232.99
ORD-2388,CUST-779,Grocery,East,4/10/23 11:00,2,83.05,166.1,33.95
ORD-2389,CUST-778,Furniture,East,4/10/23 12:00,1,78.3,78.3,17.35
ORD-2390,CUST-672,Clothing,West,4/10/23 13:00,8,33.92,271.36,47.89
ORD-2391,CUST-78,Clothing,North,4/10/23 14:00,14,23.6,330.4,98.29
ORD-2392,CUST-182,Clothing,North,4/10/23 15:00,9,73.06,657.54,158.47
ORD-2393,CUST-975,Grocery,East,4/10/23 16:00,2,33.19,66.38,10.5
ORD-2394,CUST-792,Furniture,South,4/10/23 17:00,5,93.04,465.2,51.89
ORD-2395,CUST-644,Electronics,East,4/10/23 18:00,8,21.63,173.04,18.85
ORD-2396,CUST-506,Grocery,West,4/10/23 19:00,16,38.65,618.4,87.18
ORD-2397,CUST-476,Grocery,East,4/10/23 20:00,16,14.93,238.88,35.02
ORD-2398,CUST-773,Furniture,East,4/10/23 21:00,13,73.3,952.9,174.39
ORD-2399,CUST-578,Furniture,West,4/10/23 22:00,15,90.21,1353.15,193.46
ORD-2400,CUST-779,Grocery,East,4/10/23 23:00,1,67.23,67.23,15.21
ORD-2401,CUST-594,Electronics,North,4/11/23 0:00,3,94.4,283.2,40.29
ORD-2402,CUST-460,Grocery,South,4/11/23 1:00,6,21.57,129.42,17.8
ORD-2403,CUST-698,Furniture,East,4/11/23 2:00,14,17.9,250.6,48.68
ORD-2404,CUST-947,Electronics,West,4/11/23 3:00,4,85.46,341.84,94.94
ORD-2405,CUST-904,Furniture,South,4/11/23 4:00,18,87,1566,303.27
ORD-2406,CUST-579,Electronics,West,4/11/23 5:00,15,84.79,1271.85,232.46
ORD-2407,CUST-659,Clothing,South,4/11/23 6:00,9,81.91,737.19,158.95
ORD-2408,CUST-651,Furniture,South,4/11/23 7:00,18,42.6,766.8,116.13
ORD-2409,CUST-640,Furniture,East,4/11/23 8:00,3,29.57,88.71,15.14
ORD-2410,CUST-331,Grocery,North,4/11/23 9:00,10,93.59,935.9,133.62
ORD-2411,CUST-885,Furniture,East,4/11/23 10:00,17,37.63,639.71,137.13
ORD-2412,CUST-995,Furniture,West,4/11/23 11:00,7,45.86,321.02,76.88
ORD-2413,CUST-643,Clothing,West,4/11/23 12:00,15,72.96,1094.4,256.9
ORD-2414,CUST-324,Furniture,South,4/11/23 13:00,1,36.4,36.4,5.5
ORD-2415,CUST-155,Clothing,South,4/11/23 14:00,11,83.72,920.92,235.69
ORD-2416,CUST-451,Clothing,North,4/11/23 15:00,17,16.3,277.1,41.89
ORD-2417,CUST-70,Clothing,East,4/11/23 16:00,5,81.21,406.05,52.81
ORD-2418,CUST-481,Clothing,West,4/11/23 17:00,7,64.17,449.19,76.35
ORD-2419,CUST-453,Electronics,South,4/11/23 18:00,19,61.57,1169.83,256.83
ORD-2420,CUST-647,Grocery,North,4/11/23 19:00,15,51.25,768.75,98.71
ORD-2421,CUST-311,Electronics,West,4/11/23 20:00,3,34.93,104.79,24.06
ORD-2422,CUST-816,Furniture,South,4/11/23 21:00,15,51.77,,211.7
ORD-2423,CUST-282,Electronics,West,4/11/23 22:00,5,50.5,252.5,40.05
ORD-2424,CUST-606,Electronics,North,4/11/23 23:00,12,62.54,750.48,142.62
ORD-2425,CUST-58,Furniture,North,4/12/23 0:00,5,35.34,176.7,25.74
ORD-2426,CUST-361,Furniture,West,4/12/23 1:00,3,16.98,50.94,8.77
ORD-2427,CUST-520,Furniture,East,4/12/23 2:00,9,23.06,207.54,21.67
ORD-2428,CUST-76,Electronics,West,4/12/23 3:00,9,72.93,656.37,190.84
ORD-2429,CUST-318,Electronics,South,4/12/23 4:00,7,12.02,84.14,15.41
ORD-2430,CUST-473,Furniture,East,4/12/23 5:00,2,87.08,174.16,44.89
ORD-2431,CUST-463,Grocery,South,4/12/23 6:00,16,72.5,1160,149.09
ORD-2432,CUST-39,Grocery,West,4/12/23 7:00,9,79.13,712.17,186.92
ORD-2433,CUST-59,Clothing,East,4/12/23 8:00,13,85.24,1108.12,301.44
ORD-2434,CUST-378,Furniture,South,4/12/23 9:00,19,21.04,399.76,97.18
ORD-2435,CUST-852,Clothing,West,4/12/23 10:00,17,84.02,1428.34,400.85
ORD-2436,CUST-294,Grocery,West,4/12/23 11:00,6,55.42,332.52,44.37
ORD-2437,CUST-79,Clothing,East,4/12/23 12:00,4,89.7,358.8,70.07
ORD-2438,CUST-661,Furniture,West,4/12/23 13:00,1,89.79,89.79,20.11
ORD-2439,CUST-885,Furniture,North,4/12/23 14:00,18,12.18,219.24,48.07
ORD-2440,CUST-876,Furniture,South,4/12/23 15:00,19,44.46,844.74,229.95
ORD-2441,CUST-93,Electronics,South,4/12/23 16:00,9,57.38,516.42,73.92
ORD-2442,CUST-630,Clothing,West,4/12/23 17:00,13,71.05,923.65,124.81
ORD-2443,CUST-609,Grocery,West,4/12/23 18:00,8,35.76,286.08,43.11
ORD-2444,CUST-520,Grocery,North,4/12/23 19:00,13,32.69,424.97,118.27
ORD-2445,CUST-394,Grocery,East,4/12/23 20:00,15,44.31,664.65,191.56
ORD-2446,CUST-474,Electronics,West,4/12/23 21:00,11,55.08,605.88,129.61
ORD-2447,CUST-595,Electronics,West,4/12/23 22:00,12,95.6,1147.2,229.75
ORD-2448,CUST-568,Furniture,West,4/12/23 23:00,14,78.59,1100.26,243.24
ORD-2449,CUST-978,Grocery,West,4/13/23 0:00,4,48.64,194.56,43.44
ORD-2450,CUST-811,Electronics,South,4/13/23 1:00,1,14.89,14.89,2
ORD-2451,CUST-757,Furniture,West,4/13/23 2:00,4,25.17,100.68,23.89
ORD-2452,CUST-918,Grocery,South,4/13/23 3:00,19,51.03,484.785,184.67
ORD-2453,CUST-43,Clothing,West,4/13/23 4:00,9,83.24,749.16,152.44
ORD-2454,CUST-461,Furniture,East,4/13/23 5:00,10,44.26,442.6,46.94
ORD-2455,CUST-931,Electronics,North,4/13/23 6:00,4,58.46,233.84,59.14
ORD-2456,CUST-830,Electronics,East,4/13/23 7:00,9,90.26,812.34,216.96
ORD-2457,CUST-586,Furniture,West,4/13/23 8:00,13,92.24,1199.12,268.46
ORD-2458,CUST-668,Furniture,West,4/13/23 9:00,12,29.42,353.04,88.17
ORD-2459,CUST-193,Electronics,West,4/13/23 10:00,11,13.92,153.12,31.32
ORD-2460,CUST-330,Clothing,East,4/13/23 11:00,12,37.49,449.88,100.62
ORD-2461,CUST-620,Grocery,West,4/13/23 12:00,18,72.62,1307.16,233.87
ORD-2462,CUST-488,Clothing,East,4/13/23 13:00,12,95.6,1147.2,296.41
ORD-2463,CUST-514,Furniture,South,4/13/23 14:00,16,16.93,270.88,52.46
ORD-2464,CUST-155,Clothing,North,4/13/23 15:00,5,12.56,62.8,14.82
ORD-2465,CUST-981,Electronics,North,4/13/23 16:00,12,89.57,1074.84,241.07
ORD-2466,CUST-64,Furniture,East,4/13/23 17:00,11,77.33,850.63,204.54
ORD-2467,CUST-462,Grocery,South,4/13/23 18:00,9,99.3,893.7,229.72
ORD-2468,CUST-106,Electronics,East,4/13/23 19:00,18,45.71,822.78,166.65
ORD-2469,CUST-831,Electronics,South,4/13/23 20:00,3,47.44,142.32,37.38
ORD-2470,CUST-921,Grocery,West,4/13/23 21:00,17,25.51,433.67,86.5
ORD-2471,CUST-858,Grocery,South,4/13/23 22:00,14,20.43,286.02,83.33
ORD-2472,CUST-352,Clothing,South,4/13/23 23:00,1,62.08,,15.55
ORD-2473,CUST-732,Furniture,South,4/14/23 0:00,17,42.79,727.43,97.64
ORD-2474,CUST-87,Grocery,North,4/14/23 1:00,8,17.23,137.84,36.65
ORD-2475,CUST-517,Grocery,South,4/14/23 2:00,5,89.83,449.15,94.46
ORD-2476,CUST-662,Furniture,West,4/14/23 3:00,5,27.85,139.25,41.34
ORD-2477,CUST-177,Grocery,West,4/14/23 4:00,9,77.37,696.33,169.74
ORD-2478,CUST-41,Grocery,West,4/14/23 5:00,3,35.4,106.2,12.41
ORD-2479,CUST-254,Clothing,South,4/14/23 6:00,19,83.16,1580.04,282.81
ORD-2480,CUST-725,Electronics,East,4/14/23 7:00,9,20.66,185.94,37.83
ORD-2481,CUST-449,Electronics,East,4/14/23 8:00,18,78.05,1404.9,376.24
ORD-2482,CUST-450,Electronics,West,4/14/23 9:00,16,18.83,301.28,74.08
ORD-2483,CUST-537,Electronics,North,4/14/23 10:00,1,50.22,50.22,8.73
ORD-2484,CUST-536,Grocery,East,4/14/23 11:00,2,76.06,152.12,35.09
ORD-2485,CUST-625,Furniture,South,4/14/23 12:00,14,25.59,358.26,77.16
ORD-2486,CUST-163,Furniture,East,4/14/23 13:00,14,35.71,499.94,62.6
ORD-2487,CUST-373,Clothing,West,4/14/23 14:00,1,87.83,87.83,12.91
ORD-2488,CUST-382,Clothing,North,4/14/23 15:00,16,89.66,1434.56,241.33
ORD-2489,CUST-940,Grocery,East,4/14/23 16:00,15,14.04,210.6,29.29
ORD-2490,CUST-290,Furniture,East,4/14/23 17:00,15,25.13,376.95,49.01
ORD-2491,CUST-397,Furniture,West,4/14/23 18:00,12,20.57,246.84,27.56
ORD-2492,CUST-419,Electronics,North,4/14/23 19:00,16,26.17,418.72,114.99
ORD-2493,CUST-794,Grocery,North,4/14/23 20:00,14,97.32,1362.48,214.98
ORD-2494,CUST-347,Grocery,West,4/14/23 21:00,15,59.65,894.75,141.43
ORD-2495,CUST-696,Electronics,South,4/14/23 22:00,15,52.13,781.95,110.45
ORD-2496,CUST-613,Grocery,East,4/14/23 23:00,19,98.6,1873.4,365.46
ORD-2497,CUST-54,Grocery,South,4/15/23 0:00,8,60.13,481.04,97.58
ORD-2498,CUST-809,Clothing,East,4/15/23 1:00,2,69.5,139,19.69
ORD-2499,CUST-647,Furniture,East,4/15/23 2:00,2,39.95,79.9,17.71
ORD-2500,CUST-663,Grocery,South,4/15/23 3:00,10,44.39,443.9,108.58
ORD-2501,CUST-343,Clothing,West,4/15/23 4:00,3,63.5,190.5,33.29
ORD-2502,CUST-68,Furniture,West,4/15/23 5:00,17,16.28,276.76,60.08
ORD-2503,CUST-338,Electronics,East,4/15/23 6:00,8,33.03,264.24,52.97
ORD-2504,CUST-97,Clothing,West,4/15/23 7:00,4,27.71,110.84,15.42
ORD-2505,CUST-572,Clothing,East,4/15/23 8:00,14,11.43,160.02,39.37
ORD-2506,CUST-695,Furniture,West,4/15/23 9:00,10,58.32,583.2,151.8
ORD-2507,CUST-396,Electronics,East,4/15/23 10:00,1,60.49,60.49,13.9
ORD-2508,CUST-291,Clothing,West,4/15/23 11:00,4,44.55,178.2,29.36
ORD-2509,CUST-259,Grocery,North,4/15/23 12:00,1,34.19,34.19,9.76
ORD-2510,CUST-742,Grocery,South,4/15/23 13:00,17,68.69,1167.73,223.12
ORD-2511,CUST-873,Grocery,North,4/15/23 14:00,17,22.12,376.04,57.6
ORD-2512,CUST-673,Electronics,South,4/15/23 15:00,7,56.68,396.76,72.07
ORD-2513,CUST-988,Clothing,South,4/15/23 16:00,15,79.13,1186.95,282.99
ORD-2514,CUST-929,Grocery,East,4/15/23 17:00,13,24.79,322.27,86.75
ORD-2515,CUST-618,Electronics,South,4/15/23 18:00,2,77.79,155.58,26.65
ORD-2516,CUST-895,Grocery,North,4/15/23 19:00,19,78.47,1490.93,218.46
ORD-2517,CUST-154,Furniture,North,4/15/23 20:00,13,15.39,200.07,45.08
ORD-2518,CUST-342,Clothing,West,4/15/23 21:00,11,11.69,128.59,36.55
ORD-2519,CUST-84,Clothing,North,4/15/23 22:00,15,97.65,1464.75,200.17
ORD-2520,CUST-597,Electronics,West,4/15/23 23:00,10,27.4,274,71.41
ORD-2521,CUST-680,Electronics,South,4/16/23 0:00,9,83.99,755.91,147.65
ORD-2522,CUST-145,Clothing,North,4/16/23 1:00,9,60.57,545.13,141.68
ORD-2523,CUST-939,Grocery,South,4/16/23 2:00,1,33.8,33.8,6.8
ORD-2524,CUST-359,Grocery,North,4/16/23 3:00,17,21.7,368.9,64.73
ORD-2525,CUST-318,Furniture,North,4/16/23 4:00,12,54.7,656.4,157.11
ORD-2526,CUST-991,Grocery,West,4/16/23 5:00,10,46.66,466.6,130.71
ORD-2527,CUST-672,Electronics,South,4/16/23 6:00,5,72.9,364.5,59.8
ORD-2528,CUST-716,Electronics,North,4/16/23 7:00,18,91.38,1644.84,316.06
ORD-2529,CUST-679,Grocery,East,4/16/23 8:00,15,82.47,1237.05,180.46
ORD-2530,CUST-402,Electronics,South,4/16/23 9:00,6,34.7,208.2,28.46
ORD-2531,CUST-133,Clothing,South,4/16/23 10:00,7,89.1,623.7,159.4
ORD-2532,CUST-610,Clothing,South,4/16/23 11:00,17,85.01,1445.17,202.52
ORD-2533,CUST-726,Grocery,West,4/16/23 12:00,6,93.62,561.72,145.3
ORD-2534,CUST-961,Clothing,East,4/16/23 13:00,8,51.28,410.24,114.36
ORD-2535,CUST-87,Clothing,South,4/16/23 14:00,12,79.17,950.04,284.07
ORD-2536,CUST-318,Furniture,North,4/16/23 15:00,14,63.25,885.5,123.5
ORD-2537,CUST-573,Furniture,North,4/16/23 16:00,12,37.95,455.4,54.01
ORD-2538,CUST-386,Clothing,West,4/16/23 17:00,10,99.5,995,114.51
ORD-2539,CUST-659,Grocery,North,4/16/23 18:00,15,13.45,201.75,80.82
ORD-2540,CUST-811,Furniture,South,4/16/23 19:00,7,24.6,172.2,32.3
ORD-2541,CUST-337,Electronics,North,4/16/23 20:00,9,90.33,812.97,122.715
ORD-2542,CUST-833,Electronics,South,4/16/23 21:00,10,15.45,154.5,42.48
ORD-2543,CUST-131,Electronics,North,4/16/23 22:00,10,89.81,898.1,247.32
ORD-2544,CUST-687,Grocery,East,4/16/23 23:00,16,74.37,1189.92,310.91
ORD-2545,CUST-720,Clothing,West,4/17/23 0:00,7,13.3,93.1,13.93
ORD-2546,CUST-849,Electronics,West,4/17/23 1:00,5,48.64,243.2,42.45
ORD-2547,CUST-970,Grocery,East,4/17/23 2:00,3,77.9,233.7,58.19
ORD-2548,CUST-757,Furniture,East,4/17/23 3:00,18,62.48,1124.64,222.53
ORD-2549,CUST-702,Clothing,West,4/17/23 4:00,11,94.23,1036.53,135.54
ORD-2550,CUST-935,Furniture,East,4/17/23 5:00,15,88.09,1321.35,196.3
ORD-2551,CUST-540,Grocery,South,4/17/23 6:00,5,39.94,199.7,58.82
ORD-2552,CUST-96,Electronics,North,4/17/23 7:00,12,17.62,211.44,27.53
ORD-2553,CUST-662,Electronics,West,4/17/23 8:00,4,94.98,379.92,93.16
ORD-2554,CUST-687,Grocery,East,4/17/23 9:00,15,56.56,848.4,165.95
ORD-2555,CUST-434,Electronics,South,4/17/23 10:00,9,16.7,150.3,37.53
ORD-2556,CUST-521,Clothing,West,4/17/23 11:00,7,83.49,584.43,135.72
ORD-2557,CUST-371,Grocery,East,4/17/23 12:00,10,88.17,881.7,165.61
ORD-2558,CUST-19,Furniture,West,4/17/23 13:00,13,67.55,878.15,149.97
ORD-2559,CUST-372,Grocery,East,4/17/23 14:00,8,50.28,402.24,100.91
ORD-2560,CUST-317,Clothing,West,4/17/23 15:00,12,69.6,835.2,137.5
ORD-2561,CUST-185,Clothing,South,4/17/23 16:00,19,73.6,1398.4,360.16
ORD-2562,CUST-974,Grocery,South,4/17/23 17:00,1,90.37,90.37,21.32
ORD-2563,CUST-220,Grocery,North,4/17/23 18:00,16,96.03,1536.48,331.16
ORD-2564,CUST-350,Electronics,West,4/17/23 19:00,17,56.29,956.93,166.28
ORD-2565,CUST-971,Clothing,North,4/17/23 20:00,18,81.86,1473.48,207.78
ORD-2566,CUST-785,Grocery,West,4/17/23 21:00,11,96.81,1064.91,257.8
ORD-2567,CUST-498,Grocery,East,4/17/23 22:00,18,23.61,212.49,50.26
ORD-2568,CUST-197,Clothing,East,4/17/23 23:00,7,11.64,81.48,23.96
ORD-2569,CUST-232,Grocery,North,4/18/23 0:00,18,88.21,1587.78,469.59
ORD-2570,CUST-141,Electronics,West,4/18/23 1:00,8,27.57,220.56,27.8
ORD-2571,CUST-159,Clothing,North,4/18/23 2:00,6,13.82,82.92,10.02
ORD-2572,CUST-80,Electronics,South,4/18/23 3:00,7,24.41,170.87,31.19
ORD-2573,CUST-303,Electronics,North,4/18/23 4:00,10,44.57,445.7,130.47
ORD-2574,CUST-865,Electronics,North,4/18/23 5:00,11,29.73,327.03,58.89
ORD-2575,CUST-808,Electronics,East,4/18/23 6:00,13,37.47,487.11,84.15
ORD-2576,CUST-104,Clothing,North,4/18/23 7:00,9,97.78,880.02,211.84
ORD-2577,CUST-520,Electronics,West,4/18/23 8:00,7,73.4,256.9,69.75
ORD-2578,CUST-790,Electronics,East,4/18/23 9:00,9,74.1,666.9,115.15
ORD-2579,CUST-553,Grocery,North,4/18/23 10:00,13,18.52,240.76,38.1
ORD-2580,CUST-856,Clothing,South,4/18/23 11:00,3,75.89,227.67,50.16
ORD-2581,CUST-757,Clothing,North,4/18/23 12:00,3,76.54,229.62,30.44
ORD-2582,CUST-905,Furniture,North,4/18/23 13:00,1,69.38,69.38,14.55
ORD-2583,CUST-540,Clothing,North,4/18/23 14:00,2,30.56,61.12,16.59
ORD-2584,CUST-39,Clothing,East,4/18/23 15:00,3,48.07,144.21,29.25
ORD-2585,CUST-678,Furniture,West,4/18/23 16:00,15,86.16,1292.4,305.91
ORD-2586,CUST-345,Clothing,South,4/18/23 17:00,6,70.32,421.92,48.54
ORD-2587,CUST-898,Clothing,North,4/18/23 18:00,13,75.95,987.35,187.4
ORD-2588,CUST-785,Clothing,West,4/18/23 19:00,1,62.86,62.86,7.48
ORD-2589,CUST-633,Clothing,West,4/18/23 20:00,19,50.46,958.74,210.82
ORD-2590,CUST-135,Furniture,East,4/18/23 21:00,1,78.31,78.31,12.23
ORD-2591,CUST-612,Clothing,South,4/18/23 22:00,2,16.11,32.22,5.07
ORD-2592,CUST-386,Clothing,East,4/18/23 23:00,15,70.58,1058.7,122.12
ORD-2593,CUST-158,Furniture,West,4/19/23 0:00,14,99.75,,226.3
ORD-2594,CUST-167,Grocery,West,4/19/23 1:00,19,80.22,1524.18,306.87
ORD-2595,CUST-186,Electronics,West,4/19/23 2:00,11,36.15,397.65,86.26
ORD-2596,CUST-852,Grocery,East,4/19/23 3:00,15,35,525,59.5
ORD-2597,CUST-710,Furniture,South,4/19/23 4:00,6,70.05,420.3,96.79
ORD-2598,CUST-790,Electronics,North,4/19/23 5:00,9,90.63,815.67,161.32
ORD-2599,CUST-640,Furniture,East,4/19/23 6:00,5,62.02,310.1,64.31
ORD-2600,CUST-829,Furniture,West,4/19/23 7:00,2,57.47,114.94,30.64
ORD-2601,CUST-925,Clothing,East,4/19/23 8:00,6,24.43,146.58,24.69
ORD-2602,CUST-170,Electronics,West,4/19/23 9:00,18,74.39,1339.02,180.51
ORD-2603,CUST-739,Clothing,North,4/19/23 10:00,19,73.21,1390.99,292.61
ORD-2604,CUST-449,Electronics,North,4/19/23 11:00,9,97.03,873.27,252.38
ORD-2605,CUST-45,Furniture,South,4/19/23 12:00,6,37.02,222.12,45.22
ORD-2606,CUST-421,Furniture,West,4/19/23 13:00,14,78.08,1093.12,291.19
ORD-2607,CUST-374,Grocery,South,4/19/23 14:00,13,49.07,637.91,160.37
ORD-2608,CUST-693,Electronics,South,4/19/23 15:00,11,60.26,662.86,135
ORD-2609,CUST-737,Clothing,North,4/19/23 16:00,12,83.48,1001.76,229.91
ORD-2610,CUST-244,Grocery,East,4/19/23 17:00,19,29.98,569.62,103.29
ORD-2611,CUST-993,Grocery,East,4/19/23 18:00,19,40.86,776.34,160.02
ORD-2612,CUST-455,Grocery,South,4/19/23 19:00,19,79.6,1512.4,304.68
ORD-2613,CUST-626,Clothing,North,4/19/23 20:00,13,61.34,797.42,192.83
ORD-2614,CUST-292,Grocery,West,4/19/23 21:00,14,18.32,256.48,46.68
ORD-2615,CUST-771,Clothing,East,4/19/23 22:00,18,48.72,876.96,105.19
ORD-2616,CUST-767,Grocery,South,4/19/23 23:00,12,62.8,753.6,194.23
ORD-2617,CUST-803,Clothing,East,4/20/23 0:00,4,91.86,367.44,87.07
ORD-2618,CUST-460,Furniture,East,4/20/23 1:00,10,26.96,269.6,78.19
ORD-2619,CUST-240,Furniture,West,4/20/23 2:00,17,82.54,1403.18,260.63
ORD-2620,CUST-547,Furniture,North,4/20/23 3:00,4,21.76,87.04,10.07
ORD-2621,CUST-245,Furniture,West,4/20/23 4:00,12,31.8,381.6,
ORD-2622,CUST-317,Furniture,North,4/20/23 5:00,13,31.9,414.7,105.61
ORD-2623,CUST-989,Grocery,East,4/20/23 6:00,4,88.97,355.88,40.41
ORD-2624,CUST-829,Grocery,South,4/20/23 7:00,10,27.91,279.1,78.58
ORD-2625,CUST-804,Grocery,West,4/20/23 8:00,3,80.83,242.49,37.91
ORD-2626,CUST-481,Clothing,North,4/20/23 9:00,15,51.56,773.4,216.38
ORD-2627,CUST-926,Clothing,East,4/20/23 10:00,2,99.92,199.84,50.9
ORD-2628,CUST-856,Clothing,North,4/20/23 11:00,17,85.52,1453.84,398.7
ORD-2629,CUST-199,Clothing,North,4/20/23 12:00,6,76.57,459.42,65.61
ORD-2630,CUST-377,Furniture,North,4/20/23 13:00,8,88.37,706.96,154.92
ORD-2631,CUST-695,Furniture,East,4/20/23 14:00,3,67.06,201.18,23.88
ORD-2632,CUST-970,Furniture,South,4/20/23 15:00,18,85.93,1546.74,217.25
ORD-2633,CUST-585,Electronics,South,4/20/23 16:00,1,33.5,33.5,5.43
ORD-2634,CUST-452,Grocery,South,4/20/23 17:00,16,18.79,300.64,74.61
ORD-2635,CUST-473,Clothing,North,4/20/23 18:00,7,65.43,458.01,48.06
ORD-2636,CUST-788,Clothing,East,4/20/23 19:00,3,49.12,147.36,41.35
ORD-2637,CUST-289,Furniture,North,4/20/23 20:00,4,48.38,193.52,
ORD-2638,CUST-797,Clothing,South,4/20/23 21:00,9,57.41,516.69,90.57
ORD-2639,CUST-392,Clothing,South,4/20/23 22:00,5,42.52,212.6,24.71
ORD-2640,CUST-515,Grocery,East,4/20/23 23:00,19,66.35,1260.65,319.94
ORD-2641,CUST-541,Furniture,North,4/21/23 0:00,15,12.75,191.25,24.53
ORD-2642,CUST-429,Grocery,West,4/21/23 1:00,8,97.29,778.32,215.56
ORD-2643,CUST-990,Electronics,West,4/21/23 2:00,6,93.22,559.32,115.24
ORD-2644,CUST-166,Electronics,South,4/21/23 3:00,18,94.17,1695.06,491.05
ORD-2645,CUST-837,Electronics,East,4/21/23 4:00,19,42.85,814.15,128.69
ORD-2646,CUST-205,Furniture,North,4/21/23 5:00,15,57.87,868.05,165.68
ORD-2647,CUST-821,Clothing,North,4/21/23 6:00,7,95.87,671.09,160.29
ORD-2648,CUST-620,Furniture,South,4/21/23 7:00,10,91.21,912.1,242.97
ORD-2649,CUST-142,Furniture,South,4/21/23 8:00,6,81.12,486.72,89.69
ORD-2650,CUST-894,Clothing,North,4/21/23 9:00,14,46.66,653.24,181.92
ORD-2651,CUST-257,Grocery,North,4/21/23 10:00,17,60.79,1033.43,127.73
ORD-2652,CUST-54,Electronics,South,4/21/23 11:00,9,81.36,732.24,177.01
ORD-2653,CUST-657,Grocery,North,4/21/23 12:00,19,34.57,656.83,111.42
ORD-2654,CUST-493,Electronics,West,4/21/23 13:00,5,66.38,331.9,39.92
ORD-2655,CUST-896,Furniture,South,4/21/23 14:00,7,84.51,591.57,104.9
ORD-2656,CUST-381,Electronics,North,4/21/23 15:00,19,73.67,1399.73,386.39
ORD-2657,CUST-568,Furniture,South,4/21/23 16:00,7,53.15,372.05,110.17
ORD-2658,CUST-957,Grocery,East,4/21/23 17:00,2,62.61,125.22,22.36
ORD-2659,CUST-106,Furniture,South,4/21/23 18:00,16,98.98,1583.68,439.13
ORD-2660,CUST-729,Grocery,South,4/21/23 19:00,13,64.18,834.34,168.48
ORD-2661,CUST-867,Clothing,East,4/21/23 20:00,8,80.71,645.68,157.16
ORD-2662,CUST-529,Clothing,West,4/21/23 21:00,6,75.39,452.34,49.34
ORD-2663,CUST-872,Clothing,North,4/21/23 22:00,6,73.13,438.78,92.79
ORD-2664,CUST-128,Furniture,East,4/21/23 23:00,9,74.47,670.23,76.43
ORD-2665,CUST-292,Clothing,South,4/22/23 0:00,4,50.9,203.6,31.3
ORD-2666,CUST-86,Electronics,North,4/22/23 1:00,11,52.67,579.37,123.62
ORD-2667,CUST-782,Grocery,East,4/22/23 2:00,5,52.11,260.55,68.12
ORD-2668,CUST-165,Grocery,North,4/22/23 3:00,17,12.99,220.83,46.86
ORD-2669,CUST-280,Electronics,North,4/22/23 4:00,7,31.7,221.9,63.74
ORD-2670,CUST-461,Furniture,East,4/22/23 5:00,15,23.91,358.65,93.99
ORD-2671,CUST-928,Furniture,North,4/22/23 6:00,15,89.78,1346.7,176.75
ORD-2672,CUST-526,Grocery,West,4/22/23 7:00,14,34.75,486.5,86.5
ORD-2673,CUST-151,Clothing,East,4/22/23 8:00,13,22.46,291.98,68.23
ORD-2674,CUST-851,Furniture,West,4/22/23 9:00,11,20.78,228.58,65.76
ORD-2675,CUST-448,Furniture,South,4/22/23 10:00,13,73,949,282.37
ORD-2676,CUST-94,Electronics,North,4/22/23 11:00,9,10.55,94.95,23.99
ORD-2677,CUST-970,Electronics,South,4/22/23 12:00,10,52.42,524.2,168.855
ORD-2678,CUST-933,Clothing,South,4/22/23 13:00,4,20.7,82.8,20.81
ORD-2679,CUST-228,Furniture,North,4/22/23 14:00,17,86.47,1469.99,227.33
ORD-2680,CUST-837,Furniture,East,4/22/23 15:00,14,96.26,1347.64,211.2
ORD-2681,CUST-462,Electronics,North,4/22/23 16:00,18,96.29,1733.22,400.15
ORD-2682,CUST-906,Furniture,South,4/22/23 17:00,11,49.78,547.58,150.24
ORD-2683,CUST-358,Grocery,South,4/22/23 18:00,16,68.01,1088.16,319.88
ORD-2684,CUST-953,Electronics,East,4/22/23 19:00,1,63.97,63.97,10.76
ORD-2685,CUST-28,Clothing,North,4/22/23 20:00,7,41.5,290.5,75.33
ORD-2686,CUST-425,Electronics,South,4/22/23 21:00,10,49.97,499.7,135.07
ORD-2687,CUST-55,Furniture,West,4/22/23 22:00,9,15.79,142.11,31.92
ORD-2688,CUST-406,Clothing,South,4/22/23 23:00,3,81.61,244.83,41.5
ORD-2689,CUST-515,Electronics,South,4/23/23 0:00,14,31.67,443.38,99.24
ORD-2690,CUST-383,Grocery,East,4/23/23 1:00,15,51.45,771.75,167.38
ORD-2691,CUST-242,Grocery,West,4/23/23 2:00,2,53.26,106.52,23.57
ORD-2692,CUST-396,Electronics,South,4/23/23 3:00,14,60.46,846.44,189.48
ORD-2693,CUST-84,Grocery,South,4/23/23 4:00,16,83.61,1337.76,360.41
ORD-2694,CUST-384,Grocery,West,4/23/23 5:00,7,72.27,505.89,67.8
ORD-2695,CUST-230,Grocery,North,4/23/23 6:00,4,69.68,278.72,48.35
ORD-2696,CUST-29,Clothing,North,4/23/23 7:00,18,57.41,1033.38,224.45
ORD-2697,CUST-327,Grocery,South,4/23/23 8:00,5,18.64,93.2,14.6
ORD-2698,CUST-954,Grocery,South,4/23/23 9:00,6,46.18,277.08,81.91
ORD-2699,CUST-102,Grocery,North,4/23/23 10:00,7,96.16,673.12,102.74
ORD-2700,CUST-860,Clothing,East,4/23/23 11:00,15,99.6,1494,289.73
ORD-2701,CUST-732,Electronics,West,4/23/23 12:00,1,75.74,75.74,20.86
ORD-2702,CUST-666,Furniture,West,4/23/23 13:00,4,30.48,121.92,14.14
ORD-2703,CUST-344,Grocery,East,4/23/23 14:00,1,19.17,19.17,5.06
ORD-2704,CUST-811,Electronics,East,4/23/23 15:00,11,47.33,520.63,111.52
ORD-2705,CUST-150,Grocery,East,4/23/23 16:00,18,87.09,1567.62,166.73
ORD-2706,CUST-141,Clothing,East,4/23/23 17:00,14,74.97,1049.58,294.49
ORD-2707,CUST-40,Electronics,East,4/23/23 18:00,11,89.55,985.05,106.23
ORD-2708,CUST-294,Clothing,East,4/23/23 19:00,10,65.42,654.2,132.83
ORD-2709,CUST-940,Grocery,West,4/23/23 20:00,17,21.73,369.41,40.56
ORD-2710,CUST-850,Grocery,East,4/23/23 21:00,4,20.33,81.32,9.29
ORD-2711,CUST-484,Clothing,North,4/23/23 22:00,15,14.32,214.8,59.59
ORD-2712,CUST-713,Furniture,East,4/23/23 23:00,16,61.04,976.64,247.25
ORD-2713,CUST-852,Clothing,East,4/24/23 0:00,13,31.86,414.18,57.73
ORD-2714,CUST-143,Grocery,West,4/24/23 1:00,9,76.09,684.81,153.46
ORD-2715,CUST-778,Clothing,West,4/24/23 2:00,11,71.76,789.36,204.39
ORD-2716,CUST-723,Furniture,East,4/24/23 3:00,11,38.63,424.93,118.1
ORD-2717,CUST-481,Clothing,West,4/24/23 4:00,6,25.91,155.46,30.11
ORD-2718,CUST-460,Furniture,South,4/24/23 5:00,1,19.22,19.22,5.37
ORD-2719,CUST-631,Furniture,West,4/24/23 6:00,6,76.36,458.16,92.35
ORD-2720,CUST-6,Clothing,West,4/24/23 7:00,13,50.54,657.02,156.14
ORD-2721,CUST-928,Clothing,West,4/24/23 8:00,5,39.12,195.6,57.86
ORD-2722,CUST-82,Electronics,West,4/24/23 9:00,15,87.1,1306.5,192.3
ORD-2723,CUST-20,Grocery,North,4/24/23 10:00,18,63.43,1141.74,152.66
ORD-2724,CUST-263,Furniture,North,4/24/23 11:00,14,56.62,792.68,133.49
ORD-2725,CUST-221,Electronics,North,4/24/23 12:00,15,76.9,1153.5,153.28
ORD-2726,CUST-856,Clothing,East,4/24/23 13:00,5,83.4,417,65.4
ORD-2727,CUST-154,Grocery,East,4/24/23 14:00,4,71.75,287,71.35
ORD-2728,CUST-562,Electronics,South,4/24/23 15:00,2,49.6,99.2,19.39
ORD-2729,CUST-963,Furniture,North,4/24/23 16:00,7,44.14,308.98,54.07
ORD-2730,CUST-745,Electronics,East,4/24/23 17:00,10,79.45,794.5,138.04
ORD-2731,CUST-624,Furniture,West,4/24/23 18:00,16,56.61,905.76,125.82
ORD-2732,CUST-541,Clothing,West,4/24/23 19:00,10,73.39,733.9,139.06
ORD-2733,CUST-434,Grocery,North,4/24/23 20:00,18,90.14,1622.52,364.95
ORD-2734,CUST-114,Grocery,South,4/24/23 21:00,17,92.43,1571.31,200.86
ORD-2735,CUST-795,Grocery,South,4/24/23 22:00,13,34.99,454.87,133.99
ORD-2736,CUST-296,Clothing,West,4/24/23 23:00,1,26.91,26.91,5.08
ORD-2737,CUST-244,Furniture,South,4/25/23 0:00,1,33.52,33.52,9.71
ORD-2738,CUST-309,Clothing,North,4/25/23 1:00,15,77.62,1164.3,147.79
ORD-2739,CUST-125,Grocery,West,4/25/23 2:00,1,43.31,43.31,10.98
ORD-2740,CUST-49,Clothing,East,4/25/23 3:00,6,25.61,153.66,34.35
ORD-2741,CUST-245,Clothing,East,4/25/23 4:00,13,18.85,245.05,64.7
ORD-2742,CUST-430,Clothing,South,4/25/23 5:00,1,39.46,39.46,8.69
ORD-2743,CUST-655,Furniture,West,4/25/23 6:00,5,22.25,111.25,32.55
ORD-2744,CUST-813,Electronics,West,4/25/23 7:00,9,24.07,216.63,48.83
ORD-2745,CUST-638,Electronics,East,4/25/23 8:00,17,71.55,1216.35,312.51
ORD-2746,CUST-469,Clothing,West,4/25/23 9:00,16,11.78,188.48,51.93
ORD-2747,CUST-65,Electronics,West,4/25/23 10:00,8,20.58,164.64,39.99
ORD-2748,CUST-114,Electronics,West,4/25/23 11:00,17,85.99,1461.83,299.45
ORD-2749,CUST-857,Clothing,South,4/25/23 12:00,15,86.04,1290.6,199.48
ORD-2750,CUST-927,Clothing,West,4/25/23 13:00,1,39.63,39.63,10.74
ORD-2751,CUST-512,Grocery,North,4/25/23 14:00,12,17.92,215.04,42.17
ORD-2752,CUST-612,Electronics,South,4/25/23 15:00,5,73.45,367.25,82.32
ORD-2753,CUST-549,Furniture,West,4/25/23 16:00,6,42.41,254.46,29.48
ORD-2754,CUST-17,Clothing,West,4/25/23 17:00,1,14.09,14.09,2.81
ORD-2755,CUST-648,Grocery,North,4/25/23 18:00,1,24.2,24.2,5.8
ORD-2756,CUST-528,Furniture,South,4/25/23 19:00,10,22.35,223.5,48.46
ORD-2757,CUST-589,Electronics,East,4/25/23 20:00,10,63.02,630.2,119.56
ORD-2758,CUST-248,Grocery,East,4/25/23 21:00,3,90.83,272.49,39.43
ORD-2759,CUST-736,Clothing,South,4/25/23 22:00,17,81.38,1383.46,224.03
ORD-2760,CUST-148,Furniture,West,4/25/23 23:00,19,59.19,1124.61,270.05
ORD-2761,CUST-299,Clothing,West,4/26/23 0:00,11,47.99,527.89,76.46
ORD-2762,CUST-440,Electronics,East,4/26/23 1:00,18,65.68,1182.24,265.23
ORD-2763,CUST-2,Furniture,East,4/26/23 2:00,2,49.94,99.88,21.77
ORD-2764,CUST-630,Electronics,East,4/26/23 3:00,9,32.15,289.35,85.09
ORD-2765,CUST-362,Electronics,North,4/26/23 4:00,17,71.13,1209.21,135.62
ORD-2766,CUST-247,Grocery,East,4/26/23 5:00,14,88.59,1240.26,150.85
ORD-2767,CUST-585,Clothing,North,4/26/23 6:00,4,43.56,174.24,35.06
ORD-2768,CUST-427,Furniture,South,4/26/23 7:00,17,85.74,1457.58,299.42
ORD-2769,CUST-192,Electronics,West,4/26/23 8:00,17,48.8,829.6,89.58
ORD-2770,CUST-681,Electronics,East,4/26/23 9:00,12,46.12,553.44,146.76
ORD-2771,CUST-685,Furniture,West,4/26/23 10:00,18,12.55,225.9,44.94
ORD-2772,CUST-88,Electronics,West,4/26/23 11:00,3,72.58,217.74,36.87
ORD-2773,CUST-537,Grocery,East,4/26/23 12:00,11,82.68,909.48,148.95
ORD-2774,CUST-999,Grocery,East,4/26/23 13:00,18,69.72,1254.96,341.7
ORD-2775,CUST-370,Grocery,South,4/26/23 14:00,4,23.62,94.48,13.17
ORD-2776,CUST-70,Grocery,North,4/26/23 15:00,17,19.3,328.1,43.34
ORD-2777,CUST-977,Electronics,North,4/26/23 16:00,18,61.56,1108.08,158.05
ORD-2778,CUST-539,Furniture,West,4/26/23 17:00,5,46.14,230.7,51.91
ORD-2779,CUST-558,Furniture,East,4/26/23 18:00,14,48.62,680.68,178.46
ORD-2780,CUST-520,Furniture,South,4/26/23 19:00,10,97.1,971,161.38
ORD-2781,CUST-806,Furniture,South,4/26/23 20:00,15,75.15,1127.25,151.83
ORD-2782,CUST-520,Clothing,South,4/26/23 21:00,1,47.06,47.06,6.67
ORD-2783,CUST-568,Furniture,South,4/26/23 22:00,16,11.72,187.52,41.97
ORD-2784,CUST-21,Clothing,South,4/26/23 23:00,11,13.07,143.77,21.45
ORD-2785,CUST-400,Clothing,North,4/27/23 0:00,6,71.63,429.78,118.39
ORD-2786,CUST-895,Grocery,North,4/27/23 1:00,16,85.4,1366.4,165.03
ORD-2787,CUST-482,Clothing,North,4/27/23 2:00,2,73.69,147.38,15.69
ORD-2788,CUST-45,Electronics,East,4/27/23 3:00,1,46.53,46.53,5.48
ORD-2789,CUST-651,Clothing,West,4/27/23 4:00,9,12.8,115.2,31
ORD-2790,CUST-397,Grocery,South,4/27/23 5:00,12,97.07,1164.84,268.2
ORD-2791,CUST-383,Clothing,East,4/27/23 6:00,17,98.77,1679.09,489.54
ORD-2792,CUST-260,Electronics,South,4/27/23 7:00,15,59.44,891.6,149.13
ORD-2793,CUST-766,Electronics,North,4/27/23 8:00,19,16.36,310.84,44.31
ORD-2794,CUST-17,Electronics,East,4/27/23 9:00,10,58.69,586.9,124.65
ORD-2795,CUST-366,Grocery,North,4/27/23 10:00,12,90.31,1083.72,224.94
ORD-2796,CUST-808,Grocery,South,4/27/23 11:00,14,71.2,996.8,217.51
ORD-2797,CUST-70,Furniture,South,4/27/23 12:00,9,74.8,673.2,114.11
ORD-2798,CUST-354,Grocery,West,4/27/23 13:00,13,17.65,229.45,23.22
ORD-2799,CUST-247,Electronics,South,4/27/23 14:00,3,19.59,58.77,6.29
ORD-2800,CUST-751,Electronics,North,4/27/23 15:00,14,21.46,300.44,69.93
ORD-2801,CUST-673,Grocery,South,4/27/23 16:00,10,91.39,913.9,187.03
ORD-2802,CUST-644,Clothing,West,4/27/23 17:00,16,57.33,917.28,242.35
ORD-2803,CUST-107,Grocery,West,4/27/23 18:00,7,81.24,568.68,91.04
ORD-2804,CUST-791,Grocery,North,4/27/23 19:00,4,20.38,81.52,21.45
ORD-2805,CUST-596,Electronics,East,4/27/23 20:00,11,93.49,1028.39,190.35
ORD-2806,CUST-753,Furniture,South,4/27/23 21:00,16,83.9,1342.4,160.2
ORD-2807,CUST-775,Electronics,West,4/27/23 22:00,4,30.23,120.92,35.74
ORD-2808,CUST-341,Furniture,South,4/27/23 23:00,17,88.68,1507.56,305.11
ORD-2809,CUST-137,Electronics,South,4/28/23 0:00,13,33.71,438.23,98.99
ORD-2810,CUST-46,Grocery,East,4/28/23 1:00,11,28.48,313.28,73.36
ORD-2811,CUST-361,Electronics,West,4/28/23 2:00,3,33.78,101.34,17.48
ORD-2812,CUST-560,Electronics,South,4/28/23 3:00,9,91.9,827.1,206.37
ORD-2813,CUST-347,Electronics,West,4/28/23 4:00,6,92.4,554.4,151.94
ORD-2814,CUST-834,Grocery,North,4/28/23 5:00,11,39.61,435.71,77.31
ORD-2815,CUST-659,Grocery,North,4/28/23 6:00,16,73.49,587.92,272.09
ORD-2816,CUST-180,Grocery,South,4/28/23 7:00,19,70.82,1345.58,338.31
ORD-2817,CUST-851,Grocery,West,4/28/23 8:00,5,82.59,412.95,57
ORD-2818,CUST-798,Furniture,South,4/28/23 9:00,14,36.69,513.66,85.53
ORD-2819,CUST-702,Furniture,West,4/28/23 10:00,17,55.91,950.47,115.73
ORD-2820,CUST-476,Clothing,West,4/28/23 11:00,3,70.09,210.27,46.35
ORD-2821,CUST-713,Grocery,East,4/28/23 12:00,4,12.36,49.44,12.86
ORD-2822,CUST-491,Furniture,East,4/28/23 13:00,16,43.91,702.56,156.09
ORD-2823,CUST-647,Electronics,East,4/28/23 14:00,16,72.63,1162.08,157.99
ORD-2824,CUST-187,Grocery,South,4/28/23 15:00,4,32.73,130.92,27.4
ORD-2825,CUST-831,Clothing,East,4/28/23 16:00,19,96.19,1827.61,487.95
ORD-2826,CUST-139,Clothing,East,4/28/23 17:00,17,12.71,216.07,34.69
ORD-2827,CUST-65,Clothing,North,4/28/23 18:00,13,96.23,1250.99,333.43
ORD-2828,CUST-734,Electronics,West,4/28/23 19:00,1,29.51,29.51,7.58
ORD-2829,CUST-795,Furniture,West,4/28/23 20:00,12,14.39,172.68,18.02
ORD-2830,CUST-967,Electronics,East,4/28/23 21:00,4,36.32,145.28,21.49
ORD-2831,CUST-469,Grocery,West,4/28/23 22:00,11,80.77,888.47,185.32
ORD-2832,CUST-38,Clothing,North,4/28/23 23:00,5,77.72,388.6,94.63
ORD-2833,CUST-301,Electronics,North,4/29/23 0:00,2,28.8,57.6,15.9
ORD-2834,CUST-207,Electronics,East,4/29/23 1:00,17,27.71,471.07,107.5
ORD-2835,CUST-45,Furniture,North,4/29/23 2:00,8,67.83,542.64,95.54
ORD-2836,CUST-811,Furniture,West,4/29/23 3:00,6,51.23,307.38,42.09
ORD-2837,CUST-205,Clothing,South,4/29/23 4:00,9,81.31,731.79,184.42
ORD-2838,CUST-908,Electronics,West,4/29/23 5:00,13,12.17,158.21,22.36
ORD-2839,CUST-43,Electronics,South,4/29/23 6:00,11,64.94,714.34,170.79
ORD-2840,CUST-324,Furniture,East,4/29/23 7:00,16,75.76,1212.16,165.15
ORD-2841,CUST-956,Electronics,South,4/29/23 8:00,16,99.4,1590.4,282
ORD-2842,CUST-318,Electronics,North,4/29/23 9:00,2,71.09,142.18,21.36
ORD-2843,CUST-528,Electronics,West,4/29/23 10:00,10,30.87,308.7,48.46
ORD-2844,CUST-408,Furniture,South,4/29/23 11:00,12,19.74,236.88,54.35
ORD-2845,CUST-835,Clothing,West,4/29/23 12:00,8,67.68,541.44,71.57
ORD-2846,CUST-557,Grocery,East,4/29/23 13:00,11,57.09,627.99,179.64
ORD-2847,CUST-485,Clothing,East,4/29/23 14:00,10,90.92,909.2,191.73
ORD-2848,CUST-260,Grocery,North,4/29/23 15:00,13,75.39,980.07,194.24
ORD-2849,CUST-38,Electronics,East,4/29/23 16:00,17,55.88,949.96,177.58
ORD-2850,CUST-772,Clothing,South,4/29/23 17:00,7,46.32,324.24,69.17
ORD-2851,CUST-663,Grocery,East,4/29/23 18:00,3,46.39,139.17,14.54
ORD-2852,CUST-196,Furniture,North,4/29/23 19:00,13,30.37,394.81,117.66
ORD-2853,CUST-293,Furniture,West,4/29/23 20:00,19,11.56,219.64,46.45
ORD-2854,CUST-366,Clothing,West,4/29/23 21:00,7,61.74,432.18,46.26
ORD-2855,CUST-883,Clothing,East,4/29/23 22:00,9,29.12,262.08,57.13
ORD-2856,CUST-800,Electronics,South,4/29/23 23:00,19,28.75,546.25,102.38
ORD-2857,CUST-49,Clothing,North,4/30/23 0:00,13,21.28,276.64,28.99
ORD-2858,CUST-887,Electronics,South,4/30/23 1:00,8,27.06,216.48,61.67
ORD-2859,CUST-672,Electronics,North,4/30/23 2:00,18,12.86,231.48,23.64
ORD-2860,CUST-340,Furniture,East,4/30/23 3:00,2,70.68,141.36,30.47
ORD-2861,CUST-280,Furniture,North,4/30/23 4:00,18,46.13,830.34,242.76
ORD-2862,CUST-128,Grocery,North,4/30/23 5:00,18,60.54,1089.72,160.76
ORD-2863,CUST-819,Furniture,East,4/30/23 6:00,11,67.33,740.63,111.71
ORD-2864,CUST-377,Furniture,South,4/30/23 7:00,1,97.52,97.52,9.76
ORD-2865,CUST-448,Clothing,East,4/30/23 8:00,14,16.14,225.96,25.59
ORD-2866,CUST-911,Furniture,North,4/30/23 9:00,16,47.61,761.76,83.01
ORD-2867,CUST-410,Grocery,East,4/30/23 10:00,11,32.13,353.43,93.49
ORD-2868,CUST-762,Clothing,North,4/30/23 11:00,1,52.9,52.9,14.14
ORD-2869,CUST-451,Grocery,East,4/30/23 12:00,7,92.84,649.88,159.44
ORD-2870,CUST-917,Furniture,West,4/30/23 13:00,16,75.16,1202.56,205.1
ORD-2871,CUST-980,Grocery,West,4/30/23 14:00,14,69.58,974.12,257.41
ORD-2872,CUST-396,Clothing,East,4/30/23 15:00,15,49.71,745.65,155.06
ORD-2873,CUST-348,Electronics,South,4/30/23 16:00,14,70.4,985.6,158.55
ORD-2874,CUST-998,Grocery,North,4/30/23 17:00,11,12.91,142.01,26.62
ORD-2875,CUST-192,Grocery,West,4/30/23 18:00,16,62.76,1004.16,113.62
ORD-2876,CUST-509,Clothing,South,4/30/23 19:00,19,59.84,1136.96,328.56
ORD-2877,CUST-709,Clothing,North,4/30/23 20:00,17,41.2,350.2,156.77
ORD-2878,CUST-510,Grocery,West,4/30/23 21:00,6,28.14,168.84,41.58
ORD-2879,CUST-377,Furniture,West,4/30/23 22:00,11,82.68,909.48,214.02
ORD-2880,CUST-947,Grocery,East,4/30/23 23:00,17,14.85,126.225,58.96
ORD-2881,CUST-817,Clothing,North,5/1/23 0:00,9,16.27,146.43,15.15
ORD-2882,CUST-532,Electronics,South,5/1/23 1:00,18,49.65,893.7,183.27
ORD-2883,CUST-274,Electronics,South,5/1/23 2:00,17,32.73,556.41,147.08
ORD-2884,CUST-821,Furniture,South,5/1/23 3:00,12,77.09,925.08,100.74
ORD-2885,CUST-85,Grocery,North,5/1/23 4:00,5,67.08,335.4,97.68
ORD-2886,CUST-745,Electronics,South,5/1/23 5:00,11,79.53,874.83,161.7
ORD-2887,CUST-435,Grocery,South,5/1/23 6:00,4,39.22,156.88,24.78
ORD-2888,CUST-81,Clothing,South,5/1/23 7:00,4,76.65,306.6,63.27
ORD-2889,CUST-441,Electronics,East,5/1/23 8:00,3,87.61,262.83,68.4
ORD-2890,CUST-617,Furniture,East,5/1/23 9:00,17,41.07,698.19,136.11
ORD-2891,CUST-843,Clothing,North,5/1/23 10:00,7,40.59,284.13,65.07
ORD-2892,CUST-185,Furniture,North,5/1/23 11:00,4,91,364,72.79
ORD-2893,CUST-559,Clothing,South,5/1/23 12:00,13,14.48,188.24,42.59
ORD-2894,CUST-301,Electronics,East,5/1/23 13:00,12,41.52,498.24,63.58
ORD-2895,CUST-329,Furniture,West,5/1/23 14:00,1,20.68,20.68,2.23
ORD-2896,CUST-106,Furniture,West,5/1/23 15:00,19,12.61,239.59,30.52
ORD-2897,CUST-82,Clothing,South,5/1/23 16:00,18,20.16,362.88,57.03
ORD-2898,CUST-336,Furniture,South,5/1/23 17:00,11,48.81,536.91,80.9
ORD-2899,CUST-677,Clothing,East,5/1/23 18:00,3,71.83,215.49,48.06
ORD-2900,CUST-303,Clothing,East,5/1/23 19:00,17,36.04,612.68,117.13
ORD-2901,CUST-314,Clothing,East,5/1/23 20:00,12,86.47,1037.64,111.82
ORD-2902,CUST-457,Clothing,North,5/1/23 21:00,10,49.39,493.9,52.83
ORD-2903,CUST-618,Electronics,North,5/1/23 22:00,8,97.14,777.12,91.79
ORD-2904,CUST-735,Clothing,South,5/1/23 23:00,15,95.87,1438.05,245.35
ORD-2905,CUST-437,Grocery,North,5/2/23 0:00,5,79.59,397.95,40.29
ORD-2906,CUST-171,Furniture,East,5/2/23 1:00,4,93.92,375.68,74.68
ORD-2907,CUST-707,Grocery,East,5/2/23 2:00,19,73.64,1399.16,240.84
ORD-2908,CUST-455,Electronics,North,5/2/23 3:00,4,90.6,362.4,76.5
ORD-2909,CUST-360,Grocery,West,5/2/23 4:00,15,31.28,469.2,114.56
ORD-2910,CUST-458,Furniture,South,5/2/23 5:00,17,41.09,698.53,104.92
ORD-2911,CUST-44,Grocery,West,5/2/23 6:00,12,77.76,933.12,122.63
ORD-2912,CUST-745,Electronics,South,5/2/23 7:00,3,48.21,144.63,22.51
ORD-2913,CUST-891,Clothing,West,5/2/23 8:00,10,85.36,853.6,85.66
ORD-2914,CUST-934,Grocery,North,5/2/23 9:00,15,88.99,1334.85,165.52
ORD-2915,CUST-362,Electronics,South,5/2/23 10:00,10,36.98,369.8,92.51
ORD-2916,CUST-630,Electronics,South,5/2/23 11:00,18,84.11,1513.98,218.86
ORD-2917,CUST-446,Furniture,South,5/2/23 12:00,1,23.88,23.88,7.14
ORD-2918,CUST-282,Furniture,East,5/2/23 13:00,3,40.08,120.24,16.06
ORD-2919,CUST-655,Grocery,East,5/2/23 14:00,12,56.62,679.44,175.13
ORD-2920,CUST-811,Clothing,West,5/2/23 15:00,1,30.38,30.38,7.32
ORD-2921,CUST-971,Electronics,North,5/2/23 16:00,3,62.13,186.39,30.65
ORD-2922,CUST-59,Grocery,East,5/2/23 17:00,3,62.08,186.24,30.94
ORD-2923,CUST-77,Electronics,South,5/2/23 18:00,5,28.62,143.1,30.44
ORD-2924,CUST-688,Electronics,East,5/2/23 19:00,19,81.61,1550.59,419.4
ORD-2925,CUST-653,Clothing,North,5/2/23 20:00,1,66.85,66.85,11.85
ORD-2926,CUST-416,Clothing,East,5/2/23 21:00,4,38.6,154.4,17.33
ORD-2927,CUST-373,Grocery,South,5/2/23 22:00,4,30.9,123.6,21.62
ORD-2928,CUST-526,Clothing,West,5/2/23 23:00,17,89.09,1514.53,214.25
ORD-2929,CUST-821,Clothing,South,5/3/23 0:00,14,85.22,1193.08,343.42
ORD-2930,CUST-768,Grocery,North,5/3/23 1:00,18,30.68,552.24,132.24
ORD-2931,CUST-696,Clothing,West,5/3/23 2:00,1,13.2,13.2,1.45
ORD-2932,CUST-164,Furniture,East,5/3/23 3:00,16,82.41,1318.56,209.12
ORD-2933,CUST-976,Electronics,East,5/3/23 4:00,3,65.4,196.2,21.59
ORD-2934,CUST-32,Electronics,East,5/3/23 5:00,9,19.08,171.72,45.68
ORD-2935,CUST-147,Electronics,West,5/3/23 6:00,4,62.86,251.44,70.72
ORD-2936,CUST-870,Electronics,South,5/3/23 7:00,5,50.7,253.5,31.04
ORD-2937,CUST-623,Grocery,West,5/3/23 8:00,11,79.71,876.81,164.89
ORD-2938,CUST-695,Electronics,West,5/3/23 9:00,9,28.82,259.38,74.28
ORD-2939,CUST-801,Electronics,North,5/3/23 10:00,3,50.78,152.34,19.66
ORD-2940,CUST-449,Electronics,West,5/3/23 11:00,6,24.06,144.36,22.86
ORD-2941,CUST-36,Electronics,East,5/3/23 12:00,11,96.18,1057.98,170.18
ORD-2942,CUST-130,Furniture,South,5/3/23 13:00,9,80.09,720.81,76.41
ORD-2943,CUST-69,Electronics,South,5/3/23 14:00,15,76.31,1144.65,122.77
ORD-2944,CUST-242,Furniture,South,5/3/23 15:00,3,72.12,216.36,62.87
ORD-2945,CUST-798,Grocery,East,5/3/23 16:00,1,48.1,48.1,10.3
ORD-2946,CUST-661,Clothing,East,5/3/23 17:00,19,93.1,1768.9,285.38
ORD-2947,CUST-376,Electronics,East,5/3/23 18:00,14,16.56,231.84,40.74
ORD-2948,CUST-371,Clothing,East,5/3/23 19:00,17,82.29,1398.93,339.9
ORD-2949,CUST-393,Clothing,East,5/3/23 20:00,14,29.37,411.18,71.26
ORD-2950,CUST-973,Grocery,West,5/3/23 21:00,17,39.16,665.72,96.9
ORD-2951,CUST-581,Clothing,East,5/3/23 22:00,14,56.75,794.5,
ORD-2952,CUST-34,Furniture,East,5/3/23 23:00,12,80.44,965.28,237.25
ORD-2953,CUST-620,Clothing,East,5/4/23 0:00,16,85.47,1367.52,186.14
ORD-2954,CUST-158,Clothing,East,5/4/23 1:00,1,62.54,62.54,7.13
ORD-2955,CUST-696,Clothing,South,5/4/23 2:00,13,46.27,601.51,111.51
ORD-2956,CUST-461,Electronics,East,5/4/23 3:00,6,95.19,571.14,61.63
ORD-2957,CUST-972,Electronics,West,5/4/23 4:00,17,32.19,547.23,160.34
ORD-2958,CUST-380,Furniture,West,5/4/23 5:00,12,82.28,987.36,222.61
ORD-2959,CUST-381,Furniture,West,5/4/23 6:00,19,65.08,,161.41
ORD-2960,CUST-455,Electronics,North,5/4/23 7:00,6,43.92,263.52,35.44
ORD-2961,CUST-782,Furniture,South,5/4/23 8:00,7,10.12,70.84,15.16
ORD-2962,CUST-79,Electronics,East,5/4/23 9:00,1,50.19,50.19,8.6
ORD-2963,CUST-588,Grocery,North,5/4/23 10:00,1,34.9,34.9,8.89
ORD-2964,CUST-141,Clothing,East,5/4/23 11:00,5,19.39,96.95,20.28
ORD-2965,CUST-543,Clothing,North,5/4/23 12:00,6,16.76,100.56,18.77
ORD-2966,CUST-376,Furniture,North,5/4/23 13:00,16,41.28,660.48,193.25
ORD-2967,CUST-408,Electronics,West,5/4/23 14:00,16,65.33,1045.28,186.21
ORD-2968,CUST-322,Electronics,West,5/4/23 15:00,14,85.38,1195.32,215.3
ORD-2969,CUST-666,Furniture,North,5/4/23 16:00,1,26.52,26.52,6.18
ORD-2970,CUST-286,Electronics,West,5/4/23 17:00,13,48.22,626.86,164.17
ORD-2971,CUST-256,Grocery,North,5/4/23 18:00,10,45.28,452.8,101.99
ORD-2972,CUST-984,Clothing,South,5/4/23 19:00,10,56.21,562.1,134.75
ORD-2973,CUST-117,Furniture,West,5/4/23 20:00,9,82.86,745.74,130.2
ORD-2974,CUST-27,Furniture,West,5/4/23 21:00,13,59.83,777.79,152.37
ORD-2975,CUST-754,Electronics,West,5/4/23 22:00,3,86.2,258.6,36.05
ORD-2976,CUST-191,Furniture,South,5/4/23 23:00,18,56.67,1020.06,240.78
ORD-2977,CUST-512,Grocery,North,5/5/23 0:00,2,64.35,128.7,18.57
ORD-2978,CUST-531,Electronics,East,5/5/23 1:00,17,49.36,839.12,84.12
ORD-2979,CUST-397,Electronics,West,5/5/23 2:00,19,84.08,1597.52,458.09
ORD-2980,CUST-936,Electronics,North,5/5/23 3:00,13,93.14,1210.82,195.19
ORD-2981,CUST-576,Electronics,South,5/5/23 4:00,13,67.52,877.76,122.3
ORD-2982,CUST-121,Grocery,East,5/5/23 5:00,1,83.87,83.87,
ORD-2983,CUST-269,Electronics,West,5/5/23 6:00,2,15.31,30.62,5.09
ORD-2984,CUST-794,Furniture,South,5/5/23 7:00,1,91.55,91.55,17.84
ORD-2985,CUST-267,Grocery,South,5/5/23 8:00,5,27,135,15.37
ORD-2986,CUST-721,Clothing,East,5/5/23 9:00,3,33.09,99.27,10.97
ORD-2987,CUST-457,Clothing,North,5/5/23 10:00,7,14.8,103.6,16.43
ORD-2988,CUST-220,Furniture,West,5/5/23 11:00,13,96.89,1259.57,200.46
ORD-2989,CUST-627,Furniture,West,5/5/23 12:00,18,86.68,1560.24,192.74
ORD-2990,CUST-293,Grocery,North,5/5/23 13:00,7,92.19,645.33,116.78
ORD-2991,CUST-711,Clothing,North,5/5/23 14:00,1,86.25,86.25,13.52
ORD-2992,CUST-939,Clothing,North,5/5/23 15:00,5,53.16,265.8,27.97
ORD-2993,CUST-503,Clothing,East,5/5/23 16:00,17,93.17,1583.89,438.97
ORD-2994,CUST-205,Clothing,East,5/5/23 17:00,8,97.25,,215.66
ORD-2995,CUST-126,Clothing,West,5/5/23 18:00,15,55.23,828.45,117.5
ORD-2996,CUST-139,Electronics,East,5/5/23 19:00,4,25.81,103.24,13.69
ORD-2997,CUST-874,Furniture,South,5/5/23 20:00,2,69.28,138.56,29.02
ORD-2998,CUST-76,Electronics,West,5/5/23 21:00,5,97.79,488.95,110.58
ORD-2999,CUST-463,Clothing,East,5/5/23 22:00,1,88.49,88.49,25.8
ORD-3000,CUST-177,Grocery,North,5/5/23 23:00,5,87.56,437.8,76.82
ORD-3001,CUST-921,Grocery,South,5/6/23 0:00,6,94.04,564.24,126.19
ORD-3002,CUST-731,Clothing,North,5/6/23 1:00,2,90.46,180.92,49.87
ORD-3003,CUST-456,Clothing,West,5/6/23 2:00,1,79.87,79.87,15.17
ORD-3004,CUST-90,Grocery,North,5/6/23 3:00,4,74.64,298.56,37.16
ORD-3005,CUST-830,Electronics,East,5/6/23 4:00,7,33.83,236.81,41.56
ORD-3006,CUST-699,Electronics,East,5/6/23 5:00,1,65.92,65.92,8.39
ORD-3007,CUST-991,Clothing,West,5/6/23 6:00,1,56.93,56.93,5.88
ORD-3008,CUST-866,Electronics,North,5/6/23 7:00,8,87.57,700.56,175.36
ORD-3009,CUST-328,Grocery,West,5/6/23 8:00,16,54.25,868,128.19
ORD-3010,CUST-684,Electronics,North,5/6/23 9:00,13,21.5,279.5,28.06
ORD-3011,CUST-356,Clothing,South,5/6/23 10:00,18,10.45,188.1,51.63
ORD-3012,CUST-727,Grocery,East,5/6/23 11:00,10,71.01,355.05,134.04
ORD-3013,CUST-67,Electronics,West,5/6/23 12:00,12,59.49,713.88,
ORD-3014,CUST-564,Furniture,South,5/6/23 13:00,1,39.79,39.79,6.07
ORD-3015,CUST-556,Grocery,South,5/6/23 14:00,10,25.21,252.1,37.34
ORD-3016,CUST-298,Grocery,West,5/6/23 15:00,9,52,468,65.01
ORD-3017,CUST-913,Furniture,West,5/6/23 16:00,3,19.03,57.09,15.31
ORD-3018,CUST-308,Furniture,South,5/6/23 17:00,19,40.25,764.75,102.53
ORD-3019,CUST-872,Grocery,North,5/6/23 18:00,9,44.13,397.17,84.35
ORD-3020,CUST-162,Furniture,South,5/6/23 19:00,10,51.91,519.1,59.94
ORD-3021,CUST-729,Clothing,West,5/6/23 20:00,19,52,988,286.43
ORD-3022,CUST-727,Clothing,South,5/6/23 21:00,16,33.13,530.08,116.97
ORD-3023,CUST-950,Clothing,North,5/6/23 22:00,18,86.52,1557.36,437.04
ORD-3024,CUST-718,Grocery,East,5/6/23 23:00,14,42,588,105.59
ORD-3025,CUST-654,Furniture,East,5/7/23 0:00,3,30.66,91.98,24.11
ORD-3026,CUST-179,Furniture,South,5/7/23 1:00,2,25.82,51.64,13.98
ORD-3027,CUST-813,Electronics,North,5/7/23 2:00,1,39.03,39.03,9.39
ORD-3028,CUST-371,Electronics,East,5/7/23 3:00,18,16.08,289.44,34.32
ORD-3029,CUST-521,Furniture,South,5/7/23 4:00,9,12.96,116.64,12.04
ORD-3030,CUST-230,Furniture,South,5/7/23 5:00,13,64.46,837.98,112.05
ORD-3031,CUST-125,Furniture,North,5/7/23 6:00,2,65.72,131.44,16.25
ORD-3032,CUST-206,Grocery,West,5/7/23 7:00,7,57.66,403.62,98.9
ORD-3033,CUST-812,Furniture,South,5/7/23 8:00,16,78.61,1257.76,265.89
ORD-3034,CUST-143,Electronics,West,5/7/23 9:00,19,13.52,256.88,52.71
ORD-3035,CUST-243,Grocery,West,5/7/23 10:00,15,94.24,1413.6,212.85
ORD-3036,CUST-810,Furniture,East,5/7/23 11:00,11,18.56,204.16,26.73
ORD-3037,CUST-506,Electronics,West,5/7/23 12:00,1,70.66,70.66,9.98
ORD-3038,CUST-27,Grocery,North,5/7/23 13:00,7,22.01,154.07,27.74
ORD-3039,CUST-370,Furniture,East,5/7/23 14:00,8,89.19,713.52,176.97
ORD-3040,CUST-568,Furniture,East,5/7/23 15:00,10,55.96,559.6,84.45
ORD-3041,CUST-587,Furniture,East,5/7/23 16:00,5,17.41,87.05,20.87
ORD-3042,CUST-378,Grocery,South,5/7/23 17:00,9,65.51,589.59,116.92
ORD-3043,CUST-479,Electronics,South,5/7/23 18:00,1,10.82,10.82,3
ORD-3044,CUST-823,Electronics,West,5/7/23 19:00,2,79.84,159.68,23.41
ORD-3045,CUST-565,Clothing,East,5/7/23 20:00,19,68.55,1302.45,247.69
ORD-3046,CUST-133,Furniture,East,5/7/23 21:00,14,29.14,407.96,48.68
ORD-3047,CUST-627,Clothing,North,5/7/23 22:00,10,43.73,437.3,109.56
ORD-3048,CUST-906,Clothing,West,5/7/23 23:00,9,10.7,96.3,19.39
ORD-3049,CUST-89,Electronics,North,5/8/23 0:00,10,72.43,724.3,178.57
ORD-3050,CUST-68,Grocery,West,5/8/23 1:00,6,39.04,234.24,32.7
ORD-3051,CUST-317,Grocery,West,5/8/23 2:00,17,61.44,1044.48,150.01
ORD-3052,CUST-408,Electronics,South,5/8/23 3:00,6,96.11,576.66,130.51
ORD-3053,CUST-735,Grocery,South,5/8/23 4:00,4,36.95,147.8,26.09
ORD-3054,CUST-737,Clothing,North,5/8/23 5:00,3,99.12,297.36,58.41
ORD-3055,CUST-491,Furniture,West,5/8/23 6:00,19,66.95,1272.05,
ORD-3056,CUST-539,Electronics,East,5/8/23 7:00,18,31.79,572.22,114.34
ORD-3057,CUST-421,Furniture,South,5/8/23 8:00,4,49.31,197.24,45.46
ORD-3058,CUST-788,Grocery,East,5/8/23 9:00,8,76.64,613.12,141.85
ORD-3059,CUST-420,Furniture,North,5/8/23 10:00,17,50.18,853.06,222.41
ORD-3060,CUST-844,Grocery,South,5/8/23 11:00,5,16.17,80.85,18.4
ORD-3061,CUST-589,Grocery,South,5/8/23 12:00,13,25.17,327.21,36.96
ORD-3062,CUST-76,Clothing,West,5/8/23 13:00,1,81.22,81.22,13.68
ORD-3063,CUST-129,Grocery,North,5/8/23 14:00,13,68.35,888.55,264.67
ORD-3064,CUST-996,Clothing,West,5/8/23 15:00,4,61.28,245.12,34.15
ORD-3065,CUST-325,Clothing,South,5/8/23 16:00,14,25.09,351.26,76.34
ORD-3066,CUST-658,Clothing,North,5/8/23 17:00,3,85.4,256.2,68.81
ORD-3067,CUST-76,Electronics,South,5/8/23 18:00,5,96.47,482.35,104.82
ORD-3068,CUST-461,Electronics,North,5/8/23 19:00,7,13.68,95.76,16.71
ORD-3069,CUST-478,Grocery,South,5/8/23 20:00,1,17.02,17.02,1.98
ORD-3070,CUST-697,Clothing,East,5/8/23 21:00,12,89.63,1075.56,185.35
ORD-3071,CUST-530,Electronics,East,5/8/23 22:00,11,83.4,917.4,125.15
ORD-3072,CUST-353,Clothing,West,5/8/23 23:00,8,65.61,524.88,153.36
ORD-3073,CUST-132,Furniture,East,5/9/23 0:00,6,95.05,570.3,138.59
ORD-3074,CUST-900,Furniture,South,5/9/23 1:00,2,68.18,136.36,34.07
ORD-3075,CUST-849,Furniture,South,5/9/23 2:00,19,29.44,559.36,104.71
ORD-3076,CUST-799,Grocery,East,5/9/23 3:00,14,75.58,1058.12,129.08
ORD-3077,CUST-565,Clothing,West,5/9/23 4:00,1,68.11,68.11,10.44
ORD-3078,CUST-656,Furniture,East,5/9/23 5:00,10,98.72,987.2,150
ORD-3079,CUST-602,Electronics,North,5/9/23 6:00,16,29.25,468,92.36
ORD-3080,CUST-187,Furniture,North,5/9/23 7:00,4,63.81,255.24,49.06
ORD-3081,CUST-787,Furniture,North,5/9/23 8:00,11,80.22,882.42,164.73
ORD-3082,CUST-990,Furniture,East,5/9/23 9:00,16,40.51,648.16,129.11
ORD-3083,CUST-133,Grocery,East,5/9/23 10:00,1,44.17,44.17,13.14
ORD-3084,CUST-444,Electronics,East,5/9/23 11:00,16,89.91,1438.56,229.7
ORD-3085,CUST-515,Clothing,North,5/9/23 12:00,19,46.38,881.22,196.56
ORD-3086,CUST-933,Electronics,West,5/9/23 13:00,9,66.23,596.07,88.16
ORD-3087,CUST-890,Clothing,South,5/9/23 14:00,9,90.03,810.27,156.64
ORD-3088,CUST-57,Grocery,East,5/9/23 15:00,9,28.88,259.92,36.39
ORD-3089,CUST-852,Grocery,West,5/9/23 16:00,17,98.37,1672.29,353.92
ORD-3090,CUST-128,Grocery,South,5/9/23 17:00,12,73.18,878.16,134.36
ORD-3091,CUST-531,Grocery,South,5/9/23 18:00,13,54.65,710.45,76.27
ORD-3092,CUST-157,Clothing,South,5/9/23 19:00,8,48.78,390.24,102.65
ORD-3093,CUST-312,Furniture,West,5/9/23 20:00,16,95.89,1534.24,192.78
ORD-3094,CUST-169,Clothing,West,5/9/23 21:00,18,28.52,513.36,89.12
ORD-3095,CUST-166,Electronics,North,5/9/23 22:00,1,38.05,38.05,7.44
ORD-3096,CUST-331,Grocery,West,5/9/23 23:00,1,37.7,37.7,7.03
ORD-3097,CUST-958,Grocery,West,5/10/23 0:00,12,36.01,432.12,105.93
ORD-3098,CUST-727,Electronics,West,5/10/23 1:00,6,52.17,313.02,68.66
ORD-3099,CUST-231,Clothing,South,5/10/23 2:00,9,99.03,891.27,141.78
ORD-3100,CUST-355,Furniture,East,5/10/23 3:00,5,89.99,449.95,49.65
ORD-3101,CUST-971,Furniture,North,5/10/23 4:00,16,39.52,632.32,160.31
ORD-3102,CUST-964,Electronics,East,5/10/23 5:00,18,48.06,865.08,147.5
ORD-3103,CUST-532,Furniture,East,5/10/23 6:00,17,70.25,1194.25,331.94
ORD-3104,CUST-917,Clothing,West,5/10/23 7:00,18,11.54,207.72,37.18
ORD-3105,CUST-291,Clothing,North,5/10/23 8:00,1,83.81,83.81,20.41
ORD-3106,CUST-867,Electronics,East,5/10/23 9:00,19,89.18,1694.42,487.85
ORD-3107,CUST-81,Clothing,East,5/10/23 10:00,8,87.15,697.2,160.52
ORD-3108,CUST-257,Grocery,North,5/10/23 11:00,3,43.75,131.25,23.98
ORD-3109,CUST-202,Electronics,West,5/10/23 12:00,5,51.58,257.9,55.06
ORD-3110,CUST-651,Clothing,East,5/10/23 13:00,8,11.11,88.88,18.55
ORD-3111,CUST-980,Electronics,South,5/10/23 14:00,19,45.95,873.05,189.42
ORD-3112,CUST-565,Furniture,East,5/10/23 15:00,18,51.44,925.92,119.78
ORD-3113,CUST-282,Clothing,South,5/10/23 16:00,18,91.63,1649.34,395.35
ORD-3114,CUST-129,Grocery,West,5/10/23 17:00,1,90.46,90.46,11.67
ORD-3115,CUST-641,Clothing,East,5/10/23 18:00,15,96.95,1454.25,149.68
ORD-3116,CUST-311,Electronics,North,5/10/23 19:00,18,89.66,1613.88,363.05
ORD-3117,CUST-630,Electronics,North,5/10/23 20:00,7,10.74,75.18,9.28
ORD-3118,CUST-547,Clothing,East,5/10/23 21:00,16,67.73,1083.68,275.34
ORD-3119,CUST-96,Grocery,West,5/10/23 22:00,16,16.14,258.24,70.55
ORD-3120,CUST-515,Grocery,West,5/10/23 23:00,15,34.53,517.95,149.66
ORD-3121,CUST-657,Grocery,North,5/11/23 0:00,6,62.05,372.3,86.71
ORD-3122,CUST-173,Electronics,East,5/11/23 1:00,9,73.06,657.54,129.14
ORD-3123,CUST-607,Clothing,West,5/11/23 2:00,7,68.92,482.44,82.23
ORD-3124,CUST-965,Furniture,North,5/11/23 3:00,14,14.42,201.88,40.01
ORD-3125,CUST-595,Electronics,South,5/11/23 4:00,11,19.32,212.52,29.34
ORD-3126,CUST-158,Grocery,East,5/11/23 5:00,16,21.57,345.12,58.56
ORD-3127,CUST-176,Clothing,South,5/11/23 6:00,6,18.23,109.38,26.64
ORD-3128,CUST-675,Grocery,South,5/11/23 7:00,16,26.04,416.64,59.78
ORD-3129,CUST-640,Furniture,West,5/11/23 8:00,16,71.96,1151.36,175.94
ORD-3130,CUST-738,Grocery,West,5/11/23 9:00,12,84.78,1017.36,254.2
ORD-3131,CUST-924,Grocery,West,5/11/23 10:00,17,46.79,795.43,107.83
ORD-3132,CUST-620,Furniture,East,5/11/23 11:00,5,72.35,361.75,53.96
ORD-3133,CUST-346,Clothing,South,5/11/23 12:00,13,28,364,37.68
ORD-3134,CUST-863,Electronics,East,5/11/23 13:00,8,97.6,780.8,190.52
ORD-3135,CUST-947,Clothing,West,5/11/23 14:00,5,41.5,207.5,46.39
ORD-3136,CUST-578,Furniture,South,5/11/23 15:00,12,86.13,516.78,246.89
ORD-3137,CUST-43,Grocery,East,5/11/23 16:00,9,95.08,855.72,122.25
ORD-3138,CUST-846,Clothing,East,5/11/23 17:00,3,87.82,263.46,
ORD-3139,CUST-885,Electronics,North,5/11/23 18:00,3,16.04,24.06,10.55
ORD-3140,CUST-30,Furniture,East,5/11/23 19:00,1,68.53,68.53,11.87
ORD-3141,CUST-84,Clothing,West,5/11/23 20:00,18,20.81,374.58,70.26
ORD-3142,CUST-47,Electronics,East,5/11/23 21:00,12,10.51,126.12,26.94
ORD-3143,CUST-972,Furniture,South,5/11/23 22:00,9,14.66,131.94,26.21
ORD-3144,CUST-657,Electronics,East,5/11/23 23:00,9,92.45,832.05,190.01
ORD-3145,CUST-790,Furniture,North,5/12/23 0:00,18,91.76,1651.68,224.95
ORD-3146,CUST-591,Grocery,South,5/12/23 1:00,18,30.32,272.88,113.6
ORD-3147,CUST-272,Clothing,South,5/12/23 2:00,7,59.24,414.68,78.81
ORD-3148,CUST-667,Electronics,North,5/12/23 3:00,4,95.95,383.8,73.77
ORD-3149,CUST-216,Furniture,West,5/12/23 4:00,13,54.7,711.1,137.87
ORD-3150,CUST-786,Electronics,South,5/12/23 5:00,17,45.42,772.14,213.34
ORD-3151,CUST-586,Electronics,West,5/12/23 6:00,2,53.49,106.98,28.21
ORD-3152,CUST-427,Clothing,South,5/12/23 7:00,14,81.12,1135.68,256.57
ORD-3153,CUST-633,Grocery,South,5/12/23 8:00,3,52.95,158.85,38.65
ORD-3154,CUST-655,Electronics,West,5/12/23 9:00,5,80.49,402.45,43.69
ORD-3155,CUST-32,Furniture,South,5/12/23 10:00,14,48.85,683.9,170.15
ORD-3156,CUST-510,Furniture,West,5/12/23 11:00,3,32.68,98.04,19.34
ORD-3157,CUST-911,Grocery,North,5/12/23 12:00,7,39.38,275.66,45.08
ORD-3158,CUST-643,Furniture,West,5/12/23 13:00,18,17,306,39.15
ORD-3159,CUST-559,Grocery,North,5/12/23 14:00,13,54.76,711.88,81.9
ORD-3160,CUST-297,Furniture,South,5/12/23 15:00,10,23.33,233.3,25.42
ORD-3161,CUST-658,Clothing,West,5/12/23 16:00,13,83.04,1079.52,142.88
ORD-3162,CUST-980,Electronics,South,5/12/23 17:00,16,47.85,,81.18
ORD-3163,CUST-310,Clothing,West,5/12/23 18:00,9,78.85,709.65,174.95
ORD-3164,CUST-495,Electronics,North,5/12/23 19:00,2,95.9,191.8,28.72
ORD-3165,CUST-251,Electronics,North,5/12/23 20:00,5,86.45,432.25,75.1
ORD-3166,CUST-825,Electronics,West,5/12/23 21:00,17,95.63,1625.71,430.07
ORD-3167,CUST-827,Clothing,North,5/12/23 22:00,4,61.11,244.44,30.05
ORD-3168,CUST-702,Electronics,South,5/12/23 23:00,17,24.88,422.96,112.98
ORD-3169,CUST-416,Clothing,South,5/13/23 0:00,9,94.19,,193.2
ORD-3170,CUST-305,Grocery,East,5/13/23 1:00,2,88.17,176.34,29.7
ORD-3171,CUST-465,Furniture,North,5/13/23 2:00,18,87.8,1580.4,195.28
ORD-3172,CUST-75,Furniture,South,5/13/23 3:00,11,72.39,796.29,94.2
ORD-3173,CUST-706,Electronics,West,5/13/23 4:00,13,66.24,861.12,143.9
ORD-3174,CUST-62,Clothing,North,5/13/23 5:00,8,11.33,90.64,11.61
ORD-3175,CUST-162,Furniture,South,5/13/23 6:00,1,77.32,77.32,11.87
ORD-3176,CUST-451,Clothing,North,5/13/23 7:00,17,18.24,310.08,34.29
ORD-3177,CUST-426,Clothing,West,5/13/23 8:00,12,33.38,400.56,87.72
ORD-3178,CUST-496,Electronics,South,5/13/23 9:00,4,59.63,238.52,30.78
ORD-3179,CUST-476,Furniture,East,5/13/23 10:00,13,50.66,658.58,165.53
ORD-3180,CUST-209,Electronics,East,5/13/23 11:00,9,11.42,102.78,14.76
ORD-3181,CUST-349,Electronics,North,5/13/23 12:00,7,84.16,589.12,152.93
ORD-3182,CUST-622,Furniture,West,5/13/23 13:00,5,89.09,445.45,61.46
ORD-3183,CUST-148,Furniture,South,5/13/23 14:00,5,71.37,356.85,87.17
ORD-3184,CUST-321,Grocery,West,5/13/23 15:00,17,58.7,997.9,166.27
ORD-3185,CUST-883,Grocery,South,5/13/23 16:00,9,96.47,868.23,188.08
ORD-3186,CUST-736,Clothing,North,5/13/23 17:00,6,20.8,124.8,13.44
ORD-3187,CUST-327,Furniture,South,5/13/23 18:00,19,76.41,1451.79,288.98
ORD-3188,CUST-752,Grocery,West,5/13/23 19:00,16,21.55,344.8,44.73
ORD-3189,CUST-882,Clothing,West,5/13/23 20:00,2,44.37,88.74,17.51
ORD-3190,CUST-354,Clothing,North,5/13/23 21:00,10,62.69,626.9,80.41
ORD-3191,CUST-999,Clothing,West,5/13/23 22:00,16,76.34,1221.44,228.92
ORD-3192,CUST-409,Grocery,South,5/13/23 23:00,5,10.33,51.65,6.31
ORD-3193,CUST-134,Furniture,North,5/14/23 0:00,15,33.45,501.75,72.25
ORD-3194,CUST-779,Electronics,South,5/14/23 1:00,13,58.44,759.72,166.39
ORD-3195,CUST-380,Clothing,West,5/14/23 2:00,13,57.96,753.48,222.53
ORD-3196,CUST-528,Grocery,North,5/14/23 3:00,13,67.39,876.07,166.31
ORD-3197,CUST-576,Grocery,South,5/14/23 4:00,15,37.35,560.25,133.02
ORD-3198,CUST-109,Electronics,West,5/14/23 5:00,14,58.65,821.1,170.69
ORD-3199,CUST-327,Electronics,West,5/14/23 6:00,8,27.08,216.64,43.26
ORD-3200,CUST-248,Grocery,East,5/14/23 7:00,11,26.82,295.02,33.32
ORD-3201,CUST-478,Furniture,West,5/14/23 8:00,18,61.89,1114.02,215.325
ORD-3202,CUST-126,Electronics,South,5/14/23 9:00,4,71.69,286.76,79.32
ORD-3203,CUST-274,Grocery,North,5/14/23 10:00,10,20.84,208.4,37.94
ORD-3204,CUST-461,Electronics,East,5/14/23 11:00,1,21.05,21.05,4.69
ORD-3205,CUST-254,Furniture,West,5/14/23 12:00,5,60.88,304.4,62.6
ORD-3206,CUST-145,Clothing,West,5/14/23 13:00,13,34.31,446.03,78.4
ORD-3207,CUST-100,Electronics,West,5/14/23 14:00,1,45.32,45.32,8.05
ORD-3208,CUST-52,Furniture,South,5/14/23 15:00,8,46.07,368.56,77.8
ORD-3209,CUST-298,Grocery,East,5/14/23 16:00,3,26.07,78.21,10.03
ORD-3210,CUST-969,Electronics,South,5/14/23 17:00,3,10.12,,5.39
ORD-3211,CUST-394,Electronics,East,5/14/23 18:00,7,86.78,607.46,115.05
ORD-3212,CUST-885,Grocery,North,5/14/23 19:00,4,74.35,297.4,88.34
ORD-3213,CUST-631,Clothing,South,5/14/23 20:00,3,72.15,216.45,36.86
ORD-3214,CUST-429,Grocery,South,5/14/23 21:00,15,59.19,887.85,203.24
ORD-3215,CUST-255,Electronics,North,5/14/23 22:00,8,73.09,584.72,74.54
ORD-3216,CUST-986,Grocery,East,5/14/23 23:00,3,94.21,282.63,31.96
ORD-3217,CUST-887,Furniture,West,5/15/23 0:00,7,69.91,489.37,134.24
ORD-3218,CUST-924,Grocery,North,5/15/23 1:00,18,33.86,609.48,150.02
ORD-3219,CUST-164,Electronics,West,5/15/23 2:00,11,61.35,674.85,110.34
ORD-3220,CUST-834,Grocery,West,5/15/23 3:00,11,49.81,547.91,110.08
ORD-3221,CUST-336,Clothing,North,5/15/23 4:00,17,60.08,1021.36,129.86
ORD-3222,CUST-957,Grocery,East,5/15/23 5:00,6,56.58,339.48,81.96
ORD-3223,CUST-592,Clothing,West,5/15/23 6:00,8,87.29,698.32,79.65
ORD-3224,CUST-739,Furniture,North,5/15/23 7:00,1,68.66,68.66,17.26
ORD-3225,CUST-321,Clothing,South,5/15/23 8:00,10,26.99,269.9,56.51
ORD-3226,CUST-195,Grocery,South,5/15/23 9:00,19,15.67,297.73,46.38
ORD-3227,CUST-782,Electronics,South,5/15/23 10:00,3,48.19,144.57,39.4
ORD-3228,CUST-164,Clothing,North,5/15/23 11:00,4,11.4,45.6,13.55
ORD-3229,CUST-511,Furniture,South,5/15/23 12:00,11,38.65,425.15,64.14
ORD-3230,CUST-528,Clothing,West,5/15/23 13:00,15,43.12,646.8,168.98
ORD-3231,CUST-479,Clothing,South,5/15/23 14:00,1,43.8,43.8,10.95
ORD-3232,CUST-511,Clothing,South,5/15/23 15:00,9,98.14,883.26,220.32
ORD-3233,CUST-901,Furniture,West,5/15/23 16:00,11,37.35,410.85,119.74
ORD-3234,CUST-316,Grocery,South,5/15/23 17:00,19,33.87,643.53,126.98
ORD-3235,CUST-510,Clothing,West,5/15/23 18:00,13,21.64,281.32,66.06
ORD-3236,CUST-24,Clothing,South,5/15/23 19:00,16,55.99,895.84,237.2
ORD-3237,CUST-93,Electronics,West,5/15/23 20:00,4,23.83,95.32,18.67
ORD-3238,CUST-968,Furniture,South,5/15/23 21:00,1,65.47,65.47,12.85
ORD-3239,CUST-403,Clothing,West,5/15/23 22:00,13,23.96,311.48,51
ORD-3240,CUST-518,Furniture,North,5/15/23 23:00,1,61.9,61.9,15.86
ORD-3241,CUST-469,Clothing,West,5/16/23 0:00,5,84.36,421.8,100.07
ORD-3242,CUST-990,Grocery,South,5/16/23 1:00,5,13.83,69.15,13.15
ORD-3243,CUST-247,Grocery,South,5/16/23 2:00,14,47.78,668.92,122.99
ORD-3244,CUST-221,Clothing,East,5/16/23 3:00,14,51.49,720.86,82.55
ORD-3245,CUST-598,Grocery,West,5/16/23 4:00,8,81.2,649.6,65.8
ORD-3246,CUST-362,Clothing,North,5/16/23 5:00,4,52.11,208.44,42.89
ORD-3247,CUST-50,Grocery,West,5/16/23 6:00,7,61.08,427.56,78.46
ORD-3248,CUST-52,Electronics,West,5/16/23 7:00,19,81.21,1542.99,399.95
ORD-3249,CUST-289,Electronics,North,5/16/23 8:00,15,60.38,905.7,188.87
ORD-3250,CUST-507,Electronics,West,5/16/23 9:00,4,42.25,169,48.56
ORD-3251,CUST-612,Furniture,North,5/16/23 10:00,19,17.73,336.87,46.9
ORD-3252,CUST-904,Furniture,North,5/16/23 11:00,9,75.69,681.21,203.02
ORD-3253,CUST-864,Electronics,West,5/16/23 12:00,13,88.4,1149.2,183.39
ORD-3254,CUST-670,Furniture,West,5/16/23 13:00,14,97.31,1362.34,311.27
ORD-3255,CUST-689,Grocery,South,5/16/23 14:00,14,93.39,1307.46,261.98
ORD-3256,CUST-482,Clothing,South,5/16/23 15:00,10,81.77,817.7,140.58
ORD-3257,CUST-293,Clothing,East,5/16/23 16:00,16,67.91,1086.56,138.93
ORD-3258,CUST-550,Clothing,East,5/16/23 17:00,5,80.33,401.65,51
ORD-3259,CUST-9,Electronics,West,5/16/23 18:00,6,48.89,293.34,71.08
ORD-3260,CUST-868,Furniture,North,5/16/23 19:00,2,63.53,127.06,22.3
ORD-3261,CUST-111,Grocery,East,5/16/23 20:00,13,41.38,,157.22
ORD-3262,CUST-442,Grocery,West,5/16/23 21:00,13,39.4,512.2,84.58
ORD-3263,CUST-138,Electronics,East,5/16/23 22:00,19,78.1,1483.9,440.28
ORD-3264,CUST-904,Grocery,North,5/16/23 23:00,18,50.85,915.3,129.13
ORD-3265,CUST-271,Grocery,West,5/17/23 0:00,19,29.09,552.71,66.64
ORD-3266,CUST-745,Grocery,North,5/17/23 1:00,1,28.17,28.17,4.58
ORD-3267,CUST-375,Grocery,West,5/17/23 2:00,8,87.33,698.64,193.6
ORD-3268,CUST-783,Furniture,East,5/17/23 3:00,16,71,1136,232.16
ORD-3269,CUST-413,Grocery,South,5/17/23 4:00,2,59.14,118.28,15.04
ORD-3270,CUST-375,Clothing,East,5/17/23 5:00,8,46.08,368.64,51.79
ORD-3271,CUST-47,Electronics,East,5/17/23 6:00,6,48.77,292.62,47.48
ORD-3272,CUST-411,Furniture,South,5/17/23 7:00,16,15.17,242.72,52.92
ORD-3273,CUST-53,Grocery,South,5/17/23 8:00,11,50.94,560.34,93.28
ORD-3274,CUST-584,Furniture,West,5/17/23 9:00,17,81.59,1387.03,345.94
ORD-3275,CUST-576,Grocery,West,5/17/23 10:00,19,44.92,853.48,190.55
ORD-3276,CUST-200,Clothing,North,5/17/23 11:00,11,44.52,489.72,134.56
ORD-3277,CUST-372,Electronics,North,5/17/23 12:00,8,11.41,91.28,18.27
ORD-3278,CUST-567,Grocery,East,5/17/23 13:00,4,51.21,204.84,34.05
ORD-3279,CUST-296,Grocery,South,5/17/23 14:00,11,12.28,135.08,40.42
ORD-3280,CUST-76,Grocery,North,5/17/23 15:00,8,61.33,490.64,83.96
ORD-3281,CUST-396,Grocery,East,5/17/23 16:00,9,55.61,500.49,92.95
ORD-3282,CUST-517,Electronics,South,5/17/23 17:00,2,85.6,171.2,44.82
ORD-3283,CUST-462,Electronics,West,5/17/23 18:00,16,62.36,997.76,117.46
ORD-3284,CUST-783,Clothing,East,5/17/23 19:00,6,39.11,234.66,41.6
ORD-3285,CUST-564,Electronics,West,5/17/23 20:00,19,56.46,1072.74,125.66
ORD-3286,CUST-287,Grocery,North,5/17/23 21:00,8,72.97,583.76,74.64
ORD-3287,CUST-846,Clothing,North,5/17/23 22:00,14,18.46,258.44,26.08
ORD-3288,CUST-639,Clothing,South,5/17/23 23:00,16,65.9,1054.4,107.45
ORD-3289,CUST-697,Clothing,East,5/18/23 0:00,12,92.5,1110,195.42
ORD-3290,CUST-626,Grocery,West,5/18/23 1:00,5,36.92,184.6,48.33
ORD-3291,CUST-122,Furniture,South,5/18/23 2:00,19,66.4,1261.6,274.27
ORD-3292,CUST-132,Grocery,North,5/18/23 3:00,18,83.92,1510.56,342.87
ORD-3293,CUST-999,Electronics,North,5/18/23 4:00,9,56.06,504.54,102.85
ORD-3294,CUST-100,Electronics,East,5/18/23 5:00,2,74.62,149.24,39.39
ORD-3295,CUST-404,Grocery,West,5/18/23 6:00,12,37.99,455.88,125.86
ORD-3296,CUST-383,Grocery,East,5/18/23 7:00,2,37.55,75.1,30.405
ORD-3297,CUST-814,Clothing,West,5/18/23 8:00,10,70.08,700.8,183.91
ORD-3298,CUST-348,Grocery,West,5/18/23 9:00,1,73.49,73.49,10.03
ORD-3299,CUST-572,Clothing,East,5/18/23 10:00,4,94.33,377.32,82.55
ORD-3300,CUST-962,Electronics,South,5/18/23 11:00,12,30.24,362.88,78.54
ORD-3301,CUST-375,Clothing,East,5/18/23 12:00,9,52.14,469.26,96.47
ORD-3302,CUST-774,Grocery,East,5/18/23 13:00,4,32.55,130.2,25.54
ORD-3303,CUST-148,Electronics,North,5/18/23 14:00,9,17.21,154.89,18.25
ORD-3304,CUST-204,Furniture,North,5/18/23 15:00,6,46.29,277.74,33.45
ORD-3305,CUST-617,Clothing,East,5/18/23 16:00,1,43.67,43.67,12.25
ORD-3306,CUST-522,Electronics,East,5/18/23 17:00,10,34.34,343.4,77.62
ORD-3307,CUST-412,Clothing,North,5/18/23 18:00,14,36.73,514.22,78.4
ORD-3308,CUST-513,Electronics,West,5/18/23 19:00,18,42.44,763.92,119.06
ORD-3309,CUST-42,Electronics,East,5/18/23 20:00,6,99,594,131.89
ORD-3310,CUST-47,Clothing,South,5/18/23 21:00,18,80.47,1448.46,262.73
ORD-3311,CUST-40,Furniture,South,5/18/23 22:00,16,16.43,262.88,49.49
ORD-3312,CUST-141,Electronics,South,5/18/23 23:00,15,88.52,1327.8,148.89
ORD-3313,CUST-731,Electronics,East,5/19/23 0:00,16,67,1072,136.95
ORD-3314,CUST-342,Electronics,West,5/19/23 1:00,8,90.15,721.2,128.86
ORD-3315,CUST-824,Furniture,West,5/19/23 2:00,13,40.75,529.75,127.11
ORD-3316,CUST-486,Furniture,North,5/19/23 3:00,11,51.81,569.91,62.47
ORD-3317,CUST-532,Grocery,East,5/19/23 4:00,7,90.66,634.62,105.93
ORD-3318,CUST-468,Clothing,West,5/19/23 5:00,17,34.53,587.01,140.3
ORD-3319,CUST-153,Furniture,East,5/19/23 6:00,18,92.4,1663.2,429.79
ORD-3320,CUST-621,Clothing,North,5/19/23 7:00,19,84.56,1606.64,221.79
ORD-3321,CUST-915,Grocery,North,5/19/23 8:00,13,98.25,1277.25,314.58
ORD-3322,CUST-528,Clothing,North,5/19/23 9:00,15,39.18,587.7,171.07
ORD-3323,CUST-144,Furniture,South,5/19/23 10:00,1,31.22,31.22,8.78
ORD-3324,CUST-336,Clothing,East,5/19/23 11:00,16,39.78,636.48,164.13
ORD-3325,CUST-954,Furniture,North,5/19/23 12:00,5,95.92,479.6,116.29
ORD-3326,CUST-628,Clothing,East,5/19/23 13:00,3,39.98,119.94,17.63
ORD-3327,CUST-327,Furniture,South,5/19/23 14:00,10,60.87,608.7,138.04
ORD-3328,CUST-167,Furniture,South,5/19/23 15:00,19,46.33,880.27,201.28
ORD-3329,CUST-403,Clothing,North,5/19/23 16:00,5,45.66,228.3,41.41
ORD-3330,CUST-632,Grocery,North,5/19/23 17:00,7,27.4,191.8,38.09
ORD-3331,CUST-758,Electronics,West,5/19/23 18:00,14,58.34,816.76,195.05
ORD-3332,CUST-863,Grocery,East,5/19/23 19:00,3,86.45,259.35,75.32
ORD-3333,CUST-307,Clothing,North,5/19/23 20:00,13,14.45,187.85,29.88
ORD-3334,CUST-608,Grocery,West,5/19/23 21:00,13,90.03,1170.39,174.71
ORD-3335,CUST-345,Furniture,East,5/19/23 22:00,10,69.89,698.9,154.01
ORD-3336,CUST-520,Electronics,North,5/19/23 23:00,2,65.51,131.02,16.53
ORD-3337,CUST-849,Clothing,West,5/20/23 0:00,6,66.33,397.98,86.17
ORD-3338,CUST-522,Clothing,West,5/20/23 1:00,8,36.66,293.28,34.54
ORD-3339,CUST-546,Clothing,East,5/20/23 2:00,4,47.36,189.44,37.53
ORD-3340,CUST-502,Electronics,West,5/20/23 3:00,12,81.94,983.28,220.34
ORD-3341,CUST-726,Furniture,East,5/20/23 4:00,15,37.57,563.55,64.26
ORD-3342,CUST-577,Clothing,East,5/20/23 5:00,8,52.3,418.4,59.16
ORD-3343,CUST-307,Grocery,East,5/20/23 6:00,7,11.77,82.39,13.77
ORD-3344,CUST-487,Clothing,South,5/20/23 7:00,14,76.02,1064.28,184.89
ORD-3345,CUST-836,Clothing,West,5/20/23 8:00,19,47.59,904.21,212.69
ORD-3346,CUST-18,Clothing,East,5/20/23 9:00,14,57.28,801.92,165.04
ORD-3347,CUST-378,Clothing,North,5/20/23 10:00,13,20.32,264.16,46.6
ORD-3348,CUST-340,Furniture,South,5/20/23 11:00,1,99.25,99.25,18.87
ORD-3349,CUST-690,Grocery,South,5/20/23 12:00,19,37.22,707.18,72.55
ORD-3350,CUST-113,Furniture,West,5/20/23 13:00,1,67.15,67.15,17.06
ORD-3351,CUST-427,Grocery,East,5/20/23 14:00,4,62.31,249.24,26.97
ORD-3352,CUST-598,Clothing,West,5/20/23 15:00,10,80.66,806.6,214.45
ORD-3353,CUST-316,Electronics,South,5/20/23 16:00,3,36.45,109.35,22.77
ORD-3354,CUST-816,Furniture,East,5/20/23 17:00,9,78.03,702.27,144.36
ORD-3355,CUST-921,Electronics,North,5/20/23 18:00,3,44.43,133.29,32.11
ORD-3356,CUST-743,Furniture,East,5/20/23 19:00,6,47,282,76.68
ORD-3357,CUST-894,Clothing,South,5/20/23 20:00,6,70.54,423.24,122.12
ORD-3358,CUST-705,Furniture,North,5/20/23 21:00,12,80.59,967.08,201.8
ORD-3359,CUST-645,Clothing,East,5/20/23 22:00,1,70.02,70.02,9.11
ORD-3360,CUST-28,Furniture,North,5/20/23 23:00,16,90.99,1455.84,401.41
ORD-3361,CUST-612,Clothing,North,5/21/23 0:00,5,35.66,178.3,19.28
ORD-3362,CUST-486,Clothing,South,5/21/23 1:00,9,91.06,819.54,214.28
ORD-3363,CUST-272,Grocery,North,5/21/23 2:00,10,21.78,217.8,51.42
ORD-3364,CUST-991,Clothing,West,5/21/23 3:00,13,69.36,901.68,253.32
ORD-3365,CUST-672,Grocery,South,5/21/23 4:00,15,59.29,889.35,248.57
ORD-3366,CUST-802,Clothing,West,5/21/23 5:00,12,54.52,654.24,72.38
ORD-3367,CUST-996,Electronics,North,5/21/23 6:00,5,37.98,189.9,42.14
ORD-3368,CUST-795,Clothing,West,5/21/23 7:00,5,55.34,276.7,34.57
ORD-3369,CUST-593,Electronics,East,5/21/23 8:00,18,24.56,442.08,51.15
ORD-3370,CUST-592,Electronics,North,5/21/23 9:00,12,43.24,518.88,98.41
ORD-3371,CUST-234,Clothing,East,5/21/23 10:00,3,18.88,56.64,6.77
ORD-3372,CUST-739,Electronics,West,5/21/23 11:00,7,61.47,430.29,105.67
ORD-3373,CUST-53,Grocery,East,5/21/23 12:00,17,18.62,158.27,93
ORD-3374,CUST-598,Furniture,North,5/21/23 13:00,19,24.43,464.17,99.29
ORD-3375,CUST-492,Clothing,East,5/21/23 14:00,18,17.69,318.42,46.82
ORD-3376,CUST-175,Electronics,West,5/21/23 15:00,1,44.32,44.32,11.91
ORD-3377,CUST-537,Clothing,West,5/21/23 16:00,5,85.78,428.9,116.07
ORD-3378,CUST-645,Grocery,West,5/21/23 17:00,2,91.62,183.24,45.18
ORD-3379,CUST-739,Clothing,North,5/21/23 18:00,1,16.47,16.47,3.67
ORD-3380,CUST-635,Clothing,West,5/21/23 19:00,7,67.11,469.77,128.51
ORD-3381,CUST-794,Electronics,North,5/21/23 20:00,11,71.59,787.49,104.47
ORD-3382,CUST-862,Grocery,East,5/21/23 21:00,11,58.04,638.44,182.8
ORD-3383,CUST-390,Furniture,West,5/21/23 22:00,18,70.03,1260.54,364.85
ORD-3384,CUST-152,Furniture,East,5/21/23 23:00,17,31.03,527.51,144.75
ORD-3385,CUST-842,Electronics,South,5/22/23 0:00,2,54.07,108.14,16.24
ORD-3386,CUST-698,Clothing,East,5/22/23 1:00,7,45.18,316.26,85.91
ORD-3387,CUST-249,Electronics,South,5/22/23 2:00,7,18.07,126.49,25.24
ORD-3388,CUST-33,Electronics,East,5/22/23 3:00,10,66.3,663,145.19
ORD-3389,CUST-587,Electronics,North,5/22/23 4:00,3,54.57,163.71,43.89
ORD-3390,CUST-971,Clothing,East,5/22/23 5:00,12,34.77,417.24,44.19
ORD-3391,CUST-718,Grocery,North,5/22/23 6:00,3,52.63,157.89,27.25
ORD-3392,CUST-113,Electronics,North,5/22/23 7:00,11,79.78,877.58,230.93
ORD-3393,CUST-196,Clothing,West,5/22/23 8:00,12,82.15,985.8,259.06
ORD-3394,CUST-20,Grocery,North,5/22/23 9:00,4,68.46,273.84,73.86
ORD-3395,CUST-452,Electronics,South,5/22/23 10:00,16,52.1,833.6,111.57
ORD-3396,CUST-322,Furniture,West,5/22/23 11:00,18,61.82,1112.76,268.37
ORD-3397,CUST-429,Grocery,West,5/22/23 12:00,4,44.65,178.6,23.09
ORD-3398,CUST-156,Electronics,East,5/22/23 13:00,6,21.39,128.34,32.99
ORD-3399,CUST-423,Grocery,North,5/22/23 14:00,15,44.71,670.65,99.94
ORD-3400,CUST-708,Grocery,North,5/22/23 15:00,1,57.73,57.73,14.29
ORD-3401,CUST-209,Grocery,South,5/22/23 16:00,3,63.9,191.7,36.61
ORD-3402,CUST-421,Grocery,East,5/22/23 17:00,5,94.22,471.1,140.04
ORD-3403,CUST-514,Grocery,East,5/22/23 18:00,17,79.96,1359.32,293.58
ORD-3404,CUST-794,Grocery,West,5/22/23 19:00,14,23.68,331.52,112.635
ORD-3405,CUST-627,Electronics,West,5/22/23 20:00,9,25.68,231.12,40.13
ORD-3406,CUST-943,Furniture,West,5/22/23 21:00,3,19.04,57.12,14.1
ORD-3407,CUST-483,Clothing,South,5/22/23 22:00,13,76.44,993.72,197.73
ORD-3408,CUST-894,Grocery,South,5/22/23 23:00,3,73.55,220.65,22.86
ORD-3409,CUST-869,Clothing,West,5/23/23 0:00,11,98.77,1086.47,240.89
ORD-3410,CUST-754,Electronics,East,5/23/23 1:00,2,56.98,113.96,
ORD-3411,CUST-745,Grocery,South,5/23/23 2:00,15,84.38,1265.7,186.51
ORD-3412,CUST-64,Furniture,East,5/23/23 3:00,13,61.88,804.44,116.01
ORD-3413,CUST-723,Clothing,East,5/23/23 4:00,19,88.67,1684.73,373.63
ORD-3414,CUST-142,Grocery,North,5/23/23 5:00,16,74.89,1198.24,315.85
ORD-3415,CUST-532,Electronics,West,5/23/23 6:00,18,67.86,1221.48,183.13
ORD-3416,CUST-213,Furniture,North,5/23/23 7:00,7,60.86,426.02,122.03
ORD-3417,CUST-575,Clothing,West,5/23/23 8:00,13,75.07,975.91,278.6
ORD-3418,CUST-333,Clothing,West,5/23/23 9:00,4,47.77,191.08,26.77
ORD-3419,CUST-679,Grocery,East,5/23/23 10:00,9,18.69,168.21,25.7
ORD-3420,CUST-490,Furniture,West,5/23/23 11:00,10,13.6,136,32.66
ORD-3421,CUST-539,Furniture,East,5/23/23 12:00,9,53.11,477.99,138.78
ORD-3422,CUST-386,Furniture,East,5/23/23 13:00,7,63.94,447.58,108.3
ORD-3423,CUST-322,Furniture,West,5/23/23 14:00,15,17.1,256.5,48.47
ORD-3424,CUST-980,Electronics,East,5/23/23 15:00,8,35.82,286.56,38.34
ORD-3425,CUST-178,Furniture,East,5/23/23 16:00,19,38.98,740.62,142.35
ORD-3426,CUST-471,Clothing,East,5/23/23 17:00,11,60.65,667.15,147.68
ORD-3427,CUST-935,Clothing,South,5/23/23 18:00,5,35.06,175.3,29.13
ORD-3428,CUST-546,Electronics,East,5/23/23 19:00,2,18.61,37.22,7.52
ORD-3429,CUST-351,Clothing,South,5/23/23 20:00,10,24.84,248.4,31.31
ORD-3430,CUST-560,Clothing,South,5/23/23 21:00,16,25.66,410.56,78.19
ORD-3431,CUST-363,Furniture,East,5/23/23 22:00,13,85.84,1115.92,131.85
ORD-3432,CUST-693,Clothing,East,5/23/23 23:00,8,35.59,284.72,31.27
ORD-3433,CUST-791,Electronics,South,5/24/23 0:00,9,74.32,668.88,181.57
ORD-3434,CUST-889,Furniture,South,5/24/23 1:00,11,61.11,672.21,94.79
ORD-3435,CUST-739,Grocery,East,5/24/23 2:00,11,97.93,1077.23,231.64
ORD-3436,CUST-698,Furniture,East,5/24/23 3:00,16,34.55,552.8,
ORD-3437,CUST-659,Electronics,West,5/24/23 4:00,10,24.25,242.5,36.98
ORD-3438,CUST-823,Furniture,South,5/24/23 5:00,12,14.68,176.16,30.35
ORD-3439,CUST-710,Furniture,South,5/24/23 6:00,6,31.69,190.14,24.48
ORD-3440,CUST-271,Electronics,West,5/24/23 7:00,12,71.57,858.84,93.78
ORD-3441,CUST-625,Furniture,South,5/24/23 8:00,10,17.67,176.7,48.67
ORD-3442,CUST-496,Electronics,North,5/24/23 9:00,18,32.02,576.36,59
ORD-3443,CUST-197,Electronics,South,5/24/23 10:00,18,86.98,1565.64,175.77
ORD-3444,CUST-981,Grocery,West,5/24/23 11:00,4,62.47,249.88,65.22
ORD-3445,CUST-253,Clothing,North,5/24/23 12:00,9,16.26,146.34,22.89
ORD-3446,CUST-286,Clothing,East,5/24/23 13:00,7,14.29,100.03,24.46
ORD-3447,CUST-572,Furniture,West,5/24/23 14:00,18,15.5,279,36.06
ORD-3448,CUST-306,Furniture,West,5/24/23 15:00,8,94.77,,111.8
ORD-3449,CUST-231,Grocery,East,5/24/23 16:00,11,86.49,951.39,204.13
ORD-3450,CUST-965,Grocery,West,5/24/23 17:00,7,86.04,602.28,179.32
ORD-3451,CUST-997,Grocery,South,5/24/23 18:00,9,93.18,838.62,96.18
ORD-3452,CUST-305,Electronics,East,5/24/23 19:00,8,55.47,443.76,79.93
ORD-3453,CUST-790,Grocery,West,5/24/23 20:00,3,32.26,96.78,10.51
ORD-3454,CUST-296,Grocery,East,5/24/23 21:00,17,46.12,784.04,109.64
ORD-3455,CUST-722,Furniture,East,5/24/23 22:00,2,74.7,149.4,42.06
ORD-3456,CUST-213,Grocery,East,5/24/23 23:00,15,88.84,1332.6,158.97
ORD-3457,CUST-707,Electronics,North,5/25/23 0:00,14,49.16,688.24,186.77
ORD-3458,CUST-722,Electronics,West,5/25/23 1:00,18,58.18,1047.24,141.96
ORD-3459,CUST-501,Furniture,North,5/25/23 2:00,16,93.86,1501.76,409.01
ORD-3460,CUST-325,Grocery,West,5/25/23 3:00,4,19.67,39.34,16.33
ORD-3461,CUST-492,Grocery,South,5/25/23 4:00,6,87.61,525.66,144.89
ORD-3462,CUST-358,Electronics,South,5/25/23 5:00,6,24.34,146.04,19.03
ORD-3463,CUST-574,Grocery,South,5/25/23 6:00,11,53.55,589.05,148.68
ORD-3464,CUST-957,Grocery,West,5/25/23 7:00,17,29.66,504.22,119.07
ORD-3465,CUST-957,Grocery,East,5/25/23 8:00,3,64.27,192.81,40.22
ORD-3466,CUST-815,Clothing,East,5/25/23 9:00,13,60.27,783.51,205.37
ORD-3467,CUST-739,Furniture,North,5/25/23 10:00,3,44.2,132.6,30.45
ORD-3468,CUST-281,Clothing,North,5/25/23 11:00,16,87.7,1403.2,386.45
ORD-3469,CUST-295,Furniture,South,5/25/23 12:00,15,69.38,1040.7,183.38
ORD-3470,CUST-125,Electronics,North,5/25/23 13:00,11,74.91,824.01,269.43
ORD-3471,CUST-588,Grocery,West,5/25/23 14:00,18,23.56,424.08,116.25
ORD-3472,CUST-693,Furniture,West,5/25/23 15:00,15,89.48,1342.2,191.88
ORD-3473,CUST-557,Clothing,North,5/25/23 16:00,5,25.03,125.15,24.67
ORD-3474,CUST-389,Grocery,North,5/25/23 17:00,16,30.05,480.8,140.46
ORD-3475,CUST-918,Electronics,North,5/25/23 18:00,16,21.52,344.32,67.05
ORD-3476,CUST-405,Furniture,North,5/25/23 19:00,17,49.63,843.71,127.03
ORD-3477,CUST-839,Furniture,South,5/25/23 20:00,9,89.89,809.01,137.71
ORD-3478,CUST-354,Furniture,South,5/25/23 21:00,3,32.72,98.16,27.19
ORD-3479,CUST-978,Grocery,North,5/25/23 22:00,13,43.64,567.32,165.08
ORD-3480,CUST-792,Clothing,West,5/25/23 23:00,3,86.15,258.45,74.96
ORD-3481,CUST-824,Clothing,South,5/26/23 0:00,7,65.6,459.2,110.11
ORD-3482,CUST-150,Furniture,West,5/26/23 1:00,6,77.65,465.9,94.07
ORD-3483,CUST-298,Electronics,East,5/26/23 2:00,9,29.26,263.34,35.96
ORD-3484,CUST-44,Electronics,West,5/26/23 3:00,12,74.48,893.76,111.4
ORD-3485,CUST-295,Clothing,North,5/26/23 4:00,15,30.48,457.2,51.19
ORD-3486,CUST-979,Electronics,East,5/26/23 5:00,3,98.86,296.58,30.71
ORD-3487,CUST-732,Clothing,South,5/26/23 6:00,10,60.39,603.9,166.45
ORD-3488,CUST-81,Furniture,South,5/26/23 7:00,1,72.61,72.61,19.01
ORD-3489,CUST-355,Clothing,East,5/26/23 8:00,19,20.66,392.54,83.83
ORD-3490,CUST-947,Clothing,West,5/26/23 9:00,19,32.56,618.64,185.43
ORD-3491,CUST-453,Furniture,South,5/26/23 10:00,13,22.58,293.54,85.31
ORD-3492,CUST-672,Electronics,North,5/26/23 11:00,12,45.12,541.44,125.08
ORD-3493,CUST-263,Clothing,East,5/26/23 12:00,1,35.57,35.57,6.86
ORD-3494,CUST-766,Clothing,North,5/26/23 13:00,19,75.96,1443.24,188.25
ORD-3495,CUST-491,Furniture,East,5/26/23 14:00,16,19.78,316.48,64.28
ORD-3496,CUST-220,Electronics,South,5/26/23 15:00,15,77.69,1165.35,153.3
ORD-3497,CUST-207,Clothing,West,5/26/23 16:00,16,14.11,225.76,40.57
ORD-3498,CUST-848,Furniture,East,5/26/23 17:00,11,28.18,309.98,89.44
ORD-3499,CUST-552,Clothing,East,5/26/23 18:00,6,81.28,487.68,82.12
ORD-3500,CUST-278,Grocery,North,5/26/23 19:00,11,76.85,845.35,110.37
ORD-3501,CUST-956,Furniture,South,5/26/23 20:00,3,52.87,158.61,34.34
ORD-3502,CUST-576,Electronics,North,5/26/23 21:00,15,14.5,217.5,47.95
ORD-3503,CUST-713,Electronics,South,5/26/23 22:00,1,64.89,64.89,9
ORD-3504,CUST-279,Electronics,North,5/26/23 23:00,7,46.61,326.27,45.46
ORD-3505,CUST-141,Electronics,East,5/27/23 0:00,1,38.49,38.49,11.47
ORD-3506,CUST-112,Clothing,North,5/27/23 1:00,17,67.64,1149.88,170.94
ORD-3507,CUST-631,Clothing,West,5/27/23 2:00,9,49.3,443.7,118.75
ORD-3508,CUST-759,Electronics,South,5/27/23 3:00,13,18.32,238.16,46.22
ORD-3509,CUST-601,Electronics,South,5/27/23 4:00,11,92.44,1016.84,190.15
ORD-3510,CUST-246,Electronics,East,5/27/23 5:00,6,80.06,480.36,76.37
ORD-3511,CUST-249,Clothing,South,5/27/23 6:00,1,15.07,15.07,3.84
ORD-3512,CUST-52,Electronics,West,5/27/23 7:00,7,57.26,400.82,110.68
ORD-3513,CUST-686,Electronics,North,5/27/23 8:00,12,17.5,210,31.97
ORD-3514,CUST-927,Grocery,East,5/27/23 9:00,19,85.36,1621.84,193.03
ORD-3515,CUST-544,Grocery,West,5/27/23 10:00,17,65.17,1107.89,141.13
ORD-3516,CUST-232,Electronics,South,5/27/23 11:00,4,25.52,102.08,26.39
ORD-3517,CUST-654,Furniture,South,5/27/23 12:00,3,11.87,35.61,6.66
ORD-3518,CUST-239,Electronics,West,5/27/23 13:00,1,12.84,6.42,
ORD-3519,CUST-54,Grocery,North,5/27/23 14:00,18,55.66,1001.88,168.37
ORD-3520,CUST-103,Furniture,North,5/27/23 15:00,15,76.09,1141.35,231.52
ORD-3521,CUST-424,Furniture,East,5/27/23 16:00,8,20.88,167.04,45.17
ORD-3522,CUST-339,Electronics,South,5/27/23 17:00,1,29.92,29.92,6.83
ORD-3523,CUST-735,Grocery,West,5/27/23 18:00,14,39.45,552.3,74.67
ORD-3524,CUST-484,Grocery,North,5/27/23 19:00,4,29.63,118.52,15.61
ORD-3525,CUST-103,Furniture,East,5/27/23 20:00,5,45.22,226.1,41.26
ORD-3526,CUST-698,Electronics,South,5/27/23 21:00,13,60.37,784.81,90.28
ORD-3527,CUST-790,Clothing,South,5/27/23 22:00,15,71.64,1074.6,269.85
ORD-3528,CUST-141,Clothing,East,5/27/23 23:00,6,96.74,580.44,104.65
ORD-3529,CUST-6,Grocery,East,5/28/23 0:00,1,93.78,93.78,15.81
ORD-3530,CUST-988,Clothing,North,5/28/23 1:00,19,61.31,1164.89,235.1
ORD-3531,CUST-564,Grocery,West,5/28/23 2:00,13,76.07,988.91,239.11
ORD-3532,CUST-952,Grocery,South,5/28/23 3:00,6,95.58,573.48,122.65
ORD-3533,CUST-162,Grocery,West,5/28/23 4:00,15,17.51,262.65,68.42
ORD-3534,CUST-417,Clothing,South,5/28/23 5:00,16,10.51,168.16,37.98
ORD-3535,CUST-669,Grocery,South,5/28/23 6:00,16,12.68,202.88,52.26
ORD-3536,CUST-958,Furniture,West,5/28/23 7:00,10,60.7,607,145.29
ORD-3537,CUST-902,Electronics,East,5/28/23 8:00,9,78.66,707.94,98.14
ORD-3538,CUST-900,Electronics,North,5/28/23 9:00,9,43.04,387.36,42.79
ORD-3539,CUST-488,Grocery,South,5/28/23 10:00,17,59.07,1004.19,281.86
ORD-3540,CUST-489,Electronics,East,5/28/23 11:00,17,56.47,959.99,277.56
ORD-3541,CUST-667,Clothing,South,5/28/23 12:00,17,18.53,315.01,77.3
ORD-3542,CUST-205,Clothing,North,5/28/23 13:00,12,38.94,467.28,114.41
ORD-3543,CUST-775,Electronics,South,5/28/23 14:00,13,11.75,152.75,23.53
ORD-3544,CUST-988,Clothing,North,5/28/23 15:00,12,19.96,239.52,49.94
ORD-3545,CUST-295,Electronics,North,5/28/23 16:00,14,83.07,1162.98,347.09
ORD-3546,CUST-329,Electronics,South,5/28/23 17:00,10,84.65,846.5,229.6
ORD-3547,CUST-293,Electronics,South,5/28/23 18:00,19,82.18,1561.42,251.2
ORD-3548,CUST-662,Grocery,North,5/28/23 19:00,2,75.41,150.82,24.16
ORD-3549,CUST-61,Electronics,East,5/28/23 20:00,4,81.4,325.6,64.05
ORD-3550,CUST-930,Grocery,West,5/28/23 21:00,19,70.39,1337.41,241.96
ORD-3551,CUST-788,Electronics,North,5/28/23 22:00,7,70.29,492.03,85.73
ORD-3552,CUST-92,Electronics,South,5/28/23 23:00,15,70.06,1050.9,236.87
ORD-3553,CUST-668,Electronics,South,5/29/23 0:00,15,56.26,843.9,86.33
ORD-3554,CUST-588,Clothing,East,5/29/23 1:00,6,42.7,256.2,64.73
ORD-3555,CUST-238,Grocery,West,5/29/23 2:00,3,75.72,227.16,56.34
ORD-3556,CUST-548,Grocery,North,5/29/23 3:00,6,36.88,221.28,58.87
ORD-3557,CUST-757,Electronics,North,5/29/23 4:00,16,58.86,941.76,252.66
ORD-3558,CUST-741,Electronics,West,5/29/23 5:00,2,49,98,20.9
ORD-3559,CUST-871,Clothing,North,5/29/23 6:00,7,34.9,244.3,62.54
ORD-3560,CUST-960,Clothing,West,5/29/23 7:00,11,97.72,1074.92,320.025
ORD-3561,CUST-39,Clothing,South,5/29/23 8:00,7,33.29,233.03,67.65
ORD-3562,CUST-936,Grocery,West,5/29/23 9:00,4,37.84,151.36,20.91
ORD-3563,CUST-944,Grocery,North,5/29/23 10:00,7,24.54,171.78,48.63
ORD-3564,CUST-180,Grocery,West,5/29/23 11:00,4,84.07,336.28,51.02
ORD-3565,CUST-428,Electronics,East,5/29/23 12:00,12,62.79,753.48,90.83
ORD-3566,CUST-904,Grocery,South,5/29/23 13:00,5,65.17,325.85,61.2
ORD-3567,CUST-858,Furniture,South,5/29/23 14:00,19,83.85,1593.15,355.25
ORD-3568,CUST-181,Furniture,West,5/29/23 15:00,5,40.86,204.3,29.87
ORD-3569,CUST-957,Clothing,North,5/29/23 16:00,19,27.43,521.17,110.05
ORD-3570,CUST-942,Grocery,East,5/29/23 17:00,3,27.86,83.58,21.86
ORD-3571,CUST-38,Furniture,South,5/29/23 18:00,11,75.94,835.34,126.48
ORD-3572,CUST-857,Clothing,South,5/29/23 19:00,7,65.27,456.89,98.72
ORD-3573,CUST-407,Grocery,North,5/29/23 20:00,17,28.57,485.69,81.53
ORD-3574,CUST-807,Electronics,North,5/29/23 21:00,9,23.06,207.54,42.74
ORD-3575,CUST-508,Furniture,East,5/29/23 22:00,9,20.86,187.74,43.82
ORD-3576,CUST-191,Electronics,West,5/29/23 23:00,10,66.5,665,113.11
ORD-3577,CUST-960,Grocery,North,5/30/23 0:00,13,10.01,130.13,38.9
ORD-3578,CUST-767,Furniture,West,5/30/23 1:00,15,11.65,174.75,37.18
ORD-3579,CUST-986,Grocery,East,5/30/23 2:00,5,45.06,225.3,59.68
ORD-3580,CUST-894,Electronics,West,5/30/23 3:00,3,72.22,216.66,53.09
ORD-3581,CUST-949,Furniture,South,5/30/23 4:00,8,72.55,580.4,157.03
ORD-3582,CUST-297,Electronics,West,5/30/23 5:00,10,48.71,487.1,65.64
ORD-3583,CUST-898,Grocery,East,5/30/23 6:00,13,72.2,938.6,135.64
ORD-3584,CUST-39,Grocery,East,5/30/23 7:00,3,56.9,170.7,50.565
ORD-3585,CUST-10,Electronics,East,5/30/23 8:00,8,97.92,783.36,211.87
ORD-3586,CUST-306,Furniture,West,5/30/23 9:00,9,24.62,221.58,30.92
ORD-3587,CUST-582,Electronics,South,5/30/23 10:00,12,64.06,768.72,226.17
ORD-3588,CUST-618,Grocery,North,5/30/23 11:00,11,54.21,596.31,74.85
ORD-3589,CUST-110,Electronics,South,5/30/23 12:00,2,27.5,55,7.43
ORD-3590,CUST-951,Grocery,West,5/30/23 13:00,18,77.5,1395,186.16
ORD-3591,CUST-344,Electronics,West,5/30/23 14:00,9,34.8,313.2,68.03
ORD-3592,CUST-292,Furniture,North,5/30/23 15:00,2,44.35,88.7,25.15
ORD-3593,CUST-466,Furniture,West,5/30/23 16:00,2,43.73,87.46,13.21
ORD-3594,CUST-657,Electronics,East,5/30/23 17:00,3,31.98,95.94,20.21
ORD-3595,CUST-557,Electronics,East,5/30/23 18:00,16,48.76,780.16,105.44
ORD-3596,CUST-537,Furniture,East,5/30/23 19:00,19,52.6,999.4,226.09
ORD-3597,CUST-506,Grocery,East,5/30/23 20:00,4,76.98,307.92,38.38
ORD-3598,CUST-911,Furniture,East,5/30/23 21:00,18,78.86,1419.48,281.43
ORD-3599,CUST-962,Grocery,West,5/30/23 22:00,18,24.27,436.86,100.93
ORD-3600,CUST-138,Electronics,North,5/30/23 23:00,10,63.35,633.5,136.73
ORD-3601,CUST-872,Electronics,North,5/31/23 0:00,11,90.66,997.26,127.65
ORD-3602,CUST-517,Grocery,East,5/31/23 1:00,17,19.79,336.43,44.5
ORD-3603,CUST-480,Electronics,West,5/31/23 2:00,16,52.56,840.96,197.02
ORD-3604,CUST-280,Grocery,South,5/31/23 3:00,13,77.53,1007.89,263.85
ORD-3605,CUST-198,Clothing,South,5/31/23 4:00,2,65.03,130.06,36.63
ORD-3606,CUST-829,Furniture,West,5/31/23 5:00,2,19.05,19.05,10.01
ORD-3607,CUST-116,Clothing,East,5/31/23 6:00,14,45.69,639.66,188.56
ORD-3608,CUST-339,Grocery,North,5/31/23 7:00,4,55.65,222.6,40.44
ORD-3609,CUST-167,Furniture,West,5/31/23 8:00,17,99.63,1693.71,281.55
ORD-3610,CUST-749,Grocery,South,5/31/23 9:00,13,26.07,338.91,35.8
ORD-3611,CUST-470,Furniture,South,5/31/23 10:00,4,98.42,393.68,74.79
ORD-3612,CUST-664,Furniture,South,5/31/23 11:00,3,43.85,131.55,30.29
ORD-3613,CUST-264,Furniture,East,5/31/23 12:00,12,28.03,336.36,88.49
ORD-3614,CUST-736,Furniture,South,5/31/23 13:00,8,47.27,378.16,58.04
ORD-3615,CUST-191,Grocery,West,5/31/23 14:00,2,65.26,130.52,26.46
ORD-3616,CUST-15,Furniture,West,5/31/23 15:00,6,29.21,175.26,40.73
ORD-3617,CUST-755,Furniture,South,5/31/23 16:00,10,36.23,362.3,76.2
ORD-3618,CUST-346,Clothing,West,5/31/23 17:00,12,86.91,1042.92,161.45
ORD-3619,CUST-810,Electronics,South,5/31/23 18:00,10,99.91,999.1,259.02
ORD-3620,CUST-303,Electronics,South,5/31/23 19:00,10,38.64,386.4,52.04
ORD-3621,CUST-582,Clothing,North,5/31/23 20:00,3,23.4,70.2,19.73
ORD-3622,CUST-691,Clothing,East,5/31/23 21:00,10,81.39,813.9,236.45
ORD-3623,CUST-776,Grocery,East,5/31/23 22:00,9,64.04,576.36,99.78
ORD-3624,CUST-198,Grocery,North,5/31/23 23:00,19,19.04,361.76,63.39
ORD-3625,CUST-180,Grocery,North,6/1/23 0:00,14,95.21,666.47,331.44
ORD-3626,CUST-626,Clothing,East,6/1/23 1:00,2,17.02,34.04,6.51
ORD-3627,CUST-877,Clothing,South,6/1/23 2:00,5,66.28,331.4,35.04
ORD-3628,CUST-655,Furniture,South,6/1/23 3:00,8,48.15,385.2,109.39
ORD-3629,CUST-919,Grocery,East,6/1/23 4:00,7,60.1,420.7,78.31
ORD-3630,CUST-416,Grocery,South,6/1/23 5:00,6,29.19,175.14,24.64
ORD-3631,CUST-847,Grocery,North,6/1/23 6:00,11,71.93,791.23,167.05
ORD-3632,CUST-438,Electronics,South,6/1/23 7:00,12,96.37,1156.44,166.27
ORD-3633,CUST-528,Furniture,South,6/1/23 8:00,18,51.26,922.68,130.29
ORD-3634,CUST-336,Grocery,West,6/1/23 9:00,19,57.07,1084.33,226.78
ORD-3635,CUST-89,Grocery,West,6/1/23 10:00,10,31.58,315.8,56.28
ORD-3636,CUST-411,Grocery,West,6/1/23 11:00,14,90.27,1263.78,271.21
ORD-3637,CUST-686,Electronics,South,6/1/23 12:00,3,97.41,292.23,87.48
ORD-3638,CUST-98,Electronics,East,6/1/23 13:00,18,80.77,1453.86,395.16
ORD-3639,CUST-190,Clothing,North,6/1/23 14:00,15,58.85,882.75,89.63
ORD-3640,CUST-144,Furniture,South,6/1/23 15:00,6,96.11,576.66,63.5
ORD-3641,CUST-489,Clothing,East,6/1/23 16:00,10,23.85,238.5,52.95
ORD-3642,CUST-332,Furniture,South,6/1/23 17:00,12,53.06,636.72,143.42
ORD-3643,CUST-959,Electronics,North,6/1/23 18:00,7,58.38,408.66,112.64
ORD-3644,CUST-255,Grocery,South,6/1/23 19:00,17,54.27,922.59,208.33
ORD-3645,CUST-7,Clothing,North,6/1/23 20:00,1,82.22,82.22,11.97
ORD-3646,CUST-268,Grocery,South,6/1/23 21:00,18,70.34,633.06,245.25
ORD-3647,CUST-393,Clothing,North,6/1/23 22:00,15,21.4,321,84.04
ORD-3648,CUST-242,Electronics,South,6/1/23 23:00,19,41.18,782.42,222.65
ORD-3649,CUST-458,Electronics,North,6/2/23 0:00,1,40.52,40.52,5.97
ORD-3650,CUST-772,Electronics,West,6/2/23 1:00,5,60.91,304.55,63.32
ORD-3651,CUST-274,Clothing,South,6/2/23 2:00,15,36.23,543.45,71.62
ORD-3652,CUST-977,Furniture,South,6/2/23 3:00,3,20.55,61.65,12.29
ORD-3653,CUST-338,Clothing,East,6/2/23 4:00,1,68.83,68.83,8.12
ORD-3654,CUST-310,Furniture,East,6/2/23 5:00,8,86.59,692.72,199.74
ORD-3655,CUST-597,Clothing,North,6/2/23 6:00,12,93.84,1126.08,256.31
ORD-3656,CUST-741,Clothing,South,6/2/23 7:00,19,97.53,1853.07,501.89
ORD-3657,CUST-587,Electronics,North,6/2/23 8:00,12,80.3,963.6,288.75
ORD-3658,CUST-12,Grocery,West,6/2/23 9:00,13,22.57,293.41,40.06
ORD-3659,CUST-268,Grocery,East,6/2/23 10:00,1,86.78,86.78,20.73
ORD-3660,CUST-670,Furniture,North,6/2/23 11:00,19,46,874,242.45
ORD-3661,CUST-369,Grocery,North,6/2/23 12:00,6,75.69,454.14,97.73
ORD-3662,CUST-710,Clothing,East,6/2/23 13:00,8,57.81,462.48,105.42
ORD-3663,CUST-242,Clothing,South,6/2/23 14:00,4,84.57,338.28,61.41
ORD-3664,CUST-64,Electronics,North,6/2/23 15:00,5,48.3,241.5,56.74
ORD-3665,CUST-684,Electronics,East,6/2/23 16:00,7,15.56,108.92,19.51
ORD-3666,CUST-122,Grocery,South,6/2/23 17:00,4,60.11,240.44,46.96
ORD-3667,CUST-477,Furniture,West,6/2/23 18:00,4,25.42,101.68,12.26
ORD-3668,CUST-315,Grocery,East,6/2/23 19:00,15,96.9,1453.5,147.62
ORD-3669,CUST-164,Grocery,North,6/2/23 20:00,5,57.43,287.15,31.88
ORD-3670,CUST-416,Grocery,West,6/2/23 21:00,9,59.82,538.38,74.57
ORD-3671,CUST-703,Grocery,South,6/2/23 22:00,2,91.65,183.3,35.07
ORD-3672,CUST-515,Clothing,South,6/2/23 23:00,7,66.21,463.47,48.29
ORD-3673,CUST-946,Furniture,East,6/3/23 0:00,17,37.25,633.25,83.07
ORD-3674,CUST-917,Clothing,East,6/3/23 1:00,16,36.65,586.4,150.29
ORD-3675,CUST-910,Furniture,East,6/3/23 2:00,17,55.14,937.38,236.63
ORD-3676,CUST-721,Electronics,South,6/3/23 3:00,2,87.99,175.98,45.39
ORD-3677,CUST-789,Grocery,West,6/3/23 4:00,11,81.53,896.83,254.98
ORD-3678,CUST-319,Clothing,South,6/3/23 5:00,2,96.65,193.3,23.93
ORD-3679,CUST-707,Furniture,North,6/3/23 6:00,1,16.47,16.47,2.18
ORD-3680,CUST-121,Electronics,South,6/3/23 7:00,2,34.15,68.3,11.39
ORD-3681,CUST-655,Electronics,North,6/3/23 8:00,9,17.22,154.98,43.86
ORD-3682,CUST-939,Grocery,West,6/3/23 9:00,2,77.6,155.2,39.59
ORD-3683,CUST-964,Furniture,East,6/3/23 10:00,15,22.68,340.2,56.07
ORD-3684,CUST-303,Clothing,East,6/3/23 11:00,10,18.99,189.9,22.32
ORD-3685,CUST-377,Grocery,South,6/3/23 12:00,15,60.55,908.25,202.79
ORD-3686,CUST-630,Clothing,East,6/3/23 13:00,10,47.03,470.3,71.19
ORD-3687,CUST-227,Electronics,West,6/3/23 14:00,17,74.36,1264.12,260.7
ORD-3688,CUST-225,Clothing,East,6/3/23 15:00,9,53.83,484.47,139.7
ORD-3689,CUST-981,Clothing,South,6/3/23 16:00,18,48.28,869.04,186.43
ORD-3690,CUST-137,Grocery,West,6/3/23 17:00,4,48.3,193.2,55.02
ORD-3691,CUST-490,Clothing,North,6/3/23 18:00,9,88.47,796.23,142.21
ORD-3692,CUST-157,Grocery,South,6/3/23 19:00,16,45.57,729.12,165.27
ORD-3693,CUST-466,Electronics,North,6/3/23 20:00,4,40.01,160.04,44.62
ORD-3694,CUST-766,Grocery,West,6/3/23 21:00,16,40.47,647.52,140.9
ORD-3695,CUST-621,Grocery,South,6/3/23 22:00,19,27.69,526.11,117.31
ORD-3696,CUST-383,Furniture,South,6/3/23 23:00,1,87.46,87.46,21.28
ORD-3697,CUST-426,Clothing,West,6/4/23 0:00,6,23.2,139.2,38.48
ORD-3698,CUST-719,Electronics,East,6/4/23 1:00,10,91.77,917.7,107.95
ORD-3699,CUST-563,Grocery,South,6/4/23 2:00,16,35.51,568.16,95.09
ORD-3700,CUST-935,Electronics,South,6/4/23 3:00,4,90.95,363.8,65.32
ORD-3701,CUST-483,Furniture,North,6/4/23 4:00,13,81.17,1055.21,297.51
ORD-3702,CUST-776,Clothing,East,6/4/23 5:00,16,62.38,998.08,290.64
ORD-3703,CUST-551,Grocery,North,6/4/23 6:00,6,70.25,421.5,52.3
ORD-3704,CUST-822,Clothing,North,6/4/23 7:00,11,39.33,432.63,53.57
ORD-3705,CUST-681,Furniture,East,6/4/23 8:00,3,61.68,185.04,53.1
ORD-3706,CUST-846,Furniture,East,6/4/23 9:00,10,36.32,363.2,57.8
ORD-3707,CUST-224,Electronics,West,6/4/23 10:00,1,46.2,46.2,6.85
ORD-3708,CUST-781,Grocery,East,6/4/23 11:00,11,78.82,867.02,92.88
ORD-3709,CUST-254,Electronics,South,6/4/23 12:00,12,31.95,383.4,59.47
ORD-3710,CUST-697,Furniture,East,6/4/23 13:00,14,85.5,1197,285.73
ORD-3711,CUST-773,Clothing,West,6/4/23 14:00,8,43.83,350.64,64.94
ORD-3712,CUST-611,Electronics,West,6/4/23 15:00,11,57.9,636.9,129.53
ORD-3713,CUST-895,Electronics,West,6/4/23 16:00,4,94.78,379.12,107.47
ORD-3714,CUST-807,Clothing,East,6/4/23 17:00,7,71.31,499.17,61.37
ORD-3715,CUST-84,Electronics,East,6/4/23 18:00,10,68.1,681,116.7
ORD-3716,CUST-539,Clothing,North,6/4/23 19:00,19,74.04,1406.76,380.37
ORD-3717,CUST-458,Grocery,North,6/4/23 20:00,4,92.63,370.52,94.47
ORD-3718,CUST-541,Clothing,South,6/4/23 21:00,2,32.37,64.74,9.89
ORD-3719,CUST-721,Grocery,North,6/4/23 22:00,18,65.19,1173.42,193.43
ORD-3720,CUST-371,Clothing,South,6/4/23 23:00,14,46.04,644.56,104.45
ORD-3721,CUST-80,Furniture,West,6/5/23 0:00,16,11.07,177.12,40.66
ORD-3722,CUST-940,Furniture,North,6/5/23 1:00,11,21.28,234.08,26.27
ORD-3723,CUST-578,Grocery,East,6/5/23 2:00,10,39.25,392.5,77.67
ORD-3724,CUST-115,Grocery,North,6/5/23 3:00,17,60.85,1034.45,131.14
ORD-3725,CUST-64,Furniture,South,6/5/23 4:00,14,89.33,1250.62,330.1
ORD-3726,CUST-849,Grocery,North,6/5/23 5:00,4,81.2,324.8,57.21
ORD-3727,CUST-561,Clothing,West,6/5/23 6:00,19,59.8,1136.2,233.51
ORD-3728,CUST-925,Clothing,East,6/5/23 7:00,2,16.65,33.3,3.53
ORD-3729,CUST-518,Furniture,South,6/5/23 8:00,7,35.73,250.11,
ORD-3730,CUST-208,Electronics,East,6/5/23 9:00,9,43,387,90.95
ORD-3731,CUST-587,Clothing,East,6/5/23 10:00,19,65.95,1253.05,317.47
ORD-3732,CUST-550,Grocery,South,6/5/23 11:00,16,15.84,253.44,61.33
ORD-3733,CUST-154,Electronics,East,6/5/23 12:00,16,57.72,923.52,228.48
ORD-3734,CUST-169,Electronics,East,6/5/23 13:00,18,91.13,1640.34,198.36
ORD-3735,CUST-336,Clothing,North,6/5/23 14:00,11,73.49,808.39,192.95
ORD-3736,CUST-875,Clothing,East,6/5/23 15:00,7,81.74,572.18,78.02
ORD-3737,CUST-533,Electronics,East,6/5/23 16:00,9,71.35,642.15,76.8
ORD-3738,CUST-453,Electronics,East,6/5/23 17:00,4,28.59,114.36,28.75
ORD-3739,CUST-120,Furniture,East,6/5/23 18:00,13,19.94,259.22,72.03
ORD-3740,CUST-697,Grocery,South,6/5/23 19:00,4,84.65,338.6,82.4
ORD-3741,CUST-211,Furniture,West,6/5/23 20:00,19,72.6,1379.4,360.18
ORD-3742,CUST-735,Clothing,North,6/5/23 21:00,2,61.76,123.52,36.84
ORD-3743,CUST-598,Furniture,East,6/5/23 22:00,9,27.04,243.36,30.89
ORD-3744,CUST-501,Furniture,East,6/5/23 23:00,12,64.3,771.6,226.1
ORD-3745,CUST-94,Furniture,South,6/6/23 0:00,2,12.82,25.64,5.65
ORD-3746,CUST-921,Furniture,West,6/6/23 1:00,6,20.7,124.2,32.62
ORD-3747,CUST-523,Grocery,East,6/6/23 2:00,5,38.07,190.35,43.79
ORD-3748,CUST-457,Grocery,South,6/6/23 3:00,5,49.94,249.7,53.44
ORD-3749,CUST-829,Electronics,North,6/6/23 4:00,5,20.85,104.25,25.1
ORD-3750,CUST-57,Clothing,North,6/6/23 5:00,4,20.79,83.16,13.64
ORD-3751,CUST-465,Furniture,East,6/6/23 6:00,9,75.33,677.97,193.12
ORD-3752,CUST-136,Electronics,East,6/6/23 7:00,10,61.27,612.7,75.4
ORD-3753,CUST-526,Electronics,West,6/6/23 8:00,16,58.04,928.64,151.93
ORD-3754,CUST-426,Electronics,West,6/6/23 9:00,10,50.72,507.2,53.88
ORD-3755,CUST-468,Grocery,East,6/6/23 10:00,10,97.89,978.9,151.01
ORD-3756,CUST-578,Furniture,South,6/6/23 11:00,19,14.48,275.12,39.52
ORD-3757,CUST-60,Furniture,West,6/6/23 12:00,10,26.26,262.6,28.87
ORD-3758,CUST-573,Clothing,East,6/6/23 13:00,6,68.28,409.68,81.26
ORD-3759,CUST-474,Furniture,West,6/6/23 14:00,17,22.27,378.59,73.34
ORD-3760,CUST-689,Furniture,East,6/6/23 15:00,5,63.04,315.2,36.42
ORD-3761,CUST-827,Electronics,North,6/6/23 16:00,6,61.1,366.6,55.86
ORD-3762,CUST-316,Clothing,East,6/6/23 17:00,15,97.39,1460.85,424.62
ORD-3763,CUST-741,Furniture,North,6/6/23 18:00,19,89.5,1700.5,207.71
ORD-3764,CUST-23,Grocery,West,6/6/23 19:00,18,95.1,1711.8,275.61
ORD-3765,CUST-406,Furniture,East,6/6/23 20:00,4,20.22,80.88,8.67
ORD-3766,CUST-261,Electronics,West,6/6/23 21:00,8,88.13,705.04,91.5
ORD-3767,CUST-837,Grocery,North,6/6/23 22:00,16,21.62,345.92,82.98
ORD-3768,CUST-4,Electronics,East,6/6/23 23:00,19,66.96,1272.24,220.53
ORD-3769,CUST-764,Furniture,West,6/7/23 0:00,3,74.81,224.43,42.73
ORD-3770,CUST-224,Grocery,North,6/7/23 1:00,10,24.48,244.8,32.17
ORD-3771,CUST-593,Clothing,West,6/7/23 2:00,2,66.94,133.88,31.65
ORD-3772,CUST-75,Clothing,South,6/7/23 3:00,4,14.72,58.88,14.74
ORD-3773,CUST-47,Grocery,North,6/7/23 4:00,6,36.39,218.34,29.74
ORD-3774,CUST-434,Grocery,North,6/7/23 5:00,11,92.9,1021.9,111.39
ORD-3775,CUST-353,Electronics,North,6/7/23 6:00,14,25.46,356.44,41.41
ORD-3776,CUST-718,Grocery,East,6/7/23 7:00,16,15.87,253.92,58.76
ORD-3777,CUST-66,Electronics,East,6/7/23 8:00,19,49.93,948.67,120.58
ORD-3778,CUST-555,Furniture,East,6/7/23 9:00,2,86.56,173.12,34.41
ORD-3779,CUST-62,Electronics,South,6/7/23 10:00,17,16.9,287.3,37.5
ORD-3780,CUST-958,Grocery,South,6/7/23 11:00,9,42,378,50.66
ORD-3781,CUST-916,Grocery,North,6/7/23 12:00,17,90.98,1546.66,156.01
ORD-3782,CUST-71,Furniture,South,6/7/23 13:00,15,20.63,309.45,50.8
ORD-3783,CUST-957,Grocery,West,6/7/23 14:00,7,37.96,265.72,31.34
ORD-3784,CUST-484,Grocery,North,6/7/23 15:00,19,80.06,1521.14,271.97
ORD-3785,CUST-33,Clothing,North,6/7/23 16:00,3,58.89,176.67,38.79
ORD-3786,CUST-294,Clothing,West,6/7/23 17:00,1,84.91,84.91,14.73
ORD-3787,CUST-419,Furniture,North,6/7/23 18:00,4,20.04,80.16,19.32
ORD-3788,CUST-185,Electronics,South,6/7/23 19:00,18,92.85,1671.3,414.97
ORD-3789,CUST-788,Clothing,East,6/7/23 20:00,8,94.14,753.12,180.24
ORD-3790,CUST-139,Electronics,West,6/7/23 21:00,19,23.98,455.62,130.92
ORD-3791,CUST-785,Grocery,South,6/7/23 22:00,6,13.05,78.3,11.55
ORD-3792,CUST-657,Clothing,West,6/7/23 23:00,1,99.09,99.09,13.66
ORD-3793,CUST-747,Furniture,West,6/8/23 0:00,8,53.4,427.2,94.81
ORD-3794,CUST-662,Furniture,North,6/8/23 1:00,1,61.49,61.49,13.46
ORD-3795,CUST-987,Furniture,North,6/8/23 2:00,19,65.43,1243.17,251.14
ORD-3796,CUST-431,Clothing,South,6/8/23 3:00,11,81.07,891.77,89.95
ORD-3797,CUST-384,Electronics,West,6/8/23 4:00,15,83.08,1246.2,263.01
ORD-3798,CUST-913,Grocery,North,6/8/23 5:00,11,27.45,301.95,86.53
ORD-3799,CUST-392,Electronics,North,6/8/23 6:00,19,31.3,594.7,99.26
ORD-3800,CUST-460,Electronics,West,6/8/23 7:00,10,88.91,889.1,260.97
ORD-3801,CUST-891,Grocery,South,6/8/23 8:00,12,83.76,1005.12,172.23
ORD-3802,CUST-940,Grocery,South,6/8/23 9:00,1,65.59,65.59,8.39
ORD-3803,CUST-929,Clothing,West,6/8/23 10:00,7,99.52,696.64,125.17
ORD-3804,CUST-387,Clothing,South,6/8/23 11:00,17,76.17,1294.89,257.58
ORD-3805,CUST-385,Clothing,North,6/8/23 12:00,10,29.43,294.3,66.48
ORD-3806,CUST-83,Clothing,West,6/8/23 13:00,6,86.2,517.2,103.94
ORD-3807,CUST-700,Clothing,North,6/8/23 14:00,17,47.33,804.61,166.83
ORD-3808,CUST-988,Grocery,East,6/8/23 15:00,18,13.25,238.5,25
ORD-3809,CUST-678,Electronics,East,6/8/23 16:00,5,38.93,194.65,29.34
ORD-3810,CUST-896,Clothing,South,6/8/23 17:00,18,78.72,1416.96,229.74
ORD-3811,CUST-553,Clothing,East,6/8/23 18:00,17,96.42,1639.14,487.51
ORD-3812,CUST-137,Electronics,North,6/8/23 19:00,16,34.85,557.6,88.72
ORD-3813,CUST-670,Clothing,East,6/8/23 20:00,8,32.19,257.52,71.93
ORD-3814,CUST-881,Electronics,North,6/8/23 21:00,13,60.73,789.49,127.07
ORD-3815,CUST-357,Electronics,South,6/8/23 22:00,16,83.05,1328.8,158.42
ORD-3816,CUST-122,Grocery,South,6/8/23 23:00,11,77.19,849.09,126.96
ORD-3817,CUST-183,Furniture,North,6/9/23 0:00,6,60.4,362.4,56.01
ORD-3818,CUST-551,Grocery,East,6/9/23 1:00,3,66.83,200.49,59.27
ORD-3819,CUST-403,Furniture,South,6/9/23 2:00,1,31.79,31.79,7.47
ORD-3820,CUST-542,Furniture,West,6/9/23 3:00,18,48.93,880.74,252.19
ORD-3821,CUST-131,Furniture,South,6/9/23 4:00,5,32.98,164.9,44.03
ORD-3822,CUST-746,Clothing,East,6/9/23 5:00,13,89.6,1164.8,251.27
ORD-3823,CUST-229,Grocery,West,6/9/23 6:00,10,20.13,201.3,47.32
ORD-3824,CUST-855,Furniture,East,6/9/23 7:00,5,71.18,355.9,80.07
ORD-3825,CUST-4,Electronics,North,6/9/23 8:00,14,33.43,468.02,109.17
ORD-3826,CUST-775,Clothing,West,6/9/23 9:00,17,52.8,897.6,137.29
ORD-3827,CUST-24,Grocery,East,6/9/23 10:00,1,36.95,36.95,6.71
ORD-3828,CUST-306,Furniture,West,6/9/23 11:00,2,39.09,78.18,17.08
ORD-3829,CUST-475,Electronics,East,6/9/23 12:00,7,33.44,234.08,25.09
ORD-3830,CUST-690,Grocery,West,6/9/23 13:00,10,77.75,777.5,152.83
ORD-3831,CUST-737,Grocery,East,6/9/23 14:00,7,42.91,300.37,81.68
ORD-3832,CUST-558,Clothing,North,6/9/23 15:00,16,75.37,1205.92,239.34
ORD-3833,CUST-435,Grocery,West,6/9/23 16:00,5,51.05,255.25,53.72
ORD-3834,CUST-545,Clothing,West,6/9/23 17:00,12,59.25,711,99.81
ORD-3835,CUST-389,Furniture,West,6/9/23 18:00,17,58.9,1001.3,259.21
ORD-3836,CUST-844,Clothing,West,6/9/23 19:00,16,97.83,1565.28,268.88
ORD-3837,CUST-236,Electronics,North,6/9/23 20:00,16,43.04,688.64,200.61
ORD-3838,CUST-254,Clothing,West,6/9/23 21:00,19,28.69,545.11,162.85
ORD-3839,CUST-472,Electronics,South,6/9/23 22:00,15,92.06,1380.9,391.07
ORD-3840,CUST-355,Clothing,North,6/9/23 23:00,12,25.74,308.88,36.13
ORD-3841,CUST-159,Grocery,South,6/10/23 0:00,10,85.1,851,141.81
ORD-3842,CUST-283,Furniture,West,6/10/23 1:00,2,23.52,47.04,13.6
ORD-3843,CUST-194,Electronics,East,6/10/23 2:00,7,69.29,485.03,126.55
ORD-3844,CUST-960,Clothing,South,6/10/23 3:00,13,23.55,306.15,86.41
ORD-3845,CUST-897,Clothing,West,6/10/23 4:00,3,93.08,279.24,59.9
ORD-3846,CUST-743,Clothing,South,6/10/23 5:00,15,60.85,912.75,178.97
ORD-3847,CUST-784,Grocery,West,6/10/23 6:00,1,39.63,39.63,4.81
ORD-3848,CUST-116,Grocery,West,6/10/23 7:00,3,22.63,67.89,18.19
ORD-3849,CUST-33,Electronics,West,6/10/23 8:00,10,43.41,434.1,108.1
ORD-3850,CUST-829,Electronics,East,6/10/23 9:00,15,73.45,1101.75,123.15
ORD-3851,CUST-677,Grocery,South,6/10/23 10:00,6,44.65,267.9,38.01
ORD-3852,CUST-430,Electronics,North,6/10/23 11:00,15,32.15,482.25,101.97
ORD-3853,CUST-630,Furniture,North,6/10/23 12:00,7,61.97,433.79,102.76
ORD-3854,CUST-785,Furniture,North,6/10/23 13:00,5,47.6,238,30.35
ORD-3855,CUST-959,Grocery,North,6/10/23 14:00,4,24.92,99.68,14.85
ORD-3856,CUST-905,Electronics,West,6/10/23 15:00,18,23.86,429.48,59.54
ORD-3857,CUST-911,Clothing,South,6/10/23 16:00,3,73.67,221.01,31.83
ORD-3858,CUST-17,Furniture,South,6/10/23 17:00,17,97.72,1661.24,472.03
ORD-3859,CUST-247,Grocery,East,6/10/23 18:00,18,30.98,,135.6
ORD-3860,CUST-212,Electronics,South,6/10/23 19:00,18,79.58,1432.44,354.42
ORD-3861,CUST-69,Grocery,South,6/10/23 20:00,2,17.88,35.76,9.25
ORD-3862,CUST-104,Clothing,South,6/10/23 21:00,13,44.34,576.42,98.75
ORD-3863,CUST-609,Furniture,East,6/10/23 22:00,15,55.6,834,211.37
ORD-3864,CUST-35,Grocery,North,6/10/23 23:00,5,34.19,170.95,50.55
ORD-3865,CUST-458,Grocery,South,6/11/23 0:00,3,57.66,172.98,
ORD-3866,CUST-613,Grocery,East,6/11/23 1:00,5,89.44,447.2,81.99
ORD-3867,CUST-689,Clothing,East,6/11/23 2:00,5,95,475,115.55
ORD-3868,CUST-721,Grocery,West,6/11/23 3:00,5,19.05,95.25,26.69
ORD-3869,CUST-894,Clothing,East,6/11/23 4:00,3,34.47,103.41,13
ORD-3870,CUST-50,Clothing,North,6/11/23 5:00,3,98.12,294.36,45.05
ORD-3871,CUST-251,Clothing,South,6/11/23 6:00,18,34.34,618.12,175.46
ORD-3872,CUST-759,Furniture,East,6/11/23 7:00,4,72.34,289.36,83.7
ORD-3873,CUST-46,Furniture,North,6/11/23 8:00,1,32.81,32.81,6.46
ORD-3874,CUST-412,Grocery,East,6/11/23 9:00,16,42.07,673.12,117.74
ORD-3875,CUST-450,Grocery,East,6/11/23 10:00,8,27.22,217.76,34.09
ORD-3876,CUST-240,Furniture,East,6/11/23 11:00,17,87.07,1480.19,295.67
ORD-3877,CUST-553,Electronics,East,6/11/23 12:00,8,89.44,715.52,205.29
ORD-3878,CUST-223,Furniture,East,6/11/23 13:00,7,36.72,257.04,33.41
ORD-3879,CUST-773,Clothing,North,6/11/23 14:00,8,84.12,672.96,123.8
ORD-3880,CUST-885,Furniture,South,6/11/23 15:00,12,42.24,506.88,143.1
ORD-3881,CUST-795,Clothing,South,6/11/23 16:00,16,18.91,302.56,51.38
ORD-3882,CUST-58,Grocery,South,6/11/23 17:00,12,78.23,938.76,238.08
ORD-3883,CUST-144,Electronics,South,6/11/23 18:00,19,63.68,1209.92,215.19
ORD-3884,CUST-516,Grocery,North,6/11/23 19:00,10,34.69,346.9,90.54
ORD-3885,CUST-297,Clothing,West,6/11/23 20:00,7,32.77,229.39,67.95
ORD-3886,CUST-240,Clothing,West,6/11/23 21:00,12,97.81,1173.72,208.41
ORD-3887,CUST-836,Clothing,North,6/11/23 22:00,5,87.63,438.15,117.87
ORD-3888,CUST-939,Electronics,North,6/11/23 23:00,16,82.88,1326.08,394.75
ORD-3889,CUST-750,Furniture,East,6/12/23 0:00,9,21.52,193.68,57.48
ORD-3890,CUST-590,Grocery,East,6/12/23 1:00,7,77.97,545.79,101.93
ORD-3891,CUST-327,Grocery,East,6/12/23 2:00,14,29.31,410.34,80.9
ORD-3892,CUST-592,Furniture,South,6/12/23 3:00,11,97.97,1077.67,173.16
ORD-3893,CUST-613,Grocery,East,6/12/23 4:00,7,14.69,102.83,16.74
ORD-3894,CUST-792,Electronics,West,6/12/23 5:00,10,41.69,416.9,82.75
ORD-3895,CUST-689,Grocery,South,6/12/23 6:00,9,48.58,437.22,61.26
ORD-3896,CUST-839,Clothing,East,6/12/23 7:00,4,84.18,336.72,81.56
ORD-3897,CUST-329,Furniture,South,6/12/23 8:00,16,78.96,1263.36,261.85
ORD-3898,CUST-243,Electronics,West,6/12/23 9:00,10,43.75,437.5,122.33
ORD-3899,CUST-310,Furniture,East,6/12/23 10:00,19,60.9,1157.1,303.29
ORD-3900,CUST-898,Electronics,West,6/12/23 11:00,17,85.2,1448.4,238.25
ORD-3901,CUST-147,Clothing,West,6/12/23 12:00,9,11.64,104.76,21.07
ORD-3902,CUST-677,Furniture,West,6/12/23 13:00,13,82.2,1068.6,267.26
ORD-3903,CUST-534,Grocery,East,6/12/23 14:00,1,95.22,95.22,13.2
ORD-3904,CUST-227,Electronics,North,6/12/23 15:00,2,12.89,25.78,2.74
ORD-3905,CUST-424,Furniture,East,6/12/23 16:00,13,14.1,183.3,49.58
ORD-3906,CUST-308,Grocery,West,6/12/23 17:00,9,41.01,369.09,47.06
ORD-3907,CUST-282,Furniture,East,6/12/23 18:00,7,17.9,62.65,34.82
ORD-3908,CUST-63,Furniture,West,6/12/23 19:00,16,53.13,850.08,240.34
ORD-3909,CUST-571,Furniture,North,6/12/23 20:00,19,75.58,1436.02,275.92
ORD-3910,CUST-972,Electronics,South,6/12/23 21:00,7,61.02,427.14,111.64
ORD-3911,CUST-606,Grocery,North,6/12/23 22:00,6,27.68,166.08,28.67
ORD-3912,CUST-901,Clothing,North,6/12/23 23:00,18,68.93,1240.74,337.05
ORD-3913,CUST-753,Electronics,South,6/13/23 0:00,19,71.64,1361.16,360.62
ORD-3914,CUST-934,Electronics,East,6/13/23 1:00,11,93.92,516.56,119.54
ORD-3915,CUST-180,Electronics,South,6/13/23 2:00,12,23.21,278.52,60.31
ORD-3916,CUST-642,Clothing,East,6/13/23 3:00,10,72.31,723.1,164.87
ORD-3917,CUST-696,Grocery,East,6/13/23 4:00,13,92.03,1196.39,119.84
ORD-3918,CUST-438,Grocery,West,6/13/23 5:00,12,55.14,661.68,195.85
ORD-3919,CUST-570,Grocery,West,6/13/23 6:00,10,42.56,425.6,77.17
ORD-3920,CUST-508,Furniture,South,6/13/23 7:00,18,25.37,456.66,92.92
ORD-3921,CUST-49,Furniture,North,6/13/23 8:00,4,88.01,352.04,48.92
ORD-3922,CUST-996,Furniture,South,6/13/23 9:00,5,45.48,227.4,50.52
ORD-3923,CUST-353,Clothing,East,6/13/23 10:00,5,93.24,466.2,122.2
ORD-3924,CUST-965,Furniture,West,6/13/23 11:00,12,86.3,1035.6,224.91
ORD-3925,CUST-659,Clothing,South,6/13/23 12:00,3,43.9,131.7,33.93
ORD-3926,CUST-688,Grocery,South,6/13/23 13:00,8,61.65,493.2,121.44
ORD-3927,CUST-391,Furniture,West,6/13/23 14:00,2,12.45,24.9,3.67
ORD-3928,CUST-805,Furniture,West,6/13/23 15:00,18,33.69,606.42,113.5
ORD-3929,CUST-538,Electronics,West,6/13/23 16:00,9,73.92,665.28,86.3
ORD-3930,CUST-327,Clothing,East,6/13/23 17:00,13,71.01,923.13,100.06
ORD-3931,CUST-714,Grocery,West,6/13/23 18:00,7,41.8,292.6,32.95
ORD-3932,CUST-427,Electronics,North,6/13/23 19:00,10,82.77,827.7,238.79
ORD-3933,CUST-419,Electronics,South,6/13/23 20:00,9,31.23,281.07,83.45
ORD-3934,CUST-153,Grocery,West,6/13/23 21:00,15,51.51,772.65,91.94
ORD-3935,CUST-308,Electronics,West,6/13/23 22:00,5,52.53,262.65,43.87
ORD-3936,CUST-386,Clothing,East,6/13/23 23:00,12,40.67,488.04,59.97
ORD-3937,CUST-189,Clothing,East,6/14/23 0:00,1,95.92,95.92,25.6
ORD-3938,CUST-773,Furniture,South,6/14/23 1:00,12,72.7,872.4,173.83
ORD-3939,CUST-551,Electronics,North,6/14/23 2:00,6,58.53,351.18,78.75
ORD-3940,CUST-485,Furniture,South,6/14/23 3:00,19,55.95,1063.05,221.1
ORD-3941,CUST-247,Electronics,West,6/14/23 4:00,19,24.34,462.46,111.94
ORD-3942,CUST-870,Clothing,North,6/14/23 5:00,16,43.5,696,114.02
ORD-3943,CUST-231,Clothing,North,6/14/23 6:00,19,70.55,1340.45,170.91
ORD-3944,CUST-308,Clothing,North,6/14/23 7:00,3,93.21,279.63,28.95
ORD-3945,CUST-879,Electronics,North,6/14/23 8:00,10,83.48,834.8,157.89
ORD-3946,CUST-725,Clothing,South,6/14/23 9:00,18,37.04,666.72,187.73
ORD-3947,CUST-148,Electronics,East,6/14/23 10:00,13,49.06,637.78,102.72
ORD-3948,CUST-826,Furniture,East,6/14/23 11:00,18,17.46,314.28,43.75
ORD-3949,CUST-475,Electronics,West,6/14/23 12:00,3,19.2,57.6,16.43
ORD-3950,CUST-937,Furniture,East,6/14/23 13:00,3,52.32,156.96,19.01
ORD-3951,CUST-60,Electronics,East,6/14/23 14:00,12,57.72,692.64,76.44
ORD-3952,CUST-576,Furniture,East,6/14/23 15:00,7,33.76,236.32,65.2
ORD-3953,CUST-423,Clothing,East,6/14/23 16:00,8,67.85,542.8,130.37
ORD-3954,CUST-992,Furniture,West,6/14/23 17:00,9,73.3,659.7,121.66
ORD-3955,CUST-427,Clothing,South,6/14/23 18:00,14,36.92,516.88,129.46
ORD-3956,CUST-571,Clothing,North,6/14/23 19:00,5,78.26,391.3,97.16
ORD-3957,CUST-543,Furniture,East,6/14/23 20:00,19,28.5,541.5,58.49
ORD-3958,CUST-138,Electronics,South,6/14/23 21:00,16,58.98,943.68,222
ORD-3959,CUST-398,Electronics,East,6/14/23 22:00,12,82.39,988.68,225.59
ORD-3960,CUST-249,Grocery,East,6/14/23 23:00,4,58.33,233.32,68.31
ORD-3961,CUST-262,Electronics,North,6/15/23 0:00,8,91.72,733.76,215.23
ORD-3962,CUST-209,Grocery,North,6/15/23 1:00,7,15.27,106.89,18.77
ORD-3963,CUST-339,Electronics,North,6/15/23 2:00,15,62.95,944.25,205.82
ORD-3964,CUST-663,Electronics,East,6/15/23 3:00,6,60.56,363.36,46.61
ORD-3965,CUST-81,Clothing,East,6/15/23 4:00,5,69.43,347.15,39.33
ORD-3966,CUST-945,Grocery,East,6/15/23 5:00,14,85.01,1190.14,222.03
ORD-3967,CUST-461,Electronics,North,6/15/23 6:00,13,75.33,979.29,233.05
ORD-3968,CUST-868,Grocery,West,6/15/23 7:00,10,81.13,811.3,173.25
ORD-3969,CUST-380,Clothing,South,6/15/23 8:00,18,35.99,647.82,120.45
ORD-3970,CUST-95,Clothing,West,6/15/23 9:00,4,44.87,179.48,47.31
ORD-3971,CUST-549,Grocery,East,6/15/23 10:00,8,66.41,531.28,137.54
ORD-3972,CUST-742,Clothing,East,6/15/23 11:00,11,59.81,657.91,162.1
ORD-3973,CUST-850,Furniture,West,6/15/23 12:00,17,96.5,1640.5,189.32
ORD-3974,CUST-196,Furniture,East,6/15/23 13:00,18,26.82,482.76,125.18
ORD-3975,CUST-53,Clothing,South,6/15/23 14:00,11,41.62,457.82,129.97
ORD-3976,CUST-275,Furniture,East,6/15/23 15:00,16,61.55,984.8,110.19
ORD-3977,CUST-387,Electronics,South,6/15/23 16:00,12,88.12,1057.44,190.69
ORD-3978,CUST-690,Grocery,West,6/15/23 17:00,13,93.64,1217.32,362.36
ORD-3979,CUST-620,Electronics,West,6/15/23 18:00,16,40.24,643.84,141.55
ORD-3980,CUST-618,Grocery,East,6/15/23 19:00,1,16.04,16.04,3.25
ORD-3981,CUST-41,Clothing,South,6/15/23 20:00,16,47.95,767.2,103.95
ORD-3982,CUST-895,Electronics,East,6/15/23 21:00,15,45.49,682.35,145.41
ORD-3983,CUST-75,Clothing,North,6/15/23 22:00,6,98.78,592.68,111.31
ORD-3984,CUST-193,Clothing,North,6/15/23 23:00,12,48.8,585.6,73.49
ORD-3985,CUST-824,Grocery,North,6/16/23 0:00,8,37.52,300.16,57.89
ORD-3986,CUST-780,Grocery,North,6/16/23 1:00,7,42.88,300.16,39.89
ORD-3987,CUST-602,Grocery,East,6/16/23 2:00,2,45.72,91.44,22.51
ORD-3988,CUST-742,Electronics,North,6/16/23 3:00,12,83.94,1007.28,296.88
ORD-3989,CUST-688,Furniture,South,6/16/23 4:00,14,17.29,242.06,46.94
ORD-3990,CUST-573,Grocery,West,6/16/23 5:00,16,38.49,615.84,139.47
ORD-3991,CUST-223,Grocery,West,6/16/23 6:00,11,96.97,1066.67,198.61
ORD-3992,CUST-491,Electronics,North,6/16/23 7:00,9,23.78,214.02,27.33
ORD-3993,CUST-214,Grocery,North,6/16/23 8:00,10,76.83,768.3,225.97
ORD-3994,CUST-891,Electronics,North,6/16/23 9:00,17,42.08,715.36,90.08
ORD-3995,CUST-929,Clothing,East,6/16/23 10:00,12,62.36,748.32,91.54
ORD-3996,CUST-341,Grocery,West,6/16/23 11:00,6,18.96,113.76,21.82
ORD-3997,CUST-311,Grocery,North,6/16/23 12:00,19,37.58,714.02,165.49
ORD-3998,CUST-980,Clothing,South,6/16/23 13:00,11,55.08,605.88,103.6
ORD-3999,CUST-931,Clothing,North,6/16/23 14:00,9,30.85,277.65,38.46
ORD-4000,CUST-16,Clothing,West,6/16/23 15:00,6,58.77,352.62,93.02
ORD-4001,CUST-217,Grocery,North,6/16/23 16:00,16,29.78,476.48,82.25
ORD-4002,CUST-960,Furniture,West,6/16/23 17:00,16,68.51,1096.16,152.22
ORD-4003,CUST-195,Furniture,North,6/16/23 18:00,6,91.39,548.34,94.87
ORD-4004,CUST-986,Furniture,South,6/16/23 19:00,5,17.69,88.45,12.64
ORD-4005,CUST-760,Grocery,North,6/16/23 20:00,4,29.5,118,24.06
ORD-4006,CUST-121,Clothing,South,6/16/23 21:00,2,86,172,40.19
ORD-4007,CUST-765,Grocery,South,6/16/23 22:00,6,66.84,401.04,104.23
ORD-4008,CUST-773,Clothing,North,6/16/23 23:00,9,17.08,153.72,22.37
ORD-4009,CUST-491,Grocery,South,6/17/23 0:00,17,53.77,914.09,121.93
ORD-4010,CUST-937,Grocery,East,6/17/23 1:00,14,28.88,404.32,42.02
ORD-4011,CUST-249,Clothing,North,6/17/23 2:00,7,27.92,195.44,28.46
ORD-4012,CUST-713,Furniture,North,6/17/23 3:00,19,94.66,1798.54,188.45
ORD-4013,CUST-619,Clothing,South,6/17/23 4:00,1,78.54,78.54,13.28
ORD-4014,CUST-721,Electronics,South,6/17/23 5:00,15,72.66,1089.9,140.75
ORD-4015,CUST-210,Electronics,North,6/17/23 6:00,18,31.5,567,122.46
ORD-4016,CUST-407,Clothing,East,6/17/23 7:00,3,20.67,62.01,10.96
ORD-4017,CUST-938,Grocery,South,6/17/23 8:00,18,88.37,1590.66,188.84
ORD-4018,CUST-246,Electronics,South,6/17/23 9:00,2,10.53,21.06,3.79
ORD-4019,CUST-566,Electronics,West,6/17/23 10:00,10,44.93,449.3,63.74
ORD-4020,CUST-330,Grocery,East,6/17/23 11:00,11,34.99,384.89,90.85
ORD-4021,CUST-795,Grocery,East,6/17/23 12:00,3,61.33,183.99,31.81
ORD-4022,CUST-290,Furniture,North,6/17/23 13:00,7,32.55,227.85,29.49
ORD-4023,CUST-390,Grocery,East,6/17/23 14:00,8,38.01,304.08,51.67
ORD-4024,CUST-478,Clothing,North,6/17/23 15:00,19,86.5,1643.5,238.1
ORD-4025,CUST-547,Clothing,West,6/17/23 16:00,18,64.29,1157.22,299.9
ORD-4026,CUST-665,Furniture,East,6/17/23 17:00,13,23.11,300.43,89.13
ORD-4027,CUST-368,Electronics,South,6/17/23 18:00,13,75.38,979.94,102.99
ORD-4028,CUST-316,Electronics,West,6/17/23 19:00,19,28.67,544.73,129.65
ORD-4029,CUST-268,Grocery,North,6/17/23 20:00,12,48.97,587.64,89.79
ORD-4030,CUST-369,Clothing,West,6/17/23 21:00,17,68.19,1159.23,131.32
ORD-4031,CUST-526,Electronics,North,6/17/23 22:00,12,34.47,413.64,42.55
ORD-4032,CUST-904,Furniture,West,6/17/23 23:00,13,44.57,579.41,160.03
ORD-4033,CUST-510,Furniture,North,6/18/23 0:00,12,76.07,912.84,155.84
ORD-4034,CUST-478,Clothing,East,6/18/23 1:00,19,94.41,1793.79,536.18
ORD-4035,CUST-101,Furniture,South,6/18/23 2:00,14,57.63,806.82,152.07
ORD-4036,CUST-823,Furniture,North,6/18/23 3:00,7,10.9,76.3,10.49
ORD-4037,CUST-740,Clothing,West,6/18/23 4:00,13,40.46,525.98,134.35
ORD-4038,CUST-481,Grocery,North,6/18/23 5:00,6,45.88,275.28,78.54
ORD-4039,CUST-780,Grocery,North,6/18/23 6:00,19,40.53,770.07,202.62
ORD-4040,CUST-860,Furniture,North,6/18/23 7:00,19,49.26,935.94,233.09
ORD-4041,CUST-328,Grocery,West,6/18/23 8:00,4,66.94,267.76,44.7
ORD-4042,CUST-937,Grocery,South,6/18/23 9:00,19,20.9,397.1,44.83
ORD-4043,CUST-209,Furniture,East,6/18/23 10:00,9,34.54,310.86,43.6
ORD-4044,CUST-380,Grocery,South,6/18/23 11:00,16,55.69,891.04,168.73
ORD-4045,CUST-321,Furniture,North,6/18/23 12:00,4,38.4,153.6,44.73
ORD-4046,CUST-424,Electronics,West,6/18/23 13:00,6,99.2,595.2,145.57
ORD-4047,CUST-47,Clothing,South,6/18/23 14:00,8,48.83,390.64,103.78
ORD-4048,CUST-577,Clothing,North,6/18/23 15:00,16,88.28,1412.48,219.58
ORD-4049,CUST-885,Grocery,East,6/18/23 16:00,5,90.69,453.45,107.36
ORD-4050,CUST-227,Grocery,East,6/18/23 17:00,10,85.24,852.4,232.27
ORD-4051,CUST-760,Grocery,East,6/18/23 18:00,13,14.22,184.86,36.21
ORD-4052,CUST-150,Clothing,North,6/18/23 19:00,14,95.3,1334.2,248.13
ORD-4053,CUST-17,Electronics,West,6/18/23 20:00,7,21.59,151.13,36.86
ORD-4054,CUST-268,Electronics,South,6/18/23 21:00,6,13.1,78.6,16.66
ORD-4055,CUST-567,Clothing,East,6/18/23 22:00,7,47.29,,98.86
ORD-4056,CUST-958,Electronics,North,6/18/23 23:00,5,27.52,137.6,25.46
ORD-4057,CUST-599,Clothing,North,6/19/23 0:00,18,26.58,478.44,64.68
ORD-4058,CUST-594,Electronics,South,6/19/23 1:00,12,35.9,430.8,83.74
ORD-4059,CUST-738,Furniture,East,6/19/23 2:00,6,32.36,194.16,28.55
ORD-4060,CUST-428,Furniture,North,6/19/23 3:00,1,71.63,71.63,15.2
ORD-4061,CUST-303,Clothing,South,6/19/23 4:00,4,26.81,107.24,13.42
ORD-4062,CUST-157,Electronics,West,6/19/23 5:00,19,58.88,1118.72,324.42
ORD-4063,CUST-201,Grocery,West,6/19/23 6:00,12,98.78,1185.36,322.38
ORD-4064,CUST-338,Electronics,West,6/19/23 7:00,15,48.91,733.65,96.19
ORD-4065,CUST-236,Furniture,East,6/19/23 8:00,3,67.77,203.31,
ORD-4066,CUST-389,Furniture,South,6/19/23 9:00,8,97.24,777.92,157.52
ORD-4067,CUST-584,Electronics,South,6/19/23 10:00,11,22.39,246.29,94.05
ORD-4068,CUST-854,Electronics,North,6/19/23 11:00,16,47.67,762.72,109.69
ORD-4069,CUST-252,Grocery,North,6/19/23 12:00,9,86.52,778.68,87.36
ORD-4070,CUST-512,Grocery,North,6/19/23 13:00,3,93.91,281.73,58.91
ORD-4071,CUST-564,Electronics,South,6/19/23 14:00,5,64.11,320.55,76.39
ORD-4072,CUST-671,Electronics,North,6/19/23 15:00,14,22.91,320.74,47.75
ORD-4073,CUST-967,Electronics,South,6/19/23 16:00,15,91.13,1366.95,338.94
ORD-4074,CUST-702,Electronics,South,6/19/23 17:00,6,25.7,154.2,44.74
ORD-4075,CUST-346,Clothing,West,6/19/23 18:00,4,41.76,167.04,21.28
ORD-4076,CUST-264,Electronics,North,6/19/23 19:00,8,43.8,350.4,70.85
ORD-4077,CUST-782,Grocery,West,6/19/23 20:00,19,50.26,954.94,106.35
ORD-4078,CUST-842,Furniture,East,6/19/23 21:00,5,81.11,405.55,57.32
ORD-4079,CUST-501,Clothing,East,6/19/23 22:00,13,82.19,1068.47,126.04
ORD-4080,CUST-990,Electronics,East,6/19/23 23:00,16,74.77,1196.32,216.3
ORD-4081,CUST-741,Furniture,South,6/20/23 0:00,1,11.99,11.99,3.17
ORD-4082,CUST-658,Clothing,South,6/20/23 1:00,13,60.84,790.92,170.38
ORD-4083,CUST-758,Furniture,South,6/20/23 2:00,11,77.27,849.97,122.84
ORD-4084,CUST-503,Electronics,North,6/20/23 3:00,8,50.02,400.16,43.23
ORD-4085,CUST-472,Electronics,West,6/20/23 4:00,8,95.04,760.32,160.18
ORD-4086,CUST-173,Grocery,South,6/20/23 5:00,14,84.14,1177.96,149.08
ORD-4087,CUST-751,Electronics,West,6/20/23 6:00,13,67.43,876.59,147.75
ORD-4088,CUST-815,Electronics,West,6/20/23 7:00,3,15.62,46.86,9.47
ORD-4089,CUST-361,Clothing,West,6/20/23 8:00,4,68.71,274.84,77.16
ORD-4090,CUST-174,Grocery,North,6/20/23 9:00,15,92.04,1380.6,160.65
ORD-4091,CUST-144,Clothing,North,6/20/23 10:00,15,44.15,662.25,154.78
ORD-4092,CUST-738,Furniture,East,6/20/23 11:00,13,85.43,1110.59,114.19
ORD-4093,CUST-560,Electronics,East,6/20/23 12:00,9,38.18,,
ORD-4094,CUST-501,Furniture,West,6/20/23 13:00,10,61.31,613.1,128.94
ORD-4095,CUST-189,Clothing,East,6/20/23 14:00,12,68.36,820.32,215.23
ORD-4096,CUST-939,Electronics,West,6/20/23 15:00,14,71.02,994.28,205.15
ORD-4097,CUST-911,Electronics,North,6/20/23 16:00,1,89.43,89.43,15.25
ORD-4098,CUST-556,Clothing,North,6/20/23 17:00,14,31.12,435.68,64.72
ORD-4099,CUST-658,Clothing,North,6/20/23 18:00,14,33.61,470.54,55.08
ORD-4100,CUST-981,Clothing,South,6/20/23 19:00,8,73.36,586.88,121.44
ORD-4101,CUST-61,Clothing,West,6/20/23 20:00,16,25.95,415.2,115.29
ORD-4102,CUST-537,Clothing,North,6/20/23 21:00,14,51.78,724.92,147.12
ORD-4103,CUST-35,Electronics,West,6/20/23 22:00,1,11.8,11.8,2.92
ORD-4104,CUST-860,Clothing,East,6/20/23 23:00,16,22.69,363.04,57.97
ORD-4105,CUST-868,Electronics,East,6/21/23 0:00,18,71.1,1279.8,364.02
ORD-4106,CUST-77,Electronics,North,6/21/23 1:00,7,77.27,540.89,89.2
ORD-4107,CUST-968,Clothing,West,6/21/23 2:00,15,20.38,305.7,37.25
ORD-4108,CUST-838,Clothing,North,6/21/23 3:00,17,30.49,518.33,95.06
ORD-4109,CUST-685,Grocery,East,6/21/23 4:00,19,18.9,359.1,90.8
ORD-4110,CUST-50,Electronics,North,6/21/23 5:00,13,49.01,637.13,114.04
ORD-4111,CUST-783,Clothing,West,6/21/23 6:00,9,21.35,192.15,44.2
ORD-4112,CUST-7,Clothing,East,6/21/23 7:00,15,49.36,740.4,186.38
ORD-4113,CUST-423,Clothing,South,6/21/23 8:00,3,75.89,227.67,
ORD-4114,CUST-141,Grocery,East,6/21/23 9:00,1,71.5,71.5,18.55
ORD-4115,CUST-863,Grocery,South,6/21/23 10:00,16,35.24,563.84,94.6
ORD-4116,CUST-646,Furniture,North,6/21/23 11:00,8,70.64,565.12,85.46
ORD-4117,CUST-237,Electronics,North,6/21/23 12:00,13,93.49,1215.37,175.61
ORD-4118,CUST-70,Furniture,West,6/21/23 13:00,8,41.28,330.24,46.23
ORD-4119,CUST-725,Clothing,South,6/21/23 14:00,17,39.62,673.54,166.65
ORD-4120,CUST-155,Grocery,North,6/21/23 15:00,14,61.43,860.02,238.66
ORD-4121,CUST-10,Grocery,South,6/21/23 16:00,7,32.1,224.7,32.84
ORD-4122,CUST-224,Furniture,North,6/21/23 17:00,15,68.64,1029.6,120.51
ORD-4123,CUST-518,Grocery,East,6/21/23 18:00,16,84.9,1358.4,221.08
ORD-4124,CUST-467,Clothing,North,6/21/23 19:00,19,51.34,975.46,225.89
ORD-4125,CUST-383,Grocery,West,6/21/23 20:00,6,71.16,426.96,74.16
ORD-4126,CUST-62,Furniture,East,6/21/23 21:00,1,68.67,68.67,14.41
ORD-4127,CUST-633,Clothing,West,6/21/23 22:00,12,13.48,161.76,40.26
ORD-4128,CUST-654,Furniture,East,6/21/23 23:00,18,26.51,477.18,86.7
ORD-4129,CUST-683,Grocery,South,6/22/23 0:00,16,90.42,1446.72,433.93
ORD-4130,CUST-957,Furniture,West,6/22/23 1:00,12,94.5,1134,180.97
ORD-4131,CUST-632,Furniture,North,6/22/23 2:00,13,80.24,1043.12,308.4
ORD-4132,CUST-935,Electronics,South,6/22/23 3:00,8,92.91,743.28,104.51
ORD-4133,CUST-495,Grocery,North,6/22/23 4:00,1,37.55,37.55,4.59
ORD-4134,CUST-676,Grocery,East,6/22/23 5:00,7,32.29,226.03,56.55
ORD-4135,CUST-500,Furniture,East,6/22/23 6:00,15,44.59,668.85,160.83
ORD-4136,CUST-17,Electronics,North,6/22/23 7:00,13,14.98,194.74,51.07
ORD-4137,CUST-7,Grocery,North,6/22/23 8:00,13,82.89,1077.57,181.81
ORD-4138,CUST-545,Clothing,South,6/22/23 9:00,9,98.58,887.22,253.89
ORD-4139,CUST-565,Furniture,North,6/22/23 10:00,15,84.16,1262.4,156.41
ORD-4140,CUST-422,Grocery,West,6/22/23 11:00,4,59.95,239.8,25.43
ORD-4141,CUST-13,Clothing,West,6/22/23 12:00,13,36.58,475.54,76.14
ORD-4142,CUST-18,Grocery,North,6/22/23 13:00,12,27.79,333.48,86.53
ORD-4143,CUST-543,Clothing,West,6/22/23 14:00,5,42.77,213.85,50.17
ORD-4144,CUST-740,Furniture,North,6/22/23 15:00,7,70.03,490.21,91.79
ORD-4145,CUST-282,Grocery,South,6/22/23 16:00,8,50.24,401.92,60.79
ORD-4146,CUST-549,Grocery,West,6/22/23 17:00,5,94.07,470.35,52.61
ORD-4147,CUST-294,Electronics,West,6/22/23 18:00,9,86.88,781.92,130.97
ORD-4148,CUST-18,Furniture,North,6/22/23 19:00,14,19.22,269.08,51.66
ORD-4149,CUST-515,Clothing,West,6/22/23 20:00,12,21.84,262.08,62.22
ORD-4150,CUST-833,Grocery,East,6/22/23 21:00,4,70.86,283.44,64.96
ORD-4151,CUST-715,Grocery,South,6/22/23 22:00,8,30.77,,71.26
ORD-4152,CUST-691,Clothing,South,6/22/23 23:00,17,81.19,1380.23,165.74
ORD-4153,CUST-441,Furniture,West,6/23/23 0:00,8,63.22,505.76,84.6
ORD-4154,CUST-826,Electronics,West,6/23/23 1:00,1,30.68,30.68,6.02
ORD-4155,CUST-963,Electronics,East,6/23/23 2:00,2,53.08,106.16,24.86
ORD-4156,CUST-932,Grocery,East,6/23/23 3:00,4,46.55,186.2,37.07
ORD-4157,CUST-184,Clothing,West,6/23/23 4:00,1,88.58,88.58,25.03
ORD-4158,CUST-110,Grocery,West,6/23/23 5:00,7,12.89,90.23,20.01
ORD-4159,CUST-941,Clothing,East,6/23/23 6:00,1,90.63,90.63,9.78
ORD-4160,CUST-99,Electronics,North,6/23/23 7:00,9,68.69,618.21,75.87
ORD-4161,CUST-537,Furniture,East,6/23/23 8:00,3,76.38,229.14,57.45
ORD-4162,CUST-153,Clothing,North,6/23/23 9:00,12,10.23,122.76,29.85
ORD-4163,CUST-247,Electronics,South,6/23/23 10:00,19,66.54,1264.26,165.24
ORD-4164,CUST-197,Grocery,South,6/23/23 11:00,15,62.96,944.4,105.57
ORD-4165,CUST-635,Clothing,East,6/23/23 12:00,16,58.35,933.6,201.42
ORD-4166,CUST-540,Furniture,North,6/23/23 13:00,10,80.73,807.3,183.38
ORD-4167,CUST-259,Grocery,East,6/23/23 14:00,6,60.03,360.18,45.76
ORD-4168,CUST-835,Grocery,East,6/23/23 15:00,17,87.14,1481.38,288.46
ORD-4169,CUST-363,Electronics,North,6/23/23 16:00,17,30.94,525.98,
ORD-4170,CUST-274,Clothing,East,6/23/23 17:00,19,82.54,1568.26,448.93
ORD-4171,CUST-815,Grocery,South,6/23/23 18:00,18,26.14,470.52,67.68
ORD-4172,CUST-407,Furniture,West,6/23/23 19:00,11,83.18,914.98,225.68
ORD-4173,CUST-81,Clothing,West,6/23/23 20:00,7,94.64,662.48,134.9
ORD-4174,CUST-383,Furniture,East,6/23/23 21:00,10,40.21,402.1,41.14
ORD-4175,CUST-983,Grocery,North,6/23/23 22:00,7,57.69,,82.14
ORD-4176,CUST-416,Furniture,North,6/23/23 23:00,5,69.25,346.25,41.51
ORD-4177,CUST-471,Electronics,South,6/24/23 0:00,12,17.15,205.8,47.71
ORD-4178,CUST-579,Furniture,North,6/24/23 1:00,16,54.47,871.52,185.73
ORD-4179,CUST-250,Clothing,North,6/24/23 2:00,18,42.45,764.1,78
ORD-4180,CUST-714,Furniture,South,6/24/23 3:00,3,88.52,265.56,37.43
ORD-4181,CUST-232,Furniture,East,6/24/23 4:00,15,88.9,1333.5,340.37
ORD-4182,CUST-308,Electronics,West,6/24/23 5:00,5,73.07,365.35,56.69
ORD-4183,CUST-701,Furniture,South,6/24/23 6:00,13,69.02,897.26,179.32
ORD-4184,CUST-848,Furniture,East,6/24/23 7:00,19,76.03,1444.57,234.6
ORD-4185,CUST-869,Grocery,South,6/24/23 8:00,12,42.94,515.28,
ORD-4186,CUST-83,Grocery,East,6/24/23 9:00,5,46.41,232.05,48.11
ORD-4187,CUST-670,Clothing,South,6/24/23 10:00,6,59.83,358.98,85.88
ORD-4188,CUST-879,Grocery,East,6/24/23 11:00,7,94.42,660.94,77.13
ORD-4189,CUST-666,Grocery,South,6/24/23 12:00,10,75.16,751.6,121.83
ORD-4190,CUST-778,Grocery,East,6/24/23 13:00,16,59.59,953.44,144.78
ORD-4191,CUST-33,Grocery,South,6/24/23 14:00,8,79.34,634.72,102.71
ORD-4192,CUST-96,Electronics,West,6/24/23 15:00,9,43.38,390.42,92.74
ORD-4193,CUST-416,Grocery,West,6/24/23 16:00,4,75.74,302.96,64.78
ORD-4194,CUST-389,Electronics,North,6/24/23 17:00,8,46.96,375.68,65.71
ORD-4195,CUST-387,Electronics,East,6/24/23 18:00,7,35.17,246.19,56.83
ORD-4196,CUST-566,Grocery,South,6/24/23 19:00,15,64.88,973.2,129.16
ORD-4197,CUST-488,Furniture,East,6/24/23 20:00,3,71.82,215.46,24.28
ORD-4198,CUST-58,Electronics,West,6/24/23 21:00,17,51.34,872.78,236.44
ORD-4199,CUST-653,Furniture,East,6/24/23 22:00,11,60.9,669.9,142.55
ORD-4200,CUST-10,Furniture,South,6/24/23 23:00,9,72.47,652.23,149.89
ORD-4201,CUST-720,Grocery,East,6/25/23 0:00,5,79.09,395.45,63.84
ORD-4202,CUST-176,Clothing,South,6/25/23 1:00,10,90.6,906,158
ORD-4203,CUST-85,Grocery,West,6/25/23 2:00,15,41.91,628.65,73.22
ORD-4204,CUST-512,Clothing,West,6/25/23 3:00,14,95.63,1338.82,363.35
ORD-4205,CUST-866,Clothing,West,6/25/23 4:00,4,67.36,269.44,58.87
ORD-4206,CUST-445,Grocery,North,6/25/23 5:00,2,80.89,161.78,18.88
ORD-4207,CUST-661,Grocery,West,6/25/23 6:00,12,72.98,875.76,228.49
ORD-4208,CUST-804,Clothing,East,6/25/23 7:00,1,28.5,28.5,5.38
ORD-4209,CUST-340,Grocery,North,6/25/23 8:00,5,16.43,82.15,20.79
ORD-4210,CUST-580,Clothing,West,6/25/23 9:00,6,75.37,452.22,46.36
ORD-4211,CUST-879,Furniture,East,6/25/23 10:00,11,55.99,615.89,65.13
ORD-4212,CUST-998,Grocery,East,6/25/23 11:00,8,73.2,585.6,78.56
ORD-4213,CUST-98,Furniture,East,6/25/23 12:00,7,52.92,370.44,52.67
ORD-4214,CUST-917,Electronics,South,6/25/23 13:00,4,38.1,152.4,38.53
ORD-4215,CUST-541,Furniture,North,6/25/23 14:00,6,35.65,213.9,51.62
ORD-4216,CUST-942,Furniture,East,6/25/23 15:00,16,75.75,1212,270.54
ORD-4217,CUST-44,Clothing,South,6/25/23 16:00,15,34.91,523.65,145.04
ORD-4218,CUST-236,Furniture,West,6/25/23 17:00,14,74.32,1040.48,155.48
ORD-4219,CUST-217,Grocery,East,6/25/23 18:00,12,44.56,534.72,150.19
ORD-4220,CUST-923,Clothing,South,6/25/23 19:00,12,79.38,952.56,268.52
ORD-4221,CUST-889,Electronics,East,6/25/23 20:00,16,22.85,365.6,68.31
ORD-4222,CUST-709,Grocery,North,6/25/23 21:00,15,28.45,426.75,50.73
ORD-4223,CUST-909,Electronics,North,6/25/23 22:00,13,71.73,932.49,228.75
ORD-4224,CUST-581,Furniture,West,6/25/23 23:00,11,60.42,664.62,111.25
ORD-4225,CUST-487,Grocery,East,6/26/23 0:00,17,28.35,481.95,124.82
ORD-4226,CUST-278,Grocery,South,6/26/23 1:00,15,91.25,1368.75,181.69
ORD-4227,CUST-48,Electronics,West,6/26/23 2:00,14,34.83,487.62,101.38
ORD-4228,CUST-947,Grocery,East,6/26/23 3:00,10,47.9,479,96.57
ORD-4229,CUST-77,Grocery,West,6/26/23 4:00,12,28.21,338.52,40.64
ORD-4230,CUST-701,Grocery,South,6/26/23 5:00,16,44.92,718.72,124.1
ORD-4231,CUST-948,Furniture,West,6/26/23 6:00,15,54.25,813.75,95.17
ORD-4232,CUST-288,Electronics,West,6/26/23 7:00,10,36.57,365.7,70.56
ORD-4233,CUST-921,Grocery,West,6/26/23 8:00,4,79.22,316.88,85.11
ORD-4234,CUST-557,Clothing,East,6/26/23 9:00,9,45.45,409.05,63.01
ORD-4235,CUST-578,Clothing,South,6/26/23 10:00,9,75.66,680.94,172.26
ORD-4236,CUST-674,Clothing,North,6/26/23 11:00,11,28.64,315.04,43.06
ORD-4237,CUST-34,Clothing,East,6/26/23 12:00,11,43.93,483.23,113.44
ORD-4238,CUST-184,Furniture,North,6/26/23 13:00,7,10.73,75.11,31.89
ORD-4239,CUST-952,Grocery,North,6/26/23 14:00,10,78.28,782.8,128.99
ORD-4240,CUST-871,Electronics,East,6/26/23 15:00,4,66.33,265.32,74.31
ORD-4241,CUST-323,Grocery,East,6/26/23 16:00,5,83.6,418,84.05
ORD-4242,CUST-17,Furniture,South,6/26/23 17:00,5,51,,41.66
ORD-4243,CUST-985,Clothing,South,6/26/23 18:00,11,81.98,901.78,251.87
ORD-4244,CUST-213,Furniture,West,6/26/23 19:00,9,68.28,614.52,65.39
ORD-4245,CUST-602,Grocery,North,6/26/23 20:00,16,10.33,165.28,17.45
ORD-4246,CUST-148,Electronics,South,6/26/23 21:00,9,32.83,295.47,64.99
ORD-4247,CUST-771,Furniture,West,6/26/23 22:00,4,54.45,217.8,56.49
ORD-4248,CUST-841,Electronics,South,6/26/23 23:00,2,65.68,131.36,32.88
ORD-4249,CUST-730,Furniture,East,6/27/23 0:00,14,15.9,222.6,25.8
ORD-4250,CUST-841,Electronics,South,6/27/23 1:00,3,73.46,220.38,63.92
ORD-4251,CUST-408,Electronics,North,6/27/23 2:00,18,58.92,1060.56,255.18
ORD-4252,CUST-952,Clothing,South,6/27/23 3:00,6,57.32,343.92,99.68
ORD-4253,CUST-79,Electronics,North,6/27/23 4:00,11,36.28,399.08,66.18
ORD-4254,CUST-307,Clothing,East,6/27/23 5:00,18,63.53,1143.54,273.06
ORD-4255,CUST-167,Grocery,North,6/27/23 6:00,12,12.47,149.64,40.7
ORD-4256,CUST-578,Grocery,South,6/27/23 7:00,5,15.82,39.55,13.93
ORD-4257,CUST-247,Clothing,West,6/27/23 8:00,9,76.05,684.45,200.52
ORD-4258,CUST-581,Clothing,East,6/27/23 9:00,18,38.97,701.46,107.32
ORD-4259,CUST-855,Furniture,South,6/27/23 10:00,19,41.23,783.37,127.79
ORD-4260,CUST-870,Furniture,East,6/27/23 11:00,3,28.75,86.25,24.5
ORD-4261,CUST-399,Furniture,East,6/27/23 12:00,9,50.11,450.99,132.56
ORD-4262,CUST-694,Grocery,South,6/27/23 13:00,4,14.68,58.72,9.22
ORD-4263,CUST-919,Furniture,South,6/27/23 14:00,17,37.03,629.51,80.12
ORD-4264,CUST-554,Electronics,West,6/27/23 15:00,17,57.44,976.48,245.89
ORD-4265,CUST-340,Electronics,East,6/27/23 16:00,2,51.91,103.82,29.69
ORD-4266,CUST-394,Furniture,East,6/27/23 17:00,9,99.97,899.73,198.07
ORD-4267,CUST-774,Electronics,South,6/27/23 18:00,9,44.99,404.91,91.88
ORD-4268,CUST-758,Grocery,North,6/27/23 19:00,5,44.83,224.15,56.62
ORD-4269,CUST-144,Electronics,South,6/27/23 20:00,15,55.32,829.8,108.39
ORD-4270,CUST-810,Grocery,East,6/27/23 21:00,15,27.13,406.95,119.93
ORD-4271,CUST-706,Clothing,South,6/27/23 22:00,3,88.87,266.61,46.09
ORD-4272,CUST-742,Clothing,West,6/27/23 23:00,19,61.5,1168.5,263.67
ORD-4273,CUST-81,Clothing,North,6/28/23 0:00,3,27.29,81.87,15.86
ORD-4274,CUST-513,Clothing,South,6/28/23 1:00,6,81.41,488.46,94.58
ORD-4275,CUST-764,Electronics,West,6/28/23 2:00,4,13.09,52.36,12.6
ORD-4276,CUST-998,Furniture,East,6/28/23 3:00,13,98.43,1279.59,382.51
ORD-4277,CUST-355,Electronics,South,6/28/23 4:00,13,87.86,1142.18,264.77
ORD-4278,CUST-55,Grocery,East,6/28/23 5:00,11,62.17,683.87,176.99
ORD-4279,CUST-101,Electronics,West,6/28/23 6:00,5,20.02,100.1,10.56
ORD-4280,CUST-448,Electronics,East,6/28/23 7:00,1,29.37,29.37,7.7
ORD-4281,CUST-238,Grocery,West,6/28/23 8:00,9,35.15,316.35,50.61
ORD-4282,CUST-859,Clothing,West,6/28/23 9:00,17,31.69,538.73,67.52
ORD-4283,CUST-78,Clothing,West,6/28/23 10:00,1,54.78,54.78,6.72
ORD-4284,CUST-349,Clothing,South,6/28/23 11:00,3,95.01,285.03,67.26
ORD-4285,CUST-620,Furniture,East,6/28/23 12:00,15,49.98,749.7,336.825
ORD-4286,CUST-788,Grocery,East,6/28/23 13:00,10,69.54,695.4,162.19
ORD-4287,CUST-629,Grocery,North,6/28/23 14:00,8,71.97,575.76,87.79
ORD-4288,CUST-978,Electronics,North,6/28/23 15:00,12,88.44,1061.28,149.28
ORD-4289,CUST-610,Furniture,North,6/28/23 16:00,15,13.04,195.6,40.14
ORD-4290,CUST-407,Clothing,North,6/28/23 17:00,9,46.39,417.51,47.18
ORD-4291,CUST-993,Furniture,East,6/28/23 18:00,10,80.63,806.3,145.03
ORD-4292,CUST-793,Grocery,West,6/28/23 19:00,9,83.34,750.06,
ORD-4293,CUST-335,Grocery,West,6/28/23 20:00,15,93.46,1401.9,411.5
ORD-4294,CUST-31,Electronics,South,6/28/23 21:00,1,73.25,73.25,13.56
ORD-4295,CUST-650,Electronics,West,6/28/23 22:00,2,32.06,64.12,8.98
ORD-4296,CUST-280,Grocery,East,6/28/23 23:00,19,55.51,1054.69,277.88
ORD-4297,CUST-803,Clothing,East,6/29/23 0:00,14,12.91,180.74,44.98
ORD-4298,CUST-462,Clothing,East,6/29/23 1:00,8,68.22,545.76,148.41
ORD-4299,CUST-503,Furniture,South,6/29/23 2:00,6,59.89,359.34,51.37
ORD-4300,CUST-234,Grocery,North,6/29/23 3:00,12,70.02,840.24,152.06
ORD-4301,CUST-365,Grocery,West,6/29/23 4:00,15,93.71,1405.65,416.51
ORD-4302,CUST-567,Clothing,East,6/29/23 5:00,14,71.85,1005.9,132.38
ORD-4303,CUST-964,Clothing,East,6/29/23 6:00,1,38.84,38.84,9.1
ORD-4304,CUST-385,Grocery,North,6/29/23 7:00,11,27.89,306.79,45.23
ORD-4305,CUST-443,Electronics,East,6/29/23 8:00,3,86.92,260.76,52.16
ORD-4306,CUST-191,Grocery,West,6/29/23 9:00,19,27.49,522.31,135.85
ORD-4307,CUST-697,Grocery,South,6/29/23 10:00,18,24.54,441.72,87.34
ORD-4308,CUST-600,Clothing,East,6/29/23 11:00,2,28.6,57.2,14.93
ORD-4309,CUST-677,Clothing,West,6/29/23 12:00,7,55.8,390.6,72.37
ORD-4310,CUST-390,Electronics,East,6/29/23 13:00,8,21.18,169.44,50.81
ORD-4311,CUST-88,Electronics,North,6/29/23 14:00,19,94.43,1794.17,335.81
ORD-4312,CUST-791,Furniture,East,6/29/23 15:00,15,96.96,1454.4,188.89
ORD-4313,CUST-634,Grocery,East,6/29/23 16:00,10,97.64,976.4,176.12
ORD-4314,CUST-303,Clothing,South,6/29/23 17:00,1,13.52,13.52,3.36
ORD-4315,CUST-818,Electronics,North,6/29/23 18:00,6,95.16,570.96,153.92
ORD-4316,CUST-253,Furniture,North,6/29/23 19:00,13,99.77,1297.01,249.05
ORD-4317,CUST-731,Furniture,South,6/29/23 20:00,14,94.82,1327.48,290.58
ORD-4318,CUST-76,Clothing,East,6/29/23 21:00,3,70.38,211.14,56.79
ORD-4319,CUST-85,Clothing,West,6/29/23 22:00,11,73.11,804.21,211.27
ORD-4320,CUST-275,Furniture,North,6/29/23 23:00,3,21,63,14.59
ORD-4321,CUST-158,Electronics,North,6/30/23 0:00,19,88.69,1685.11,443.19
ORD-4322,CUST-390,Furniture,East,6/30/23 1:00,10,15.37,153.7,33.07
ORD-4323,CUST-729,Grocery,East,6/30/23 2:00,15,38.6,579,58.44
ORD-4324,CUST-803,Grocery,North,6/30/23 3:00,11,99.2,1091.2,118.13
ORD-4325,CUST-650,Clothing,East,6/30/23 4:00,15,48.01,720.15,213.14
ORD-4326,CUST-158,Electronics,West,6/30/23 5:00,13,21.8,283.4,36.56
ORD-4327,CUST-758,Electronics,North,6/30/23 6:00,5,97.24,486.2,87.96
ORD-4328,CUST-399,Grocery,West,6/30/23 7:00,4,98.57,,113.06
ORD-4329,CUST-325,Furniture,West,6/30/23 8:00,13,26.83,348.79,48.48
ORD-4330,CUST-370,Clothing,East,6/30/23 9:00,9,87.83,790.47,212.45
ORD-4331,CUST-110,Furniture,West,6/30/23 10:00,17,45.14,767.38,202.32
ORD-4332,CUST-94,Furniture,East,6/30/23 11:00,2,44.32,88.64,26.35
ORD-4333,CUST-6,Furniture,South,6/30/23 12:00,5,33.64,168.2,26.3
ORD-4334,CUST-966,Electronics,East,6/30/23 13:00,16,14.02,224.32,36.58
ORD-4335,CUST-316,Grocery,West,6/30/23 14:00,7,34.12,238.84,67.01
ORD-4336,CUST-456,Electronics,South,6/30/23 15:00,1,14.84,14.84,2.18
ORD-4337,CUST-369,Grocery,East,6/30/23 16:00,12,93.19,1118.28,234.37
ORD-4338,CUST-780,Clothing,West,6/30/23 17:00,11,69.55,765.05,184.74
ORD-4339,CUST-277,Clothing,North,6/30/23 18:00,12,89.8,1077.6,166.36
ORD-4340,CUST-105,Furniture,North,6/30/23 19:00,19,74.56,1416.64,407.54
ORD-4341,CUST-136,Grocery,East,6/30/23 20:00,12,21.82,261.84,61.05
ORD-4342,CUST-90,Grocery,East,6/30/23 21:00,12,94.65,1135.8,124.29
ORD-4343,CUST-192,Grocery,North,6/30/23 22:00,14,90.99,1273.86,161.97
ORD-4344,CUST-442,Furniture,West,6/30/23 23:00,2,41.33,82.66,11.42
ORD-4345,CUST-460,Furniture,West,7/1/23 0:00,2,20.04,40.08,5.97
ORD-4346,CUST-571,Clothing,West,7/1/23 1:00,4,73.37,146.74,72.24
ORD-4347,CUST-569,Electronics,East,7/1/23 2:00,16,75.55,1208.8,142.38
ORD-4348,CUST-525,Grocery,South,7/1/23 3:00,10,90.71,907.1,154.31
ORD-4349,CUST-418,Grocery,South,7/1/23 4:00,13,14.74,191.62,54.09
ORD-4350,CUST-106,Electronics,South,7/1/23 5:00,2,22.75,45.5,9.62
ORD-4351,CUST-27,Grocery,South,7/1/23 6:00,3,63.84,191.52,29.32
ORD-4352,CUST-92,Furniture,South,7/1/23 7:00,19,65.72,1248.68,363.88
ORD-4353,CUST-363,Furniture,East,7/1/23 8:00,6,13.02,78.12,11.63
ORD-4354,CUST-568,Grocery,East,7/1/23 9:00,19,45.72,868.68,244.12
ORD-4355,CUST-96,Furniture,South,7/1/23 10:00,19,62.57,1188.83,291.45
ORD-4356,CUST-612,Furniture,East,7/1/23 11:00,8,76.41,611.28,151.66
ORD-4357,CUST-613,Grocery,East,7/1/23 12:00,14,38.45,538.3,136.18
ORD-4358,CUST-804,Clothing,South,7/1/23 13:00,10,53.55,535.5,107.8
ORD-4359,CUST-333,Electronics,West,7/1/23 14:00,3,83.26,249.78,65.67
ORD-4360,CUST-885,Furniture,East,7/1/23 15:00,6,95.85,575.1,153.69
ORD-4361,CUST-395,Clothing,West,7/1/23 16:00,15,30.73,460.95,79.33
ORD-4362,CUST-13,Furniture,East,7/1/23 17:00,18,32.77,589.86,106.22
ORD-4363,CUST-299,Furniture,East,7/1/23 18:00,14,94.58,1324.12,367.78
ORD-4364,CUST-424,Electronics,South,7/1/23 19:00,19,45.63,866.97,177.68
ORD-4365,CUST-398,Furniture,East,7/1/23 20:00,10,74.65,746.5,204.08
ORD-4366,CUST-798,Electronics,North,7/1/23 21:00,15,65.1,976.5,220.06
ORD-4367,CUST-87,Electronics,North,7/1/23 22:00,4,35.7,142.8,31.23
ORD-4368,CUST-743,Electronics,South,7/1/23 23:00,2,68.82,137.64,14.62
ORD-4369,CUST-923,Clothing,West,7/2/23 0:00,3,69,207,32.2
ORD-4370,CUST-573,Grocery,West,7/2/23 1:00,7,63.32,443.24,88.83
ORD-4371,CUST-927,Clothing,West,7/2/23 2:00,16,18.97,303.52,66
ORD-4372,CUST-249,Grocery,North,7/2/23 3:00,10,99.57,995.7,225.11
ORD-4373,CUST-586,Grocery,West,7/2/23 4:00,19,46.04,874.76,212.78
ORD-4374,CUST-534,Electronics,West,7/2/23 5:00,17,67.44,1146.48,265.12
ORD-4375,CUST-174,Furniture,South,7/2/23 6:00,19,89.72,1704.68,459.78
ORD-4376,CUST-702,Electronics,West,7/2/23 7:00,5,48.1,240.5,38.26
ORD-4377,CUST-390,Furniture,North,7/2/23 8:00,13,79.65,1035.45,236.41
ORD-4378,CUST-174,Grocery,North,7/2/23 9:00,13,97.46,1266.98,139.66
ORD-4379,CUST-143,Electronics,North,7/2/23 10:00,11,42.3,465.3,91.22
ORD-4380,CUST-276,Furniture,South,7/2/23 11:00,11,46.47,511.17,78.52
ORD-4381,CUST-309,Clothing,South,7/2/23 12:00,16,91.5,1464,257.92
ORD-4382,CUST-275,Furniture,East,7/2/23 13:00,15,24.37,365.55,62.48
ORD-4383,CUST-505,Electronics,West,7/2/23 14:00,17,12.57,213.69,23.95
ORD-4384,CUST-150,Clothing,South,7/2/23 15:00,18,91.8,1652.4,319.46
ORD-4385,CUST-65,Furniture,North,7/2/23 16:00,19,83.94,1594.86,476.74
ORD-4386,CUST-172,Furniture,North,7/2/23 17:00,4,97.53,390.12,62.34
ORD-4387,CUST-446,Furniture,South,7/2/23 18:00,5,15.24,76.2,18.84
ORD-4388,CUST-283,Furniture,South,7/2/23 19:00,7,24.06,168.42,35.29
ORD-4389,CUST-432,Furniture,South,7/2/23 20:00,2,19.48,38.96,6.43
ORD-4390,CUST-307,Clothing,East,7/2/23 21:00,1,71.51,71.51,8.43
ORD-4391,CUST-496,Grocery,North,7/2/23 22:00,12,64.54,774.48,110.88
ORD-4392,CUST-802,Clothing,East,7/2/23 23:00,10,42.34,423.4,108.55
ORD-4393,CUST-79,Clothing,East,7/3/23 0:00,8,15.17,121.36,18.91
ORD-4394,CUST-370,Clothing,West,7/3/23 1:00,1,67.57,67.57,8.71
ORD-4395,CUST-258,Grocery,North,7/3/23 2:00,12,61.31,735.72,183.48
ORD-4396,CUST-967,Electronics,North,7/3/23 3:00,2,20.16,40.32,13.11
ORD-4397,CUST-253,Grocery,South,7/3/23 4:00,10,91.8,918,220.96
ORD-4398,CUST-739,Clothing,South,7/3/23 5:00,17,27.91,474.47,84.21
ORD-4399,CUST-641,Furniture,West,7/3/23 6:00,3,76.92,230.76,46.07
ORD-4400,CUST-508,Furniture,East,7/3/23 7:00,7,89.66,627.62,119.86
ORD-4401,CUST-609,Clothing,South,7/3/23 8:00,12,62.15,745.8,75.92
ORD-4402,CUST-632,Furniture,South,7/3/23 9:00,8,32.22,257.76,46.17
ORD-4403,CUST-201,Clothing,North,7/3/23 10:00,12,37.83,453.96,98.72
ORD-4404,CUST-469,Furniture,North,7/3/23 11:00,3,89.72,269.16,57.6
ORD-4405,CUST-110,Grocery,South,7/3/23 12:00,17,36.84,626.28,234.81
ORD-4406,CUST-139,Electronics,North,7/3/23 13:00,9,77.16,694.44,162.55
ORD-4407,CUST-312,Electronics,West,7/3/23 14:00,10,99.11,991.1,153.98
ORD-4408,CUST-7,Grocery,South,7/3/23 15:00,6,99.98,599.88,90.66
ORD-4409,CUST-972,Grocery,North,7/3/23 16:00,1,58.01,58.01,11.19
ORD-4410,CUST-406,Clothing,West,7/3/23 17:00,12,84.39,1012.68,249.72
ORD-4411,CUST-341,Clothing,North,7/3/23 18:00,5,99.12,495.6,58.86
ORD-4412,CUST-862,Clothing,North,7/3/23 19:00,13,43.72,568.36,164.63
ORD-4413,CUST-636,Furniture,North,7/3/23 20:00,15,32.72,490.8,102.4
ORD-4414,CUST-390,Clothing,South,7/3/23 21:00,11,20.28,223.08,35.98
ORD-4415,CUST-824,Grocery,East,7/3/23 22:00,8,22.68,181.44,43.31
ORD-4416,CUST-883,Electronics,North,7/3/23 23:00,5,86.82,434.1,47.29
ORD-4417,CUST-338,Furniture,West,7/4/23 0:00,2,62.99,125.98,24.8
ORD-4418,CUST-451,Clothing,South,7/4/23 1:00,12,88.63,1063.56,209.73
ORD-4419,CUST-343,Furniture,South,7/4/23 2:00,2,81.05,162.1,21.46
ORD-4420,CUST-441,Furniture,West,7/4/23 3:00,16,70.64,1130.24,302.31
ORD-4421,CUST-836,Clothing,North,7/4/23 4:00,3,64.84,194.52,50.45
ORD-4422,CUST-844,Furniture,East,7/4/23 5:00,10,14.35,143.5,18.73
ORD-4423,CUST-881,Electronics,North,7/4/23 6:00,19,88.5,1681.5,290.51
ORD-4424,CUST-667,Grocery,West,7/4/23 7:00,8,47.61,380.88,45.74
ORD-4425,CUST-998,Grocery,South,7/4/23 8:00,7,60.38,422.66,114
ORD-4426,CUST-609,Electronics,East,7/4/23 9:00,1,11.98,11.98,1.97
ORD-4427,CUST-140,Furniture,South,7/4/23 10:00,12,94.25,1131,212.47
ORD-4428,CUST-308,Clothing,West,7/4/23 11:00,5,91.25,456.25,75.18
ORD-4429,CUST-329,Furniture,North,7/4/23 12:00,16,58.9,942.4,152.67
ORD-4430,CUST-618,Electronics,East,7/4/23 13:00,4,61.96,247.84,61.83
ORD-4431,CUST-971,Furniture,South,7/4/23 14:00,17,73.45,1248.65,311.55
ORD-4432,CUST-712,Grocery,South,7/4/23 15:00,2,33.82,67.64,13.77
ORD-4433,CUST-206,Furniture,South,7/4/23 16:00,12,29.97,359.64,83.27
ORD-4434,CUST-491,Electronics,North,7/4/23 17:00,1,70.66,70.66,14.3
ORD-4435,CUST-322,Grocery,East,7/4/23 18:00,12,19.4,232.8,24.61
ORD-4436,CUST-182,Furniture,North,7/4/23 19:00,12,50.87,610.44,69.1
ORD-4437,CUST-988,Furniture,North,7/4/23 20:00,12,54.35,652.2,115.28
ORD-4438,CUST-408,Grocery,North,7/4/23 21:00,19,44.32,842.08,210.48
ORD-4439,CUST-992,Clothing,West,7/4/23 22:00,17,26.67,453.39,128.15
ORD-4440,CUST-327,Grocery,West,7/4/23 23:00,11,41.98,461.78,48.92
ORD-4441,CUST-299,Clothing,West,7/5/23 0:00,13,40.38,524.94,91.13
ORD-4442,CUST-753,Electronics,East,7/5/23 1:00,8,54.93,439.44,63.61
ORD-4443,CUST-712,Electronics,North,7/5/23 2:00,10,70.72,707.2,186.02
ORD-4444,CUST-649,Grocery,North,7/5/23 3:00,8,97.14,777.12,209.2
ORD-4445,CUST-503,Grocery,West,7/5/23 4:00,8,22.97,183.76,25.96
ORD-4446,CUST-991,Electronics,North,7/5/23 5:00,9,88.57,797.13,193.04
ORD-4447,CUST-590,Clothing,North,7/5/23 6:00,7,35.58,249.06,61.36
ORD-4448,CUST-801,Electronics,South,7/5/23 7:00,14,63.22,885.08,119.85
ORD-4449,CUST-249,Grocery,North,7/5/23 8:00,2,59.21,118.42,22.11
ORD-4450,CUST-334,Electronics,South,7/5/23 9:00,11,60.13,661.43,148.21
ORD-4451,CUST-386,Grocery,North,7/5/23 10:00,8,75.1,600.8,63.21
ORD-4452,CUST-288,Grocery,East,7/5/23 11:00,13,44.35,576.55,104.31
ORD-4453,CUST-837,Electronics,West,7/5/23 12:00,15,38.72,580.8,76.08
ORD-4454,CUST-805,Clothing,South,7/5/23 13:00,3,86.76,260.28,54.24
ORD-4455,CUST-403,Furniture,West,7/5/23 14:00,14,29.81,417.34,112.09
ORD-4456,CUST-374,Electronics,South,7/5/23 15:00,15,26.22,393.3,80.61
ORD-4457,CUST-117,Furniture,South,7/5/23 16:00,2,11.4,22.8,2.44
ORD-4458,CUST-955,Electronics,South,7/5/23 17:00,19,28.95,550.05,58.27
ORD-4459,CUST-578,Furniture,East,7/5/23 18:00,12,56.67,680.04,150.36
ORD-4460,CUST-205,Clothing,North,7/5/23 19:00,4,58.47,233.88,38.73
ORD-4461,CUST-607,Clothing,South,7/5/23 20:00,3,32.9,98.7,21.17
ORD-4462,CUST-559,Electronics,East,7/5/23 21:00,5,16.5,82.5,10.95
ORD-4463,CUST-185,Grocery,South,7/5/23 22:00,3,77.02,231.06,59.01
ORD-4464,CUST-699,Furniture,North,7/5/23 23:00,15,78.22,1173.3,319.31
ORD-4465,CUST-787,Grocery,South,7/6/23 0:00,19,99.81,1896.39,526.9
ORD-4466,CUST-564,Grocery,East,7/6/23 1:00,2,91,182,29.27
ORD-4467,CUST-28,Grocery,North,7/6/23 2:00,12,93.35,1120.2,260.05
ORD-4468,CUST-976,Clothing,East,7/6/23 3:00,5,81.84,409.2,63.76
ORD-4469,CUST-745,Electronics,North,7/6/23 4:00,17,65.4,1111.8,280.79
ORD-4470,CUST-473,Electronics,North,7/6/23 5:00,14,21.57,301.98,37.48
ORD-4471,CUST-966,Clothing,West,7/6/23 6:00,10,66.01,660.1,166.71
ORD-4472,CUST-726,Clothing,West,7/6/23 7:00,3,15.04,45.12,8.48
ORD-4473,CUST-215,Electronics,West,7/6/23 8:00,4,89.68,358.72,97.25
ORD-4474,CUST-449,Grocery,North,7/6/23 9:00,6,53.36,320.16,79.33
ORD-4475,CUST-817,Furniture,South,7/6/23 10:00,16,72.77,1164.32,204.11
ORD-4476,CUST-299,Furniture,East,7/6/23 11:00,7,14.7,,28.88
ORD-4477,CUST-852,Furniture,East,7/6/23 12:00,15,58.08,871.2,136.49
ORD-4478,CUST-710,Grocery,East,7/6/23 13:00,11,37.11,408.21,119.77
ORD-4479,CUST-71,Electronics,West,7/6/23 14:00,1,35.65,35.65,9.04
ORD-4480,CUST-839,Clothing,North,7/6/23 15:00,5,45.07,225.35,67.18
ORD-4481,CUST-869,Electronics,West,7/6/23 16:00,13,10.06,130.78,14.49
ORD-4482,CUST-815,Grocery,South,7/6/23 17:00,14,52,728,112.7
ORD-4483,CUST-815,Clothing,North,7/6/23 18:00,9,53.79,484.11,120.18
ORD-4484,CUST-419,Grocery,East,7/6/23 19:00,17,87.68,1490.56,423.99
ORD-4485,CUST-690,Furniture,West,7/6/23 20:00,15,50.37,755.55,79.9
ORD-4486,CUST-512,Furniture,West,7/6/23 21:00,7,42.72,299.04,29.9
ORD-4487,CUST-143,Grocery,South,7/6/23 22:00,12,99.53,1194.36,180.65
ORD-4488,CUST-649,Clothing,South,7/6/23 23:00,6,61.41,368.46,99.69
ORD-4489,CUST-311,Clothing,West,7/7/23 0:00,16,52.54,840.64,213.04
ORD-4490,CUST-248,Electronics,South,7/7/23 1:00,5,54.63,273.15,45.9
ORD-4491,CUST-259,Furniture,East,7/7/23 2:00,9,82.83,745.47,74.85
ORD-4492,CUST-675,Electronics,South,7/7/23 3:00,14,40.66,569.24,120.08
ORD-4493,CUST-158,Electronics,South,7/7/23 4:00,8,45.02,360.16,53.16
ORD-4494,CUST-733,Grocery,West,7/7/23 5:00,14,78.03,1092.42,272.15
ORD-4495,CUST-434,Grocery,West,7/7/23 6:00,12,16.57,198.84,37.63
ORD-4496,CUST-809,Electronics,North,7/7/23 7:00,10,87.87,878.7,207.13
ORD-4497,CUST-387,Furniture,North,7/7/23 8:00,13,48.72,633.36,171.3
ORD-4498,CUST-76,Grocery,West,7/7/23 9:00,19,62.32,1184.08,245.28
ORD-4499,CUST-460,Electronics,South,7/7/23 10:00,15,78.17,1172.55,196.04
ORD-4500,CUST-613,Electronics,South,7/7/23 11:00,8,33.94,271.52,68.94
ORD-4501,CUST-491,Electronics,North,7/7/23 12:00,10,90.13,901.3,137.93
ORD-4502,CUST-597,Electronics,North,7/7/23 13:00,3,98.13,294.39,81.93
ORD-4503,CUST-411,Electronics,North,7/7/23 14:00,3,54.48,163.44,18.68
ORD-4504,CUST-548,Electronics,East,7/7/23 15:00,5,94.32,471.6,125.96
ORD-4505,CUST-519,Grocery,East,7/7/23 16:00,16,10.1,161.6,19.12
ORD-4506,CUST-946,Furniture,North,7/7/23 17:00,17,90.48,1538.16,171.09
ORD-4507,CUST-943,Electronics,South,7/7/23 18:00,6,37.99,227.94,39.35
ORD-4508,CUST-891,Clothing,North,7/7/23 19:00,16,38.03,608.48,177.26
ORD-4509,CUST-709,Grocery,East,7/7/23 20:00,2,30.53,61.06,18.12
ORD-4510,CUST-429,Grocery,South,7/7/23 21:00,15,38.53,577.95,81.15
ORD-4511,CUST-557,Electronics,East,7/7/23 22:00,18,29.21,525.78,68.21
ORD-4512,CUST-38,Grocery,South,7/7/23 23:00,1,91.53,91.53,15.61
ORD-4513,CUST-810,Electronics,East,7/8/23 0:00,19,90.91,1727.29,289.18
ORD-4514,CUST-992,Furniture,South,7/8/23 1:00,12,19.2,230.4,58.04
ORD-4515,CUST-369,Furniture,South,7/8/23 2:00,8,22.86,182.88,34.53
ORD-4516,CUST-719,Grocery,South,7/8/23 3:00,6,87.58,525.48,134.51
ORD-4517,CUST-917,Grocery,South,7/8/23 4:00,12,45.9,550.8,137.56
ORD-4518,CUST-832,Clothing,West,7/8/23 5:00,7,25.23,176.61,38.09
ORD-4519,CUST-550,Grocery,East,7/8/23 6:00,18,55.96,1007.28,268.64
ORD-4520,CUST-609,Clothing,East,7/8/23 7:00,14,47.5,665,92.52
ORD-4521,CUST-654,Furniture,West,7/8/23 8:00,8,29.72,237.76,31.47
ORD-4522,CUST-937,Furniture,South,7/8/23 9:00,14,74.87,1048.18,262.18
ORD-4523,CUST-88,Electronics,South,7/8/23 10:00,5,66.82,334.1,49.77
ORD-4524,CUST-112,Furniture,East,7/8/23 11:00,9,18.97,170.73,17.17
ORD-4525,CUST-788,Clothing,West,7/8/23 12:00,8,93.28,746.24,210.73
ORD-4526,CUST-255,Grocery,South,7/8/23 13:00,2,60.26,120.52,27.07
ORD-4527,CUST-674,Electronics,South,7/8/23 14:00,16,32.52,520.32,98.33
ORD-4528,CUST-681,Clothing,South,7/8/23 15:00,13,28.57,371.41,91.05
ORD-4529,CUST-364,Grocery,North,7/8/23 16:00,7,22.24,155.68,25.95
ORD-4530,CUST-171,Electronics,West,7/8/23 17:00,16,48.22,771.52,
ORD-4531,CUST-663,Furniture,South,7/8/23 18:00,7,22.2,155.4,17.67
ORD-4532,CUST-628,Clothing,North,7/8/23 19:00,14,47.42,663.88,151.49
ORD-4533,CUST-46,Grocery,West,7/8/23 20:00,14,23.39,327.46,83.65
ORD-4534,CUST-577,Electronics,South,7/8/23 21:00,12,69.11,,160.74
ORD-4535,CUST-661,Electronics,East,7/8/23 22:00,1,80.67,80.67,20.25
ORD-4536,CUST-694,Furniture,North,7/8/23 23:00,1,59.46,59.46,16.97
ORD-4537,CUST-663,Grocery,North,7/9/23 0:00,12,71.21,854.52,212.6
ORD-4538,CUST-410,Furniture,South,7/9/23 1:00,15,94.45,1416.75,229.33
ORD-4539,CUST-991,Furniture,South,7/9/23 2:00,4,67.45,269.8,57.3
ORD-4540,CUST-771,Grocery,North,7/9/23 3:00,7,42.77,299.39,84.52
ORD-4541,CUST-340,Grocery,East,7/9/23 4:00,16,50.45,807.2,153.22
ORD-4542,CUST-989,Grocery,East,7/9/23 5:00,3,87.45,262.35,62
ORD-4543,CUST-816,Clothing,West,7/9/23 6:00,7,21.76,152.32,29.41
ORD-4544,CUST-441,Grocery,South,7/9/23 7:00,6,39.32,235.92,29.32
ORD-4545,CUST-109,Electronics,East,7/9/23 8:00,16,61.96,991.36,110.75
ORD-4546,CUST-11,Furniture,West,7/9/23 9:00,8,70.88,567.04,164.7
ORD-4547,CUST-101,Clothing,East,7/9/23 10:00,6,78.71,472.26,105.08
ORD-4548,CUST-265,Grocery,South,7/9/23 11:00,10,38.64,386.4,46.66
ORD-4549,CUST-228,Clothing,West,7/9/23 12:00,16,23.13,370.08,100.47
ORD-4550,CUST-523,Grocery,West,7/9/23 13:00,11,95.94,1055.34,215.86
ORD-4551,CUST-765,Clothing,West,7/9/23 14:00,13,16.88,219.44,55.82
ORD-4552,CUST-532,Furniture,East,7/9/23 15:00,6,18.62,111.72,14
ORD-4553,CUST-572,Furniture,South,7/9/23 16:00,1,54.54,54.54,15.35
ORD-4554,CUST-595,Electronics,West,7/9/23 17:00,19,83.73,1590.87,346.98
ORD-4555,CUST-705,Electronics,North,7/9/23 18:00,12,79.71,956.52,236.88
ORD-4556,CUST-590,Grocery,South,7/9/23 19:00,6,94.39,566.34,60.19
ORD-4557,CUST-227,Furniture,North,7/9/23 20:00,18,22.74,409.32,66.74
ORD-4558,CUST-457,Clothing,North,7/9/23 21:00,13,43.82,569.66,87.44
ORD-4559,CUST-384,Clothing,West,7/9/23 22:00,7,35.39,247.73,71.82
ORD-4560,CUST-401,Clothing,West,7/9/23 23:00,13,87.48,1137.24,155.88
ORD-4561,CUST-475,Electronics,East,7/10/23 0:00,8,53.95,431.6,104.19
ORD-4562,CUST-791,Clothing,East,7/10/23 1:00,17,12.42,211.14,22.92
ORD-4563,CUST-696,Electronics,East,7/10/23 2:00,9,73.72,663.48,92.58
ORD-4564,CUST-603,Electronics,South,7/10/23 3:00,13,44.98,584.74,98.07
ORD-4565,CUST-708,Grocery,East,7/10/23 4:00,2,57.8,115.6,29.93
ORD-4566,CUST-513,Clothing,North,7/10/23 5:00,4,90.44,361.76,93.33
ORD-4567,CUST-155,Clothing,East,7/10/23 6:00,2,33.11,66.22,19.24
ORD-4568,CUST-354,Furniture,West,7/10/23 7:00,4,31.62,126.48,35.84
ORD-4569,CUST-26,Grocery,East,7/10/23 8:00,18,33.69,606.42,70.53
ORD-4570,CUST-495,Furniture,South,7/10/23 9:00,5,40.43,202.15,53.77
ORD-4571,CUST-108,Grocery,South,7/10/23 10:00,19,19.66,373.54,71.06
ORD-4572,CUST-303,Clothing,North,7/10/23 11:00,10,72.75,727.5,198.74
ORD-4573,CUST-426,Electronics,South,7/10/23 12:00,18,28.67,516.06,60.82
ORD-4574,CUST-943,Electronics,East,7/10/23 13:00,10,93.35,933.5,246.96
ORD-4575,CUST-985,Electronics,West,7/10/23 14:00,5,29.41,147.05,19.4
ORD-4576,CUST-88,Electronics,South,7/10/23 15:00,17,33.01,561.17,93.59
ORD-4577,CUST-119,Electronics,North,7/10/23 16:00,13,36.73,477.49,50.5
ORD-4578,CUST-852,Furniture,East,7/10/23 17:00,17,79.17,1345.89,167.89
ORD-4579,CUST-964,Grocery,North,7/10/23 18:00,9,48.48,436.32,82.53
ORD-4580,CUST-748,Clothing,South,7/10/23 19:00,12,83.74,1004.88,264.95
ORD-4581,CUST-146,Furniture,South,7/10/23 20:00,14,80.64,1128.96,287.58
ORD-4582,CUST-357,Grocery,North,7/10/23 21:00,14,93.65,1311.1,192.81
ORD-4583,CUST-320,Electronics,East,7/10/23 22:00,8,78.09,624.72,81.42
ORD-4584,CUST-352,Grocery,South,7/10/23 23:00,5,14.67,73.35,13.05
ORD-4585,CUST-467,Grocery,West,7/11/23 0:00,19,85.36,1621.84,448.69
ORD-4586,CUST-804,Electronics,South,7/11/23 1:00,14,94.43,1322.02,156.38
ORD-4587,CUST-212,Electronics,East,7/11/23 2:00,9,99.43,894.87,186.65
ORD-4588,CUST-534,Electronics,South,7/11/23 3:00,7,21.27,148.89,17.53
ORD-4589,CUST-495,Clothing,North,7/11/23 4:00,8,65.19,521.52,101.2
ORD-4590,CUST-357,Electronics,South,7/11/23 5:00,14,27.95,391.3,49.05
ORD-4591,CUST-488,Clothing,South,7/11/23 6:00,14,33.63,470.82,54.65
ORD-4592,CUST-100,Electronics,East,7/11/23 7:00,11,77.1,848.1,117.18
ORD-4593,CUST-449,Clothing,North,7/11/23 8:00,14,97.99,1371.86,207.22
ORD-4594,CUST-740,Grocery,East,7/11/23 9:00,8,63.54,508.32,78.92
ORD-4595,CUST-714,Furniture,South,7/11/23 10:00,3,86.55,259.65,59.47
ORD-4596,CUST-464,Grocery,West,7/11/23 11:00,18,10.8,194.4,21.58
ORD-4597,CUST-327,Grocery,South,7/11/23 12:00,3,13.3,39.9,4.63
ORD-4598,CUST-69,Electronics,East,7/11/23 13:00,13,63.71,828.23,114.08
ORD-4599,CUST-308,Clothing,West,7/11/23 14:00,12,45.01,540.12,148.22
ORD-4600,CUST-46,Furniture,East,7/11/23 15:00,15,90.08,1351.2,304.99
ORD-4601,CUST-830,Electronics,East,7/11/23 16:00,18,37.18,669.24,164.68
ORD-4602,CUST-728,Electronics,North,7/11/23 17:00,5,48.88,244.4,42.54
ORD-4603,CUST-118,Electronics,West,7/11/23 18:00,7,57.51,402.57,57.42
ORD-4604,CUST-24,Grocery,South,7/11/23 19:00,11,34.57,380.27,40.91
ORD-4605,CUST-870,Clothing,East,7/11/23 20:00,11,91.76,1009.36,199.56
ORD-4606,CUST-352,Clothing,South,7/11/23 21:00,15,51.81,777.15,166.98
ORD-4607,CUST-664,Furniture,North,7/11/23 22:00,10,48.17,481.7,134.59
ORD-4608,CUST-112,Clothing,North,7/11/23 23:00,15,86.48,1297.2,358.57
ORD-4609,CUST-694,Clothing,West,7/12/23 0:00,13,38.08,495.04,91.55
ORD-4610,CUST-820,Electronics,North,7/12/23 1:00,14,83.57,1169.98,216.11
ORD-4611,CUST-169,Electronics,North,7/12/23 2:00,17,21,357,47.2
ORD-4612,CUST-953,Grocery,South,7/12/23 3:00,13,26.45,343.85,52.09
ORD-4613,CUST-759,Electronics,North,7/12/23 4:00,10,95.58,955.8,272.53
ORD-4614,CUST-250,Electronics,North,7/12/23 5:00,1,85.82,85.82,11
ORD-4615,CUST-529,Electronics,East,7/12/23 6:00,1,44.91,22.455,13.19
ORD-4616,CUST-179,Electronics,North,7/12/23 7:00,15,67.46,1011.9,203.34
ORD-4617,CUST-566,Grocery,East,7/12/23 8:00,16,94.87,1517.92,290.41
ORD-4618,CUST-164,Electronics,North,7/12/23 9:00,12,29.07,348.84,47.07
ORD-4619,CUST-339,Furniture,North,7/12/23 10:00,6,15.31,91.86,21.34
ORD-4620,CUST-574,Furniture,West,7/12/23 11:00,6,58.37,350.22,67.23
ORD-4621,CUST-437,Furniture,West,7/12/23 12:00,12,22.83,273.96,47.71
ORD-4622,CUST-982,Furniture,East,7/12/23 13:00,15,26.86,402.9,61.6
ORD-4623,CUST-474,Electronics,North,7/12/23 14:00,4,90.24,360.96,40.9
ORD-4624,CUST-238,Furniture,South,7/12/23 15:00,4,10.67,42.68,8.7
ORD-4625,CUST-817,Electronics,West,7/12/23 16:00,2,83.51,167.02,27.15
ORD-4626,CUST-415,Grocery,South,7/12/23 17:00,12,56.53,678.36,163.87
ORD-4627,CUST-645,Furniture,West,7/12/23 18:00,7,60.34,422.38,103.36
ORD-4628,CUST-189,Clothing,West,7/12/23 19:00,9,70.46,634.14,105.53
ORD-4629,CUST-191,Furniture,North,7/12/23 20:00,9,48.83,439.47,102.76
ORD-4630,CUST-656,Furniture,West,7/12/23 21:00,8,20.41,163.28,24.78
ORD-4631,CUST-674,Electronics,South,7/12/23 22:00,14,19.25,269.5,66.14
ORD-4632,CUST-443,Furniture,West,7/12/23 23:00,1,77.89,77.89,8.04
ORD-4633,CUST-406,Clothing,East,7/13/23 0:00,12,29.89,358.68,46.74
ORD-4634,CUST-30,Electronics,North,7/13/23 1:00,2,12.53,25.06,3.73
ORD-4635,CUST-756,Electronics,North,7/13/23 2:00,13,98.17,1276.21,324.91
ORD-4636,CUST-629,Grocery,East,7/13/23 3:00,4,98.24,392.96,44.51
ORD-4637,CUST-905,Grocery,East,7/13/23 4:00,18,44.03,792.54,109.06
ORD-4638,CUST-203,Furniture,East,7/13/23 5:00,19,12.3,233.7,40.13
ORD-4639,CUST-461,Grocery,West,7/13/23 6:00,16,75.45,1207.2,122.94
ORD-4640,CUST-607,Grocery,North,7/13/23 7:00,14,84.79,1187.06,299.64
ORD-4641,CUST-440,Grocery,East,7/13/23 8:00,8,21.25,170,36.04
ORD-4642,CUST-399,Electronics,West,7/13/23 9:00,12,22.19,266.28,74.59
ORD-4643,CUST-5,Electronics,East,7/13/23 10:00,9,84,756,80.29
ORD-4644,CUST-722,Electronics,South,7/13/23 11:00,6,92.97,557.82,
ORD-4645,CUST-220,Grocery,South,7/13/23 12:00,18,81.17,1461.06,359.79
ORD-4646,CUST-211,Electronics,North,7/13/23 13:00,2,28.07,56.14,13.19
ORD-4647,CUST-286,Grocery,West,7/13/23 14:00,8,47.04,376.32,55.93
ORD-4648,CUST-771,Electronics,South,7/13/23 15:00,14,64.08,897.12,196.59
ORD-4649,CUST-721,Electronics,South,7/13/23 16:00,6,24.43,146.58,37.93
ORD-4650,CUST-829,Clothing,West,7/13/23 17:00,10,28.95,289.5,30.88
ORD-4651,CUST-816,Furniture,East,7/13/23 18:00,8,35.46,283.68,69.08
ORD-4652,CUST-65,Grocery,West,7/13/23 19:00,17,55.86,949.62,142.84
ORD-4653,CUST-592,Clothing,East,7/13/23 20:00,12,55.97,671.64,194.49
ORD-4654,CUST-105,Electronics,South,7/13/23 21:00,17,83.29,1415.93,294.01
ORD-4655,CUST-819,Grocery,South,7/13/23 22:00,13,77.77,1011.01,107.85
ORD-4656,CUST-893,Electronics,South,7/13/23 23:00,19,92.24,1752.56,316.66
ORD-4657,CUST-550,Furniture,North,7/14/23 0:00,12,84.96,,298.99
ORD-4658,CUST-192,Clothing,North,7/14/23 1:00,16,32.85,525.6,129.34
ORD-4659,CUST-375,Furniture,North,7/14/23 2:00,5,39.82,199.1,31.88
ORD-4660,CUST-334,Clothing,West,7/14/23 3:00,16,55.04,880.64,189.38
ORD-4661,CUST-202,Electronics,South,7/14/23 4:00,6,11.28,67.68,14.88
ORD-4662,CUST-469,Furniture,South,7/14/23 5:00,11,91.35,1004.85,105.18
ORD-4663,CUST-117,Furniture,West,7/14/23 6:00,17,13.99,237.83,32.29
ORD-4664,CUST-269,Electronics,North,7/14/23 7:00,14,39.02,546.28,114.91
ORD-4665,CUST-687,Furniture,West,7/14/23 8:00,6,61.23,367.38,66.33
ORD-4666,CUST-884,Grocery,North,7/14/23 9:00,11,56.61,622.71,85.94
ORD-4667,CUST-502,Clothing,South,7/14/23 10:00,12,68.9,826.8,210.45
ORD-4668,CUST-541,Clothing,East,7/14/23 11:00,13,57.48,747.24,147.8
ORD-4669,CUST-990,Clothing,North,7/14/23 12:00,4,30.61,122.44,19.83
ORD-4670,CUST-655,Grocery,South,7/14/23 13:00,7,28.1,196.7,26.03
ORD-4671,CUST-321,Clothing,South,7/14/23 14:00,2,91.65,183.3,40.74
ORD-4672,CUST-612,Electronics,East,7/14/23 15:00,6,33.76,202.56,47.25
ORD-4673,CUST-398,Furniture,South,7/14/23 16:00,6,35.29,211.74,49.53
ORD-4674,CUST-626,Grocery,South,7/14/23 17:00,18,47.17,849.06,122.31
ORD-4675,CUST-402,Clothing,North,7/14/23 18:00,8,22.55,180.4,39.52
ORD-4676,CUST-602,Electronics,North,7/14/23 19:00,8,55.65,445.2,125.14
ORD-4677,CUST-117,Furniture,East,7/14/23 20:00,8,69.85,558.8,95.35
ORD-4678,CUST-357,Furniture,East,7/14/23 21:00,8,80.74,645.92,91.82
ORD-4679,CUST-361,Grocery,South,7/14/23 22:00,1,74.03,74.03,18.84
ORD-4680,CUST-866,Grocery,North,7/14/23 23:00,2,23.29,46.58,6.31
ORD-4681,CUST-469,Grocery,East,7/15/23 0:00,12,51.05,612.6,92.35
ORD-4682,CUST-633,Electronics,East,7/15/23 1:00,15,13.47,202.05,24.27
ORD-4683,CUST-177,Electronics,West,7/15/23 2:00,4,11.6,46.4,
ORD-4684,CUST-834,Grocery,East,7/15/23 3:00,3,49.61,148.83,27.1
ORD-4685,CUST-690,Clothing,South,7/15/23 4:00,14,32.77,458.78,51.76
ORD-4686,CUST-723,Furniture,North,7/15/23 5:00,8,71.5,572,156.92
ORD-4687,CUST-820,Furniture,East,7/15/23 6:00,13,75.18,977.34,198.14
ORD-4688,CUST-305,Electronics,West,7/15/23 7:00,19,90.59,1721.21,374.57
ORD-4689,CUST-941,Furniture,North,7/15/23 8:00,5,78.46,392.3,68.36
ORD-4690,CUST-630,Clothing,East,7/15/23 9:00,13,14.34,186.42,43.62
ORD-4691,CUST-605,Furniture,West,7/15/23 10:00,1,43.45,43.45,8.1
ORD-4692,CUST-87,Electronics,East,7/15/23 11:00,16,34.57,553.12,139.53
ORD-4693,CUST-689,Electronics,North,7/15/23 12:00,2,44.75,89.5,23.65
ORD-4694,CUST-138,Clothing,North,7/15/23 13:00,7,24.41,170.87,40.05
ORD-4695,CUST-321,Clothing,North,7/15/23 14:00,6,18.79,112.74,22.35
ORD-4696,CUST-121,Furniture,South,7/15/23 15:00,5,56.89,284.45,72.95
ORD-4697,CUST-245,Furniture,East,7/15/23 16:00,4,74.83,299.32,59.52
ORD-4698,CUST-313,Electronics,South,7/15/23 17:00,2,73.17,146.34,17.9
ORD-4699,CUST-120,Clothing,North,7/15/23 18:00,10,50.58,505.8,62.35
ORD-4700,CUST-188,Clothing,West,7/15/23 19:00,5,57.01,285.05,82.58
ORD-4701,CUST-383,Clothing,East,7/15/23 20:00,18,56.47,1016.46,145.06
ORD-4702,CUST-711,Furniture,South,7/15/23 21:00,10,72.24,722.4,
ORD-4703,CUST-145,Clothing,East,7/15/23 22:00,15,14.31,214.65,32.06
ORD-4704,CUST-524,Electronics,West,7/15/23 23:00,9,73.89,665.01,123.8
ORD-4705,CUST-398,Electronics,South,7/16/23 0:00,11,62.4,686.4,158.55
ORD-4706,CUST-429,Furniture,North,7/16/23 1:00,17,27.83,473.11,62.34
ORD-4707,CUST-611,Grocery,South,7/16/23 2:00,9,14.42,129.78,32.11
ORD-4708,CUST-142,Furniture,East,7/16/23 3:00,16,19.77,316.32,75.28
ORD-4709,CUST-589,Grocery,East,7/16/23 4:00,6,57.22,343.32,71.62
ORD-4710,CUST-393,Clothing,East,7/16/23 5:00,11,78.26,860.86,183.52
ORD-4711,CUST-434,Furniture,East,7/16/23 6:00,17,40.12,682.04,82.63
ORD-4712,CUST-191,Electronics,North,7/16/23 7:00,4,44.12,176.48,33.04
ORD-4713,CUST-499,Clothing,South,7/16/23 8:00,15,94.07,1411.05,165.54
ORD-4714,CUST-651,Electronics,North,7/16/23 9:00,1,29.17,29.17,4.71
ORD-4715,CUST-551,Clothing,North,7/16/23 10:00,1,19.34,19.34,5.42
ORD-4716,CUST-711,Furniture,North,7/16/23 11:00,9,40.91,368.19,79.13
ORD-4717,CUST-942,Grocery,East,7/16/23 12:00,12,77.13,925.56,230.04
ORD-4718,CUST-661,Clothing,East,7/16/23 13:00,4,66.35,265.4,57
ORD-4719,CUST-954,Grocery,East,7/16/23 14:00,13,47.42,616.46,85.59
ORD-4720,CUST-178,Clothing,South,7/16/23 15:00,7,96.83,677.81,148.41
ORD-4721,CUST-569,Electronics,West,7/16/23 16:00,8,76.15,609.2,152.96
ORD-4722,CUST-171,Electronics,East,7/16/23 17:00,13,15.57,202.41,25.84
ORD-4723,CUST-502,Clothing,South,7/16/23 18:00,11,77.02,847.22,223.14
ORD-4724,CUST-296,Grocery,East,7/16/23 19:00,9,12.16,109.44,
ORD-4725,CUST-144,Furniture,East,7/16/23 20:00,16,68.53,1096.48,110.59
ORD-4726,CUST-192,Furniture,North,7/16/23 21:00,10,28.94,289.4,59.02
ORD-4727,CUST-323,Electronics,North,7/16/23 22:00,11,72.68,799.48,143.21
ORD-4728,CUST-863,Furniture,North,7/16/23 23:00,12,37.88,454.56,72.41
ORD-4729,CUST-462,Electronics,South,7/17/23 0:00,14,88.57,1239.98,315.27
ORD-4730,CUST-635,Furniture,West,7/17/23 1:00,19,40.32,766.08,214.43
ORD-4731,CUST-55,Clothing,West,7/17/23 2:00,12,65.77,789.24,199.31
ORD-4732,CUST-887,Electronics,South,7/17/23 3:00,18,35.73,643.14,173.23
ORD-4733,CUST-368,Electronics,East,7/17/23 4:00,17,92.55,1573.35,443.3
ORD-4734,CUST-975,Clothing,South,7/17/23 5:00,3,80.29,240.87,68.05
ORD-4735,CUST-10,Electronics,East,7/17/23 6:00,1,31.9,31.9,3.92
ORD-4736,CUST-497,Furniture,South,7/17/23 7:00,19,95.39,1812.41,346.67
ORD-4737,CUST-140,Furniture,South,7/17/23 8:00,4,42.14,168.56,16.87
ORD-4738,CUST-200,Electronics,South,7/17/23 9:00,16,68.67,1098.72,221.16
ORD-4739,CUST-835,Furniture,West,7/17/23 10:00,12,76.86,922.32,262.72
ORD-4740,CUST-394,Grocery,North,7/17/23 11:00,13,12.06,156.78,21.92
ORD-4741,CUST-987,Electronics,South,7/17/23 12:00,17,96.31,1637.27,373.23
ORD-4742,CUST-576,Clothing,West,7/17/23 13:00,8,41,328,75.07
ORD-4743,CUST-518,Grocery,North,7/17/23 14:00,13,27.08,352.04,46.49
ORD-4744,CUST-669,Electronics,North,7/17/23 15:00,5,86.56,432.8,63.93
ORD-4745,CUST-507,Clothing,South,7/17/23 16:00,18,73.26,1318.68,253.72
ORD-4746,CUST-419,Furniture,East,7/17/23 17:00,15,17.81,267.15,36.77
ORD-4747,CUST-702,Clothing,East,7/17/23 18:00,12,20.53,246.36,53.46
ORD-4748,CUST-504,Grocery,East,7/17/23 19:00,17,74.37,1264.29,248.95
ORD-4749,CUST-426,Furniture,South,7/17/23 20:00,15,16.73,250.95,51.15
ORD-4750,CUST-728,Electronics,East,7/17/23 21:00,2,92.55,185.1,23.49
ORD-4751,CUST-861,Furniture,West,7/17/23 22:00,6,76.74,460.44,93.68
ORD-4752,CUST-455,Electronics,West,7/17/23 23:00,17,40.19,683.23,75.08
ORD-4753,CUST-501,Electronics,West,7/18/23 0:00,16,42.66,682.56,188.6
ORD-4754,CUST-172,Clothing,West,7/18/23 1:00,17,55.58,944.86,159.35
ORD-4755,CUST-85,Clothing,North,7/18/23 2:00,9,42.49,382.41,103.74
ORD-4756,CUST-579,Clothing,West,7/18/23 3:00,5,80.51,402.55,96.75
ORD-4757,CUST-32,Grocery,East,7/18/23 4:00,1,97.73,97.73,24.75
ORD-4758,CUST-815,Grocery,South,7/18/23 5:00,6,62.61,375.66,61.2
ORD-4759,CUST-780,Clothing,East,7/18/23 6:00,14,50.14,701.96,102.17
ORD-4760,CUST-226,Grocery,West,7/18/23 7:00,17,30.05,510.85,92.64
ORD-4761,CUST-300,Furniture,North,7/18/23 8:00,19,68.81,1307.39,137.07
ORD-4762,CUST-34,Furniture,West,7/18/23 9:00,1,71.7,71.7,20.34
ORD-4763,CUST-282,Grocery,South,7/18/23 10:00,1,71.67,71.67,12.71
ORD-4764,CUST-231,Grocery,East,7/18/23 11:00,13,12.43,161.59,48.11
ORD-4765,CUST-551,Furniture,South,7/18/23 12:00,14,90.92,1272.88,321.13
ORD-4766,CUST-296,Electronics,South,7/18/23 13:00,6,40.43,242.58,28.16
ORD-4767,CUST-173,Furniture,South,7/18/23 14:00,6,76.97,461.82,107.16
ORD-4768,CUST-800,Furniture,East,7/18/23 15:00,1,78.38,78.38,12.08
ORD-4769,CUST-469,Grocery,West,7/18/23 16:00,14,68.55,959.7,142.75
ORD-4770,CUST-580,Furniture,South,7/18/23 17:00,3,45.54,136.62,20.67
ORD-4771,CUST-761,Grocery,East,7/18/23 18:00,10,64.75,647.5,183.38
ORD-4772,CUST-792,Grocery,North,7/18/23 19:00,19,13.62,258.78,51.75
ORD-4773,CUST-785,Clothing,East,7/18/23 20:00,19,78.57,1492.83,349.16
ORD-4774,CUST-508,Furniture,North,7/18/23 21:00,19,18.96,360.24,56.27
ORD-4775,CUST-563,Electronics,East,7/18/23 22:00,4,45.71,182.84,37.41
ORD-4776,CUST-524,Clothing,West,7/18/23 23:00,19,19.33,367.27,62.44
ORD-4777,CUST-116,Grocery,South,7/19/23 0:00,10,85.34,853.4,140.15
ORD-4778,CUST-587,Grocery,West,7/19/23 1:00,2,59.53,119.06,17.79
ORD-4779,CUST-117,Electronics,East,7/19/23 2:00,4,72.19,288.76,52.5
ORD-4780,CUST-275,Grocery,South,7/19/23 3:00,6,71.43,428.58,99.43
ORD-4781,CUST-794,Furniture,North,7/19/23 4:00,7,85.74,600.18,86.67
ORD-4782,CUST-557,Clothing,East,7/19/23 5:00,16,21.93,350.88,102.84
ORD-4783,CUST-844,Grocery,South,7/19/23 6:00,7,69.38,485.66,60.67
ORD-4784,CUST-376,Grocery,North,7/19/23 7:00,18,61.76,1111.68,217.94
ORD-4785,CUST-556,Electronics,North,7/19/23 8:00,19,12.78,242.82,28.41
ORD-4786,CUST-843,Furniture,West,7/19/23 9:00,9,28.13,253.17,26.46
ORD-4787,CUST-775,Grocery,East,7/19/23 10:00,10,34.08,340.8,96.97
ORD-4788,CUST-43,Electronics,North,7/19/23 11:00,13,16.53,214.89,56.32
ORD-4789,CUST-779,Grocery,South,7/19/23 12:00,18,41.92,754.56,180.21
ORD-4790,CUST-737,Electronics,North,7/19/23 13:00,16,12.45,199.2,54.39
ORD-4791,CUST-452,Electronics,North,7/19/23 14:00,17,59.79,1016.43,264.85
ORD-4792,CUST-560,Furniture,West,7/19/23 15:00,13,29.04,377.52,86.62
ORD-4793,CUST-224,Grocery,West,7/19/23 16:00,12,35.83,429.96,115.86
ORD-4794,CUST-436,Furniture,South,7/19/23 17:00,10,91.94,919.4,163.8
ORD-4795,CUST-105,Electronics,West,7/19/23 18:00,1,55.25,55.25,11.63
ORD-4796,CUST-754,Clothing,North,7/19/23 19:00,8,34.21,273.68,69.86
ORD-4797,CUST-850,Grocery,North,7/19/23 20:00,18,63.86,1149.48,134.44
ORD-4798,CUST-670,Clothing,West,7/19/23 21:00,2,28.15,56.3,15.3
ORD-4799,CUST-770,Grocery,North,7/19/23 22:00,16,16.7,267.2,35.1
ORD-4800,CUST-254,Furniture,North,7/19/23 23:00,12,11.88,142.56,38.91
ORD-4801,CUST-305,Furniture,South,7/20/23 0:00,9,95.64,860.76,139.67
ORD-4802,CUST-896,Furniture,West,7/20/23 1:00,3,75.21,225.63,37.31
ORD-4803,CUST-34,Furniture,North,7/20/23 2:00,4,82,328,37.65
ORD-4804,CUST-461,Furniture,West,7/20/23 3:00,2,98.28,196.56,54.48
ORD-4805,CUST-270,Clothing,South,7/20/23 4:00,8,93.85,750.8,151.92
ORD-4806,CUST-357,Furniture,West,7/20/23 5:00,10,76.32,763.2,172.49
ORD-4807,CUST-883,Electronics,North,7/20/23 6:00,16,72.46,1159.36,265.25
ORD-4808,CUST-837,Electronics,West,7/20/23 7:00,11,40.32,443.52,69.29
ORD-4809,CUST-90,Clothing,North,7/20/23 8:00,18,19.36,348.48,103.54
ORD-4810,CUST-450,Grocery,North,7/20/23 9:00,14,61.64,862.96,97.37
ORD-4811,CUST-887,Electronics,North,7/20/23 10:00,8,61.86,494.88,109.65
ORD-4812,CUST-121,Grocery,South,7/20/23 11:00,15,95.7,,281.23
ORD-4813,CUST-795,Clothing,West,7/20/23 12:00,17,49.83,847.11,126.3
ORD-4814,CUST-832,Grocery,South,7/20/23 13:00,18,72.17,1299.06,172.4
ORD-4815,CUST-243,Grocery,West,7/20/23 14:00,6,61.75,370.5,91.67
ORD-4816,CUST-215,Grocery,South,7/20/23 15:00,14,25.91,362.74,102.75
ORD-4817,CUST-831,Grocery,East,7/20/23 16:00,3,63.29,189.87,23.07
ORD-4818,CUST-756,Clothing,North,7/20/23 17:00,7,58.61,410.27,56.94
ORD-4819,CUST-603,Electronics,North,7/20/23 18:00,15,54.45,816.75,242.78
ORD-4820,CUST-706,Furniture,South,7/20/23 19:00,16,56.21,899.36,92.64
ORD-4821,CUST-360,Grocery,East,7/20/23 20:00,16,24.76,396.16,79.89
ORD-4822,CUST-882,Electronics,North,7/20/23 21:00,8,51.71,413.68,84.07
ORD-4823,CUST-728,Electronics,West,7/20/23 22:00,7,64.51,451.57,68.92
ORD-4824,CUST-625,Clothing,South,7/20/23 23:00,6,54.05,324.3,75.43
ORD-4825,CUST-648,Electronics,North,7/21/23 0:00,2,53.98,107.96,31.2
ORD-4826,CUST-439,Clothing,North,7/21/23 1:00,13,16.98,220.74,41.95
ORD-4827,CUST-170,Grocery,South,7/21/23 2:00,12,27.17,326.04,81.47
ORD-4828,CUST-631,Grocery,South,7/21/23 3:00,15,38.89,583.35,133.71
ORD-4829,CUST-143,Furniture,West,7/21/23 4:00,9,47.74,429.66,83.61
ORD-4830,CUST-804,Furniture,West,7/21/23 5:00,2,63.45,63.45,13.95
ORD-4831,CUST-212,Furniture,North,7/21/23 6:00,17,87.7,1490.9,370.26
ORD-4832,CUST-834,Electronics,North,7/21/23 7:00,5,24.32,121.6,20.99
ORD-4833,CUST-212,Grocery,South,7/21/23 8:00,11,11.36,124.96,18.11
ORD-4834,CUST-825,Clothing,North,7/21/23 9:00,19,50.43,958.17,277.54
ORD-4835,CUST-61,Furniture,North,7/21/23 10:00,7,48.89,342.23,87.17
ORD-4836,CUST-584,Clothing,South,7/21/23 11:00,2,59.67,119.34,34.9
ORD-4837,CUST-360,Clothing,North,7/21/23 12:00,16,84.99,1359.84,205.67
ORD-4838,CUST-546,Furniture,North,7/21/23 13:00,12,82.21,986.52,263.56
ORD-4839,CUST-288,Grocery,East,7/21/23 14:00,15,19,285,63.14
ORD-4840,CUST-612,Furniture,West,7/21/23 15:00,1,94.06,94.06,27.87
ORD-4841,CUST-552,Clothing,South,7/21/23 16:00,13,19.94,259.22,74.98
ORD-4842,CUST-173,Furniture,East,7/21/23 17:00,6,67.11,402.66,118.62
ORD-4843,CUST-332,Clothing,West,7/21/23 18:00,13,70.52,916.76,266.18
ORD-4844,CUST-721,Clothing,West,7/21/23 19:00,18,71.19,1281.42,130.11
ORD-4845,CUST-300,Furniture,West,7/21/23 20:00,3,33.88,101.64,25.23
ORD-4846,CUST-297,Electronics,East,7/21/23 21:00,1,39.73,39.73,6.13
ORD-4847,CUST-587,Furniture,East,7/21/23 22:00,15,59.38,890.7,214.66
ORD-4848,CUST-274,Electronics,West,7/21/23 23:00,13,27.96,363.48,107.63
ORD-4849,CUST-976,Clothing,North,7/22/23 0:00,5,11.83,59.15,6.38
ORD-4850,CUST-879,Clothing,North,7/22/23 1:00,13,60.59,787.67,168.09
ORD-4851,CUST-527,Electronics,East,7/22/23 2:00,5,51.88,259.4,64.07
ORD-4852,CUST-922,Clothing,East,7/22/23 3:00,19,69.11,1313.09,197.85
ORD-4853,CUST-696,Electronics,East,7/22/23 4:00,18,23.2,417.6,60.56
ORD-4854,CUST-835,Electronics,West,7/22/23 5:00,10,85.68,856.8,96.02
ORD-4855,CUST-98,Clothing,North,7/22/23 6:00,8,23.16,185.28,22.01
ORD-4856,CUST-139,Grocery,East,7/22/23 7:00,15,90.22,1353.3,313.09
ORD-4857,CUST-986,Electronics,East,7/22/23 8:00,4,50.46,201.84,40.58
ORD-4858,CUST-769,Furniture,South,7/22/23 9:00,2,59.48,118.96,12.61
ORD-4859,CUST-805,Furniture,West,7/22/23 10:00,6,90.69,544.14,159.94
ORD-4860,CUST-422,Clothing,South,7/22/23 11:00,3,36.99,110.97,25.66
ORD-4861,CUST-941,Grocery,North,7/22/23 12:00,7,26.36,184.52,37.47
ORD-4862,CUST-61,Clothing,South,7/22/23 13:00,10,50.12,501.2,77.46
ORD-4863,CUST-284,Grocery,South,7/22/23 14:00,6,31.99,191.94,44.46
ORD-4864,CUST-888,Electronics,South,7/22/23 15:00,16,57.51,460.08,159.03
ORD-4865,CUST-672,Electronics,West,7/22/23 16:00,2,34.77,69.54,16.72
ORD-4866,CUST-130,Electronics,North,7/22/23 17:00,17,87.8,,353.02
ORD-4867,CUST-719,Electronics,South,7/22/23 18:00,13,64.66,840.58,99.65
ORD-4868,CUST-887,Furniture,West,7/22/23 19:00,1,10.02,10.02,2.82
ORD-4869,CUST-136,Furniture,North,7/22/23 20:00,6,82.49,494.94,97.7
ORD-4870,CUST-256,Clothing,East,7/22/23 21:00,5,39.72,198.6,35.47
ORD-4871,CUST-150,Grocery,South,7/22/23 22:00,13,38.82,504.66,146.9
ORD-4872,CUST-729,Electronics,North,7/22/23 23:00,18,44.48,800.64,150.23
ORD-4873,CUST-330,Electronics,South,7/23/23 0:00,12,66.72,800.64,195.55
ORD-4874,CUST-849,Grocery,East,7/23/23 1:00,7,49.79,348.53,80.52
ORD-4875,CUST-254,Grocery,North,7/23/23 2:00,15,66.58,998.7,132.86
ORD-4876,CUST-780,Clothing,West,7/23/23 3:00,3,23.21,69.63,20.77
ORD-4877,CUST-864,Grocery,North,7/23/23 4:00,16,97.31,1556.96,300.06
ORD-4878,CUST-693,Electronics,West,7/23/23 5:00,1,75.66,75.66,13.54
ORD-4879,CUST-403,Electronics,North,7/23/23 6:00,16,32.52,520.32,147.73
ORD-4880,CUST-502,Electronics,West,7/23/23 7:00,12,75.18,902.16,185.71
ORD-4881,CUST-146,Electronics,East,7/23/23 8:00,19,61.75,1173.25,282.77
ORD-4882,CUST-592,Electronics,East,7/23/23 9:00,8,19.83,158.64,42.71
ORD-4883,CUST-648,Clothing,East,7/23/23 10:00,12,26.04,312.48,45.97
ORD-4884,CUST-276,Electronics,North,7/23/23 11:00,15,13.72,205.8,27.56
ORD-4885,CUST-643,Clothing,East,7/23/23 12:00,2,82.83,165.66,18.84
ORD-4886,CUST-425,Electronics,South,7/23/23 13:00,17,59.65,1014.05,283.35
ORD-4887,CUST-385,Furniture,East,7/23/23 14:00,7,38.51,269.57,37.76
ORD-4888,CUST-463,Furniture,West,7/23/23 15:00,13,21.37,277.81,44.88
ORD-4889,CUST-78,Furniture,West,7/23/23 16:00,1,53.56,53.56,8.42
ORD-4890,CUST-649,Furniture,West,7/23/23 17:00,6,57.27,343.62,55.29
ORD-4891,CUST-814,Clothing,North,7/23/23 18:00,13,73.18,951.34,222.24
ORD-4892,CUST-902,Clothing,South,7/23/23 19:00,11,97.29,1070.19,311.24
ORD-4893,CUST-788,Grocery,East,7/23/23 20:00,10,49.15,491.5,81.54
ORD-4894,CUST-96,Electronics,South,7/23/23 21:00,16,46.54,744.64,135.17
ORD-4895,CUST-413,Furniture,South,7/23/23 22:00,17,43.29,735.93,187.1
ORD-4896,CUST-528,Clothing,West,7/23/23 23:00,17,84.42,1435.14,267.61
ORD-4897,CUST-768,Electronics,West,7/24/23 0:00,4,24.07,96.28,27.46
ORD-4898,CUST-285,Electronics,West,7/24/23 1:00,5,40.94,204.7,41.07
ORD-4899,CUST-712,Clothing,North,7/24/23 2:00,14,75.25,1053.5,178.62
ORD-4900,CUST-959,Furniture,South,7/24/23 3:00,10,11.41,114.1,33.58
ORD-4901,CUST-899,Grocery,South,7/24/23 4:00,14,36.04,504.56,93.42
ORD-4902,CUST-378,Electronics,North,7/24/23 5:00,1,67.73,67.73,9.9
ORD-4903,CUST-466,Grocery,North,7/24/23 6:00,11,26.74,294.14,39.87
ORD-4904,CUST-974,Furniture,North,7/24/23 7:00,18,37.24,670.32,200.45
ORD-4905,CUST-500,Furniture,South,7/24/23 8:00,16,53.74,859.84,215.47
ORD-4906,CUST-336,Grocery,South,7/24/23 9:00,18,47.98,863.64,156.95
ORD-4907,CUST-596,Furniture,West,7/24/23 10:00,8,19.54,156.32,41.47
ORD-4908,CUST-3,Electronics,West,7/24/23 11:00,10,94.44,944.4,197.72
ORD-4909,CUST-890,Grocery,South,7/24/23 12:00,10,13.99,139.9,22.87
ORD-4910,CUST-793,Furniture,West,7/24/23 13:00,5,77.48,387.4,96.34
ORD-4911,CUST-868,Grocery,North,7/24/23 14:00,10,16.43,164.3,40.94
ORD-4912,CUST-751,Electronics,East,7/24/23 15:00,18,52.06,937.08,187.45
ORD-4913,CUST-96,Furniture,West,7/24/23 16:00,6,25.79,154.74,16.87
ORD-4914,CUST-749,Electronics,South,7/24/23 17:00,3,22.7,68.1,7.86
ORD-4915,CUST-996,Furniture,West,7/24/23 18:00,8,21.33,170.64,43.98
ORD-4916,CUST-470,Clothing,West,7/24/23 19:00,9,50.75,,120.9
ORD-4917,CUST-651,Furniture,West,7/24/23 20:00,5,56.39,281.95,66.44
ORD-4918,CUST-681,Grocery,East,7/24/23 21:00,2,22,44,11.78
ORD-4919,CUST-715,Furniture,North,7/24/23 22:00,2,98.15,196.3,47.88
ORD-4920,CUST-367,Electronics,South,7/24/23 23:00,7,33.2,232.4,64.93
ORD-4921,CUST-871,Electronics,East,7/25/23 0:00,17,51.3,872.1,113.44
ORD-4922,CUST-65,Furniture,South,7/25/23 1:00,10,29.46,294.6,52.31
ORD-4923,CUST-815,Grocery,South,7/25/23 2:00,12,54.45,653.4,125.99
ORD-4924,CUST-548,Clothing,South,7/25/23 3:00,2,78.04,,24.9
ORD-4925,CUST-408,Grocery,East,7/25/23 4:00,10,56.9,569,139.45
ORD-4926,CUST-224,Clothing,North,7/25/23 5:00,1,35.71,35.71,10.09
ORD-4927,CUST-992,Electronics,South,7/25/23 6:00,4,32.36,129.44,23.62
ORD-4928,CUST-440,Grocery,North,7/25/23 7:00,13,78.3,1017.9,293.47
ORD-4929,CUST-845,Clothing,North,7/25/23 8:00,12,20.64,247.68,50.37
ORD-4930,CUST-217,Furniture,West,7/25/23 9:00,11,43.3,476.3,97.4
ORD-4931,CUST-507,Electronics,East,7/25/23 10:00,10,23.63,236.3,52
ORD-4932,CUST-275,Furniture,East,7/25/23 11:00,15,33.22,498.3,76.57
ORD-4933,CUST-331,Electronics,West,7/25/23 12:00,5,23.74,118.7,20.97
ORD-4934,CUST-849,Grocery,West,7/25/23 13:00,17,89.81,1526.77,321.61
ORD-4935,CUST-291,Grocery,North,7/25/23 14:00,5,75.87,379.35,109.4
ORD-4936,CUST-346,Electronics,South,7/25/23 15:00,2,60.48,120.96,27.64
ORD-4937,CUST-561,Electronics,East,7/25/23 16:00,9,30.2,271.8,45.29
ORD-4938,CUST-592,Electronics,South,7/25/23 17:00,6,55.92,335.52,34.25
ORD-4939,CUST-134,Grocery,South,7/25/23 18:00,18,56.87,1023.66,303.34
ORD-4940,CUST-580,Clothing,West,7/25/23 19:00,14,63.14,883.96,175.55
ORD-4941,CUST-873,Furniture,South,7/25/23 20:00,19,15.41,292.79,84.24
ORD-4942,CUST-497,Furniture,North,7/25/23 21:00,14,97.56,1365.84,286.65
ORD-4943,CUST-808,Grocery,West,7/25/23 22:00,8,51.89,415.12,91.78
ORD-4944,CUST-352,Furniture,South,7/25/23 23:00,17,93.39,1587.63,384.81
ORD-4945,CUST-916,Electronics,West,7/26/23 0:00,3,10.88,32.64,5.36
ORD-4946,CUST-699,Clothing,North,7/26/23 1:00,10,32.28,322.8,77.41
ORD-4947,CUST-781,Furniture,North,7/26/23 2:00,17,19.36,329.12,67.59
ORD-4948,CUST-50,Clothing,South,7/26/23 3:00,11,79.27,871.97,204.47
ORD-4949,CUST-48,Electronics,West,7/26/23 4:00,8,38.81,310.48,82.95
ORD-4950,CUST-102,Furniture,South,7/26/23 5:00,1,85.64,85.64,11.72
ORD-4951,CUST-642,Grocery,South,7/26/23 6:00,13,84.91,1103.83,245.83
ORD-4952,CUST-803,Clothing,West,7/26/23 7:00,4,70.1,280.4,30.96
ORD-4953,CUST-857,Electronics,South,7/26/23 8:00,7,69.92,489.44,58.94
ORD-4954,CUST-471,Clothing,North,7/26/23 9:00,14,73.01,1022.14,240.12
ORD-4955,CUST-17,Furniture,West,7/26/23 10:00,5,70.64,353.2,40.33
ORD-4956,CUST-128,Furniture,West,7/26/23 11:00,11,44.82,493.02,108.01
ORD-4957,CUST-952,Grocery,West,7/26/23 12:00,17,71.45,1214.65,174.91
ORD-4958,CUST-879,Electronics,West,7/26/23 13:00,5,90.77,453.85,72.99
ORD-4959,CUST-162,Electronics,South,7/26/23 14:00,3,39.93,119.79,15.08
ORD-4960,CUST-452,Grocery,South,7/26/23 15:00,5,95.04,475.2,71.15
ORD-4961,CUST-468,Grocery,North,7/26/23 16:00,15,11.22,168.3,44.47
ORD-4962,CUST-1,Electronics,East,7/26/23 17:00,19,41.42,786.98,179.25
ORD-4963,CUST-982,Clothing,East,7/26/23 18:00,16,21.89,350.24,101.55
ORD-4964,CUST-439,Clothing,North,7/26/23 19:00,8,21.4,171.2,18.79
ORD-4965,CUST-208,Grocery,East,7/26/23 20:00,13,83.39,1084.07,280.21
ORD-4966,CUST-706,Clothing,North,7/26/23 21:00,16,92.65,1482.4,355.5
ORD-4967,CUST-932,Electronics,South,7/26/23 22:00,3,80,240,36.52
ORD-4968,CUST-136,Furniture,West,7/26/23 23:00,1,97.9,97.9,24.07
ORD-4969,CUST-904,Furniture,West,7/27/23 0:00,9,29.47,265.23,64.53
ORD-4970,CUST-666,Clothing,South,7/27/23 1:00,9,22.67,204.03,39.15
ORD-4971,CUST-310,Grocery,West,7/27/23 2:00,17,56.86,966.62,229.79
ORD-4972,CUST-163,Grocery,West,7/27/23 3:00,2,84.61,,31.97
ORD-4973,CUST-896,Grocery,East,7/27/23 4:00,9,13.59,122.31,20.44
ORD-4974,CUST-956,Grocery,South,7/27/23 5:00,19,99.6,1892.4,365.8
ORD-4975,CUST-898,Grocery,East,7/27/23 6:00,13,64.2,834.6,232.88
ORD-4976,CUST-281,Clothing,East,7/27/23 7:00,5,98.1,490.5,86.78
ORD-4977,CUST-96,Furniture,West,7/27/23 8:00,9,42.86,385.74,69.72
ORD-4978,CUST-671,Furniture,West,7/27/23 9:00,13,51.22,,147.61
ORD-4979,CUST-370,Clothing,South,7/27/23 10:00,1,77.71,77.71,19.47
ORD-4980,CUST-257,Grocery,West,7/27/23 11:00,15,81.34,1220.1,301.27
ORD-4981,CUST-85,Clothing,West,7/27/23 12:00,4,30.97,123.88,12.88
ORD-4982,CUST-381,Furniture,South,7/27/23 13:00,4,93.68,374.72,88.99
ORD-4983,CUST-681,Electronics,West,7/27/23 14:00,10,88.07,880.7,167.43
ORD-4984,CUST-926,Clothing,East,7/27/23 15:00,6,11.64,69.84,14.3
ORD-4985,CUST-665,Grocery,South,7/27/23 16:00,12,21.57,258.84,54.96
ORD-4986,CUST-170,Furniture,West,7/27/23 17:00,16,54.65,874.4,215.4
ORD-4987,CUST-54,Furniture,North,7/27/23 18:00,3,51.49,154.47,41.13
ORD-4988,CUST-406,Furniture,South,7/27/23 19:00,14,73.76,1032.64,355.095
ORD-4989,CUST-641,Furniture,South,7/27/23 20:00,1,18.07,18.07,3.84
ORD-4990,CUST-313,Grocery,North,7/27/23 21:00,10,68.04,680.4,118.9
ORD-4991,CUST-744,Electronics,West,7/27/23 22:00,15,65.47,982.05,125.29
ORD-4992,CUST-717,Furniture,West,7/27/23 23:00,7,31.03,217.21,63.36
ORD-4993,CUST-774,Clothing,South,7/28/23 0:00,4,58.82,235.28,45.26
ORD-4994,CUST-240,Electronics,South,7/28/23 1:00,14,30,420,89.56
ORD-4995,CUST-440,Furniture,West,7/28/23 2:00,16,23.22,371.52,92.96
ORD-4996,CUST-672,Electronics,West,7/28/23 3:00,14,61.58,862.12,98.01
ORD-4997,CUST-94,Clothing,East,7/28/23 4:00,3,97.97,293.91,79.65
ORD-4998,CUST-721,Furniture,South,7/28/23 5:00,17,31.32,532.44,138.12
ORD-4999,CUST-98,Clothing,South,7/28/23 6:00,14,41.98,587.72,149.8
ORD-5000,CUST-2,Grocery,North,7/28/23 7:00,18,33.09,297.81,62.18