DATE,STORE_ID,PRODUCT_ID,CATEGORY,SALES_UNITS,SALES_VALUE,PROMOTIONAL_DISCOUNT,WEATHER_IMPACT
2023-01-01,STORE-41,PROD-151,Furniture,47.0,455.69,5,Extreme Heat
2023-01-02,STORE-8,PROD-142,Grocery,47.0,142.12,5,Extreme Heat
2023-01-03,STORE-2,PROD-90,Electronics,4.0,411.64,0,Snow
2023-01-04,STORE-48,PROD-89,Furniture,7.0,499.68,15,Extreme Heat
2023-01-05,STORE-18,PROD-42,Furniture,45.0,113.6,10,None
2023-01-06,STORE-16,PROD-67,Grocery,35.0,139.93,20,Rain
2023-01-07,STORE-15,PROD-192,Electronics,48.0,334.8,5,None
2023-01-08,STORE-9,PROD-177,Electronics,9.0,483.07,20,Rain
2023-01-09,STORE-48,PROD-24,Furniture,8.0,458.75,0,None
2023-01-10,STORE-7,PROD-73,Clothing,45.0,256.41,20,None
2023-01-11,STORE-44,PROD-8,Furniture,17.0,399.6,20,Extreme Heat
2023-01-12,STORE-48,PROD-99,Furniture,17.0,76.52,10,None
2023-01-13,STORE-35,PROD-13,Furniture,49.0,488.94,0,Snow
2023-01-14,STORE-6,PROD-42,Furniture,33.0,482.53,20,Snow
2023-01-15,STORE-38,PROD-147,Grocery,32.0,90.23,5,Snow
2023-01-16,STORE-28,PROD-200,Electronics,8.0,156.72,0,Snow
2023-01-17,STORE-3,PROD-55,Grocery,19.0,59.08,5,Extreme Heat
2023-01-18,STORE-2,PROD-57,Grocery,38.0,143.14,15,Snow
2023-01-19,STORE-6,PROD-166,Grocery,3.0,409.82,20,None
2023-01-20,STORE-14,PROD-58,Furniture,5.0,195.37,0,Snow
2023-01-21,STORE-15,PROD-174,Clothing,13.0,53.31,5,Extreme Heat
2023-01-22,STORE-33,PROD-53,Electronics,47.0,177.69,20,Rain
2023-01-23,STORE-39,PROD-69,Clothing,46.0,490.88,10,None
2023-01-24,STORE-2,PROD-167,Grocery,31.0,318.54,5,None
2023-01-25,STORE-36,PROD-105,Grocery,16.0,213.92,5,Extreme Heat
2023-01-26,STORE-13,PROD-132,Clothing,16.0,91.6,15,Rain
2023-01-27,STORE-46,PROD-6,Clothing,22.0,493.23,10,Snow
2023-01-28,STORE-42,PROD-200,Clothing,29.0,412.22,15,Rain
2023-01-29,STORE-45,PROD-197,Grocery,22.0,147.92,10,None
2023-01-30,STORE-35,PROD-175,Grocery,43.0,44.33,5,None
2023-01-31,STORE-27,PROD-3,Electronics,3.0,37.75,15,None
2023-02-01,STORE-15,PROD-122,Electronics,10.0,68.99,20,Rain
2023-02-02,STORE-29,PROD-34,Grocery,42.0,294.58,10,Snow
2023-02-03,STORE-38,PROD-166,Clothing,21.0,465.09,5,None
2023-02-04,STORE-18,PROD-45,Clothing,16.0,253.4,0,Extreme Heat
2023-02-05,STORE-1,PROD-154,Electronics,12.0,423.04,10,Snow
2023-02-06,STORE-49,PROD-3,Grocery,2.0,228.48,10,None
2023-02-07,STORE-11,PROD-58,Electronics,41.0,357.21,20,Snow
2023-02-08,STORE-45,PROD-65,Electronics,24.0,368.62,10,Extreme Heat
2023-02-09,STORE-28,PROD-156,Furniture,35.0,95.24,10,Rain
2023-02-10,STORE-22,PROD-79,Furniture,30.0,187.0,20,None
2023-02-11,STORE-18,PROD-183,Furniture,30.0,322.28,20,Extreme Heat
2023-02-12,STORE-10,PROD-182,Clothing,47.0,44.64,15,None
2023-02-13,STORE-14,PROD-165,Grocery,35.0,187.15,5,None
2023-02-14,STORE-49,PROD-71,Grocery,19.0,272.05,5,Rain
2023-02-15,STORE-22,PROD-109,Grocery,8.0,498.15,15,Rain
2023-02-16,STORE-7,PROD-97,Grocery,26.0,242.52,5,Snow
2023-02-17,STORE-6,PROD-90,Furniture,49.0,409.87,10,Extreme Heat
2023-02-18,STORE-25,PROD-118,Clothing,40.0,221.71,15,Extreme Heat
2023-02-19,STORE-7,PROD-65,Clothing,7.0,400.23,15,Rain
2023-02-20,STORE-23,PROD-56,Furniture,30.0,301.75,5,None
2023-02-21,STORE-23,PROD-120,Clothing,7.0,444.43,0,Snow
2023-02-22,STORE-39,PROD-78,Furniture,3.0,211.36,5,Rain
2023-02-23,STORE-17,PROD-174,Grocery,1.0,306.11,0,Snow
2023-02-24,STORE-3,PROD-134,Furniture,36.0,318.71,15,Snow
2023-02-25,STORE-47,PROD-160,Grocery,25.0,214.52,0,Extreme Heat
2023-02-26,STORE-30,PROD-102,Grocery,37.0,80.71,10,Snow
2023-02-27,STORE-35,PROD-150,Electronics,1.0,55.84,20,Extreme Heat
2023-02-28,STORE-8,PROD-27,Furniture,15.0,18.17,0,None
2023-03-01,STORE-25,PROD-2,Electronics,37.0,438.03,20,None
2023-03-02,STORE-6,PROD-131,Furniture,13.0,125.87,10,Rain
2023-03-03,STORE-36,PROD-170,Furniture,40.0,113.64,20,None
2023-03-04,STORE-19,PROD-96,Electronics,8.0,370.66,10,Extreme Heat
2023-03-05,STORE-41,PROD-144,Electronics,5.0,166.81,20,Snow
2023-03-06,STORE-40,PROD-166,Furniture,4.5,257.96,20,Snow
2023-03-07,STORE-24,PROD-153,Clothing,1.0,89.63,5,None
2023-03-08,STORE-37,PROD-156,Grocery,36.0,480.28,0,Extreme Heat
2023-03-09,STORE-13,PROD-73,Electronics,35.0,427.27,20,Snow
2023-03-10,STORE-46,PROD-77,Grocery,2.0,433.26,15,None
2023-03-11,STORE-5,PROD-176,Clothing,40.0,209.32,5,Extreme Heat
2023-03-12,STORE-3,PROD-28,Clothing,23.0,383.56,0,Extreme Heat
2023-03-13,STORE-43,PROD-124,Clothing,9.0,80.5,5,Snow
2023-03-14,STORE-15,PROD-17,Electronics,34.0,14.22,0,Rain
2023-03-15,STORE-50,PROD-87,Clothing,46.0,19.79,10,Rain
2023-03-16,STORE-19,PROD-71,Electronics,14.0,297.43,20,Extreme Heat
2023-03-17,STORE-6,PROD-164,Clothing,4.0,233.14,15,Extreme Heat
2023-03-18,STORE-15,PROD-84,Grocery,30.0,263.83,5,None
2023-03-19,STORE-7,PROD-71,Grocery,31.0,13.66,5,Extreme Heat
2023-03-20,STORE-25,PROD-67,Furniture,38.0,217.12,5,None
2023-03-21,STORE-18,PROD-168,Grocery,11.0,361.85,5,None
2023-03-22,STORE-30,PROD-183,Furniture,35.0,226.92,20,None
2023-03-23,STORE-41,PROD-167,Grocery,8.0,368.79,0,Extreme Heat
2023-03-24,STORE-24,PROD-77,Electronics,3.0,124.18,20,Extreme Heat
2023-03-25,STORE-11,PROD-49,Grocery,14.0,408.44,10,None
2023-03-26,STORE-24,PROD-39,Furniture,13.0,298.33,20,Snow
2023-03-27,STORE-23,PROD-133,Furniture,45.0,113.27,20,Extreme Heat
2023-03-28,STORE-14,PROD-196,Clothing,32.0,125.99,10,Rain
2023-03-29,STORE-43,PROD-62,Electronics,34.0,317.73,20,Snow
2023-03-30,STORE-18,PROD-15,Grocery,45.0,416.67,0,Rain
2023-03-31,STORE-45,PROD-154,Clothing,19.0,213.66,15,Extreme Heat
2023-04-01,STORE-44,PROD-104,Grocery,38.0,136.57,10,Snow
2023-04-02,STORE-42,PROD-170,Grocery,16.0,434.84,5,Extreme Heat
2023-04-03,STORE-5,PROD-82,Clothing,2.0,337.94,0,Extreme Heat
2023-04-04,STORE-39,PROD-175,Clothing,40.0,229.56,15,Snow
2023-04-05,STORE-41,PROD-36,Clothing,17.0,249.07,0,Extreme Heat
2023-04-06,STORE-11,PROD-185,Clothing,34.0,110.09,0,Snow
2023-04-07,STORE-35,PROD-7,Clothing,42.0,317.13,5,Extreme Heat
2023-04-08,STORE-47,PROD-168,Grocery,16.0,185.78,15,None
2023-04-09,STORE-16,PROD-128,Clothing,38.0,497.87,0,Rain
2023-04-10,STORE-11,PROD-76,Electronics,2.0,245.29,5,None
2023-04-11,STORE-30,PROD-67,Furniture,2.0,248.08,10,Extreme Heat
2023-04-12,STORE-25,PROD-108,Clothing,26.0,287.27,5,Extreme Heat
2023-04-13,STORE-18,PROD-104,Clothing,13.0,459.21,20,Extreme Heat
2023-04-14,STORE-41,PROD-100,Grocery,47.0,402.4,5,None
2023-04-15,STORE-45,PROD-189,Clothing,31.0,231.05,5,Extreme Heat
2023-04-16,STORE-36,PROD-10,Clothing,34.0,362.16,5,Snow
2023-04-17,STORE-15,PROD-150,Clothing,39.0,297.26,0,Rain
2023-04-18,STORE-44,PROD-182,Grocery,3.0,251.26,15,Extreme Heat
2023-04-19,STORE-21,PROD-147,Clothing,8.0,104.23,5,Extreme Heat
2023-04-20,STORE-50,PROD-49,Furniture,23.0,237.33,5,Rain
2023-04-21,STORE-50,PROD-88,Grocery,14.0,130.45,20,Rain
2023-04-22,STORE-4,PROD-186,Furniture,27.0,458.27,20,Rain
2023-04-23,STORE-15,PROD-183,Grocery,29.0,174.35,10,None
2023-04-24,STORE-3,PROD-57,Clothing,39.0,476.61,10,None
2023-04-25,STORE-21,PROD-176,Furniture,39.0,271.2,20,Extreme Heat
2023-04-26,STORE-26,PROD-137,Grocery,,319.46,15,Rain
2023-04-27,STORE-18,PROD-164,Electronics,17.0,276.04,10,Extreme Heat
2023-04-28,STORE-5,PROD-122,Clothing,41.0,73.4,15,Extreme Heat
2023-04-29,STORE-14,PROD-172,Grocery,30.0,194.15,20,Extreme Heat
2023-04-30,STORE-37,PROD-92,Electronics,13.0,58.58,10,None
2023-05-01,STORE-46,PROD-130,Grocery,21.0,315.25,5,Rain
2023-05-02,STORE-21,PROD-77,Electronics,19.0,228.97,20,Extreme Heat
2023-05-03,STORE-14,PROD-44,Clothing,19.0,391.21,10,None
2023-05-04,STORE-42,PROD-169,Furniture,25.0,118.03,15,Snow
2023-05-05,STORE-32,PROD-143,Electronics,22.0,90.64,15,Snow
2023-05-06,STORE-26,PROD-47,Grocery,31.0,209.1,10,Extreme Heat
2023-05-07,STORE-42,PROD-76,Clothing,17.0,464.03,15,Extreme Heat
2023-05-08,STORE-30,PROD-25,Electronics,23.0,358.11,10,Rain
2023-05-09,STORE-10,PROD-121,Grocery,32.0,215.27,10,Rain
2023-05-10,STORE-17,PROD-33,Grocery,10.0,263.46,15,Extreme Heat
2023-05-11,STORE-9,PROD-190,Grocery,10.0,51.26,0,None
2023-05-12,STORE-16,PROD-67,Electronics,36.0,492.44,5,Extreme Heat
2023-05-13,STORE-48,PROD-186,Electronics,8.0,336.54,20,Rain
2023-05-14,STORE-36,PROD-144,Electronics,20.0,149.85,5,Rain
2023-05-15,STORE-35,PROD-196,Furniture,32.0,297.05,20,None
2023-05-16,STORE-17,PROD-47,Electronics,14.0,63.65,20,Extreme Heat
2023-05-17,STORE-48,PROD-175,Electronics,28.0,483.26,5,Rain
2023-05-18,STORE-38,PROD-86,Electronics,46.0,95.64,10,Extreme Heat
2023-05-19,STORE-28,PROD-168,Furniture,24.0,327.53,15,Rain
2023-05-20,STORE-38,PROD-23,Electronics,15.0,130.27,0,Snow
2023-05-21,STORE-26,PROD-57,Grocery,22.0,361.61,0,Snow
2023-05-22,STORE-24,PROD-91,Electronics,30.0,390.64,0,Snow
2023-05-23,STORE-15,PROD-58,Grocery,4.0,339.98,5,Rain
2023-05-24,STORE-9,PROD-191,Grocery,13.0,311.1,5,None
2023-05-25,STORE-33,PROD-79,Grocery,23.0,447.31,10,Snow
2023-05-26,STORE-32,PROD-108,Furniture,8.0,48.53,0,Rain
2023-05-27,STORE-6,PROD-85,Furniture,18.0,172.15,10,Extreme Heat
2023-05-28,STORE-49,PROD-96,Furniture,12.0,131.66,0,Snow
2023-05-29,STORE-4,PROD-67,Electronics,31.0,494.13,5,None
2023-05-30,STORE-8,PROD-150,Grocery,14.0,200.8,15,None
2023-05-31,STORE-10,PROD-76,Furniture,34.0,368.98,15,None
2023-06-01,STORE-41,PROD-119,Furniture,18.0,345.52,15,Extreme Heat
2023-06-02,STORE-11,PROD-31,Electronics,34.0,113.92,15,Extreme Heat
2023-06-03,STORE-44,PROD-121,Furniture,11.0,127.11,20,None
2023-06-04,STORE-28,PROD-14,Electronics,41.0,147.83,0,None
2023-06-05,STORE-39,PROD-163,Clothing,12.0,211.45,15,None
2023-06-06,STORE-5,PROD-150,Furniture,49.0,124.82,20,Extreme Heat
2023-06-07,STORE-25,PROD-149,Clothing,15.0,19.63,20,Extreme Heat
2023-06-08,STORE-25,PROD-159,Electronics,31.0,440.9,20,Rain
2023-06-09,STORE-39,PROD-19,Grocery,49.0,483.15,10,Snow
2023-06-10,STORE-30,PROD-121,Furniture,29.0,177.37,10,Extreme Heat
2023-06-11,STORE-34,PROD-50,Electronics,26.0,175.87,20,None
2023-06-12,STORE-17,PROD-129,Grocery,18.0,13.47,15,Snow
2023-06-13,STORE-36,PROD-31,Grocery,32.0,686.64,0,Extreme Heat
2023-06-14,STORE-1,PROD-175,Clothing,22.0,414.47,5,Snow
2023-06-15,STORE-44,PROD-98,Electronics,38.0,81.84,10,Rain
2023-06-16,STORE-47,PROD-136,Grocery,17.0,88.24,15,Extreme Heat
2023-06-17,STORE-8,PROD-77,Furniture,23.0,397.14,15,None
2023-06-18,STORE-44,PROD-106,Furniture,24.0,311.98,5,None
2023-06-19,STORE-35,PROD-14,Clothing,,31.98,5,Rain
2023-06-20,STORE-49,PROD-39,Grocery,41.0,315.05,15,Rain
2023-06-21,STORE-18,PROD-36,Electronics,6.0,161.37,5,Rain
2023-06-22,STORE-50,PROD-52,Furniture,5.0,,15,Rain
2023-06-23,STORE-42,PROD-88,Grocery,44.0,387.17,5,Rain
2023-06-24,STORE-22,PROD-105,Grocery,29.0,407.36,5,Extreme Heat
2023-06-25,STORE-8,PROD-146,Clothing,28.0,206.17,15,Extreme Heat
2023-06-26,STORE-19,PROD-118,Furniture,11.0,474.1,20,Snow
2023-06-27,STORE-28,PROD-37,Furniture,1.0,209.17,15,Rain
2023-06-28,STORE-11,PROD-81,Electronics,43.0,388.2,0,None
2023-06-29,STORE-30,PROD-184,Furniture,19.0,247.1,5,None
2023-06-30,STORE-1,PROD-47,Electronics,9.0,449.79,10,Rain
2023-07-01,STORE-47,PROD-200,Furniture,27.0,454.8,5,Rain
2023-07-02,STORE-47,PROD-21,Clothing,34.0,52.83,0,Rain
2023-07-03,STORE-17,PROD-125,Furniture,44.0,468.88,10,Rain
2023-07-04,STORE-33,PROD-86,Electronics,4.0,414.51,10,Rain
2023-07-05,STORE-49,PROD-162,Electronics,36.0,397.74,15,None
2023-07-06,STORE-12,PROD-46,Clothing,18.0,108.45,20,Snow
2023-07-07,STORE-33,PROD-81,Furniture,15.0,404.51,15,Rain
2023-07-08,STORE-7,PROD-163,Furniture,,426.57,10,Rain
2023-07-09,STORE-41,PROD-15,Clothing,19.0,151.68,10,Rain
2023-07-10,STORE-20,PROD-2,Furniture,49.0,476.61,20,Extreme Heat
2023-07-11,STORE-41,PROD-116,Furniture,6.0,34.43,5,None
2023-07-12,STORE-33,PROD-71,Electronics,48.0,83.46,20,None
2023-07-13,STORE-39,PROD-54,Furniture,12.0,273.41,15,Snow
2023-07-14,STORE-13,PROD-195,Furniture,37.0,292.14,5,Extreme Heat
2023-07-15,STORE-10,PROD-199,Clothing,17.0,326.12,15,Extreme Heat
2023-07-16,STORE-24,PROD-44,Clothing,23.0,18.31,20,Extreme Heat
2023-07-17,STORE-49,PROD-148,Grocery,26.0,480.58,5,Snow
2023-07-18,STORE-11,PROD-196,Electronics,29.0,31.85,20,Snow
2023-07-19,STORE-35,PROD-41,Furniture,33.0,80.1,0,Snow
2023-07-20,STORE-50,PROD-126,Furniture,27.0,16.87,10,Extreme Heat
2023-07-21,STORE-34,PROD-196,Grocery,25.0,287.76,5,None
2023-07-22,STORE-1,PROD-200,Furniture,10.0,466.81,10,Extreme Heat
2023-07-23,STORE-39,PROD-23,Electronics,47.0,336.31,0,Snow
2023-07-24,STORE-21,PROD-34,Grocery,23.0,413.1,5,Extreme Heat
2023-07-25,STORE-32,PROD-158,Electronics,21.0,16.51,10,Rain
2023-07-26,STORE-2,PROD-112,Grocery,21.0,275.59,10,Extreme Heat
2023-07-27,STORE-8,PROD-163,Grocery,43.0,235.19,5,Extreme Heat
2023-07-28,STORE-24,PROD-110,Clothing,13.0,254.49,10,None
2023-07-29,STORE-20,PROD-104,Electronics,37.0,45.38,10,None
2023-07-30,STORE-16,PROD-110,Furniture,33.0,345.37,5,None
2023-07-31,STORE-4,PROD-123,Furniture,24.0,256.58,10,Rain
2023-08-01,STORE-16,PROD-99,Electronics,44.0,384.92,10,None
2023-08-02,STORE-37,PROD-2,Furniture,11.0,247.79,15,Rain
2023-08-03,STORE-6,PROD-10,Furniture,17.0,83.2,15,Snow
2023-08-04,STORE-6,PROD-137,Electronics,4.0,327.65,0,None
2023-08-05,STORE-47,PROD-52,Grocery,47.0,94.47,15,Extreme Heat
2023-08-06,STORE-32,PROD-188,Electronics,25.0,437.47,15,Extreme Heat
2023-08-07,STORE-5,PROD-96,Grocery,30.0,310.43,0,Rain
2023-08-08,STORE-49,PROD-4,Furniture,9.0,87.03,10,None
2023-08-09,STORE-35,PROD-83,Furniture,21.0,481.55,10,Extreme Heat
2023-08-10,STORE-50,PROD-194,Furniture,20.0,264.0,15,Snow
2023-08-11,STORE-9,PROD-136,Clothing,19.0,45.72,0,None
2023-08-12,STORE-9,PROD-49,Grocery,19.0,317.15,10,Snow
2023-08-13,STORE-43,PROD-5,Clothing,6.0,134.07,20,Extreme Heat
2023-08-14,STORE-31,PROD-174,Clothing,37.0,403.81,5,None
2023-08-15,STORE-36,PROD-2,Electronics,42.0,821.46,5,Rain
2023-08-16,STORE-11,PROD-161,Clothing,17.0,489.68,5,Extreme Heat
2023-08-17,STORE-17,PROD-188,Electronics,37.0,255.92,15,Snow
2023-08-18,STORE-34,PROD-64,Electronics,48.0,232.93,5,None
2023-08-19,STORE-39,PROD-58,Clothing,39.0,379.2,5,Snow
2023-08-20,STORE-28,PROD-178,Grocery,28.0,74.91,20,Snow
2023-08-21,STORE-14,PROD-89,Grocery,41.0,277.99,10,Rain
2023-08-22,STORE-35,PROD-80,Grocery,35.0,277.66,20,Rain
2023-08-23,STORE-49,PROD-34,Grocery,47.0,53.84,15,Extreme Heat
2023-08-24,STORE-47,PROD-27,Grocery,48.0,214.81,5,Rain
2023-08-25,STORE-45,PROD-99,Clothing,18.0,428.11,10,Rain
2023-08-26,STORE-13,PROD-129,Clothing,14.0,429.52,5,Extreme Heat
2023-08-27,STORE-46,PROD-151,Furniture,35.0,117.26,5,Extreme Heat
2023-08-28,STORE-20,PROD-79,Grocery,44.0,54.45,15,Extreme Heat
2023-08-29,STORE-26,PROD-43,Clothing,41.0,138.72,5,Extreme Heat
2023-08-30,STORE-43,PROD-17,Furniture,7.0,438.64,0,Snow
2023-08-31,STORE-42,PROD-12,Grocery,41.0,73.16,10,Snow
2023-09-01,STORE-24,PROD-77,Electronics,13.0,362.8,10,Extreme Heat
2023-09-02,STORE-29,PROD-75,Furniture,18.0,59.57,0,Extreme Heat
2023-09-03,STORE-34,PROD-117,Clothing,37.0,315.34,15,None
2023-09-04,STORE-29,PROD-187,Electronics,13.0,184.47,5,None
2023-09-05,STORE-8,PROD-134,Electronics,36.0,396.57,5,None
2023-09-06,STORE-16,PROD-153,Electronics,31.0,124.51,10,Rain
2023-09-07,STORE-15,PROD-135,Furniture,2.0,323.21,15,Snow
2023-09-08,STORE-5,PROD-87,Clothing,16.0,125.48,15,Snow
2023-09-09,STORE-22,PROD-112,Electronics,9.0,359.69,15,None
2023-09-10,STORE-2,PROD-176,Grocery,9.0,438.1,5,None
2023-09-11,STORE-38,PROD-35,Electronics,38.0,72.13,15,Snow
2023-09-12,STORE-36,PROD-88,Electronics,11.0,434.63,0,Rain
2023-09-13,STORE-15,PROD-126,Furniture,22.0,300.85,20,None
2023-09-14,STORE-38,PROD-92,Furniture,33.0,72.28,15,Extreme Heat
2023-09-15,STORE-15,PROD-193,Clothing,36.0,219.5,20,None
2023-09-16,STORE-1,PROD-49,Grocery,45.0,88.82,5,Snow
2023-09-17,STORE-5,PROD-43,Furniture,23.0,353.17,15,Snow
2023-09-18,STORE-46,PROD-104,Electronics,45.0,381.85,10,None
2023-09-19,STORE-41,PROD-5,Clothing,45.0,61.84,5,None
2023-09-20,STORE-4,PROD-59,Electronics,34.0,258.01,0,Extreme Heat
2023-09-21,STORE-15,PROD-58,Electronics,9.0,409.17,0,Extreme Heat
2023-09-22,STORE-5,PROD-187,Furniture,24.0,468.72,20,Rain
2023-09-23,STORE-3,PROD-34,Clothing,8.0,261.62,20,Rain
2023-09-24,STORE-22,PROD-55,Grocery,7.0,475.64,10,Extreme Heat
2023-09-25,STORE-5,PROD-188,Grocery,36.0,272.49,10,Rain
2023-09-26,STORE-33,PROD-6,Furniture,18.0,203.15,0,Rain
2023-09-27,STORE-16,PROD-151,Furniture,3.0,425.62,15,None
2023-09-28,STORE-18,PROD-130,Clothing,28.0,251.56,0,Extreme Heat
2023-09-29,STORE-43,PROD-44,Grocery,6.0,241.23,0,None
2023-09-30,STORE-32,PROD-32,Grocery,44.0,250.25,10,None
2023-10-01,STORE-14,PROD-94,Grocery,44.0,424.92,20,Rain
2023-10-02,STORE-35,PROD-183,Electronics,21.0,417.65,10,None
2023-10-03,STORE-9,PROD-167,Grocery,28.0,207.72,10,Snow
2023-10-04,STORE-47,PROD-10,Electronics,40.0,173.32,10,Rain
2023-10-05,STORE-37,PROD-97,Clothing,0.5,251.04,0,Snow
2023-10-06,STORE-37,PROD-164,Electronics,36.0,290.66,15,Rain
2023-10-07,STORE-31,PROD-66,Clothing,21.0,126.79,0,None
2023-10-08,STORE-16,PROD-198,Grocery,43.0,399.04,5,Rain
2023-10-09,STORE-31,PROD-137,Grocery,35.0,248.38,10,Snow
2023-10-10,STORE-27,PROD-160,Clothing,13.0,173.68,10,Rain
2023-10-11,STORE-13,PROD-13,Furniture,49.0,62.34,5,Snow
2023-10-12,STORE-7,PROD-153,Clothing,10.0,127.03,10,Extreme Heat
2023-10-13,STORE-7,PROD-13,Furniture,44.0,,10,None
2023-10-14,STORE-43,PROD-170,Electronics,47.0,159.5,10,Snow
2023-10-15,STORE-28,PROD-28,Electronics,10.0,92.74,5,Extreme Heat
2023-10-16,STORE-23,PROD-168,Electronics,46.0,235.73,0,None
2023-10-17,STORE-28,PROD-6,Grocery,13.0,160.47,10,Extreme Heat
2023-10-18,STORE-27,PROD-13,Electronics,37.0,27.23,15,Snow
2023-10-19,STORE-30,PROD-177,Furniture,38.0,168.34,5,None
2023-10-20,STORE-47,PROD-30,Electronics,24.0,276.61,20,Extreme Heat
2023-10-21,STORE-4,PROD-107,Clothing,2.0,280.34,5,Snow
2023-10-22,STORE-44,PROD-114,Clothing,22.0,184.71,0,Extreme Heat
2023-10-23,STORE-42,PROD-98,Grocery,17.0,229.18,5,None
2023-10-24,STORE-42,PROD-32,Clothing,36.0,483.1,20,None
2023-10-25,STORE-7,PROD-141,Furniture,14.0,194.9,15,None
2023-10-26,STORE-4,PROD-65,Electronics,10.0,136.53,20,Snow
2023-10-27,STORE-26,PROD-122,Grocery,35.0,129.3,5,Extreme Heat
2023-10-28,STORE-47,PROD-180,Electronics,25.0,234.3,20,Extreme Heat
2023-10-29,STORE-22,PROD-40,Electronics,3.0,382.16,5,Snow
2023-10-30,STORE-7,PROD-53,Furniture,47.0,110.93,15,None
2023-10-31,STORE-16,PROD-178,Clothing,38.0,715.12,15,Rain
2023-11-01,STORE-13,PROD-176,Clothing,17.0,20.36,0,None
2023-11-02,STORE-13,PROD-162,Electronics,12.0,215.28,15,Rain
2023-11-03,STORE-35,PROD-3,Grocery,24.0,390.17,10,None
2023-11-04,STORE-29,PROD-78,Clothing,29.0,175.98,20,Snow
2023-11-05,STORE-9,PROD-108,Grocery,43.0,286.23,20,Rain
2023-11-06,STORE-28,PROD-170,Clothing,25.0,110.44,5,Snow
2023-11-07,STORE-12,PROD-26,Grocery,36.0,373.58,15,Rain
2023-11-08,STORE-18,PROD-170,Furniture,26.0,35.62,0,Extreme Heat
2023-11-09,STORE-30,PROD-134,Grocery,38.0,427.75,0,Rain
2023-11-10,STORE-16,PROD-70,Furniture,1.0,107.12,0,Rain
2023-11-11,STORE-5,PROD-160,Furniture,20.0,438.46,10,Rain
2023-11-12,STORE-29,PROD-156,Grocery,28.0,182.74,15,Extreme Heat
2023-11-13,STORE-36,PROD-180,Furniture,16.0,364.11,0,Snow
2023-11-14,STORE-7,PROD-36,Electronics,47.0,166.42,10,Extreme Heat
2023-11-15,STORE-4,PROD-108,Furniture,17.0,453.9,20,Rain
2023-11-16,STORE-42,PROD-27,Clothing,40.0,72.05,5,None
2023-11-17,STORE-35,PROD-131,Grocery,28.0,97.47,15,Extreme Heat
2023-11-18,STORE-1,PROD-185,Electronics,12.0,251.58,15,None
2023-11-19,STORE-6,PROD-159,Grocery,27.0,50.15,20,Extreme Heat
2023-11-20,STORE-49,PROD-31,Clothing,42.0,106.03,15,Extreme Heat
2023-11-21,STORE-16,PROD-73,Clothing,47.0,472.45,15,Rain
2023-11-22,STORE-11,PROD-30,Clothing,30.0,488.48,15,Snow
2023-11-23,STORE-27,PROD-28,Furniture,41.0,194.37,15,Snow
2023-11-24,STORE-32,PROD-128,Furniture,34.0,462.41,10,Rain
2023-11-25,STORE-31,PROD-51,Grocery,37.0,276.96,10,Extreme Heat
2023-11-26,STORE-14,PROD-156,Grocery,6.0,142.17,5,Snow
2023-11-27,STORE-26,PROD-52,Electronics,7.0,354.18,15,Snow
2023-11-28,STORE-4,PROD-200,Electronics,32.0,332.86,20,Snow
2023-11-29,STORE-11,PROD-68,Grocery,32.0,494.67,0,Rain
2023-11-30,STORE-25,PROD-134,Furniture,25.0,139.87,5,None
2023-12-01,STORE-1,PROD-52,Clothing,33.0,339.31,0,None
2023-12-02,STORE-25,PROD-92,Grocery,7.0,35.49,0,None
2023-12-03,STORE-17,PROD-181,Electronics,12.0,65.69,15,None
2023-12-04,STORE-30,PROD-105,Furniture,16.0,11.92,20,None
2023-12-05,STORE-19,PROD-76,Grocery,16.0,499.74,0,Snow
2023-12-06,STORE-28,PROD-42,Grocery,43.0,403.11,0,Snow
2023-12-07,STORE-45,PROD-11,Furniture,36.0,395.49,5,Extreme Heat
2023-12-08,STORE-47,PROD-141,Grocery,13.0,259.77,20,Snow
2023-12-09,STORE-36,PROD-128,Furniture,7.0,157.03,20,Rain
2023-12-10,STORE-43,PROD-54,Clothing,36.0,84.12,0,Extreme Heat
2023-12-11,STORE-46,PROD-177,Furniture,47.0,149.49,20,Snow
2023-12-12,STORE-32,PROD-124,Furniture,9.0,388.46,5,Extreme Heat
2023-12-13,STORE-10,PROD-85,Furniture,32.0,380.59,5,Extreme Heat
2023-12-14,STORE-13,PROD-61,Grocery,11.0,274.43,5,None
2023-12-15,STORE-19,PROD-1,Grocery,8.0,47.97,15,Extreme Heat
2023-12-16,STORE-14,PROD-4,Furniture,33.0,18.83,0,Snow
2023-12-17,STORE-4,PROD-172,Grocery,23.0,60.14,20,None
2023-12-18,STORE-38,PROD-23,Electronics,25.0,211.14,5,Snow
2023-12-19,STORE-48,PROD-29,Electronics,8.0,467.26,0,None
2023-12-20,STORE-35,PROD-147,Grocery,45.0,322.33,0,Snow
2023-12-21,STORE-4,PROD-172,Grocery,22.0,402.89,15,None
2023-12-22,STORE-48,PROD-127,Furniture,4.0,238.52,20,None
2023-12-23,STORE-21,PROD-39,Clothing,40.0,187.22,20,Rain
2023-12-24,STORE-4,PROD-24,Grocery,3.0,63.12,5,Snow
2023-12-25,STORE-4,PROD-200,Electronics,29.0,439.21,5,Extreme Heat
2023-12-26,STORE-38,PROD-131,Furniture,41.0,393.75,0,None
2023-12-27,STORE-31,PROD-20,Grocery,29.0,92.38,20,Snow
2023-12-28,STORE-33,PROD-186,Electronics,34.0,261.01,20,None
2023-12-29,STORE-34,PROD-186,Electronics,34.0,248.81,5,Rain
2023-12-30,STORE-11,PROD-26,Clothing,28.0,316.29,10,Rain
2023-12-31,STORE-4,PROD-66,Furniture,13.0,473.63,0,Rain
2024-01-01,STORE-33,PROD-165,Furniture,15.0,294.09,20,Rain
2024-01-02,STORE-6,PROD-60,Clothing,23.0,274.71,15,Extreme Heat
2024-01-03,STORE-12,PROD-117,Clothing,44.0,34.66,15,Extreme Heat
2024-01-04,STORE-5,PROD-76,Furniture,26.0,40.82,10,None
2024-01-05,STORE-39,PROD-68,Furniture,4.0,101.8,5,Snow
2024-01-06,STORE-5,PROD-119,Grocery,26.0,25.91,5,Rain
2024-01-07,STORE-44,PROD-13,Grocery,40.0,374.24,5,Rain
2024-01-08,STORE-16,PROD-26,Clothing,9.0,364.43,15,Extreme Heat
2024-01-09,STORE-26,PROD-45,Grocery,5.0,76.67,5,Extreme Heat
2024-01-10,STORE-8,PROD-11,Electronics,32.0,419.68,15,Rain
2024-01-11,STORE-37,PROD-75,Grocery,20.0,85.85,10,Snow
2024-01-12,STORE-16,PROD-93,Grocery,11.0,157.58,0,None
2024-01-13,STORE-38,PROD-174,Electronics,15.0,132.0,20,None
2024-01-14,STORE-39,PROD-81,Clothing,32.0,192.43,10,None
2024-01-15,STORE-3,PROD-110,Electronics,28.0,134.79,15,None
2024-01-16,STORE-40,PROD-190,Grocery,22.0,249.59,10,Snow
2024-01-17,STORE-6,PROD-30,Clothing,41.0,209.63,20,Snow
2024-01-18,STORE-27,PROD-25,Grocery,17.0,493.42,0,Snow
2024-01-19,STORE-43,PROD-195,Electronics,26.0,37.4,20,Extreme Heat
2024-01-20,STORE-38,PROD-12,Electronics,44.0,79.67,15,Rain
2024-01-21,STORE-37,PROD-3,Grocery,7.0,35.88,20,Snow
2024-01-22,STORE-34,PROD-36,Furniture,42.0,316.66,10,None
2024-01-23,STORE-21,PROD-170,Furniture,26.0,36.71,5,Snow
2024-01-24,STORE-17,PROD-166,Electronics,25.0,419.86,10,Rain
2024-01-25,STORE-14,PROD-44,Electronics,10.0,260.85,15,Extreme Heat
2024-01-26,STORE-43,PROD-85,Furniture,45.0,268.23,0,None
2024-01-27,STORE-46,PROD-92,Furniture,19.0,285.18,20,Extreme Heat
2024-01-28,STORE-21,PROD-113,Grocery,11.0,93.7,0,Snow
2024-01-29,STORE-16,PROD-160,Grocery,13.0,106.87,15,None
2024-01-30,STORE-17,PROD-69,Furniture,8.0,166.22,20,None
2024-01-31,STORE-26,PROD-188,Grocery,40.0,300.81,10,Snow
2024-02-01,STORE-9,PROD-24,Grocery,4.0,112.96,10,Snow
2024-02-02,STORE-43,PROD-96,Clothing,47.0,67.0,15,Rain
2024-02-03,STORE-42,PROD-88,Grocery,31.0,485.36,20,Snow
2024-02-04,STORE-20,PROD-47,Electronics,28.0,20.77,10,Snow
2024-02-05,STORE-30,PROD-30,Grocery,11.0,403.32,15,Snow
2024-02-06,STORE-21,PROD-103,Grocery,43.0,396.14,15,None
2024-02-07,STORE-49,PROD-103,Furniture,1.0,155.63,0,Rain
2024-02-08,STORE-5,PROD-117,Electronics,49.0,76.46,10,None
2024-02-09,STORE-1,PROD-70,Grocery,47.0,81.36,20,Snow
2024-02-10,STORE-30,PROD-99,Grocery,38.0,351.74,10,Rain
2024-02-11,STORE-40,PROD-177,Clothing,24.0,324.98,10,Snow
2024-02-12,STORE-37,PROD-123,Grocery,,393.55,10,None
2024-02-13,STORE-7,PROD-108,Grocery,31.0,469.37,15,None
2024-02-14,STORE-5,PROD-167,Clothing,41.0,349.04,5,Snow
2024-02-15,STORE-35,PROD-43,Furniture,46.0,86.37,5,Rain
2024-02-16,STORE-14,PROD-29,Grocery,26.0,129.29,0,None
2024-02-17,STORE-33,PROD-34,Clothing,49.0,422.67,10,Snow
2024-02-18,STORE-17,PROD-179,Electronics,5.0,112.56,5,Extreme Heat
2024-02-19,STORE-9,PROD-186,Furniture,20.0,45.54,0,Snow
2024-02-20,STORE-23,PROD-16,Electronics,41.0,354.61,15,Snow
2024-02-21,STORE-5,PROD-41,Electronics,11.0,207.24,10,Rain
2024-02-22,STORE-16,PROD-27,Clothing,33.0,460.82,20,Snow
2024-02-23,STORE-24,PROD-107,Grocery,38.0,328.62,15,Extreme Heat
2024-02-24,STORE-19,PROD-152,Clothing,27.0,54.31,0,Snow
2024-02-25,STORE-11,PROD-124,Clothing,34.0,474.45,15,Extreme Heat
2024-02-26,STORE-29,PROD-146,Clothing,15.0,136.69,20,None
2024-02-27,STORE-35,PROD-174,Clothing,32.0,175.23,15,Snow
2024-02-28,STORE-46,PROD-113,Furniture,21.0,207.11,0,Rain
2024-02-29,STORE-20,PROD-47,Grocery,46.0,35.1,20,Snow
2024-03-01,STORE-40,PROD-157,Electronics,5.0,253.29,20,Extreme Heat
2024-03-02,STORE-42,PROD-98,Electronics,3.0,70.43,15,Extreme Heat
2024-03-03,STORE-34,PROD-200,Grocery,38.0,206.48,20,Rain
2024-03-04,STORE-1,PROD-92,Electronics,22.0,181.85,15,Extreme Heat
2024-03-05,STORE-43,PROD-157,Grocery,18.0,388.69,10,Snow
2024-03-06,STORE-36,PROD-8,Electronics,14.0,403.55,20,Extreme Heat
2024-03-07,STORE-20,PROD-176,Clothing,10.0,85.17,15,Snow
2024-03-08,STORE-43,PROD-187,Electronics,46.0,189.61,10,Snow
2024-03-09,STORE-7,PROD-34,Grocery,13.0,192.94,20,Extreme Heat
2024-03-10,STORE-9,PROD-124,Grocery,31.0,84.19,10,Rain
2024-03-11,STORE-17,PROD-125,Grocery,30.0,401.24,20,None
2024-03-12,STORE-8,PROD-29,Grocery,3.0,356.54,0,Rain
2024-03-13,STORE-7,PROD-106,Grocery,30.0,103.29,0,None
2024-03-14,STORE-48,PROD-113,Furniture,6.0,189.69,15,Rain
2024-03-15,STORE-36,PROD-12,Furniture,29.0,61.84,5,Snow
2024-03-16,STORE-10,PROD-17,Electronics,8.0,317.82,0,Snow
2024-03-17,STORE-18,PROD-67,Grocery,44.0,69.47,5,Extreme Heat
2024-03-18,STORE-19,PROD-168,Electronics,45.0,493.11,10,None
2024-03-19,STORE-39,PROD-81,Grocery,43.0,392.53,10,None
2024-03-20,STORE-14,PROD-4,Grocery,44.0,201.22,5,Extreme Heat
2024-03-21,STORE-46,PROD-181,Furniture,33.0,293.5,15,Rain
2024-03-22,STORE-22,PROD-174,Furniture,17.0,456.56,20,Extreme Heat
2024-03-23,STORE-14,PROD-135,Clothing,48.0,,5,Rain
2024-03-24,STORE-44,PROD-197,Furniture,11.0,95.5,5,Extreme Heat
2024-03-25,STORE-41,PROD-191,Clothing,13.0,195.56,5,None
2024-03-26,STORE-17,PROD-148,Clothing,11.0,423.14,5,None
2024-03-27,STORE-33,PROD-186,Clothing,31.0,325.66,5,Rain
2024-03-28,STORE-32,PROD-145,Clothing,28.0,328.85,15,None
2024-03-29,STORE-17,PROD-58,Clothing,44.0,869.48,0,None
2024-03-30,STORE-4,PROD-172,Electronics,6.0,448.05,20,None
2024-03-31,STORE-6,PROD-87,Furniture,41.0,460.7,0,None
2024-04-01,STORE-41,PROD-133,Clothing,16.0,56.48,5,Snow
2024-04-02,STORE-28,PROD-134,Grocery,4.0,276.62,0,Extreme Heat
2024-04-03,STORE-18,PROD-177,Furniture,35.0,,15,Extreme Heat
2024-04-04,STORE-3,PROD-180,Furniture,48.0,380.89,10,Snow
2024-04-05,STORE-1,PROD-159,Clothing,26.0,307.29,0,None
2024-04-06,STORE-22,PROD-25,Electronics,12.0,91.73,20,Extreme Heat
2024-04-07,STORE-50,PROD-111,Clothing,11.0,400.74,15,Extreme Heat
2024-04-08,STORE-9,PROD-170,Electronics,37.0,362.85,10,Extreme Heat
2024-04-09,STORE-41,PROD-187,Grocery,25.0,52.21,15,Rain
2024-04-10,STORE-17,PROD-64,Furniture,18.0,237.27,5,Snow
2024-04-11,STORE-11,PROD-124,Grocery,19.0,95.25,10,Rain
2024-04-12,STORE-48,PROD-89,Electronics,23.0,175.36,20,Rain
2024-04-13,STORE-29,PROD-170,Electronics,38.0,18.86,10,Snow
2024-04-14,STORE-36,PROD-174,Grocery,18.0,206.16,20,Extreme Heat
2024-04-15,STORE-46,PROD-165,Electronics,26.0,279.44,5,Rain
2024-04-16,STORE-28,PROD-99,Grocery,6.0,313.6,20,Extreme Heat
2024-04-17,STORE-36,PROD-39,Furniture,4.0,335.11,15,Rain
2024-04-18,STORE-1,PROD-143,Grocery,44.0,419.78,0,Extreme Heat
2024-04-19,STORE-8,PROD-157,Furniture,29.0,115.58,15,None
2024-04-20,STORE-5,PROD-14,Grocery,34.0,69.04,15,None
2024-04-21,STORE-45,PROD-3,Electronics,17.0,427.25,10,None
2024-04-22,STORE-10,PROD-165,Grocery,43.0,86.74,5,Snow
2024-04-23,STORE-35,PROD-41,Electronics,43.0,487.63,0,None
2024-04-24,STORE-3,PROD-130,Grocery,16.0,422.84,20,Rain
2024-04-25,STORE-24,PROD-121,Grocery,2.0,255.43,10,Extreme Heat
2024-04-26,STORE-38,PROD-127,Clothing,34.0,490.9,5,Extreme Heat
2024-04-27,STORE-36,PROD-43,Electronics,8.0,57.71,0,Extreme Heat
2024-04-28,STORE-10,PROD-20,Clothing,13.0,158.5,15,Extreme Heat
2024-04-29,STORE-28,PROD-193,Electronics,42.0,322.73,5,Rain
2024-04-30,STORE-9,PROD-126,Clothing,8.0,181.5,5,Extreme Heat
2024-05-01,STORE-3,PROD-83,Furniture,30.0,464.9,5,Rain
2024-05-02,STORE-20,PROD-62,Grocery,32.0,42.16,15,Rain
2024-05-03,STORE-24,PROD-85,Electronics,36.0,279.21,20,Extreme Heat
2024-05-04,STORE-3,PROD-72,Electronics,47.0,299.52,10,Extreme Heat
2024-05-05,STORE-23,PROD-13,Grocery,30.0,329.84,20,Extreme Heat
2024-05-06,STORE-14,PROD-130,Electronics,1.0,135.28,0,Rain
2024-05-07,STORE-44,PROD-58,Electronics,43.0,188.64,10,Snow
2024-05-08,STORE-16,PROD-141,Clothing,39.0,423.4,0,Rain
2024-05-09,STORE-43,PROD-165,Electronics,17.0,105.52,15,Snow
2024-05-10,STORE-7,PROD-97,Furniture,20.0,415.17,20,Extreme Heat
2024-05-11,STORE-23,PROD-104,Furniture,24.0,285.7,5,Rain
2024-05-12,STORE-50,PROD-61,Grocery,22.0,383.47,10,Extreme Heat
2024-05-13,STORE-36,PROD-21,Electronics,29.0,359.67,5,Snow
2024-05-14,STORE-27,PROD-118,Grocery,22.0,111.68,0,Snow
2024-05-15,STORE-40,PROD-114,Furniture,44.0,288.72,5,Rain
2024-05-16,STORE-48,PROD-147,Electronics,9.0,435.18,5,Rain
2024-05-17,STORE-10,PROD-115,Electronics,37.0,221.74,15,Rain
2024-05-18,STORE-16,PROD-23,Grocery,10.0,483.63,15,Rain
2024-05-19,STORE-11,PROD-128,Furniture,36.0,231.59,20,None
2024-05-20,STORE-12,PROD-115,Electronics,37.0,79.96,0,None
2024-05-21,STORE-27,PROD-81,Grocery,28.0,200.82,15,Extreme Heat
2024-05-22,STORE-2,PROD-31,Furniture,28.0,476.33,15,Snow
2024-05-23,STORE-12,PROD-128,Grocery,42.0,166.66,20,Snow
2024-05-24,STORE-48,PROD-191,Clothing,43.0,435.37,10,Extreme Heat
2024-05-25,STORE-22,PROD-168,Electronics,21.0,441.81,20,Extreme Heat
2024-05-26,STORE-27,PROD-5,Clothing,24.0,181.59,5,Extreme Heat
2024-05-27,STORE-43,PROD-27,Furniture,42.0,50.8,5,None
2024-05-28,STORE-48,PROD-104,Clothing,40.0,365.03,15,Extreme Heat
2024-05-29,STORE-16,PROD-106,Clothing,2.0,162.64,15,Snow
2024-05-30,STORE-18,PROD-10,Furniture,8.0,393.63,20,Extreme Heat
2024-05-31,STORE-11,PROD-143,Grocery,48.0,226.9,20,Rain
2024-06-01,STORE-45,PROD-141,Clothing,27.0,247.78,0,Snow
2024-06-02,STORE-7,PROD-1,Grocery,22.0,391.18,5,Snow
2024-06-03,STORE-25,PROD-24,Clothing,37.0,197.36,20,Snow
2024-06-04,STORE-3,PROD-155,Grocery,27.0,454.26,10,None
2024-06-05,STORE-31,PROD-159,Furniture,29.0,194.33,0,None
2024-06-06,STORE-15,PROD-164,Clothing,3.0,190.0,20,Snow
2024-06-07,STORE-13,PROD-78,Furniture,44.0,267.71,15,Rain
2024-06-08,STORE-30,PROD-131,Clothing,13.0,406.31,20,Snow
2024-06-09,STORE-23,PROD-144,Furniture,45.0,187.27,15,None
2024-06-10,STORE-20,PROD-53,Furniture,10.0,266.88,15,Rain
2024-06-11,STORE-15,PROD-168,Clothing,36.0,338.66,5,Snow
2024-06-12,STORE-15,PROD-172,Clothing,9.0,142.03,5,None
2024-06-13,STORE-2,PROD-117,Clothing,27.0,145.99,20,Rain
2024-06-14,STORE-43,PROD-88,Electronics,34.0,467.37,20,Extreme Heat
2024-06-15,STORE-13,PROD-94,Grocery,1.0,364.53,10,Extreme Heat
2024-06-16,STORE-26,PROD-14,Electronics,32.0,292.82,0,Snow
2024-06-17,STORE-22,PROD-58,Electronics,25.0,327.38,0,Extreme Heat
2024-06-18,STORE-18,PROD-117,Furniture,29.0,24.36,20,None
2024-06-19,STORE-5,PROD-85,Clothing,7.0,312.87,5,Rain
2024-06-20,STORE-50,PROD-144,Grocery,49.0,259.66,10,Snow
2024-06-21,STORE-18,PROD-197,Furniture,3.0,277.42,0,Rain
2024-06-22,STORE-23,PROD-159,Electronics,20.0,186.12,20,Rain
2024-06-23,STORE-42,PROD-154,Clothing,20.0,49.92,5,Rain
2024-06-24,STORE-33,PROD-122,Furniture,30.0,104.74,5,None
2024-06-25,STORE-26,PROD-184,Clothing,35.0,475.86,5,Snow
2024-06-26,STORE-44,PROD-169,Furniture,35.0,210.26,15,Extreme Heat
2024-06-27,STORE-35,PROD-94,Clothing,24.5,238.67,5,Rain
2024-06-28,STORE-22,PROD-184,Electronics,39.0,35.83,20,Rain
2024-06-29,STORE-2,PROD-116,Grocery,27.0,28.41,10,Rain
2024-06-30,STORE-8,PROD-30,Electronics,26.0,361.42,20,None
2024-07-01,STORE-17,PROD-25,Grocery,14.0,273.67,5,Extreme Heat
2024-07-02,STORE-12,PROD-195,Clothing,17.0,259.27,10,Rain
2024-07-03,STORE-38,PROD-169,Furniture,18.0,129.13,0,None
2024-07-04,STORE-17,PROD-57,Electronics,45.0,374.93,0,None
2024-07-05,STORE-3,PROD-1,Grocery,29.0,92.44,20,Rain
2024-07-06,STORE-7,PROD-88,Electronics,20.0,103.07,10,Rain
2024-07-07,STORE-39,PROD-91,Grocery,27.0,235.75,20,None
2024-07-08,STORE-28,PROD-163,Electronics,18.0,150.28,10,None
2024-07-09,STORE-23,PROD-75,Grocery,4.0,131.26,10,Rain
2024-07-10,STORE-47,PROD-141,Grocery,1.0,326.17,20,None
2024-07-11,STORE-21,PROD-134,Clothing,1.0,328.98,10,None
2024-07-12,STORE-28,PROD-96,Grocery,26.0,414.01,5,Rain
2024-07-13,STORE-39,PROD-180,Clothing,45.0,214.68,10,Rain
2024-07-14,STORE-33,PROD-28,Grocery,20.0,45.81,10,Snow
2024-07-15,STORE-8,PROD-12,Furniture,23.0,144.1,20,Extreme Heat
2024-07-16,STORE-25,PROD-43,Furniture,10.0,490.2,0,Rain
2024-07-17,STORE-37,PROD-127,Furniture,11.0,302.17,15,Rain
2024-07-18,STORE-13,PROD-36,Grocery,41.0,357.77,10,Rain
2024-07-19,STORE-17,PROD-184,Clothing,41.0,13.61,15,Extreme Heat
2024-07-20,STORE-3,PROD-191,Clothing,5.0,263.92,10,Snow
2024-07-21,STORE-46,PROD-185,Grocery,1.0,28.39,20,None
2024-07-22,STORE-28,PROD-105,Furniture,17.0,288.92,20,Extreme Heat
2024-07-23,STORE-1,PROD-28,Furniture,22.0,461.18,10,Rain
2024-07-24,STORE-34,PROD-66,Clothing,34.0,484.53,20,Rain
2024-07-25,STORE-35,PROD-157,Furniture,45.0,274.87,20,Snow
2024-07-26,STORE-44,PROD-51,Electronics,41.0,234.52,10,Snow
2024-07-27,STORE-47,PROD-49,Clothing,29.0,473.06,0,Snow
2024-07-28,STORE-48,PROD-31,Furniture,4.0,340.07,10,None
2024-07-29,STORE-48,PROD-101,Clothing,5.0,41.8,0,Extreme Heat
2024-07-30,STORE-43,PROD-56,Electronics,11.0,238.21,20,Extreme Heat
2024-07-31,STORE-13,PROD-118,Clothing,21.0,127.72,0,Snow
2024-08-01,STORE-24,PROD-49,Clothing,35.0,240.2,20,None
2024-08-02,STORE-28,PROD-184,Clothing,12.0,233.18,0,Extreme Heat
2024-08-03,STORE-5,PROD-87,Clothing,26.0,295.25,0,Rain
2024-08-04,STORE-43,PROD-28,Electronics,19.0,184.82,10,Rain
2024-08-05,STORE-22,PROD-194,Grocery,45.0,90.49,0,Rain
2024-08-06,STORE-40,PROD-107,Clothing,7.0,256.82,20,Extreme Heat
2024-08-07,STORE-21,PROD-12,Clothing,47.0,416.8,10,Snow
2024-08-08,STORE-43,PROD-163,Furniture,7.0,335.37,0,Rain
2024-08-09,STORE-8,PROD-173,Clothing,26.0,175.8,10,Snow
2024-08-10,STORE-47,PROD-151,Furniture,40.0,468.41,15,None
2024-08-11,STORE-20,PROD-32,Grocery,5.0,456.98,10,Rain
2024-08-12,STORE-33,PROD-198,Electronics,21.0,112.58,15,None
2024-08-13,STORE-20,PROD-116,Electronics,14.0,29.31,15,Snow
2024-08-14,STORE-43,PROD-118,Grocery,4.0,373.24,10,Extreme Heat
2024-08-15,STORE-27,PROD-169,Electronics,23.0,415.53,20,Snow
2024-08-16,STORE-21,PROD-151,Grocery,42.0,484.25,20,Rain
2024-08-17,STORE-26,PROD-130,Grocery,20.0,446.02,20,Rain
2024-08-18,STORE-45,PROD-35,Grocery,15.0,304.26,5,Snow
2024-08-19,STORE-19,PROD-128,Electronics,45.0,269.73,15,Rain
2024-08-20,STORE-36,PROD-2,Furniture,29.0,23.64,10,Rain
2024-08-21,STORE-9,PROD-136,Grocery,8.0,130.86,20,None
2024-08-22,STORE-13,PROD-189,Clothing,41.0,235.21,20,Extreme Heat
2024-08-23,STORE-27,PROD-13,Electronics,48.0,317.97,10,Snow
2024-08-24,STORE-43,PROD-142,Grocery,19.0,283.05,15,None
2024-08-25,STORE-25,PROD-111,Grocery,48.0,373.89,10,Rain
2024-08-26,STORE-44,PROD-150,Clothing,39.0,147.09,5,None
2024-08-27,STORE-48,PROD-124,Furniture,46.0,286.83,5,Extreme Heat
2024-08-28,STORE-12,PROD-131,Furniture,28.0,53.19,10,Snow
2024-08-29,STORE-40,PROD-200,Furniture,46.0,212.7,15,Extreme Heat
2024-08-30,STORE-37,PROD-46,Grocery,27.0,377.58,20,Extreme Heat
2024-08-31,STORE-20,PROD-178,Grocery,4.0,349.77,5,None
2024-09-01,STORE-26,PROD-149,Grocery,15.0,495.41,5,None
2024-09-02,STORE-36,PROD-45,Electronics,35.0,146.17,15,Extreme Heat
2024-09-03,STORE-1,PROD-188,Clothing,37.0,254.11,5,Rain
2024-09-04,STORE-20,PROD-33,Grocery,1.0,171.47,5,Snow
2024-09-05,STORE-19,PROD-27,Clothing,3.0,225.9,15,Rain
2024-09-06,STORE-14,PROD-100,Clothing,47.0,429.91,10,Rain
2024-09-07,STORE-28,PROD-169,Furniture,24.0,345.26,20,Snow
2024-09-08,STORE-38,PROD-154,Electronics,27.0,442.4,20,None
2024-09-09,STORE-39,PROD-156,Grocery,40.0,109.72,5,Rain
2024-09-10,STORE-42,PROD-83,Furniture,36.0,437.95,20,None
2024-09-11,STORE-21,PROD-130,Furniture,34.0,39.28,10,Snow
2024-09-12,STORE-30,PROD-99,Grocery,29.0,445.41,5,Rain
2024-09-13,STORE-29,PROD-108,Clothing,24.0,171.25,20,None
2024-09-14,STORE-29,PROD-156,Furniture,24.0,164.15,0,None
2024-09-15,STORE-44,PROD-178,Clothing,42.0,260.92,0,Rain
2024-09-16,STORE-14,PROD-196,Electronics,4.0,470.94,0,Snow
2024-09-17,STORE-33,PROD-64,Clothing,3.0,33.41,0,Extreme Heat
2024-09-18,STORE-31,PROD-71,Electronics,34.0,182.59,0,None
2024-09-19,STORE-48,PROD-102,Clothing,49.0,429.72,5,Snow
2024-09-20,STORE-11,PROD-88,Furniture,23.0,204.07,15,Rain
2024-09-21,STORE-43,PROD-76,Furniture,23.0,107.59,15,None
2024-09-22,STORE-6,PROD-116,Electronics,45.0,218.15,5,None
2024-09-23,STORE-19,PROD-35,Grocery,5.0,198.92,5,None
2024-09-24,STORE-33,PROD-36,Electronics,31.0,458.55,10,Snow
2024-09-25,STORE-43,PROD-106,Electronics,41.0,383.35,15,None
2024-09-26,STORE-41,PROD-155,Clothing,6.0,257.51,0,None
2024-09-27,STORE-40,PROD-180,Clothing,37.0,494.3,5,Rain
2024-09-28,STORE-22,PROD-192,Electronics,10.0,237.99,0,None
2024-09-29,STORE-6,PROD-132,Furniture,40.0,38.54,15,Snow
2024-09-30,STORE-49,PROD-77,Clothing,7.0,138.51,20,Rain
2024-10-01,STORE-16,PROD-180,Grocery,39.0,223.67,20,Extreme Heat
2024-10-02,STORE-44,PROD-141,Clothing,38.0,86.88,5,Rain
2024-10-03,STORE-20,PROD-81,Clothing,21.0,474.31,10,None
2024-10-04,STORE-15,PROD-183,Grocery,20.0,385.76,0,Extreme Heat
2024-10-05,STORE-13,PROD-189,Electronics,3.0,141.46,5,Rain
2024-10-06,STORE-10,PROD-142,Grocery,22.0,299.49,10,None
2024-10-07,STORE-2,PROD-162,Electronics,47.0,363.51,0,Rain
2024-10-08,STORE-3,PROD-56,Electronics,4.0,471.23,15,Snow
2024-10-09,STORE-16,PROD-52,Electronics,28.0,442.0,20,None
2024-10-10,STORE-31,PROD-54,Grocery,12.0,262.44,10,Snow
2024-10-11,STORE-40,PROD-160,Electronics,38.0,389.58,0,None
2024-10-12,STORE-50,PROD-183,Furniture,36.0,285.45,5,Snow
2024-10-13,STORE-5,PROD-75,Grocery,47.0,280.82,0,Extreme Heat
2024-10-14,STORE-30,PROD-176,Furniture,41.0,66.22,5,Snow
2024-10-15,STORE-27,PROD-89,Electronics,5.0,71.81,20,Rain
2024-10-16,STORE-41,PROD-173,Clothing,13.0,269.47,20,None
2024-10-17,STORE-37,PROD-34,Electronics,23.0,141.74,0,Rain
2024-10-18,STORE-13,PROD-182,Furniture,15.0,20.31,0,Snow
2024-10-19,STORE-46,PROD-167,Furniture,37.0,364.19,5,None
2024-10-20,STORE-45,PROD-46,Grocery,25.0,25.92,5,Snow
2024-10-21,STORE-25,PROD-129,Clothing,48.0,301.69,10,Extreme Heat
2024-10-22,STORE-32,PROD-139,Grocery,27.0,274.2,10,Extreme Heat
2024-10-23,STORE-26,PROD-178,Furniture,14.0,484.72,10,Extreme Heat
2024-10-24,STORE-16,PROD-164,Electronics,48.0,247.26,0,Snow
2024-10-25,STORE-10,PROD-83,Clothing,47.0,41.16,10,Snow
2024-10-26,STORE-42,PROD-182,Electronics,36.0,280.33,0,Extreme Heat
2024-10-27,STORE-45,PROD-30,Electronics,39.0,422.14,20,Snow
2024-10-28,STORE-1,PROD-195,Clothing,16.0,498.46,15,Rain
2024-10-29,STORE-49,PROD-91,Grocery,22.0,220.87,20,Snow
2024-10-30,STORE-50,PROD-144,Electronics,21.0,166.95,0,Rain
2024-10-31,STORE-7,PROD-123,Furniture,21.0,454.26,0,Extreme Heat
2024-11-01,STORE-50,PROD-150,Electronics,8.0,103.71,15,Snow
2024-11-02,STORE-28,PROD-147,Clothing,49.0,311.56,5,Extreme Heat
2024-11-03,STORE-15,PROD-171,Clothing,16.0,208.8,5,None
2024-11-04,STORE-12,PROD-182,Clothing,15.5,30.13,5,Snow
2024-11-05,STORE-45,PROD-107,Grocery,42.0,180.17,10,Snow
2024-11-06,STORE-34,PROD-173,Electronics,10.0,139.96,5,Extreme Heat
2024-11-07,STORE-30,PROD-192,Grocery,32.0,346.18,10,Extreme Heat
2024-11-08,STORE-4,PROD-137,Grocery,34.0,474.91,10,Extreme Heat
2024-11-09,STORE-36,PROD-74,Clothing,9.0,141.34,5,None
2024-11-10,STORE-16,PROD-109,Clothing,17.0,407.62,5,None
2024-11-11,STORE-8,PROD-4,Grocery,11.0,37.13,15,Extreme Heat
2024-11-12,STORE-30,PROD-134,Electronics,32.0,273.68,15,Snow
2024-11-13,STORE-9,PROD-28,Furniture,10.0,44.57,10,Snow
2024-11-14,STORE-30,PROD-7,Grocery,22.0,467.68,15,Extreme Heat
2024-11-15,STORE-43,PROD-98,Electronics,17.0,385.51,10,Rain
2024-11-16,STORE-34,PROD-38,Clothing,4.0,332.4,0,None
2024-11-17,STORE-36,PROD-14,Clothing,48.0,413.71,10,None
2024-11-18,STORE-39,PROD-172,Electronics,47.0,654.56,10,Rain
2024-11-19,STORE-21,PROD-15,Furniture,25.0,484.78,15,Extreme Heat
2024-11-20,STORE-49,PROD-52,Clothing,21.0,359.84,0,Snow
2024-11-21,STORE-29,PROD-69,Clothing,37.0,463.08,20,Snow
2024-11-22,STORE-40,PROD-193,Clothing,,263.39,20,None
2024-11-23,STORE-47,PROD-42,Electronics,49.0,67.36,20,Rain
2024-11-24,STORE-33,PROD-74,Grocery,1.0,268.81,0,Snow
2024-11-25,STORE-28,PROD-175,Clothing,25.0,72.17,5,None
2024-11-26,STORE-36,PROD-65,Grocery,36.0,300.32,0,Snow
2024-11-27,STORE-29,PROD-38,Furniture,17.0,246.42,15,Snow
2024-11-28,STORE-11,PROD-16,Clothing,41.0,315.06,10,Snow
2024-11-29,STORE-48,PROD-177,Clothing,24.0,14.92,10,None
2024-11-30,STORE-31,PROD-76,Furniture,2.0,105.47,15,Rain
2024-12-01,STORE-29,PROD-53,Clothing,40.0,250.75,15,Extreme Heat
2024-12-02,STORE-17,PROD-193,Grocery,15.0,475.75,10,Rain
2024-12-03,STORE-49,PROD-139,Electronics,32.0,197.97,5,Snow
2024-12-04,STORE-16,PROD-9,Grocery,39.0,217.94,5,Rain
2024-12-05,STORE-41,PROD-92,Electronics,6.0,360.2,5,Snow
2024-12-06,STORE-18,PROD-116,Electronics,1.0,305.86,15,None
2024-12-07,STORE-50,PROD-27,Grocery,47.0,156.47,10,None
2024-12-08,STORE-50,PROD-158,Grocery,23.0,211.3,10,None
2024-12-09,STORE-34,PROD-173,Grocery,39.0,116.67,10,Snow
2024-12-10,STORE-32,PROD-190,Grocery,17.0,483.35,0,Rain
2024-12-11,STORE-41,PROD-144,Furniture,34.0,74.01,0,Extreme Heat
2024-12-12,STORE-16,PROD-58,Clothing,41.0,192.2,20,Extreme Heat
2024-12-13,STORE-18,PROD-191,Electronics,29.0,22.66,0,None
2024-12-14,STORE-29,PROD-166,Grocery,9.0,118.67,5,Extreme Heat
2024-12-15,STORE-5,PROD-144,Grocery,13.0,392.43,5,Snow
2024-12-16,STORE-46,PROD-100,Grocery,6.0,108.58,5,Rain
2024-12-17,STORE-19,PROD-61,Furniture,6.0,49.23,5,Extreme Heat
2024-12-18,STORE-16,PROD-131,Grocery,20.0,242.48,20,Extreme Heat
2024-12-19,STORE-18,PROD-179,Grocery,3.0,14.88,5,Rain
2024-12-20,STORE-22,PROD-74,Grocery,17.0,51.54,15,Extreme Heat
2024-12-21,STORE-21,PROD-178,Clothing,49.0,405.74,15,Rain
2024-12-22,STORE-35,PROD-171,Furniture,12.0,388.02,15,Snow
2024-12-23,STORE-6,PROD-13,Grocery,48.0,458.42,0,Snow
2024-12-24,STORE-9,PROD-98,Electronics,47.0,428.71,10,Snow
2024-12-25,STORE-10,PROD-100,Electronics,45.0,344.76,20,None
2024-12-26,STORE-15,PROD-107,Electronics,1.0,35.64,15,Snow
2024-12-27,STORE-25,PROD-176,Furniture,17.0,393.6,15,Extreme Heat
2024-12-28,STORE-45,PROD-81,Furniture,3.0,424.3,5,None
2024-12-29,STORE-10,PROD-142,Electronics,,401.55,15,None
2024-12-30,STORE-46,PROD-14,Grocery,,259.15,5,None
2024-12-31,STORE-14,PROD-4,Furniture,36.0,124.12,5,Snow
2025-01-01,STORE-5,PROD-191,Electronics,32.0,424.21,10,None
2025-01-02,STORE-27,PROD-65,Electronics,32.0,366.31,0,Snow
2025-01-03,STORE-27,PROD-52,Grocery,4.0,490.57,5,Snow
2025-01-04,STORE-22,PROD-159,Clothing,18.0,86.29,5,None
2025-01-05,STORE-35,PROD-200,Furniture,49.0,120.58,10,None
2025-01-06,STORE-30,PROD-114,Grocery,19.0,113.78,5,Extreme Heat
2025-01-07,STORE-27,PROD-58,Electronics,43.0,398.34,20,None
2025-01-08,STORE-4,PROD-163,Electronics,35.0,101.58,0,Snow
2025-01-09,STORE-14,PROD-181,Grocery,20.0,,20,Extreme Heat
2025-01-10,STORE-27,PROD-182,Furniture,14.0,499.29,15,Extreme Heat
2025-01-11,STORE-25,PROD-166,Clothing,33.0,22.16,0,Snow
2025-01-12,STORE-50,PROD-95,Clothing,14.0,419.27,15,None
2025-01-13,STORE-38,PROD-194,Electronics,34.0,189.03,5,None
2025-01-14,STORE-45,PROD-151,Furniture,4.0,422.39,10,Rain
2025-01-15,STORE-2,PROD-140,Clothing,24.0,281.76,20,None
2025-01-16,STORE-49,PROD-190,Furniture,29.0,451.8,15,Rain
2025-01-17,STORE-37,PROD-155,Furniture,19.0,463.83,5,Extreme Heat
2025-01-18,STORE-25,PROD-51,Electronics,6.0,14.46,20,Extreme Heat
2025-01-19,STORE-31,PROD-199,Clothing,33.0,46.95,20,Extreme Heat
2025-01-20,STORE-1,PROD-186,Grocery,49.0,132.68,15,Rain
2025-01-21,STORE-23,PROD-50,Electronics,40.0,337.96,5,Snow
2025-01-22,STORE-20,PROD-76,Clothing,19.0,445.25,10,Snow
2025-01-23,STORE-49,PROD-115,Clothing,1.0,235.37,15,Extreme Heat
2025-01-24,STORE-25,PROD-46,Clothing,5.0,307.42,20,Rain
2025-01-25,STORE-27,PROD-175,Clothing,27.0,102.36,20,Rain
2025-01-26,STORE-35,PROD-20,Clothing,16.0,404.43,0,Extreme Heat
2025-01-27,STORE-48,PROD-48,Furniture,6.0,483.99,5,None
2025-01-28,STORE-48,PROD-45,Electronics,40.0,141.61,0,Extreme Heat
2025-01-29,STORE-35,PROD-189,Furniture,13.0,252.46,10,Rain
2025-01-30,STORE-39,PROD-132,Grocery,48.0,52.2,15,None
2025-01-31,STORE-15,PROD-31,Clothing,35.0,283.98,20,Snow
2025-02-01,STORE-32,PROD-97,Electronics,19.0,256.36,5,None
2025-02-02,STORE-15,PROD-11,Clothing,12.0,80.77,20,Snow
2025-02-03,STORE-18,PROD-110,Electronics,16.0,226.61,0,Rain
2025-02-04,STORE-28,PROD-72,Furniture,43.0,173.71,0,Extreme Heat
2025-02-05,STORE-32,PROD-143,Electronics,10.0,265.7,15,Extreme Heat
2025-02-06,STORE-2,PROD-68,Grocery,25.0,296.97,5,Extreme Heat
2025-02-07,STORE-25,PROD-34,Grocery,20.0,14.16,5,Extreme Heat
2025-02-08,STORE-22,PROD-42,Electronics,31.0,382.89,15,Extreme Heat
2025-02-09,STORE-43,PROD-150,Electronics,4.0,359.38,0,Rain
2025-02-10,STORE-44,PROD-66,Electronics,44.0,189.48,0,Rain
2025-02-11,STORE-26,PROD-2,Electronics,23.0,35.94,0,Extreme Heat
2025-02-12,STORE-47,PROD-85,Grocery,2.0,379.92,20,None
2025-02-13,STORE-11,PROD-120,Clothing,22.0,478.04,10,Extreme Heat
2025-02-14,STORE-30,PROD-182,Electronics,37.0,127.67,0,Snow
2025-02-15,STORE-9,PROD-40,Electronics,8.0,168.53,10,Snow
2025-02-16,STORE-40,PROD-11,Grocery,7.0,100.07,10,Snow
2025-02-17,STORE-35,PROD-40,Grocery,14.0,292.7,5,Snow
2025-02-18,STORE-2,PROD-83,Furniture,3.0,85.87,15,Extreme Heat
2025-02-19,STORE-26,PROD-153,Electronics,16.0,184.54,20,Snow
2025-02-20,STORE-38,PROD-14,Furniture,19.0,351.54,10,None
2025-02-21,STORE-37,PROD-199,Grocery,18.0,284.46,20,Extreme Heat
2025-02-22,STORE-43,PROD-161,Grocery,16.0,199.37,5,Snow
2025-02-23,STORE-2,PROD-158,Clothing,8.0,215.92,0,Extreme Heat
2025-02-24,STORE-6,PROD-170,Electronics,33.0,285.43,10,Extreme Heat
2025-02-25,STORE-42,PROD-78,Furniture,49.0,12.87,15,Extreme Heat
2025-02-26,STORE-28,PROD-126,Grocery,12.0,48.47,5,Rain
2025-02-27,STORE-9,PROD-147,Grocery,11.0,441.82,20,Snow
2025-02-28,STORE-30,PROD-141,Furniture,5.0,48.16,0,Rain
2025-03-01,STORE-12,PROD-92,Clothing,27.0,356.33,20,None
2025-03-02,STORE-4,PROD-19,Grocery,12.0,460.82,15,None
2025-03-03,STORE-17,PROD-182,Electronics,17.0,142.63,10,Rain
2025-03-04,STORE-25,PROD-82,Grocery,6.0,191.54,15,Snow
2025-03-05,STORE-21,PROD-135,Electronics,33.0,288.77,20,Extreme Heat
2025-03-06,STORE-14,PROD-57,Furniture,5.0,442.04,20,None
2025-03-07,STORE-30,PROD-48,Electronics,28.0,471.53,15,None
2025-03-08,STORE-21,PROD-134,Furniture,14.0,372.39,15,None
2025-03-09,STORE-22,PROD-18,Electronics,5.0,52.44,15,Snow
2025-03-10,STORE-49,PROD-130,Furniture,33.0,337.89,0,Rain
2025-03-11,STORE-25,PROD-41,Electronics,48.0,211.05,20,Rain
2025-03-12,STORE-18,PROD-107,Clothing,41.0,240.64,5,Snow
2025-03-13,STORE-49,PROD-140,Electronics,19.0,34.08,0,None
2025-03-14,STORE-27,PROD-138,Electronics,22.0,103.62,0,Snow
2025-03-15,STORE-17,PROD-104,Clothing,5.0,397.35,0,Snow
2025-03-16,STORE-6,PROD-24,Grocery,2.0,232.44,5,Rain
2025-03-17,STORE-31,PROD-90,Grocery,30.0,157.81,15,Snow
2025-03-18,STORE-2,PROD-57,Electronics,47.0,198.17,20,Snow
2025-03-19,STORE-48,PROD-55,Clothing,39.0,428.66,10,None
2025-03-20,STORE-35,PROD-170,Electronics,4.0,377.01,10,Extreme Heat
2025-03-21,STORE-4,PROD-85,Furniture,33.0,143.43,20,None
2025-03-22,STORE-23,PROD-85,Furniture,13.0,67.58,5,Rain
2025-03-23,STORE-15,PROD-93,Electronics,20.0,133.48,10,Extreme Heat
2025-03-24,STORE-42,PROD-76,Grocery,7.0,461.17,0,None
2025-03-25,STORE-5,PROD-56,Grocery,15.0,294.98,10,Snow
2025-03-26,STORE-50,PROD-193,Electronics,23.0,271.41,20,Snow
2025-03-27,STORE-42,PROD-159,Electronics,14.0,302.23,0,Extreme Heat
2025-03-28,STORE-3,PROD-136,Furniture,23.0,189.35,10,Extreme Heat
2025-03-29,STORE-49,PROD-122,Grocery,19.0,405.48,20,Snow
2025-03-30,STORE-2,PROD-144,Electronics,29.0,266.41,5,Rain
2025-03-31,STORE-16,PROD-193,Furniture,20.0,67.21,20,None
2025-04-01,STORE-13,PROD-167,Grocery,29.0,73.24,5,Snow
2025-04-02,STORE-2,PROD-3,Clothing,12.0,273.06,0,None
2025-04-03,STORE-40,PROD-30,Furniture,18.0,468.92,20,None
2025-04-04,STORE-10,PROD-172,Grocery,10.0,161.09,15,None
2025-04-05,STORE-16,PROD-89,Grocery,41.0,436.08,15,None
2025-04-06,STORE-9,PROD-115,Furniture,8.0,384.41,15,Rain
2025-04-07,STORE-31,PROD-62,Clothing,26.0,131.43,15,Rain
2025-04-08,STORE-43,PROD-165,Furniture,29.0,27.81,15,Rain
2025-04-09,STORE-8,PROD-158,Grocery,10.0,59.91,5,Snow
2025-04-10,STORE-37,PROD-160,Electronics,17.0,366.96,20,Snow
2025-04-11,STORE-14,PROD-63,Electronics,2.0,107.84,0,Snow
2025-04-12,STORE-30,PROD-11,Furniture,6.0,191.92,15,Rain
2025-04-13,STORE-45,PROD-175,Grocery,5.0,255.83,15,None
2025-04-14,STORE-17,PROD-83,Electronics,28.0,365.48,0,Rain
2025-04-15,STORE-50,PROD-98,Grocery,41.0,65.48,0,Snow
2025-04-16,STORE-24,PROD-30,Furniture,5.0,209.12,15,Extreme Heat
2025-04-17,STORE-11,PROD-99,Electronics,18.0,247.69,5,Snow
2025-04-18,STORE-39,PROD-66,Grocery,26.0,275.01,0,None
2025-04-19,STORE-39,PROD-139,Electronics,20.0,411.0,20,Rain
2025-04-20,STORE-48,PROD-186,Furniture,41.0,94.12,20,Extreme Heat
2025-04-21,STORE-46,PROD-73,Grocery,49.0,405.84,5,Extreme Heat
2025-04-22,STORE-8,PROD-7,Electronics,27.0,349.51,10,None
2025-04-23,STORE-50,PROD-133,Furniture,49.0,282.38,5,Rain
2025-04-24,STORE-11,PROD-198,Electronics,12.0,352.77,15,Extreme Heat
2025-04-25,STORE-20,PROD-96,Electronics,7.0,211.89,10,Snow
2025-04-26,STORE-7,PROD-132,Clothing,3.0,77.81,15,None
2025-04-27,STORE-38,PROD-131,Clothing,10.0,336.22,20,Extreme Heat
2025-04-28,STORE-2,PROD-115,Furniture,34.0,267.09,0,None
2025-04-29,STORE-20,PROD-125,Clothing,25.0,323.29,15,Rain
2025-04-30,STORE-37,PROD-12,Furniture,35.0,175.62,20,Rain
2025-05-01,STORE-44,PROD-76,Clothing,16.0,454.36,5,Rain
2025-05-02,STORE-25,PROD-167,Electronics,2.0,297.81,15,Snow
2025-05-03,STORE-26,PROD-50,Furniture,24.0,51.85,20,Extreme Heat
2025-05-04,STORE-46,PROD-83,Furniture,10.0,230.4,0,Rain
2025-05-05,STORE-13,PROD-132,Electronics,38.0,380.61,15,Snow
2025-05-06,STORE-5,PROD-22,Furniture,22.0,399.13,20,Rain
2025-05-07,STORE-38,PROD-25,Furniture,26.0,252.35,15,Rain
2025-05-08,STORE-45,PROD-43,Clothing,43.0,448.43,0,Extreme Heat
2025-05-09,STORE-41,PROD-198,Furniture,39.0,141.16,15,Snow
2025-05-10,STORE-16,PROD-138,Grocery,27.0,211.19,15,Rain
2025-05-11,STORE-7,PROD-137,Electronics,29.0,450.31,20,Snow
2025-05-12,STORE-45,PROD-2,Clothing,47.0,449.17,10,Snow
2025-05-13,STORE-50,PROD-161,Clothing,38.0,346.0,15,Rain
2025-05-14,STORE-20,PROD-17,Grocery,20.0,430.9,10,Rain
2025-05-15,STORE-44,PROD-54,Electronics,27.0,53.5,5,None
2025-05-16,STORE-39,PROD-172,Electronics,41.0,433.85,15,Extreme Heat
2025-05-17,STORE-8,PROD-162,Clothing,20.0,167.1,10,Rain
2025-05-18,STORE-37,PROD-199,Furniture,44.0,97.38,5,None
2025-05-19,STORE-3,PROD-55,Clothing,19.0,127.29,20,Extreme Heat
2025-05-20,STORE-23,PROD-176,Electronics,20.0,214.8,15,Rain
2025-05-21,STORE-35,PROD-109,Grocery,35.0,133.08,20,Snow
2025-05-22,STORE-28,PROD-27,Clothing,47.0,167.08,5,Extreme Heat
2025-05-23,STORE-43,PROD-53,Electronics,2.0,76.14,20,Snow
2025-05-24,STORE-24,PROD-138,Clothing,30.0,155.13,20,None
2025-05-25,STORE-5,PROD-180,Furniture,34.0,,0,Rain
2025-05-26,STORE-33,PROD-190,Clothing,22.0,226.51,5,None
2025-05-27,STORE-42,PROD-199,Clothing,3.0,179.89,20,Rain
2025-05-28,STORE-22,PROD-112,Electronics,6.0,375.76,10,Rain
2025-05-29,STORE-1,PROD-166,Electronics,15.0,447.82,5,Snow
2025-05-30,STORE-27,PROD-19,Electronics,27.0,380.83,0,None
2025-05-31,STORE-32,PROD-192,Clothing,10.0,172.68,15,Snow
2025-06-01,STORE-7,PROD-176,Furniture,9.0,374.78,20,Snow
2025-06-02,STORE-28,PROD-40,Grocery,33.0,84.47,10,Snow
2025-06-03,STORE-24,PROD-7,Grocery,32.0,73.86,0,None
2025-06-04,STORE-41,PROD-118,Electronics,48.0,179.36,5,Rain
2025-06-05,STORE-30,PROD-184,Electronics,6.0,405.77,20,Rain
2025-06-06,STORE-46,PROD-85,Clothing,41.0,130.71,0,None
2025-06-07,STORE-10,PROD-10,Grocery,36.0,40.99,0,Rain
2025-06-08,STORE-28,PROD-23,Electronics,2.0,74.54,10,None
2025-06-09,STORE-12,PROD-19,Furniture,29.0,430.79,15,None
2025-06-10,STORE-47,PROD-14,Furniture,4.0,320.55,15,Rain
2025-06-11,STORE-34,PROD-46,Electronics,1.0,134.07,15,Extreme Heat
2025-06-12,STORE-42,PROD-65,Electronics,19.0,282.09,5,Snow
2025-06-13,STORE-18,PROD-143,Grocery,26.0,268.51,0,None
2025-06-14,STORE-40,PROD-19,Grocery,25.0,331.16,5,None
2025-06-15,STORE-35,PROD-148,Clothing,10.0,124.26,0,Extreme Heat
2025-06-16,STORE-50,PROD-59,Grocery,15.0,433.56,10,None
2025-06-17,STORE-31,PROD-67,Furniture,22.0,161.59,10,None
2025-06-18,STORE-30,PROD-105,Furniture,48.0,350.12,5,Rain
2025-06-19,STORE-28,PROD-100,Electronics,21.0,17.9,5,Rain
2025-06-20,STORE-47,PROD-116,Grocery,22.0,192.6,10,Extreme Heat
2025-06-21,STORE-38,PROD-162,Clothing,36.0,182.34,20,None
2025-06-22,STORE-18,PROD-104,Furniture,34.0,276.31,15,Snow
2025-06-23,STORE-21,PROD-111,Furniture,30.0,45.64,15,Rain
2025-06-24,STORE-16,PROD-81,Clothing,25.0,397.16,10,Snow
2025-06-25,STORE-6,PROD-5,Clothing,45.0,116.71,15,Snow
2025-06-26,STORE-18,PROD-100,Furniture,14.0,341.75,20,Extreme Heat
2025-06-27,STORE-29,PROD-173,Furniture,1.0,403.57,20,Extreme Heat
2025-06-28,STORE-16,PROD-31,Clothing,49.0,285.32,0,None
2025-06-29,STORE-49,PROD-137,Furniture,45.0,373.03,5,Extreme Heat
2025-06-30,STORE-30,PROD-2,Electronics,4.0,334.31,15,Rain
2025-07-01,STORE-37,PROD-165,Electronics,7.0,184.21,20,None
2025-07-02,STORE-40,PROD-185,Clothing,49.0,406.34,5,None
2025-07-03,STORE-43,PROD-159,Grocery,9.0,154.4,5,Snow
2025-07-04,STORE-25,PROD-17,Clothing,36.0,289.89,0,Snow
2025-07-05,STORE-22,PROD-194,Clothing,19.0,750.48,5,Snow
2025-07-06,STORE-2,PROD-191,Grocery,1.0,195.69,5,None
2025-07-07,STORE-32,PROD-150,Grocery,10.0,158.36,10,Extreme Heat
2025-07-08,STORE-21,PROD-12,Grocery,36.0,235.08,0,Extreme Heat
2025-07-09,STORE-12,PROD-180,Electronics,9.0,410.8,0,Extreme Heat
2025-07-10,STORE-32,PROD-19,Furniture,45.0,465.66,15,None
2025-07-11,STORE-14,PROD-92,Electronics,46.0,277.09,5,None
2025-07-12,STORE-23,PROD-129,Furniture,42.0,334.12,15,None
2025-07-13,STORE-17,PROD-28,Electronics,32.0,452.6,20,None
2025-07-14,STORE-22,PROD-75,Furniture,32.0,,5,None
2025-07-15,STORE-18,PROD-176,Electronics,6.0,123.72,20,Extreme Heat
2025-07-16,STORE-39,PROD-78,Grocery,48.0,357.36,10,None
2025-07-17,STORE-45,PROD-156,Clothing,38.0,413.63,5,Extreme Heat
2025-07-18,STORE-18,PROD-23,Electronics,17.0,429.94,15,None
2025-07-19,STORE-36,PROD-73,Furniture,10.0,426.8,15,Extreme Heat
2025-07-20,STORE-1,PROD-196,Grocery,27.0,53.78,5,Rain
2025-07-21,STORE-34,PROD-113,Electronics,35.0,224.51,15,Rain
2025-07-22,STORE-13,PROD-98,Electronics,21.0,123.06,5,Extreme Heat
2025-07-23,STORE-6,PROD-102,Grocery,25.0,152.69,0,Rain
2025-07-24,STORE-16,PROD-170,Electronics,28.0,388.41,15,Rain
2025-07-25,STORE-47,PROD-8,Clothing,47.0,47.01,5,Extreme Heat
2025-07-26,STORE-27,PROD-122,Electronics,15.0,415.51,5,None
2025-07-27,STORE-32,PROD-41,Clothing,4.0,219.56,15,None
2025-07-28,STORE-36,PROD-137,Clothing,29.0,302.07,0,Extreme Heat
2025-07-29,STORE-49,PROD-57,Grocery,9.0,53.93,15,Snow
2025-07-30,STORE-16,PROD-35,Electronics,27.0,175.31,5,Snow
2025-07-31,STORE-45,PROD-192,Grocery,26.0,53.95,0,Rain
2025-08-01,STORE-31,PROD-101,Electronics,19.0,481.16,20,Snow
2025-08-02,STORE-42,PROD-140,Electronics,28.0,405.56,10,Rain
2025-08-03,STORE-46,PROD-76,Furniture,17.0,235.22,15,None
2025-08-04,STORE-32,PROD-163,Electronics,43.0,119.57,5,Extreme Heat
2025-08-05,STORE-29,PROD-37,Grocery,41.0,467.39,0,None
2025-08-06,STORE-2,PROD-77,Clothing,42.0,178.85,0,Extreme Heat
2025-08-07,STORE-6,PROD-174,Electronics,20.0,88.88,20,Snow
2025-08-08,STORE-19,PROD-187,Furniture,45.0,285.95,15,None
2025-08-09,STORE-15,PROD-166,Grocery,40.0,472.45,0,None
2025-08-10,STORE-26,PROD-96,Electronics,39.0,11.88,20,Rain
2025-08-11,STORE-45,PROD-3,Grocery,49.0,126.68,5,Extreme Heat
2025-08-12,STORE-16,PROD-142,Furniture,23.0,469.84,20,Snow
2025-08-13,STORE-20,PROD-143,Furniture,47.0,93.83,15,None
2025-08-14,STORE-43,PROD-37,Grocery,32.0,65.49,20,Extreme Heat
2025-08-15,STORE-38,PROD-32,Electronics,47.0,289.39,0,Snow
2025-08-16,STORE-24,PROD-11,Clothing,33.0,432.3,0,None
2025-08-17,STORE-31,PROD-2,Furniture,46.0,243.78,10,Extreme Heat
2025-08-18,STORE-36,PROD-147,Electronics,5.0,497.34,20,Rain
2025-08-19,STORE-34,PROD-153,Electronics,,342.79,5,None
2025-08-20,STORE-23,PROD-101,Clothing,48.0,46.3,15,Extreme Heat
2025-08-21,STORE-28,PROD-138,Furniture,34.0,496.49,10,Snow
2025-08-22,STORE-48,PROD-141,Furniture,40.0,209.87,20,Snow
2025-08-23,STORE-36,PROD-22,Electronics,11.0,150.83,5,Rain
2025-08-24,STORE-22,PROD-79,Electronics,3.0,283.36,10,None
2025-08-25,STORE-23,PROD-54,Clothing,33.0,159.11,0,Rain
2025-08-26,STORE-45,PROD-192,Clothing,11.0,52.36,15,Extreme Heat
2025-08-27,STORE-30,PROD-190,Furniture,16.0,10.7,20,Snow
2025-08-28,STORE-18,PROD-186,Grocery,,230.3,5,Rain
2025-08-29,STORE-20,PROD-89,Furniture,30.0,420.06,0,None
2025-08-30,STORE-17,PROD-55,Electronics,48.0,290.43,10,Extreme Heat
2025-08-31,STORE-15,PROD-106,Furniture,10.0,499.61,15,None
2025-09-01,STORE-8,PROD-166,Grocery,18.0,150.55,10,Rain
2025-09-02,STORE-47,PROD-132,Clothing,38.0,147.42,10,Snow
2025-09-03,STORE-13,PROD-37,Grocery,19.0,88.28,5,Snow
2025-09-04,STORE-21,PROD-42,Grocery,36.0,90.39,0,Rain
2025-09-05,STORE-8,PROD-48,Grocery,13.0,149.74,20,None
2025-09-06,STORE-48,PROD-57,Clothing,46.0,398.49,5,None
2025-09-07,STORE-35,PROD-158,Grocery,3.0,453.82,15,None
2025-09-08,STORE-49,PROD-65,Grocery,10.0,487.79,10,None
2025-09-09,STORE-45,PROD-50,Grocery,38.0,123.82,15,Snow
2025-09-10,STORE-12,PROD-30,Electronics,1.0,441.84,5,None
2025-09-11,STORE-13,PROD-47,Grocery,27.0,170.84,5,Rain
2025-09-12,STORE-14,PROD-172,Clothing,46.0,65.29,20,Rain
2025-09-13,STORE-48,PROD-146,Grocery,8.0,436.31,10,Rain
2025-09-14,STORE-31,PROD-14,Grocery,46.0,321.69,5,Rain
2025-09-15,STORE-18,PROD-193,Clothing,42.0,181.44,15,None
2025-09-16,STORE-47,PROD-141,Grocery,17.0,220.62,20,Snow
2025-09-17,STORE-38,PROD-119,Clothing,9.0,150.76,15,Extreme Heat
2025-09-18,STORE-49,PROD-166,Grocery,6.0,371.03,10,None
2025-09-19,STORE-34,PROD-141,Clothing,43.0,232.17,20,Extreme Heat
2025-09-20,STORE-39,PROD-19,Grocery,25.0,494.75,20,Snow
2025-09-21,STORE-19,PROD-75,Grocery,39.0,36.83,20,None
2025-09-22,STORE-7,PROD-172,Electronics,49.0,183.96,0,Extreme Heat
2025-09-23,STORE-13,PROD-18,Electronics,28.0,246.13,20,Snow
2025-09-24,STORE-19,PROD-65,Grocery,33.0,256.54,15,Extreme Heat
2025-09-25,STORE-15,PROD-26,Grocery,37.0,164.81,15,Rain
2025-09-26,STORE-24,PROD-51,Furniture,4.5,367.33,10,Rain
2025-09-27,STORE-12,PROD-186,Clothing,18.0,438.63,5,Snow
2025-09-28,STORE-20,PROD-149,Furniture,21.0,,5,Snow
2025-09-29,STORE-1,PROD-125,Electronics,2.0,404.5,0,Extreme Heat
2025-09-30,STORE-46,PROD-85,Electronics,43.0,426.78,20,Snow
2025-10-01,STORE-35,PROD-92,Electronics,38.0,279.77,0,Rain
2025-10-02,STORE-9,PROD-33,Electronics,40.0,414.69,10,Rain
2025-10-03,STORE-18,PROD-172,Grocery,36.0,158.72,10,None
2025-10-04,STORE-3,PROD-168,Electronics,43.0,205.25,5,Extreme Heat
2025-10-05,STORE-4,PROD-61,Grocery,37.0,165.29,10,Snow
2025-10-06,STORE-36,PROD-26,Grocery,15.0,239.02,20,Snow
2025-10-07,STORE-19,PROD-73,Electronics,28.0,149.93,15,Snow
2025-10-08,STORE-45,PROD-159,Electronics,18.0,481.19,10,Extreme Heat
2025-10-09,STORE-9,PROD-18,Clothing,34.0,163.29,0,Rain
2025-10-10,STORE-41,PROD-50,Furniture,22.0,58.04,20,Snow
2025-10-11,STORE-49,PROD-82,Electronics,11.0,268.14,10,Snow
2025-10-12,STORE-32,PROD-125,Clothing,13.0,37.98,10,Rain
2025-10-13,STORE-7,PROD-116,Clothing,4.0,64.17,20,Snow
2025-10-14,STORE-1,PROD-85,Furniture,22.0,117.5,10,None
2025-10-15,STORE-37,PROD-158,Grocery,7.0,237.53,15,Rain
2025-10-16,STORE-19,PROD-169,Electronics,43.0,222.29,5,Rain
2025-10-17,STORE-31,PROD-79,Furniture,24.0,401.85,20,Rain
2025-10-18,STORE-31,PROD-178,Electronics,4.0,372.34,0,None
2025-10-19,STORE-29,PROD-150,Clothing,28.0,218.9,10,Rain
2025-10-20,STORE-22,PROD-40,Clothing,15.0,173.52,5,Extreme Heat
2025-10-21,STORE-12,PROD-145,Grocery,1.0,165.07,0,Extreme Heat
2025-10-22,STORE-4,PROD-146,Clothing,3.0,389.26,0,Extreme Heat
2025-10-23,STORE-17,PROD-94,Clothing,14.0,35.52,15,Rain
2025-10-24,STORE-31,PROD-81,Furniture,38.0,16.28,5,Rain
2025-10-25,STORE-8,PROD-110,Electronics,1.0,399.82,20,Rain
2025-10-26,STORE-5,PROD-44,Electronics,38.0,243.8,5,None
2025-10-27,STORE-26,PROD-2,Furniture,38.0,74.13,5,Extreme Heat
2025-10-28,STORE-32,PROD-81,Grocery,21.0,125.43,0,Snow
2025-10-29,STORE-5,PROD-64,Electronics,48.0,466.93,15,Snow
2025-10-30,STORE-37,PROD-57,Clothing,29.0,431.16,15,Rain
2025-10-31,STORE-41,PROD-183,Electronics,5.0,357.79,5,None
2025-11-01,STORE-44,PROD-190,Clothing,49.0,246.29,5,Rain
2025-11-02,STORE-4,PROD-165,Grocery,10.0,264.96,10,Snow
2025-11-03,STORE-10,PROD-112,Furniture,28.0,487.87,0,Extreme Heat
2025-11-04,STORE-10,PROD-71,Electronics,21.0,483.23,20,Snow
2025-11-05,STORE-37,PROD-93,Furniture,7.0,115.48,20,Extreme Heat
2025-11-06,STORE-20,PROD-35,Electronics,3.0,407.44,15,Extreme Heat
2025-11-07,STORE-6,PROD-174,Clothing,45.0,106.65,0,None
2025-11-08,STORE-16,PROD-188,Furniture,47.0,114.63,15,Snow
2025-11-09,STORE-8,PROD-85,Electronics,20.0,341.29,20,Rain
2025-11-10,STORE-36,PROD-123,Clothing,19.0,208.45,5,None
2025-11-11,STORE-49,PROD-119,Furniture,35.0,466.46,0,Extreme Heat
2025-11-12,STORE-27,PROD-115,Furniture,4.0,53.61,0,Snow
2025-11-13,STORE-39,PROD-92,Electronics,5.0,260.65,10,Rain
2025-11-14,STORE-39,PROD-199,Electronics,1.0,460.08,5,None
2025-11-15,STORE-40,PROD-79,Electronics,4.0,453.02,5,Rain
2025-11-16,STORE-15,PROD-125,Clothing,12.0,86.7,15,Snow
2025-11-17,STORE-50,PROD-142,Electronics,27.0,189.65,0,Rain
2025-11-18,STORE-34,PROD-28,Furniture,42.0,313.37,15,None
2025-11-19,STORE-25,PROD-45,Furniture,23.0,88.1,5,Rain
2025-11-20,STORE-29,PROD-166,Electronics,25.0,484.33,10,Snow
2025-11-21,STORE-29,PROD-156,Electronics,21.0,458.23,0,None
2025-11-22,STORE-20,PROD-21,Grocery,24.0,91.81,5,Extreme Heat
2025-11-23,STORE-38,PROD-72,Furniture,25.0,69.37,10,None
2025-11-24,STORE-28,PROD-36,Clothing,45.0,51.85,20,Snow
2025-11-25,STORE-20,PROD-138,Grocery,46.0,455.63,5,Rain
2025-11-26,STORE-37,PROD-51,Electronics,32.0,104.88,20,Extreme Heat
2025-11-27,STORE-40,PROD-68,Electronics,32.0,213.98,15,Extreme Heat
2025-11-28,STORE-4,PROD-188,Furniture,5.0,229.94,20,Rain
2025-11-29,STORE-40,PROD-161,Electronics,36.0,303.52,5,Snow
2025-11-30,STORE-48,PROD-20,Clothing,46.0,45.15,20,None
2025-12-01,STORE-7,PROD-187,Furniture,,121.11,0,Snow
2025-12-02,STORE-49,PROD-20,Electronics,49.0,466.43,5,Extreme Heat
2025-12-03,STORE-14,PROD-5,Furniture,42.0,455.12,10,None
2025-12-04,STORE-41,PROD-130,Electronics,39.0,392.83,20,None
2025-12-05,STORE-14,PROD-162,Electronics,16.0,19.51,0,Rain
2025-12-06,STORE-17,PROD-8,Electronics,33.0,170.23,15,Snow
2025-12-07,STORE-43,PROD-149,Clothing,49.0,317.7,15,None
2025-12-08,STORE-6,PROD-149,Clothing,21.0,144.84,20,Rain
2025-12-09,STORE-11,PROD-104,Furniture,9.0,455.7,15,Snow
2025-12-10,STORE-16,PROD-197,Electronics,6.0,320.61,10,Extreme Heat
2025-12-11,STORE-12,PROD-152,Electronics,45.0,45.23,5,Extreme Heat
2025-12-12,STORE-36,PROD-55,Clothing,35.0,455.41,0,Snow
2025-12-13,STORE-5,PROD-10,Electronics,39.0,479.31,20,None
2025-12-14,STORE-11,PROD-142,Clothing,22.0,48.08,15,None
2025-12-15,STORE-1,PROD-67,Electronics,41.0,270.86,5,Extreme Heat
2025-12-16,STORE-27,PROD-140,Furniture,5.0,158.65,10,Extreme Heat
2025-12-17,STORE-29,PROD-139,Electronics,42.0,202.49,15,None
2025-12-18,STORE-45,PROD-121,Electronics,23.0,98.03,15,Snow
2025-12-19,STORE-39,PROD-168,Grocery,17.0,293.26,0,Extreme Heat
2025-12-20,STORE-31,PROD-199,Clothing,12.0,479.41,10,None
2025-12-21,STORE-19,PROD-39,Electronics,23.0,256.51,10,Snow
2025-12-22,STORE-3,PROD-94,Electronics,16.0,50.63,20,Rain
2025-12-23,STORE-15,PROD-101,Grocery,3.0,313.8,0,Snow
2025-12-24,STORE-19,PROD-58,Grocery,30.0,176.71,20,None
2025-12-25,STORE-46,PROD-198,Clothing,22.0,429.4,0,Snow
2025-12-26,STORE-19,PROD-151,Grocery,9.0,222.99,10,None
2025-12-27,STORE-45,PROD-188,Furniture,29.0,104.49,0,Extreme Heat
2025-12-28,STORE-30,PROD-75,Grocery,47.0,103.64,0,Rain
2025-12-29,STORE-5,PROD-35,Furniture,,386.69,0,Extreme Heat
2025-12-30,STORE-44,PROD-119,Clothing,23.0,140.14,5,Extreme Heat
2025-12-31,STORE-15,PROD-129,Clothing,13.0,385.94,5,None
2026-01-01,STORE-17,PROD-131,Clothing,32.0,110.88,10,None
2026-01-02,STORE-41,PROD-24,Clothing,46.0,167.63,0,None
2026-01-03,STORE-38,PROD-102,Clothing,47.0,238.09,10,None
2026-01-04,STORE-43,PROD-94,Furniture,48.0,472.17,5,Extreme Heat
2026-01-05,STORE-13,PROD-129,Furniture,23.0,466.55,0,None
2026-01-06,STORE-28,PROD-3,Clothing,45.0,111.37,20,None
2026-01-07,STORE-8,PROD-170,Grocery,17.0,185.53,5,Extreme Heat
2026-01-08,STORE-35,PROD-62,Electronics,40.0,83.21,5,Rain
2026-01-09,STORE-15,PROD-158,Clothing,21.0,259.89,5,Rain
2026-01-10,STORE-42,PROD-176,Grocery,2.0,235.69,0,Snow
2026-01-11,STORE-10,PROD-43,Electronics,37.0,451.37,15,Extreme Heat
2026-01-12,STORE-18,PROD-194,Clothing,6.0,465.7,20,None
2026-01-13,STORE-10,PROD-132,Clothing,44.0,197.95,20,Snow
2026-01-14,STORE-5,PROD-36,Furniture,18.0,250.95,10,Rain
2026-01-15,STORE-4,PROD-115,Electronics,30.0,449.16,0,Rain
2026-01-16,STORE-11,PROD-41,Electronics,22.0,405.29,5,Extreme Heat
2026-01-17,STORE-20,PROD-46,Grocery,33.0,11.79,15,None
2026-01-18,STORE-39,PROD-145,Furniture,30.0,166.83,0,None
2026-01-19,STORE-48,PROD-145,Furniture,8.5,216.67,0,Snow
2026-01-20,STORE-37,PROD-169,Furniture,43.0,122.56,15,Rain
2026-01-21,STORE-19,PROD-38,Furniture,32.0,107.79,5,Snow
2026-01-22,STORE-29,PROD-189,Electronics,42.0,57.02,0,Snow
2026-01-23,STORE-8,PROD-188,Electronics,14.0,325.25,20,Snow
2026-01-24,STORE-30,PROD-124,Clothing,10.0,138.63,20,None
2026-01-25,STORE-45,PROD-92,Clothing,47.0,35.65,15,Rain
2026-01-26,STORE-20,PROD-11,Furniture,36.0,123.18,5,Snow
2026-01-27,STORE-45,PROD-57,Furniture,34.0,402.94,15,Rain
2026-01-28,STORE-26,PROD-195,Furniture,9.0,427.23,0,Rain
2026-01-29,STORE-18,PROD-125,Clothing,42.0,246.7,20,Snow
2026-01-30,STORE-33,PROD-60,Grocery,28.0,213.87,10,Snow
2026-01-31,STORE-35,PROD-17,Grocery,11.0,489.15,15,Extreme Heat
2026-02-01,STORE-32,PROD-68,Clothing,14.0,108.28,10,None
2026-02-02,STORE-29,PROD-95,Clothing,39.0,115.53,10,Rain
2026-02-03,STORE-6,PROD-60,Clothing,47.0,153.01,20,Snow
2026-02-04,STORE-39,PROD-11,Clothing,19.0,94.65,15,Snow
2026-02-05,STORE-3,PROD-172,Clothing,15.0,195.89,10,Rain
2026-02-06,STORE-28,PROD-53,Clothing,28.0,456.31,0,Snow
2026-02-07,STORE-48,PROD-133,Furniture,24.0,311.52,5,Extreme Heat
2026-02-08,STORE-21,PROD-93,Furniture,8.0,211.85,5,Rain
2026-02-09,STORE-39,PROD-100,Furniture,43.0,467.86,20,Snow
2026-02-10,STORE-17,PROD-121,Furniture,9.0,33.75,15,Rain
2026-02-11,STORE-2,PROD-117,Clothing,47.0,113.04,15,Snow
2026-02-12,STORE-6,PROD-12,Grocery,33.0,287.29,5,Snow
2026-02-13,STORE-15,PROD-11,Electronics,33.0,311.62,0,None
2026-02-14,STORE-44,PROD-167,Clothing,19.0,29.38,5,Rain
2026-02-15,STORE-37,PROD-83,Electronics,3.0,207.49,5,None
2026-02-16,STORE-38,PROD-27,Grocery,10.0,328.09,15,Snow
2026-02-17,STORE-2,PROD-181,Furniture,40.0,352.05,10,Rain
2026-02-18,STORE-49,PROD-134,Grocery,47.0,322.69,0,Rain
2026-02-19,STORE-44,PROD-163,Clothing,42.0,167.08,15,Extreme Heat
2026-02-20,STORE-18,PROD-71,Furniture,1.0,55.82,5,Extreme Heat
2026-02-21,STORE-37,PROD-190,Clothing,29.0,219.29,10,Snow
2026-02-22,STORE-3,PROD-68,Furniture,34.0,73.09,0,Snow
2026-02-23,STORE-49,PROD-149,Electronics,13.0,474.34,20,Snow
2026-02-24,STORE-49,PROD-140,Electronics,1.0,242.83,0,Snow
2026-02-25,STORE-12,PROD-146,Electronics,34.0,330.92,0,Extreme Heat
2026-02-26,STORE-31,PROD-45,Grocery,29.0,385.49,5,Rain
2026-02-27,STORE-34,PROD-97,Clothing,48.0,253.99,5,None
2026-02-28,STORE-42,PROD-168,Grocery,47.0,161.92,20,Rain
2026-03-01,STORE-29,PROD-97,Electronics,13.0,407.86,20,Rain
2026-03-02,STORE-18,PROD-94,Clothing,48.0,434.9,20,Extreme Heat
2026-03-03,STORE-12,PROD-151,Electronics,49.0,339.77,15,Rain
2026-03-04,STORE-38,PROD-168,Grocery,29.0,33.01,15,Rain
2026-03-05,STORE-28,PROD-20,Grocery,39.0,287.5,5,Snow
2026-03-06,STORE-41,PROD-133,Grocery,24.0,384.01,5,None
2026-03-07,STORE-32,PROD-65,Electronics,26.0,76.89,20,Rain
2026-03-08,STORE-6,PROD-97,Clothing,17.0,122.05,15,Rain
2026-03-09,STORE-31,PROD-58,Clothing,7.0,442.42,10,None
2026-03-10,STORE-23,PROD-133,Electronics,13.0,19.86,15,Snow
2026-03-11,STORE-27,PROD-104,Clothing,5.0,378.84,5,Extreme Heat
2026-03-12,STORE-22,PROD-91,Electronics,26.0,242.15,15,Extreme Heat
2026-03-13,STORE-21,PROD-89,Clothing,49.0,228.92,5,Rain
2026-03-14,STORE-43,PROD-125,Furniture,3.0,13.48,20,Snow
2026-03-15,STORE-7,PROD-124,Furniture,7.0,411.51,20,Extreme Heat
2026-03-16,STORE-11,PROD-155,Grocery,49.0,186.31,20,Extreme Heat
2026-03-17,STORE-22,PROD-2,Furniture,39.0,274.98,10,Extreme Heat
2026-03-18,STORE-27,PROD-129,Furniture,1.0,341.88,10,Extreme Heat
2026-03-19,STORE-45,PROD-36,Furniture,49.0,354.29,5,Extreme Heat
2026-03-20,STORE-32,PROD-113,Electronics,17.0,478.43,0,Rain
2026-03-21,STORE-19,PROD-43,Furniture,43.0,270.36,10,Extreme Heat
2026-03-22,STORE-43,PROD-59,Furniture,25.0,205.86,5,Rain
2026-03-23,STORE-26,PROD-20,Grocery,3.0,477.31,15,None
2026-03-24,STORE-49,PROD-132,Furniture,15.0,324.63,20,None
2026-03-25,STORE-36,PROD-165,Furniture,29.0,156.09,20,Snow
2026-03-26,STORE-3,PROD-72,Clothing,43.0,71.97,20,Rain
2026-03-27,STORE-30,PROD-55,Grocery,32.0,,5,Snow
2026-03-28,STORE-6,PROD-39,Grocery,26.0,187.47,20,None
2026-03-29,STORE-21,PROD-48,Grocery,16.0,333.63,10,None
2026-03-30,STORE-17,PROD-41,Grocery,25.0,240.7,15,None
2026-03-31,STORE-21,PROD-93,Grocery,28.0,107.48,20,None
2026-04-01,STORE-8,PROD-155,Grocery,9.0,304.83,5,Extreme Heat
2026-04-02,STORE-50,PROD-184,Electronics,1.0,,15,None
2026-04-03,STORE-26,PROD-31,Furniture,29.0,212.54,20,Extreme Heat
2026-04-04,STORE-33,PROD-170,Grocery,22.0,277.84,0,Extreme Heat
2026-04-05,STORE-1,PROD-59,Furniture,16.0,223.66,20,Snow
2026-04-06,STORE-43,PROD-107,Furniture,41.0,376.85,10,Extreme Heat
2026-04-07,STORE-35,PROD-85,Electronics,44.0,415.68,15,Snow
2026-04-08,STORE-30,PROD-185,Grocery,41.0,387.91,10,Extreme Heat
2026-04-09,STORE-27,PROD-30,Clothing,7.0,29.02,0,Extreme Heat
2026-04-10,STORE-4,PROD-124,Electronics,14.0,105.12,0,None
2026-04-11,STORE-13,PROD-173,Clothing,29.0,272.94,10,Rain
2026-04-12,STORE-34,PROD-123,Furniture,19.0,468.06,15,Extreme Heat
2026-04-13,STORE-24,PROD-123,Furniture,19.0,419.13,0,Rain
2026-04-14,STORE-40,PROD-54,Electronics,2.0,422.84,0,Rain
2026-04-15,STORE-49,PROD-152,Electronics,41.0,158.57,20,Rain
2026-04-16,STORE-32,PROD-42,Clothing,45.0,220.43,5,Extreme Heat
2026-04-17,STORE-41,PROD-166,Grocery,15.0,240.65,0,Rain
2026-04-18,STORE-29,PROD-106,Clothing,3.0,87.11,15,Extreme Heat
2026-04-19,STORE-49,PROD-6,Electronics,11.0,25.22,15,None
2026-04-20,STORE-4,PROD-63,Clothing,46.0,473.98,20,Extreme Heat
2026-04-21,STORE-14,PROD-12,Electronics,30.0,127.95,15,Snow
2026-04-22,STORE-18,PROD-33,Clothing,40.0,127.57,20,None
2026-04-23,STORE-36,PROD-147,Electronics,18.0,50.86,0,Rain
2026-04-24,STORE-9,PROD-152,Electronics,48.0,464.97,0,Rain
2026-04-25,STORE-19,PROD-42,Electronics,2.0,294.07,0,Snow
2026-04-26,STORE-29,PROD-35,Grocery,32.0,336.85,0,None
2026-04-27,STORE-45,PROD-162,Clothing,8.0,456.67,5,Snow
2026-04-28,STORE-32,PROD-132,Clothing,22.0,179.35,5,Rain
2026-04-29,STORE-8,PROD-11,Clothing,6.0,314.54,0,Extreme Heat
2026-04-30,STORE-2,PROD-147,Electronics,12.0,29.01,15,Rain
2026-05-01,STORE-41,PROD-38,Clothing,47.0,101.52,20,Snow
2026-05-02,STORE-39,PROD-15,Clothing,40.0,417.31,10,Extreme Heat
2026-05-03,STORE-16,PROD-43,Electronics,36.0,385.72,20,Extreme Heat
2026-05-04,STORE-46,PROD-67,Furniture,15.0,181.81,10,Rain
2026-05-05,STORE-11,PROD-47,Electronics,28.0,194.64,10,Extreme Heat
2026-05-06,STORE-20,PROD-133,Clothing,49.0,271.44,0,None
2026-05-07,STORE-36,PROD-104,Electronics,,10.12,10,Rain
2026-05-08,STORE-1,PROD-154,Furniture,18.0,128.21,0,Rain
2026-05-09,STORE-36,PROD-145,Electronics,2.0,112.03,5,None
2026-05-10,STORE-27,PROD-164,Clothing,13.0,132.74,15,Rain
2026-05-11,STORE-6,PROD-5,Furniture,45.0,404.89,10,Snow
2026-05-12,STORE-15,PROD-185,Grocery,15.0,147.04,15,Snow
2026-05-13,STORE-8,PROD-187,Clothing,20.0,207.7,0,Rain
2026-05-14,STORE-30,PROD-170,Furniture,29.0,257.09,10,None
2026-05-15,STORE-8,PROD-73,Furniture,42.0,434.17,20,Extreme Heat
2026-05-16,STORE-42,PROD-22,Grocery,29.0,128.26,5,None
2026-05-17,STORE-10,PROD-56,Electronics,3.0,48.48,5,Snow
2026-05-18,STORE-32,PROD-115,Electronics,19.0,184.64,10,Rain
2026-05-19,STORE-46,PROD-156,Clothing,3.0,376.35,5,None
2026-05-20,STORE-19,PROD-121,Grocery,14.0,279.84,20,Extreme Heat
2026-05-21,STORE-33,PROD-124,Electronics,40.0,410.23,15,Extreme Heat
2026-05-22,STORE-46,PROD-44,Grocery,4.0,480.2,20,Extreme Heat
2026-05-23,STORE-18,PROD-57,Electronics,11.0,398.4,5,Extreme Heat
2026-05-24,STORE-27,PROD-106,Furniture,31.0,305.86,15,None
2026-05-25,STORE-31,PROD-154,Electronics,43.0,251.74,20,Extreme Heat
2026-05-26,STORE-31,PROD-37,Grocery,32.0,29.63,0,Snow
2026-05-27,STORE-16,PROD-150,Furniture,27.0,492.32,0,Extreme Heat
2026-05-28,STORE-30,PROD-197,Furniture,30.0,197.91,15,Snow
2026-05-29,STORE-36,PROD-47,Furniture,43.0,84.59,15,None
2026-05-30,STORE-10,PROD-160,Grocery,2.0,336.69,15,Snow
2026-05-31,STORE-25,PROD-169,Clothing,49.0,149.3,0,None
2026-06-01,STORE-13,PROD-131,Clothing,9.0,297.03,20,Extreme Heat
2026-06-02,STORE-39,PROD-68,Clothing,28.0,297.52,15,Rain
2026-06-03,STORE-33,PROD-43,Grocery,31.0,228.41,0,Snow
2026-06-04,STORE-48,PROD-186,Furniture,34.0,419.7,15,Snow
2026-06-05,STORE-9,PROD-176,Clothing,15.0,139.83,15,Rain
2026-06-06,STORE-5,PROD-88,Grocery,48.0,229.83,15,None
2026-06-07,STORE-18,PROD-117,Clothing,25.0,273.47,0,None
2026-06-08,STORE-50,PROD-153,Electronics,36.0,335.18,20,Extreme Heat
2026-06-09,STORE-27,PROD-152,Clothing,8.0,394.15,0,Snow
2026-06-10,STORE-22,PROD-18,Clothing,9.0,203.46,0,None
2026-06-11,STORE-33,PROD-59,Furniture,37.0,326.56,15,Extreme Heat
2026-06-12,STORE-18,PROD-97,Grocery,48.0,83.8,10,None
2026-06-13,STORE-1,PROD-99,Furniture,45.0,467.0,10,Rain
2026-06-14,STORE-19,PROD-34,Furniture,39.0,197.7,10,Rain
2026-06-15,STORE-47,PROD-28,Furniture,32.0,367.47,0,Rain
2026-06-16,STORE-20,PROD-5,Furniture,17.0,19.97,15,Extreme Heat
2026-06-17,STORE-38,PROD-52,Furniture,35.0,110.54,10,Snow
2026-06-18,STORE-38,PROD-134,Clothing,37.0,248.67,5,Rain
2026-06-19,STORE-43,PROD-130,Furniture,19.0,440.34,5,Rain
2026-06-20,STORE-32,PROD-176,Furniture,44.0,268.36,5,None
2026-06-21,STORE-10,PROD-108,Grocery,29.0,465.64,20,Rain
2026-06-22,STORE-29,PROD-39,Electronics,7.0,247.06,15,Snow
2026-06-23,STORE-35,PROD-156,Clothing,28.0,250.32,0,Extreme Heat
2026-06-24,STORE-31,PROD-25,Clothing,9.0,68.68,0,Rain
2026-06-25,STORE-23,PROD-46,Clothing,28.0,403.3,15,Extreme Heat
2026-06-26,STORE-22,PROD-122,Furniture,6.0,131.01,20,Extreme Heat
2026-06-27,STORE-36,PROD-158,Furniture,29.0,450.81,15,Snow
2026-06-28,STORE-49,PROD-154,Furniture,17.0,456.3,20,None
2026-06-29,STORE-35,PROD-10,Grocery,16.0,472.22,10,None
2026-06-30,STORE-25,PROD-137,Electronics,23.0,264.91,10,Extreme Heat
2026-07-01,STORE-30,PROD-129,Furniture,31.0,341.78,20,Rain
2026-07-02,STORE-21,PROD-193,Electronics,3.0,391.47,15,Extreme Heat
2026-07-03,STORE-13,PROD-31,Grocery,21.0,74.2,10,None
2026-07-04,STORE-45,PROD-24,Clothing,26.0,304.47,15,Rain
2026-07-05,STORE-16,PROD-124,Furniture,36.0,26.81,10,None
2026-07-06,STORE-37,PROD-169,Electronics,42.0,253.81,15,Snow
2026-07-07,STORE-25,PROD-34,Electronics,37.0,85.87,15,None
2026-07-08,STORE-15,PROD-155,Furniture,22.0,99.63,5,Rain
2026-07-09,STORE-50,PROD-139,Clothing,42.0,188.87,20,Rain
2026-07-10,STORE-27,PROD-1,Clothing,12.0,221.89,0,Extreme Heat
2026-07-11,STORE-3,PROD-199,Clothing,42.0,315.35,20,Rain
2026-07-12,STORE-21,PROD-174,Grocery,13.0,46.47,15,Snow
2026-07-13,STORE-48,PROD-167,Electronics,11.0,256.81,15,None
2026-07-14,STORE-31,PROD-111,Electronics,16.0,99.49,20,Extreme Heat
2026-07-15,STORE-46,PROD-134,Electronics,8.0,291.25,15,Extreme Heat
2026-07-16,STORE-25,PROD-108,Grocery,20.0,322.33,10,Rain
2026-07-17,STORE-25,PROD-95,Electronics,40.0,282.79,15,Snow
2026-07-18,STORE-43,PROD-12,Grocery,45.0,371.76,20,Extreme Heat
2026-07-19,STORE-42,PROD-179,Clothing,2.0,174.45,20,Snow
2026-07-20,STORE-10,PROD-136,Furniture,30.0,384.9,20,Snow
2026-07-21,STORE-32,PROD-110,Electronics,30.0,222.06,5,None
2026-07-22,STORE-3,PROD-59,Electronics,12.0,247.25,5,None
2026-07-23,STORE-9,PROD-124,Clothing,10.0,327.57,5,None
2026-07-24,STORE-33,PROD-197,Furniture,44.0,19.0,5,Snow
2026-07-25,STORE-38,PROD-98,Grocery,11.0,330.46,5,None
2026-07-26,STORE-22,PROD-90,Furniture,15.0,313.11,5,Extreme Heat
2026-07-27,STORE-7,PROD-151,Clothing,16.0,161.83,5,Extreme Heat
2026-07-28,STORE-29,PROD-190,Clothing,17.0,52.04,20,Rain
2026-07-29,STORE-7,PROD-195,Furniture,26.0,109.12,0,Snow
2026-07-30,STORE-34,PROD-179,Grocery,2.0,462.38,5,None
2026-07-31,STORE-30,PROD-148,Grocery,12.0,347.75,20,Extreme Heat
2026-08-01,STORE-1,PROD-26,Electronics,26.0,72.28,0,Snow
2026-08-02,STORE-47,PROD-109,Grocery,23.0,184.79,5,Snow
2026-08-03,STORE-10,PROD-35,Furniture,18.0,300.32,0,None
2026-08-04,STORE-27,PROD-66,Clothing,32.0,419.43,0,Snow
2026-08-05,STORE-42,PROD-123,Electronics,24.5,31.39,10,None
2026-08-06,STORE-10,PROD-197,Electronics,19.0,125.95,15,None
2026-08-07,STORE-5,PROD-60,Clothing,47.0,445.98,10,None
2026-08-08,STORE-31,PROD-22,Grocery,3.0,28.98,0,Snow
2026-08-09,STORE-17,PROD-73,Clothing,38.0,108.69,20,Snow
2026-08-10,STORE-22,PROD-154,Grocery,3.0,479.92,5,None
2026-08-11,STORE-40,PROD-140,Clothing,30.0,310.57,15,Snow
2026-08-12,STORE-45,PROD-105,Furniture,1.0,138.22,5,None
2026-08-13,STORE-26,PROD-66,Grocery,30.0,42.83,20,Rain
2026-08-14,STORE-42,PROD-49,Furniture,45.0,23.81,15,Snow
2026-08-15,STORE-6,PROD-2,Electronics,32.0,129.93,10,Snow
2026-08-16,STORE-22,PROD-182,Clothing,28.0,441.93,0,Rain
2026-08-17,STORE-44,PROD-191,Electronics,21.0,213.8,20,Rain
2026-08-18,STORE-35,PROD-2,Electronics,46.0,362.96,0,Rain
2026-08-19,STORE-25,PROD-148,Electronics,13.0,459.96,0,None
2026-08-20,STORE-21,PROD-134,Electronics,27.0,209.94,5,None
2026-08-21,STORE-41,PROD-31,Clothing,36.0,103.73,20,Extreme Heat
2026-08-22,STORE-46,PROD-134,Electronics,7.0,263.39,0,Rain
2026-08-23,STORE-49,PROD-2,Clothing,22.0,454.96,10,Extreme Heat
2026-08-24,STORE-32,PROD-97,Clothing,10.0,404.14,15,None
2026-08-25,STORE-35,PROD-168,Furniture,39.0,42.26,20,Snow
2026-08-26,STORE-3,PROD-53,Grocery,15.0,349.36,5,Rain
2026-08-27,STORE-40,PROD-177,Grocery,15.0,290.23,20,Snow
2026-08-28,STORE-5,PROD-81,Clothing,4.0,454.66,5,None
2026-08-29,STORE-16,PROD-105,Furniture,32.0,70.02,15,Rain
2026-08-30,STORE-41,PROD-93,Clothing,23.0,271.68,10,Extreme Heat
2026-08-31,STORE-44,PROD-28,Clothing,6.0,440.94,0,Extreme Heat
2026-09-01,STORE-19,PROD-40,Clothing,24.0,210.91,20,None
2026-09-02,STORE-15,PROD-110,Furniture,20.0,246.18,5,Snow
2026-09-03,STORE-48,PROD-167,Grocery,37.0,44.53,15,None
2026-09-04,STORE-6,PROD-150,Furniture,20.0,146.29,0,Snow
2026-09-05,STORE-28,PROD-65,Electronics,12.0,169.01,15,None
2026-09-06,STORE-7,PROD-67,Furniture,33.0,473.11,10,Extreme Heat
2026-09-07,STORE-49,PROD-138,Furniture,28.0,148.51,0,Snow
2026-09-08,STORE-41,PROD-109,Furniture,8.0,235.83,0,None
2026-09-09,STORE-46,PROD-145,Furniture,1.0,338.94,0,Rain
2026-09-10,STORE-7,PROD-94,Grocery,37.0,89.47,5,Extreme Heat
2026-09-11,STORE-29,PROD-157,Electronics,22.0,248.36,0,Extreme Heat
2026-09-12,STORE-11,PROD-71,Grocery,6.0,371.88,15,Rain
2026-09-13,STORE-45,PROD-175,Grocery,21.0,434.76,5,None
2026-09-14,STORE-20,PROD-102,Furniture,32.0,316.87,0,Snow
2026-09-15,STORE-2,PROD-194,Clothing,35.0,337.84,15,Extreme Heat
2026-09-16,STORE-3,PROD-53,Clothing,15.0,71.88,15,None
2026-09-17,STORE-21,PROD-106,Grocery,5.0,473.43,20,Rain
2026-09-18,STORE-4,PROD-142,Grocery,46.0,74.96,15,Snow
2026-09-19,STORE-19,PROD-143,Furniture,48.0,389.59,10,None
2026-09-20,STORE-23,PROD-124,Grocery,6.0,139.76,0,None
2026-09-21,STORE-24,PROD-46,Furniture,25.0,467.46,0,Extreme Heat
2026-09-22,STORE-28,PROD-95,Clothing,46.0,362.78,0,Extreme Heat
2026-09-23,STORE-10,PROD-144,Clothing,40.0,379.37,15,Snow
2026-09-24,STORE-16,PROD-143,Electronics,29.0,117.34,15,None
2026-09-25,STORE-34,PROD-124,Clothing,7.0,227.09,0,Rain
2026-09-26,STORE-27,PROD-65,Grocery,40.0,312.73,5,Rain
2026-09-27,STORE-37,PROD-79,Clothing,13.0,387.29,5,Snow
2026-09-28,STORE-44,PROD-148,Furniture,38.0,60.94,10,None
2026-09-29,STORE-12,PROD-89,Clothing,18.0,481.56,20,Extreme Heat
2026-09-30,STORE-11,PROD-199,Electronics,2.0,446.21,10,None
2026-10-01,STORE-12,PROD-181,Clothing,8.0,142.47,0,Extreme Heat
2026-10-02,STORE-6,PROD-102,Furniture,11.0,413.15,0,Rain
2026-10-03,STORE-40,PROD-189,Furniture,33.0,263.98,0,Snow
2026-10-04,STORE-25,PROD-36,Grocery,38.0,236.29,20,Snow
2026-10-05,STORE-40,PROD-169,Clothing,48.0,164.07,15,Snow
2026-10-06,STORE-44,PROD-31,Furniture,27.0,294.67,20,Extreme Heat
2026-10-07,STORE-16,PROD-192,Electronics,20.0,367.65,10,Rain
2026-10-08,STORE-32,PROD-59,Grocery,12.0,211.36,15,Rain
2026-10-09,STORE-38,PROD-115,Electronics,43.0,318.32,15,Snow
2026-10-10,STORE-10,PROD-180,Clothing,31.0,352.66,10,Snow
2026-10-11,STORE-15,PROD-42,Clothing,27.0,358.45,15,Extreme Heat
2026-10-12,STORE-30,PROD-26,Clothing,32.0,35.46,5,Extreme Heat
2026-10-13,STORE-41,PROD-55,Grocery,10.0,431.28,10,None
2026-10-14,STORE-17,PROD-131,Furniture,,234.54,10,Extreme Heat
2026-10-15,STORE-30,PROD-103,Grocery,45.0,138.58,5,None
2026-10-16,STORE-17,PROD-87,Electronics,27.0,128.46,20,Snow
2026-10-17,STORE-43,PROD-141,Grocery,35.0,246.68,20,Rain
2026-10-18,STORE-1,PROD-158,Electronics,31.0,444.55,20,Extreme Heat
2026-10-19,STORE-30,PROD-179,Grocery,15.0,195.39,15,Rain
2026-10-20,STORE-19,PROD-176,Furniture,16.0,377.37,5,Extreme Heat
2026-10-21,STORE-44,PROD-181,Electronics,13.0,57.44,10,Extreme Heat
2026-10-22,STORE-35,PROD-14,Clothing,49.0,243.27,10,None
2026-10-23,STORE-11,PROD-42,Clothing,35.0,495.93,10,Extreme Heat
2026-10-24,STORE-5,PROD-100,Grocery,11.0,387.51,15,Snow
2026-10-25,STORE-29,PROD-163,Clothing,,113.16,15,Rain
2026-10-26,STORE-23,PROD-2,Electronics,11.0,255.71,20,Extreme Heat
2026-10-27,STORE-38,PROD-24,Clothing,30.0,124.48,15,Rain
2026-10-28,STORE-20,PROD-38,Furniture,48.0,210.68,20,Rain
2026-10-29,STORE-41,PROD-121,Furniture,35.0,392.24,20,Rain
2026-10-30,STORE-28,PROD-154,Grocery,22.0,387.9,10,Extreme Heat
2026-10-31,STORE-45,PROD-112,Electronics,38.0,121.77,15,None
2026-11-01,STORE-17,PROD-23,Furniture,31.0,461.89,20,Rain
2026-11-02,STORE-30,PROD-17,Furniture,14.0,300.36,5,Rain
2026-11-03,STORE-20,PROD-68,Electronics,24.0,196.16,5,Extreme Heat
2026-11-04,STORE-13,PROD-57,Clothing,49.0,255.95,15,Extreme Heat
2026-11-05,STORE-25,PROD-95,Clothing,32.0,306.48,10,Snow
2026-11-06,STORE-31,PROD-21,Grocery,36.0,284.35,10,Snow
2026-11-07,STORE-7,PROD-156,Clothing,32.0,248.34,20,None
2026-11-08,STORE-16,PROD-10,Electronics,15.0,257.42,15,None
2026-11-09,STORE-25,PROD-186,Furniture,43.0,96.44,5,None
2026-11-10,STORE-37,PROD-99,Clothing,35.0,408.24,20,None
2026-11-11,STORE-23,PROD-103,Grocery,3.0,275.46,20,Rain
2026-11-12,STORE-37,PROD-158,Clothing,16.0,74.23,0,Extreme Heat
2026-11-13,STORE-19,PROD-168,Electronics,5.0,385.42,15,Snow
2026-11-14,STORE-45,PROD-134,Grocery,21.0,466.9,20,Rain
2026-11-15,STORE-19,PROD-74,Clothing,10.0,474.18,5,Extreme Heat
2026-11-16,STORE-2,PROD-183,Grocery,19.0,190.82,0,Extreme Heat
2026-11-17,STORE-43,PROD-153,Electronics,25.0,76.4,5,Rain
2026-11-18,STORE-26,PROD-15,Furniture,4.0,264.02,10,Rain
2026-11-19,STORE-18,PROD-199,Electronics,29.0,65.18,0,Snow
2026-11-20,STORE-1,PROD-45,Electronics,19.0,467.65,0,None
2026-11-21,STORE-37,PROD-164,Electronics,43.0,99.95,20,None
2026-11-22,STORE-44,PROD-127,Electronics,,133.86,10,Snow
2026-11-23,STORE-50,PROD-113,Furniture,10.0,209.25,20,Snow
2026-11-24,STORE-48,PROD-3,Furniture,43.0,197.75,15,None
2026-11-25,STORE-4,PROD-52,Grocery,25.0,399.38,5,Rain
2026-11-26,STORE-39,PROD-169,Clothing,20.0,233.6,5,None
2026-11-27,STORE-48,PROD-133,Furniture,48.0,93.68,20,Extreme Heat
2026-11-28,STORE-32,PROD-74,Furniture,19.0,140.93,5,Extreme Heat
2026-11-29,STORE-19,PROD-50,Clothing,23.0,259.47,5,Snow
2026-11-30,STORE-50,PROD-9,Furniture,24.0,82.25,15,None
2026-12-01,STORE-15,PROD-154,Electronics,11.0,309.71,10,None
2026-12-02,STORE-39,PROD-131,Electronics,46.0,287.22,0,Extreme Heat
2026-12-03,STORE-23,PROD-133,Clothing,34.0,360.2,20,None
2026-12-04,STORE-15,PROD-179,Grocery,28.0,469.48,20,Snow
2026-12-05,STORE-41,PROD-60,Grocery,5.0,,15,Snow
2026-12-06,STORE-13,PROD-158,Clothing,5.0,473.58,15,Extreme Heat
2026-12-07,STORE-40,PROD-44,Clothing,21.0,129.91,0,None
2026-12-08,STORE-17,PROD-173,Electronics,12.0,74.47,10,None
2026-12-09,STORE-44,PROD-10,Grocery,4.0,158.12,20,Extreme Heat
2026-12-10,STORE-49,PROD-93,Furniture,49.0,448.59,15,Rain
2026-12-11,STORE-47,PROD-62,Electronics,42.0,486.31,20,Rain
2026-12-12,STORE-50,PROD-168,Clothing,20.0,862.14,5,None
2026-12-13,STORE-43,PROD-1,Grocery,38.0,63.91,20,Snow
2026-12-14,STORE-44,PROD-41,Furniture,25.0,474.24,10,Rain
2026-12-15,STORE-9,PROD-23,Furniture,14.0,217.45,10,None
2026-12-16,STORE-41,PROD-71,Electronics,11.0,14.56,20,Rain
2026-12-17,STORE-7,PROD-200,Grocery,32.0,226.77,5,Extreme Heat
2026-12-18,STORE-41,PROD-103,Grocery,11.0,32.57,10,Rain
2026-12-19,STORE-42,PROD-91,Clothing,18.0,276.5,15,Rain
2026-12-20,STORE-3,PROD-172,Grocery,27.0,175.89,20,Extreme Heat
2026-12-21,STORE-20,PROD-102,Grocery,18.0,241.98,5,Snow
2026-12-22,STORE-29,PROD-104,Electronics,23.0,310.45,15,None
2026-12-23,STORE-3,PROD-151,Grocery,11.0,435.71,20,Snow
2026-12-24,STORE-38,PROD-52,Furniture,21.0,334.33,5,Snow
2026-12-25,STORE-24,PROD-133,Electronics,44.0,222.68,15,Rain
2026-12-26,STORE-47,PROD-4,Electronics,5.0,411.52,10,None
2026-12-27,STORE-9,PROD-189,Clothing,23.0,453.74,20,Rain
2026-12-28,STORE-6,PROD-181,Grocery,41.0,68.68,20,Extreme Heat
2026-12-29,STORE-19,PROD-18,Clothing,25.0,270.65,10,Snow
2026-12-30,STORE-21,PROD-24,Furniture,41.0,149.41,0,Snow
2026-12-31,STORE-48,PROD-141,Electronics,10.0,33.06,15,Extreme Heat
2027-01-01,STORE-27,PROD-73,Electronics,22.0,337.59,10,None
2027-01-02,STORE-12,PROD-186,Electronics,19.0,432.76,20,Snow
2027-01-03,STORE-13,PROD-144,Furniture,1.0,89.82,15,Snow
2027-01-04,STORE-9,PROD-150,Furniture,7.0,408.08,15,None
2027-01-05,STORE-35,PROD-90,Clothing,4.0,428.16,0,Rain
2027-01-06,STORE-24,PROD-89,Clothing,1.0,458.03,20,Extreme Heat
2027-01-07,STORE-34,PROD-71,Clothing,15.0,139.99,5,None
2027-01-08,STORE-33,PROD-58,Grocery,40.0,452.94,0,Extreme Heat
2027-01-09,STORE-18,PROD-156,Electronics,12.0,167.12,0,Extreme Heat
2027-01-10,STORE-11,PROD-50,Electronics,22.0,280.65,5,Snow
2027-01-11,STORE-17,PROD-117,Clothing,22.0,34.75,5,None
2027-01-12,STORE-31,PROD-104,Electronics,47.0,31.5,0,Extreme Heat
2027-01-13,STORE-19,PROD-148,Clothing,17.0,362.98,15,Rain
2027-01-14,STORE-48,PROD-2,Grocery,29.0,227.8,10,Extreme Heat
2027-01-15,STORE-22,PROD-67,Grocery,46.0,135.58,10,Snow
2027-01-16,STORE-8,PROD-45,Furniture,14.0,103.3,0,Rain
2027-01-17,STORE-30,PROD-105,Grocery,20.0,338.28,15,Rain
2027-01-18,STORE-5,PROD-130,Clothing,48.0,10.2,5,None
2027-01-19,STORE-10,PROD-28,Grocery,33.0,404.89,0,Rain
2027-01-20,STORE-49,PROD-144,Furniture,43.0,48.83,20,None
2027-01-21,STORE-15,PROD-19,Electronics,15.0,103.83,15,None
2027-01-22,STORE-44,PROD-129,Clothing,12.0,199.26,20,Rain
2027-01-23,STORE-47,PROD-76,Electronics,40.0,247.58,20,None
2027-01-24,STORE-44,PROD-88,Furniture,20.0,183.95,0,None
2027-01-25,STORE-26,PROD-30,Furniture,30.0,167.15,15,Rain
2027-01-26,STORE-36,PROD-132,Furniture,38.0,482.32,20,Snow
2027-01-27,STORE-24,PROD-66,Electronics,3.0,324.37,15,Extreme Heat
2027-01-28,STORE-6,PROD-138,Electronics,28.0,21.48,10,None
2027-01-29,STORE-26,PROD-148,Electronics,26.0,220.79,20,None
2027-01-30,STORE-1,PROD-65,Electronics,,438.75,20,Rain
2027-01-31,STORE-17,PROD-178,Furniture,13.0,157.71,15,Extreme Heat
2027-02-01,STORE-35,PROD-114,Furniture,13.0,56.33,10,Extreme Heat
2027-02-02,STORE-8,PROD-97,Clothing,2.0,381.61,20,None
2027-02-03,STORE-30,PROD-145,Clothing,37.0,306.95,0,Rain
2027-02-04,STORE-24,PROD-124,Electronics,49.0,289.45,15,Snow
2027-02-05,STORE-44,PROD-198,Grocery,38.0,36.25,15,Extreme Heat
2027-02-06,STORE-48,PROD-63,Grocery,2.0,78.84,20,Snow
2027-02-07,STORE-44,PROD-194,Furniture,36.0,315.05,10,Rain
2027-02-08,STORE-17,PROD-87,Furniture,26.0,111.83,20,Snow
2027-02-09,STORE-38,PROD-199,Furniture,11.0,256.99,5,Rain
2027-02-10,STORE-25,PROD-118,Clothing,8.0,276.99,20,None
2027-02-11,STORE-41,PROD-175,Clothing,44.0,148.92,5,Snow
2027-02-12,STORE-24,PROD-118,Furniture,40.0,474.73,0,None
2027-02-13,STORE-7,PROD-151,Furniture,43.0,422.81,15,None
2027-02-14,STORE-44,PROD-8,Furniture,11.0,363.96,15,Rain
2027-02-15,STORE-15,PROD-124,Grocery,20.0,48.22,10,Snow
2027-02-16,STORE-31,PROD-30,Clothing,8.0,62.0,20,Extreme Heat
2027-02-17,STORE-2,PROD-67,Grocery,29.0,251.46,0,Snow
2027-02-18,STORE-40,PROD-18,Grocery,40.0,88.75,5,Extreme Heat
2027-02-19,STORE-36,PROD-98,Furniture,26.0,489.35,10,None
2027-02-20,STORE-21,PROD-163,Furniture,30.0,87.67,0,None
2027-02-21,STORE-40,PROD-57,Electronics,17.0,248.86,0,Rain
2027-02-22,STORE-15,PROD-174,Electronics,20.0,188.42,5,Extreme Heat
2027-02-23,STORE-42,PROD-180,Grocery,16.0,323.3,5,Snow
2027-02-24,STORE-5,PROD-59,Clothing,46.0,73.23,15,Rain
2027-02-25,STORE-41,PROD-81,Furniture,43.0,220.86,20,Rain
2027-02-26,STORE-30,PROD-106,Furniture,7.0,144.61,10,Rain
2027-02-27,STORE-45,PROD-91,Grocery,16.0,445.0,20,Snow
2027-02-28,STORE-20,PROD-133,Electronics,45.0,29.89,10,Rain
2027-03-01,STORE-42,PROD-138,Clothing,47.0,457.73,0,Snow
2027-03-02,STORE-27,PROD-3,Electronics,48.0,418.17,5,Rain
2027-03-03,STORE-8,PROD-180,Electronics,27.0,155.81,5,Extreme Heat
2027-03-04,STORE-9,PROD-68,Electronics,23.0,396.75,0,None
2027-03-05,STORE-3,PROD-64,Electronics,24.0,25.29,0,Extreme Heat
2027-03-06,STORE-3,PROD-74,Furniture,9.0,483.76,10,Extreme Heat
2027-03-07,STORE-20,PROD-24,Furniture,35.0,268.03,0,Rain
2027-03-08,STORE-32,PROD-103,Electronics,20.0,158.61,10,Extreme Heat
2027-03-09,STORE-8,PROD-173,Clothing,37.0,187.67,20,Extreme Heat
2027-03-10,STORE-7,PROD-192,Grocery,42.0,42.54,5,Extreme Heat
2027-03-11,STORE-16,PROD-88,Clothing,17.0,494.78,5,Rain
2027-03-12,STORE-35,PROD-20,Clothing,47.0,29.25,5,Snow
2027-03-13,STORE-9,PROD-142,Clothing,31.0,330.9,20,None
2027-03-14,STORE-25,PROD-46,Electronics,8.0,226.94,20,None
2027-03-15,STORE-30,PROD-122,Furniture,15.0,474.97,15,Snow
2027-03-16,STORE-24,PROD-81,Clothing,31.0,130.54,10,Snow
2027-03-17,STORE-43,PROD-91,Electronics,30.0,270.72,10,Extreme Heat
2027-03-18,STORE-48,PROD-56,Clothing,46.0,246.35,15,None
2027-03-19,STORE-45,PROD-147,Clothing,20.0,354.4,5,Snow
2027-03-20,STORE-35,PROD-69,Electronics,39.0,43.33,10,Extreme Heat
2027-03-21,STORE-27,PROD-47,Furniture,12.0,104.96,10,None
2027-03-22,STORE-38,PROD-192,Furniture,49.0,115.14,5,Rain
2027-03-23,STORE-48,PROD-175,Grocery,17.0,371.69,0,Rain
2027-03-24,STORE-47,PROD-49,Electronics,42.0,102.68,0,None
2027-03-25,STORE-10,PROD-128,Grocery,30.0,291.01,15,None
2027-03-26,STORE-27,PROD-189,Grocery,29.0,115.47,20,Rain
2027-03-27,STORE-42,PROD-52,Grocery,19.0,432.2,10,Rain
2027-03-28,STORE-7,PROD-61,Furniture,46.0,471.67,10,None
2027-03-29,STORE-32,PROD-189,Electronics,11.0,264.06,15,Extreme Heat
2027-03-30,STORE-40,PROD-62,Grocery,34.0,182.63,15,Snow
2027-03-31,STORE-27,PROD-68,Electronics,7.0,124.69,10,Snow
2027-04-01,STORE-18,PROD-53,Electronics,44.0,34.39,5,None
2027-04-02,STORE-3,PROD-59,Furniture,34.0,141.57,5,Snow
2027-04-03,STORE-45,PROD-52,Grocery,20.0,330.58,20,Rain
2027-04-04,STORE-24,PROD-64,Grocery,38.0,271.47,10,Rain
2027-04-05,STORE-14,PROD-159,Electronics,24.0,472.58,10,Snow
2027-04-06,STORE-29,PROD-92,Clothing,10.0,204.18,10,None
2027-04-07,STORE-29,PROD-40,Furniture,32.0,349.99,10,Rain
2027-04-08,STORE-16,PROD-200,Furniture,15.0,249.77,15,Extreme Heat
2027-04-09,STORE-24,PROD-28,Furniture,37.0,261.16,0,Extreme Heat
2027-04-10,STORE-7,PROD-31,Furniture,,141.21,10,Rain
2027-04-11,STORE-44,PROD-21,Grocery,3.0,232.93,0,Rain
2027-04-12,STORE-24,PROD-174,Grocery,37.0,240.68,5,Snow
2027-04-13,STORE-35,PROD-170,Clothing,40.0,356.25,20,None
2027-04-14,STORE-42,PROD-127,Furniture,8.0,470.91,5,Snow
2027-04-15,STORE-23,PROD-158,Furniture,40.0,171.37,10,None
2027-04-16,STORE-4,PROD-2,Electronics,44.0,30.68,5,Extreme Heat
2027-04-17,STORE-26,PROD-196,Grocery,23.0,253.18,15,Extreme Heat
2027-04-18,STORE-18,PROD-139,Furniture,40.0,276.79,0,None
2027-04-19,STORE-13,PROD-11,Clothing,11.0,92.54,10,Snow
2027-04-20,STORE-8,PROD-124,Clothing,46.0,382.63,15,Rain
2027-04-21,STORE-30,PROD-96,Grocery,8.0,492.62,0,None
2027-04-22,STORE-6,PROD-159,Clothing,29.0,946.86,15,Snow
2027-04-23,STORE-43,PROD-81,Clothing,30.0,106.58,5,Extreme Heat
2027-04-24,STORE-14,PROD-127,Grocery,10.0,438.93,10,Rain
2027-04-25,STORE-42,PROD-148,Furniture,39.0,355.2,5,Extreme Heat
2027-04-26,STORE-41,PROD-71,Furniture,28.0,232.38,20,None
2027-04-27,STORE-39,PROD-126,Clothing,49.0,274.9,10,Extreme Heat
2027-04-28,STORE-2,PROD-47,Clothing,36.0,426.3,5,Extreme Heat
2027-04-29,STORE-4,PROD-196,Furniture,13.0,245.27,10,None
2027-04-30,STORE-22,PROD-131,Grocery,32.0,192.87,0,Rain
2027-05-01,STORE-16,PROD-72,Clothing,36.0,251.69,10,None
2027-05-02,STORE-9,PROD-102,Electronics,37.0,293.77,10,Snow
2027-05-03,STORE-37,PROD-57,Grocery,26.0,102.65,0,None
2027-05-04,STORE-14,PROD-193,Clothing,22.0,451.44,5,None
2027-05-05,STORE-5,PROD-148,Clothing,4.0,340.35,10,Rain
2027-05-06,STORE-49,PROD-33,Electronics,31.0,320.3,15,Snow
2027-05-07,STORE-36,PROD-14,Electronics,18.0,58.75,10,Extreme Heat
2027-05-08,STORE-14,PROD-135,Furniture,38.0,306.05,5,Extreme Heat
2027-05-09,STORE-38,PROD-109,Grocery,24.0,69.27,0,Extreme Heat
2027-05-10,STORE-14,PROD-123,Grocery,23.0,48.56,5,Extreme Heat
2027-05-11,STORE-15,PROD-139,Furniture,22.0,268.38,20,Rain
2027-05-12,STORE-22,PROD-9,Grocery,2.0,207.36,10,Snow
2027-05-13,STORE-50,PROD-129,Grocery,31.0,298.52,10,Rain
2027-05-14,STORE-10,PROD-89,Grocery,11.0,53.72,0,None
2027-05-15,STORE-39,PROD-101,Grocery,28.0,221.18,10,Snow
2027-05-16,STORE-1,PROD-176,Grocery,46.0,95.65,15,Snow
2027-05-17,STORE-18,PROD-199,Electronics,32.0,493.68,15,Extreme Heat
2027-05-18,STORE-10,PROD-45,Grocery,5.0,284.96,5,Extreme Heat
2027-05-19,STORE-9,PROD-118,Electronics,38.0,346.84,0,Extreme Heat
2027-05-20,STORE-35,PROD-31,Grocery,10.0,169.45,20,Extreme Heat
2027-05-21,STORE-17,PROD-179,Furniture,40.0,56.42,5,None
2027-05-22,STORE-12,PROD-133,Clothing,46.0,488.18,0,Extreme Heat
2027-05-23,STORE-8,PROD-118,Electronics,24.0,150.27,0,Rain
2027-05-24,STORE-43,PROD-81,Grocery,35.0,217.67,5,Snow
2027-05-25,STORE-2,PROD-177,Furniture,44.0,328.43,5,None
2027-05-26,STORE-9,PROD-3,Clothing,48.0,22.1,10,None
2027-05-27,STORE-1,PROD-4,Electronics,23.0,407.03,20,Snow
2027-05-28,STORE-23,PROD-173,Clothing,17.0,272.92,15,Snow
2027-05-29,STORE-16,PROD-54,Furniture,1.0,146.33,10,Snow
2027-05-30,STORE-38,PROD-98,Electronics,31.0,40.19,0,None
2027-05-31,STORE-21,PROD-149,Clothing,31.0,89.62,20,Rain
2027-06-01,STORE-2,PROD-26,Grocery,42.0,448.57,20,Rain
2027-06-02,STORE-12,PROD-84,Electronics,42.0,346.15,5,Snow
2027-06-03,STORE-17,PROD-93,Clothing,34.0,132.45,20,None
2027-06-04,STORE-4,PROD-157,Furniture,9.0,42.14,20,Extreme Heat
2027-06-05,STORE-9,PROD-67,Furniture,22.0,348.4,0,None
2027-06-06,STORE-48,PROD-48,Electronics,13.0,290.48,10,Snow
2027-06-07,STORE-27,PROD-141,Clothing,25.0,208.21,20,None
2027-06-08,STORE-34,PROD-68,Electronics,48.0,188.17,5,None
2027-06-09,STORE-8,PROD-61,Electronics,18.0,116.24,10,None
2027-06-10,STORE-48,PROD-69,Clothing,12.0,338.11,5,Extreme Heat
2027-06-11,STORE-5,PROD-121,Clothing,40.0,485.63,20,Snow
2027-06-12,STORE-31,PROD-157,Grocery,17.0,96.1,10,Snow
2027-06-13,STORE-29,PROD-88,Clothing,,302.59,20,Snow
2027-06-14,STORE-50,PROD-94,Furniture,42.0,217.85,0,Rain
2027-06-15,STORE-24,PROD-48,Electronics,15.0,228.88,10,Rain
2027-06-16,STORE-33,PROD-128,Electronics,,134.53,5,Snow
2027-06-17,STORE-38,PROD-109,Furniture,39.0,414.32,0,None
2027-06-18,STORE-7,PROD-54,Clothing,13.0,247.78,15,None
2027-06-19,STORE-29,PROD-108,Furniture,17.0,276.27,5,Snow
2027-06-20,STORE-33,PROD-180,Furniture,32.0,159.33,20,Extreme Heat
2027-06-21,STORE-15,PROD-193,Grocery,9.0,99.09,5,Extreme Heat
2027-06-22,STORE-40,PROD-96,Furniture,40.0,52.1,15,None
2027-06-23,STORE-3,PROD-94,Electronics,20.0,359.92,5,None
2027-06-24,STORE-47,PROD-103,Furniture,26.0,106.15,0,Rain
2027-06-25,STORE-43,PROD-72,Electronics,27.0,348.14,5,Extreme Heat
2027-06-26,STORE-34,PROD-116,Electronics,21.0,201.28,10,None
2027-06-27,STORE-20,PROD-47,Electronics,18.0,213.73,15,None
2027-06-28,STORE-30,PROD-147,Clothing,6.5,239.9,5,Snow
2027-06-29,STORE-42,PROD-34,Grocery,16.0,190.18,15,Rain
2027-06-30,STORE-2,PROD-148,Electronics,9.0,59.3,0,Extreme Heat
2027-07-01,STORE-4,PROD-176,Electronics,12.0,161.72,10,Extreme Heat
2027-07-02,STORE-31,PROD-59,Clothing,44.0,335.23,20,Rain
2027-07-03,STORE-26,PROD-26,Electronics,38.0,336.23,5,None
2027-07-04,STORE-28,PROD-185,Furniture,19.0,150.25,0,Extreme Heat
2027-07-05,STORE-44,PROD-70,Furniture,7.0,235.45,15,Extreme Heat
2027-07-06,STORE-7,PROD-61,Grocery,35.0,104.79,15,Extreme Heat
2027-07-07,STORE-32,PROD-143,Electronics,48.0,113.08,0,Snow
2027-07-08,STORE-46,PROD-111,Clothing,18.0,21.29,5,Rain
2027-07-09,STORE-29,PROD-98,Furniture,16.0,449.41,20,Extreme Heat
2027-07-10,STORE-5,PROD-51,Clothing,39.0,113.25,5,Rain
2027-07-11,STORE-6,PROD-38,Clothing,4.0,121.49,10,None
2027-07-12,STORE-21,PROD-190,Furniture,25.0,147.0,5,Rain
2027-07-13,STORE-39,PROD-39,Clothing,32.0,144.86,10,Snow
2027-07-14,STORE-10,PROD-122,Furniture,40.0,323.24,15,Snow
2027-07-15,STORE-5,PROD-3,Clothing,13.0,46.82,10,Rain
2027-07-16,STORE-9,PROD-46,Furniture,45.0,75.76,20,Snow
2027-07-17,STORE-18,PROD-108,Electronics,17.0,325.93,0,Extreme Heat
2027-07-18,STORE-40,PROD-128,Grocery,49.0,176.43,10,Snow
2027-07-19,STORE-41,PROD-35,Furniture,37.0,356.89,5,None
2027-07-20,STORE-38,PROD-162,Furniture,6.0,283.14,10,Rain
2027-07-21,STORE-36,PROD-133,Grocery,19.0,135.45,15,Rain
2027-07-22,STORE-46,PROD-137,Furniture,13.0,328.91,10,None
2027-07-23,STORE-21,PROD-185,Furniture,,66.97,20,None
2027-07-24,STORE-25,PROD-81,Clothing,14.0,272.84,10,None
2027-07-25,STORE-39,PROD-125,Grocery,31.0,224.2,20,None
2027-07-26,STORE-34,PROD-77,Electronics,4.0,282.52,5,Extreme Heat
2027-07-27,STORE-19,PROD-65,Furniture,39.0,305.96,15,Snow
2027-07-28,STORE-30,PROD-144,Grocery,8.0,436.95,0,Snow
2027-07-29,STORE-33,PROD-146,Clothing,25.0,499.46,5,Extreme Heat
2027-07-30,STORE-39,PROD-13,Electronics,13.0,307.8,5,None
2027-07-31,STORE-28,PROD-102,Grocery,32.0,208.31,0,Rain
2027-08-01,STORE-7,PROD-26,Electronics,38.0,120.35,10,Rain
2027-08-02,STORE-45,PROD-177,Electronics,38.0,135.98,10,Rain
2027-08-03,STORE-8,PROD-42,Electronics,28.0,244.93,10,None
2027-08-04,STORE-42,PROD-16,Furniture,30.0,189.97,15,Extreme Heat
2027-08-05,STORE-42,PROD-56,Furniture,3.0,457.77,5,Extreme Heat
2027-08-06,STORE-50,PROD-66,Clothing,28.0,190.46,20,Extreme Heat
2027-08-07,STORE-36,PROD-122,Clothing,3.0,192.99,0,Snow
2027-08-08,STORE-47,PROD-162,Grocery,45.0,197.93,5,Snow
2027-08-09,STORE-14,PROD-25,Clothing,34.0,419.94,10,Snow
2027-08-10,STORE-28,PROD-116,Electronics,16.0,328.89,0,Snow
2027-08-11,STORE-29,PROD-191,Electronics,22.0,310.94,20,Rain
2027-08-12,STORE-15,PROD-86,Furniture,32.0,173.73,5,Rain
2027-08-13,STORE-27,PROD-67,Electronics,38.0,410.77,5,Extreme Heat
2027-08-14,STORE-22,PROD-93,Grocery,8.0,28.8,15,Snow
2027-08-15,STORE-30,PROD-93,Electronics,8.0,436.69,5,Extreme Heat
2027-08-16,STORE-26,PROD-144,Electronics,6.0,261.25,5,None
2027-08-17,STORE-27,PROD-143,Grocery,14.0,205.14,20,Snow
2027-08-18,STORE-47,PROD-66,Clothing,32.0,253.61,20,Snow
2027-08-19,STORE-7,PROD-89,Clothing,35.0,337.03,0,Extreme Heat
2027-08-20,STORE-21,PROD-6,Grocery,10.0,16.26,10,Extreme Heat
2027-08-21,STORE-28,PROD-106,Furniture,3.0,437.06,20,None
2027-08-22,STORE-21,PROD-32,Electronics,12.0,228.9,0,Extreme Heat
2027-08-23,STORE-43,PROD-90,Grocery,49.0,178.05,5,Snow
2027-08-24,STORE-17,PROD-174,Electronics,31.0,77.74,0,Rain
2027-08-25,STORE-24,PROD-156,Furniture,29.0,225.34,0,None
2027-08-26,STORE-10,PROD-51,Electronics,5.0,253.2,0,None
2027-08-27,STORE-44,PROD-148,Grocery,25.0,207.79,0,Snow
2027-08-28,STORE-31,PROD-148,Electronics,41.0,342.54,20,Rain
2027-08-29,STORE-5,PROD-167,Clothing,31.0,216.24,10,Extreme Heat
2027-08-30,STORE-6,PROD-167,Furniture,21.0,481.09,0,Extreme Heat
2027-08-31,STORE-6,PROD-138,Furniture,20.0,303.65,15,Rain
2027-09-01,STORE-6,PROD-45,Furniture,39.0,405.66,5,Rain
2027-09-02,STORE-28,PROD-200,Grocery,22.0,63.58,5,Snow
2027-09-03,STORE-7,PROD-73,Furniture,4.0,204.67,5,Extreme Heat
2027-09-04,STORE-48,PROD-91,Clothing,13.0,175.06,5,Snow
2027-09-05,STORE-48,PROD-84,Grocery,45.0,289.05,5,Extreme Heat
2027-09-06,STORE-24,PROD-173,Clothing,42.0,431.95,0,Extreme Heat
2027-09-07,STORE-9,PROD-131,Electronics,49.0,48.39,10,Rain
2027-09-08,STORE-36,PROD-125,Electronics,20.0,45.56,15,Snow
2027-09-09,STORE-4,PROD-199,Electronics,13.0,426.66,20,Rain
2027-09-10,STORE-38,PROD-189,Electronics,17.0,114.3,15,Snow
2027-09-11,STORE-36,PROD-115,Clothing,36.0,337.69,20,Extreme Heat
2027-09-12,STORE-36,PROD-21,Grocery,33.0,276.01,20,None
2027-09-13,STORE-22,PROD-98,Grocery,1.0,418.12,15,None
2027-09-14,STORE-43,PROD-158,Furniture,15.0,71.29,0,Snow
2027-09-15,STORE-8,PROD-74,Clothing,13.0,73.59,5,Snow
2027-09-16,STORE-27,PROD-119,Electronics,17.0,282.84,0,Rain
2027-09-17,STORE-23,PROD-162,Clothing,24.0,473.73,5,Extreme Heat
2027-09-18,STORE-43,PROD-38,Furniture,8.0,213.35,10,None
2027-09-19,STORE-49,PROD-43,Furniture,27.0,170.2,20,Rain
2027-09-20,STORE-28,PROD-164,Clothing,22.5,307.28,15,Snow
2027-09-21,STORE-47,PROD-87,Clothing,23.0,465.92,10,Extreme Heat
2027-09-22,STORE-4,PROD-108,Clothing,46.0,420.09,5,Rain
2027-09-23,STORE-19,PROD-162,Grocery,8.0,497.79,0,Rain
2027-09-24,STORE-39,PROD-157,Electronics,8.0,21.06,15,Snow
2027-09-25,STORE-20,PROD-147,Clothing,26.0,65.3,20,Extreme Heat
2027-09-26,STORE-23,PROD-104,Clothing,47.0,308.64,10,None
2027-09-27,STORE-7,PROD-19,Clothing,13.0,412.08,20,Rain
2027-09-28,STORE-37,PROD-21,Furniture,39.0,149.77,5,Snow
2027-09-29,STORE-33,PROD-42,Furniture,37.0,127.21,20,Rain
2027-09-30,STORE-14,PROD-88,Grocery,49.0,395.62,0,Snow
2027-10-01,STORE-10,PROD-59,Electronics,28.0,37.63,10,Snow
2027-10-02,STORE-43,PROD-81,Grocery,25.0,191.0,10,Snow
2027-10-03,STORE-31,PROD-82,Electronics,16.0,257.85,0,Extreme Heat
2027-10-04,STORE-15,PROD-168,Furniture,2.0,284.57,20,None
2027-10-05,STORE-7,PROD-75,Furniture,18.0,367.02,0,Extreme Heat
2027-10-06,STORE-23,PROD-182,Furniture,17.0,183.87,15,None
2027-10-07,STORE-36,PROD-69,Grocery,30.0,310.22,0,Snow
2027-10-08,STORE-24,PROD-155,Clothing,39.0,296.83,20,None
2027-10-09,STORE-8,PROD-166,Clothing,13.0,278.33,0,Extreme Heat
2027-10-10,STORE-49,PROD-102,Furniture,32.0,323.84,5,Rain
2027-10-11,STORE-18,PROD-70,Clothing,29.0,137.13,0,Extreme Heat
2027-10-12,STORE-37,PROD-114,Clothing,46.0,51.48,0,Extreme Heat
2027-10-13,STORE-15,PROD-200,Grocery,30.0,68.44,20,Extreme Heat
2027-10-14,STORE-28,PROD-93,Electronics,18.0,120.05,15,Extreme Heat
2027-10-15,STORE-36,PROD-192,Furniture,13.0,255.1,15,Extreme Heat
2027-10-16,STORE-50,PROD-151,Furniture,43.0,421.82,20,None
2027-10-17,STORE-40,PROD-134,Grocery,21.0,353.63,20,None
2027-10-18,STORE-40,PROD-116,Grocery,30.0,396.63,20,Rain
2027-10-19,STORE-44,PROD-106,Clothing,21.0,181.98,5,Extreme Heat
2027-10-20,STORE-42,PROD-43,Furniture,48.0,,10,Extreme Heat
2027-10-21,STORE-36,PROD-48,Electronics,17.0,202.9,0,Rain
2027-10-22,STORE-2,PROD-6,Grocery,40.0,104.02,20,Rain
2027-10-23,STORE-39,PROD-33,Electronics,19.0,40.0,20,Snow
2027-10-24,STORE-43,PROD-187,Electronics,15.0,299.55,20,Rain
2027-10-25,STORE-45,PROD-61,Furniture,9.0,494.72,15,Rain
2027-10-26,STORE-18,PROD-170,Furniture,10.0,91.75,20,Rain
2027-10-27,STORE-2,PROD-65,Grocery,44.0,32.88,0,Snow
2027-10-28,STORE-12,PROD-191,Furniture,31.0,391.97,20,None
2027-10-29,STORE-18,PROD-180,Furniture,23.0,133.77,0,Snow
2027-10-30,STORE-45,PROD-192,Furniture,30.0,416.53,5,None
2027-10-31,STORE-49,PROD-21,Electronics,33.0,354.93,10,Rain
2027-11-01,STORE-20,PROD-54,Grocery,9.0,473.38,15,Snow
2027-11-02,STORE-22,PROD-43,Clothing,47.0,210.37,0,Snow
2027-11-03,STORE-23,PROD-102,Electronics,1.0,334.37,5,None
2027-11-04,STORE-1,PROD-27,Furniture,44.0,237.78,10,Snow
2027-11-05,STORE-12,PROD-25,Electronics,35.0,318.99,10,Snow
2027-11-06,STORE-10,PROD-17,Furniture,11.0,230.3,10,Extreme Heat
2027-11-07,STORE-37,PROD-122,Furniture,34.0,102.43,0,None
2027-11-08,STORE-43,PROD-141,Electronics,16.0,258.87,5,Snow
2027-11-09,STORE-26,PROD-14,Grocery,9.0,269.01,20,Snow
2027-11-10,STORE-5,PROD-7,Furniture,32.0,407.2,5,Rain
2027-11-11,STORE-10,PROD-198,Grocery,15.0,370.41,5,Extreme Heat
2027-11-12,STORE-48,PROD-102,Clothing,12.0,335.26,5,Extreme Heat
2027-11-13,STORE-41,PROD-135,Furniture,33.0,65.56,0,Rain
2027-11-14,STORE-2,PROD-196,Grocery,45.0,363.1,0,Rain
2027-11-15,STORE-6,PROD-22,Grocery,14.0,255.15,0,Rain
2027-11-16,STORE-48,PROD-27,Clothing,8.0,448.11,5,Rain
2027-11-17,STORE-34,PROD-68,Grocery,8.0,460.74,0,Extreme Heat
2027-11-18,STORE-14,PROD-159,Grocery,27.0,37.03,10,Snow
2027-11-19,STORE-25,PROD-40,Clothing,12.0,412.11,0,Snow
2027-11-20,STORE-27,PROD-22,Furniture,1.0,28.47,15,Rain
2027-11-21,STORE-30,PROD-168,Grocery,43.0,,0,None
2027-11-22,STORE-22,PROD-100,Grocery,40.0,275.73,0,Rain
2027-11-23,STORE-11,PROD-80,Grocery,42.0,82.57,0,Snow
2027-11-24,STORE-24,PROD-59,Electronics,11.0,375.69,0,None
2027-11-25,STORE-20,PROD-64,Clothing,39.0,14.09,15,Rain
2027-11-26,STORE-47,PROD-189,Electronics,43.0,92.61,20,None
2027-11-27,STORE-21,PROD-73,Clothing,31.0,294.59,0,Rain
2027-11-28,STORE-50,PROD-114,Furniture,17.0,360.05,10,Extreme Heat
2027-11-29,STORE-37,PROD-161,Furniture,33.0,459.16,15,Snow
2027-11-30,STORE-39,PROD-33,Grocery,32.0,355.69,20,Rain
2027-12-01,STORE-6,PROD-34,Clothing,29.0,339.17,0,None
2027-12-02,STORE-4,PROD-135,Furniture,21.0,203.23,20,Snow
2027-12-03,STORE-10,PROD-44,Clothing,21.0,10.63,10,Rain
2027-12-04,STORE-11,PROD-8,Furniture,40.0,68.88,15,Rain
2027-12-05,STORE-49,PROD-9,Electronics,23.0,271.93,15,Rain
2027-12-06,STORE-40,PROD-170,Furniture,6.0,340.81,20,Rain
2027-12-07,STORE-4,PROD-92,Electronics,22.0,214.55,0,Extreme Heat
2027-12-08,STORE-44,PROD-84,Furniture,38.0,368.03,5,Snow
2027-12-09,STORE-6,PROD-122,Grocery,37.0,265.71,15,Extreme Heat
2027-12-10,STORE-18,PROD-120,Electronics,45.0,46.35,5,Snow
2027-12-11,STORE-29,PROD-139,Furniture,8.0,104.09,15,Rain
2027-12-12,STORE-43,PROD-70,Grocery,41.0,421.6,0,Snow
2027-12-13,STORE-28,PROD-141,Electronics,49.0,365.21,0,None
2027-12-14,STORE-32,PROD-114,Grocery,35.0,448.43,15,Snow
2027-12-15,STORE-39,PROD-35,Clothing,11.0,67.6,20,None
2027-12-16,STORE-29,PROD-179,Clothing,24.0,495.21,0,None
2027-12-17,STORE-27,PROD-139,Electronics,49.0,112.61,0,Extreme Heat
2027-12-18,STORE-18,PROD-46,Furniture,21.0,15.77,10,Snow
2027-12-19,STORE-14,PROD-152,Electronics,2.0,498.74,0,Rain
2027-12-20,STORE-49,PROD-153,Grocery,40.0,147.73,10,Snow
2027-12-21,STORE-33,PROD-117,Furniture,19.0,337.33,0,Extreme Heat
2027-12-22,STORE-8,PROD-162,Clothing,39.0,96.57,0,None
2027-12-23,STORE-23,PROD-192,Furniture,28.0,294.31,20,None
2027-12-24,STORE-28,PROD-163,Clothing,17.0,452.98,20,Extreme Heat
2027-12-25,STORE-8,PROD-145,Furniture,6.0,166.89,0,Extreme Heat
2027-12-26,STORE-19,PROD-112,Furniture,19.0,338.42,15,Snow
2027-12-27,STORE-44,PROD-135,Furniture,38.0,102.07,15,None
2027-12-28,STORE-44,PROD-164,Grocery,28.0,316.15,0,Extreme Heat
2027-12-29,STORE-38,PROD-164,Grocery,2.0,174.86,15,Snow
2027-12-30,STORE-32,PROD-137,Electronics,38.0,113.49,0,Snow
2027-12-31,STORE-34,PROD-80,Electronics,37.0,163.46,20,Rain
2028-01-01,STORE-43,PROD-89,Clothing,4.0,97.63,5,None
2028-01-02,STORE-20,PROD-124,Grocery,22.0,451.94,10,Snow
2028-01-03,STORE-3,PROD-139,Clothing,26.0,204.62,15,Extreme Heat
2028-01-04,STORE-15,PROD-59,Electronics,49.0,130.19,15,None
2028-01-05,STORE-26,PROD-23,Clothing,43.0,229.72,20,Extreme Heat
2028-01-06,STORE-39,PROD-114,Electronics,36.0,167.06,15,Extreme Heat
2028-01-07,STORE-4,PROD-79,Grocery,13.0,374.77,0,Snow
2028-01-08,STORE-1,PROD-94,Furniture,32.0,485.9,0,Snow
2028-01-09,STORE-14,PROD-106,Grocery,17.0,224.64,5,Rain
2028-01-10,STORE-20,PROD-67,Clothing,41.0,431.91,5,Extreme Heat
2028-01-11,STORE-14,PROD-40,Clothing,36.0,287.27,5,Snow
2028-01-12,STORE-50,PROD-78,Grocery,46.0,87.05,0,Rain
2028-01-13,STORE-9,PROD-3,Grocery,,348.41,5,None
2028-01-14,STORE-49,PROD-1,Electronics,35.0,261.58,5,Rain
2028-01-15,STORE-17,PROD-134,Clothing,46.0,328.8,0,Rain
2028-01-16,STORE-19,PROD-195,Clothing,40.0,445.95,20,Extreme Heat
2028-01-17,STORE-21,PROD-35,Grocery,28.0,225.81,15,None
2028-01-18,STORE-8,PROD-89,Furniture,1.0,451.58,10,Extreme Heat
2028-01-19,STORE-1,PROD-74,Clothing,42.0,377.83,0,Extreme Heat
2028-01-20,STORE-32,PROD-121,Furniture,18.0,249.42,0,Rain
2028-01-21,STORE-48,PROD-137,Grocery,48.0,305.58,10,Rain
2028-01-22,STORE-28,PROD-3,Grocery,40.0,169.53,10,Snow
2028-01-23,STORE-12,PROD-177,Electronics,33.0,491.96,5,Rain
2028-01-24,STORE-9,PROD-126,Clothing,12.0,337.0,10,Snow
2028-01-25,STORE-25,PROD-194,Furniture,8.0,31.48,15,Extreme Heat
2028-01-26,STORE-35,PROD-123,Electronics,24.0,170.04,15,Rain
2028-01-27,STORE-46,PROD-77,Clothing,16.0,315.42,15,None
2028-01-28,STORE-15,PROD-3,Electronics,4.0,37.6,15,None
2028-01-29,STORE-33,PROD-197,Grocery,38.0,21.7,15,Extreme Heat
2028-01-30,STORE-36,PROD-111,Clothing,44.0,230.51,5,Extreme Heat
2028-01-31,STORE-43,PROD-75,Electronics,27.0,173.02,0,Rain
2028-02-01,STORE-23,PROD-153,Electronics,9.0,224.77,10,Snow
2028-02-02,STORE-5,PROD-60,Furniture,47.0,138.72,0,Rain
2028-02-03,STORE-26,PROD-2,Electronics,16.0,90.71,10,Snow
2028-02-04,STORE-48,PROD-141,Clothing,12.0,347.68,5,Rain
2028-02-05,STORE-3,PROD-96,Clothing,31.0,262.14,5,None
2028-02-06,STORE-28,PROD-49,Furniture,24.0,108.08,20,None
2028-02-07,STORE-2,PROD-106,Clothing,14.0,166.6,20,Snow
2028-02-08,STORE-30,PROD-144,Grocery,45.0,299.99,5,Rain
2028-02-09,STORE-5,PROD-112,Clothing,25.0,45.39,5,Extreme Heat
2028-02-10,STORE-21,PROD-102,Clothing,34.0,82.25,10,Snow
2028-02-11,STORE-37,PROD-64,Electronics,3.0,45.89,5,None
2028-02-12,STORE-28,PROD-42,Electronics,24.0,408.04,0,Snow
2028-02-13,STORE-37,PROD-184,Clothing,42.0,378.68,10,Rain
2028-02-14,STORE-26,PROD-189,Furniture,9.0,379.12,5,Extreme Heat
2028-02-15,STORE-46,PROD-166,Electronics,26.0,361.0,10,Extreme Heat
2028-02-16,STORE-41,PROD-100,Furniture,20.0,338.0,10,Snow
2028-02-17,STORE-27,PROD-97,Clothing,,243.73,15,Rain
2028-02-18,STORE-19,PROD-57,Clothing,10.0,324.72,20,Rain
2028-02-19,STORE-8,PROD-68,Grocery,19.0,28.8,10,Extreme Heat
2028-02-20,STORE-26,PROD-21,Electronics,3.0,314.52,10,None
2028-02-21,STORE-2,PROD-109,Clothing,24.0,391.16,15,Rain
2028-02-22,STORE-21,PROD-161,Grocery,5.0,255.18,5,Extreme Heat
2028-02-23,STORE-11,PROD-62,Electronics,3.0,185.18,10,Extreme Heat
2028-02-24,STORE-40,PROD-133,Clothing,27.0,145.94,15,Rain
2028-02-25,STORE-30,PROD-196,Clothing,16.0,324.97,0,Rain
2028-02-26,STORE-45,PROD-157,Electronics,49.0,349.47,15,Snow
2028-02-27,STORE-24,PROD-178,Electronics,15.0,436.77,20,None
2028-02-28,STORE-6,PROD-176,Electronics,35.0,177.74,20,Snow
2028-02-29,STORE-28,PROD-70,Clothing,12.0,387.19,5,Snow
2028-03-01,STORE-7,PROD-73,Clothing,41.0,285.06,5,Extreme Heat
2028-03-02,STORE-16,PROD-167,Grocery,44.0,442.59,20,Extreme Heat
2028-03-03,STORE-28,PROD-191,Furniture,26.0,268.63,20,None
2028-03-04,STORE-38,PROD-137,Electronics,47.0,263.64,10,Snow
2028-03-05,STORE-26,PROD-69,Clothing,34.0,293.16,20,Snow
2028-03-06,STORE-34,PROD-106,Clothing,23.0,377.16,5,Extreme Heat
2028-03-07,STORE-6,PROD-49,Electronics,31.0,482.7,20,Extreme Heat
2028-03-08,STORE-26,PROD-18,Furniture,20.0,46.05,5,Rain
2028-03-09,STORE-20,PROD-47,Electronics,12.0,36.18,0,Snow
2028-03-10,STORE-48,PROD-35,Furniture,23.0,469.4,20,None
2028-03-11,STORE-22,PROD-75,Clothing,4.0,269.64,5,Snow
2028-03-12,STORE-15,PROD-29,Furniture,23.0,311.3,15,Extreme Heat
2028-03-13,STORE-22,PROD-164,Grocery,48.0,246.39,10,Rain
2028-03-14,STORE-50,PROD-117,Clothing,48.0,55.89,5,Snow
2028-03-15,STORE-11,PROD-159,Grocery,1.0,386.36,20,None
2028-03-16,STORE-5,PROD-116,Electronics,25.0,376.14,20,Extreme Heat
2028-03-17,STORE-33,PROD-70,Electronics,2.0,162.73,0,Rain
2028-03-18,STORE-41,PROD-180,Electronics,30.0,160.06,15,Snow
2028-03-19,STORE-8,PROD-160,Furniture,3.0,420.54,5,None
2028-03-20,STORE-34,PROD-126,Clothing,21.0,45.46,15,Extreme Heat
2028-03-21,STORE-33,PROD-49,Electronics,25.0,441.74,0,None
2028-03-22,STORE-13,PROD-83,Electronics,20.0,135.76,10,Snow
2028-03-23,STORE-50,PROD-5,Clothing,49.0,300.56,15,Extreme Heat
2028-03-24,STORE-23,PROD-39,Electronics,22.0,468.64,0,Snow
2028-03-25,STORE-23,PROD-13,Grocery,21.0,342.28,5,Rain
2028-03-26,STORE-47,PROD-137,Clothing,33.0,213.07,10,Snow
2028-03-27,STORE-42,PROD-6,Clothing,38.0,347.87,20,Rain
2028-03-28,STORE-10,PROD-48,Clothing,15.0,178.55,0,Snow
2028-03-29,STORE-16,PROD-27,Grocery,46.0,145.86,20,None
2028-03-30,STORE-7,PROD-73,Clothing,15.0,498.37,10,None
2028-03-31,STORE-10,PROD-69,Grocery,46.0,377.89,0,Extreme Heat
2028-04-01,STORE-17,PROD-33,Clothing,25.0,325.91,0,None
2028-04-02,STORE-13,PROD-184,Furniture,21.0,184.09,10,None
2028-04-03,STORE-12,PROD-113,Electronics,24.0,34.09,5,Rain
2028-04-04,STORE-39,PROD-187,Furniture,5.0,25.22,0,None
2028-04-05,STORE-10,PROD-3,Electronics,6.0,281.55,10,Rain
2028-04-06,STORE-49,PROD-60,Grocery,49.0,383.4,15,Rain
2028-04-07,STORE-49,PROD-24,Furniture,43.0,273.32,20,Rain
2028-04-08,STORE-42,PROD-39,Clothing,48.0,421.98,0,Snow
2028-04-09,STORE-5,PROD-4,Electronics,44.0,26.38,15,Rain
2028-04-10,STORE-12,PROD-127,Electronics,47.0,189.71,0,Snow
2028-04-11,STORE-50,PROD-56,Furniture,23.0,126.16,5,Rain
2028-04-12,STORE-41,PROD-88,Grocery,2.0,229.16,10,Snow
2028-04-13,STORE-32,PROD-108,Furniture,27.0,45.46,0,Extreme Heat
2028-04-14,STORE-30,PROD-80,Grocery,18.0,477.52,10,Extreme Heat
2028-04-15,STORE-49,PROD-128,Grocery,21.0,119.4,0,Snow
2028-04-16,STORE-37,PROD-96,Electronics,28.0,,5,Extreme Heat
2028-04-17,STORE-49,PROD-119,Furniture,35.0,437.38,5,None
2028-04-18,STORE-38,PROD-179,Furniture,22.0,985.82,15,Rain
2028-04-19,STORE-29,PROD-9,Grocery,40.0,281.49,5,Snow
2028-04-20,STORE-44,PROD-85,Furniture,11.5,466.11,10,Extreme Heat
2028-04-21,STORE-37,PROD-21,Clothing,3.0,12.62,5,Extreme Heat
2028-04-22,STORE-42,PROD-193,Clothing,40.0,376.64,0,None
2028-04-23,STORE-41,PROD-38,Furniture,10.0,452.49,5,Rain
2028-04-24,STORE-40,PROD-15,Furniture,25.0,78.46,10,None
2028-04-25,STORE-21,PROD-69,Grocery,49.0,57.1,0,Snow
2028-04-26,STORE-41,PROD-199,Clothing,8.0,218.04,15,Extreme Heat
2028-04-27,STORE-21,PROD-101,Clothing,11.0,467.5,15,Extreme Heat
2028-04-28,STORE-10,PROD-19,Electronics,5.0,275.77,15,Extreme Heat
2028-04-29,STORE-29,PROD-140,Grocery,45.0,268.45,0,None
2028-04-30,STORE-5,PROD-121,Electronics,37.0,79.15,15,None
2028-05-01,STORE-31,PROD-47,Clothing,45.0,10.39,5,Rain
2028-05-02,STORE-29,PROD-50,Grocery,38.0,406.97,0,Snow
2028-05-03,STORE-41,PROD-65,Furniture,29.0,52.91,0,Rain
2028-05-04,STORE-20,PROD-98,Grocery,5.0,,0,Rain
2028-05-05,STORE-18,PROD-4,Furniture,9.0,458.16,20,Extreme Heat
2028-05-06,STORE-38,PROD-32,Furniture,48.0,112.24,10,None
2028-05-07,STORE-4,PROD-197,Grocery,2.0,671.96,20,Snow
2028-05-08,STORE-23,PROD-183,Furniture,1.0,48.56,20,Rain
2028-05-09,STORE-33,PROD-64,Electronics,40.0,305.84,20,Snow
2028-05-10,STORE-5,PROD-99,Clothing,30.0,90.33,10,Extreme Heat
2028-05-11,STORE-20,PROD-198,Furniture,11.0,370.62,20,Rain
2028-05-12,STORE-30,PROD-114,Electronics,28.0,157.6,15,None
2028-05-13,STORE-29,PROD-64,Furniture,44.0,237.06,0,Rain
2028-05-14,STORE-3,PROD-189,Clothing,12.0,303.72,0,Extreme Heat
2028-05-15,STORE-4,PROD-9,Electronics,39.0,93.92,5,Rain
2028-05-16,STORE-24,PROD-51,Clothing,26.0,373.4,15,Extreme Heat
2028-05-17,STORE-19,PROD-118,Clothing,13.0,,10,Rain
2028-05-18,STORE-5,PROD-189,Electronics,8.0,334.56,0,Snow
2028-05-19,STORE-42,PROD-198,Electronics,28.0,87.56,20,None
2028-05-20,STORE-6,PROD-25,Electronics,30.0,347.18,5,Extreme Heat
2028-05-21,STORE-40,PROD-134,Grocery,9.0,72.81,5,Snow
2028-05-22,STORE-39,PROD-171,Electronics,39.0,218.42,0,Extreme Heat
2028-05-23,STORE-33,PROD-54,Electronics,31.0,131.13,15,Rain
2028-05-24,STORE-25,PROD-122,Electronics,21.0,376.7,5,Extreme Heat
2028-05-25,STORE-30,PROD-100,Electronics,47.0,138.4,0,Extreme Heat
2028-05-26,STORE-38,PROD-175,Furniture,34.0,442.04,15,None
2028-05-27,STORE-36,PROD-80,Grocery,31.0,446.99,0,Snow
2028-05-28,STORE-48,PROD-83,Clothing,25.0,106.26,0,Rain
2028-05-29,STORE-3,PROD-41,Electronics,12.0,310.78,15,None
2028-05-30,STORE-29,PROD-162,Furniture,1.0,52.98,15,Extreme Heat
2028-05-31,STORE-37,PROD-187,Furniture,22.0,201.85,15,None
2028-06-01,STORE-42,PROD-11,Furniture,40.0,359.53,0,Extreme Heat
2028-06-02,STORE-13,PROD-191,Clothing,37.0,333.12,5,Rain
2028-06-03,STORE-21,PROD-141,Electronics,47.0,316.1,10,Extreme Heat
2028-06-04,STORE-39,PROD-134,Grocery,1.0,148.45,10,None
2028-06-05,STORE-31,PROD-32,Grocery,1.0,195.23,0,None
2028-06-06,STORE-33,PROD-65,Furniture,42.0,60.44,0,Extreme Heat
2028-06-07,STORE-10,PROD-124,Clothing,42.0,362.32,5,Snow
2028-06-08,STORE-4,PROD-164,Clothing,21.0,256.91,15,None
2028-06-09,STORE-29,PROD-77,Clothing,15.0,357.3,0,Snow
2028-06-10,STORE-7,PROD-51,Grocery,17.0,131.98,20,Snow
2028-06-11,STORE-22,PROD-93,Furniture,22.0,168.97,15,Snow
2028-06-12,STORE-46,PROD-14,Electronics,38.0,173.77,0,Snow
2028-06-13,STORE-6,PROD-171,Grocery,35.0,22.61,20,None
2028-06-14,STORE-33,PROD-56,Furniture,45.0,177.11,5,None
2028-06-15,STORE-42,PROD-29,Furniture,16.0,403.62,20,Snow
2028-06-16,STORE-12,PROD-61,Electronics,8.0,449.68,0,None
2028-06-17,STORE-3,PROD-163,Electronics,47.0,263.93,10,Snow
2028-06-18,STORE-16,PROD-112,Electronics,17.0,233.2,0,Snow
2028-06-19,STORE-46,PROD-84,Clothing,17.0,25.1,10,Snow
2028-06-20,STORE-29,PROD-4,Electronics,26.0,440.81,5,Extreme Heat
2028-06-21,STORE-29,PROD-43,Furniture,13.0,16.38,5,Rain
2028-06-22,STORE-34,PROD-71,Electronics,17.0,472.93,15,None
2028-06-23,STORE-34,PROD-150,Furniture,38.0,249.72,15,None
2028-06-24,STORE-40,PROD-31,Grocery,17.0,177.55,10,Snow
2028-06-25,STORE-11,PROD-102,Clothing,48.0,462.87,10,Extreme Heat
2028-06-26,STORE-24,PROD-63,Grocery,14.0,21.95,5,Extreme Heat
2028-06-27,STORE-24,PROD-3,Grocery,45.0,294.9,20,None
2028-06-28,STORE-19,PROD-11,Furniture,6.0,278.98,10,Snow
2028-06-29,STORE-25,PROD-149,Grocery,35.0,117.47,10,None
2028-06-30,STORE-27,PROD-177,Furniture,46.0,220.15,20,Snow
2028-07-01,STORE-50,PROD-122,Electronics,14.0,329.61,15,Snow
2028-07-02,STORE-22,PROD-177,Electronics,47.0,366.29,15,Rain
2028-07-03,STORE-44,PROD-153,Furniture,8.0,10.35,10,Snow
2028-07-04,STORE-39,PROD-40,Electronics,15.0,938.12,15,Rain
2028-07-05,STORE-4,PROD-96,Clothing,27.0,90.62,15,None
2028-07-06,STORE-41,PROD-198,Grocery,13.0,124.45,15,None
2028-07-07,STORE-42,PROD-23,Clothing,49.0,139.1,5,Extreme Heat
2028-07-08,STORE-22,PROD-64,Grocery,31.0,28.53,0,Rain
2028-07-09,STORE-5,PROD-41,Electronics,35.0,70.3,10,None
2028-07-10,STORE-22,PROD-128,Clothing,6.0,493.31,10,Rain
2028-07-11,STORE-7,PROD-24,Electronics,5.0,,5,None
2028-07-12,STORE-36,PROD-176,Grocery,22.0,66.5,0,Rain
2028-07-13,STORE-44,PROD-159,Furniture,49.0,62.43,0,Rain
2028-07-14,STORE-25,PROD-87,Furniture,23.0,362.54,5,Snow
2028-07-15,STORE-19,PROD-195,Clothing,25.0,428.74,20,None
2028-07-16,STORE-17,PROD-161,Electronics,34.0,135.91,20,Extreme Heat
2028-07-17,STORE-47,PROD-16,Electronics,26.0,20.25,0,Snow
2028-07-18,STORE-43,PROD-16,Clothing,47.0,119.31,20,Extreme Heat
2028-07-19,STORE-39,PROD-92,Furniture,5.0,37.69,20,Rain
2028-07-20,STORE-10,PROD-166,Grocery,26.0,60.66,20,Snow
2028-07-21,STORE-22,PROD-40,Clothing,20.0,221.44,0,Rain
2028-07-22,STORE-6,PROD-180,Grocery,6.0,122.66,20,None
2028-07-23,STORE-38,PROD-138,Furniture,6.0,262.81,10,None
2028-07-24,STORE-43,PROD-28,Electronics,18.0,134.21,0,Extreme Heat
2028-07-25,STORE-10,PROD-33,Furniture,4.0,470.86,5,None
2028-07-26,STORE-23,PROD-125,Clothing,17.0,453.91,20,Extreme Heat
2028-07-27,STORE-20,PROD-60,Electronics,14.0,287.73,15,Rain
2028-07-28,STORE-42,PROD-82,Clothing,14.0,183.67,0,Snow
2028-07-29,STORE-45,PROD-143,Clothing,13.0,196.76,5,None
2028-07-30,STORE-43,PROD-166,Furniture,7.0,211.81,10,Rain
2028-07-31,STORE-26,PROD-194,Clothing,44.0,366.51,5,Snow
2028-08-01,STORE-9,PROD-89,Furniture,15.0,231.3,20,Rain
2028-08-02,STORE-39,PROD-113,Electronics,19.0,429.8,15,Extreme Heat
2028-08-03,STORE-46,PROD-188,Furniture,43.0,472.61,20,Rain
2028-08-04,STORE-6,PROD-50,Electronics,47.0,174.61,5,Extreme Heat
2028-08-05,STORE-20,PROD-6,Furniture,44.0,284.74,0,Extreme Heat
2028-08-06,STORE-36,PROD-177,Grocery,35.0,56.58,15,None
2028-08-07,STORE-25,PROD-97,Grocery,17.0,108.23,15,Extreme Heat
2028-08-08,STORE-42,PROD-92,Clothing,35.0,212.6,5,Extreme Heat
2028-08-09,STORE-22,PROD-186,Furniture,19.0,111.04,20,Rain
2028-08-10,STORE-9,PROD-35,Furniture,20.0,439.51,5,Extreme Heat
2028-08-11,STORE-43,PROD-65,Electronics,36.0,87.56,15,Extreme Heat
2028-08-12,STORE-45,PROD-11,Clothing,35.0,233.27,5,Rain
2028-08-13,STORE-48,PROD-125,Furniture,32.0,306.79,15,Snow
2028-08-14,STORE-44,PROD-181,Clothing,48.0,349.01,20,None
2028-08-15,STORE-34,PROD-113,Grocery,44.0,197.7,0,Rain
2028-08-16,STORE-6,PROD-144,Furniture,40.0,435.86,0,Extreme Heat
2028-08-17,STORE-42,PROD-76,Furniture,24.0,288.48,5,Rain
2028-08-18,STORE-43,PROD-139,Clothing,17.0,225.36,15,Snow
2028-08-19,STORE-28,PROD-179,Furniture,7.0,42.95,0,Rain
2028-08-20,STORE-33,PROD-126,Clothing,43.0,237.7,15,Rain
2028-08-21,STORE-24,PROD-49,Furniture,1.0,412.16,20,Rain
2028-08-22,STORE-2,PROD-146,Electronics,35.0,311.13,5,Rain
2028-08-23,STORE-24,PROD-48,Clothing,32.0,417.76,15,Extreme Heat
2028-08-24,STORE-20,PROD-140,Furniture,36.0,,5,Rain
2028-08-25,STORE-12,PROD-90,Grocery,13.0,68.05,15,Snow
2028-08-26,STORE-14,PROD-83,Furniture,6.0,16.68,15,Rain
2028-08-27,STORE-22,PROD-188,Grocery,14.0,158.58,20,Rain
2028-08-28,STORE-50,PROD-120,Grocery,37.0,352.02,5,Extreme Heat
2028-08-29,STORE-32,PROD-71,Electronics,48.0,397.23,10,Extreme Heat
2028-08-30,STORE-13,PROD-154,Clothing,15.0,154.92,15,Rain
2028-08-31,STORE-15,PROD-142,Furniture,47.0,252.87,15,Extreme Heat
2028-09-01,STORE-9,PROD-42,Electronics,4.0,216.35,0,Extreme Heat
2028-09-02,STORE-10,PROD-18,Furniture,40.0,211.16,5,Rain
2028-09-03,STORE-5,PROD-136,Grocery,16.0,,10,Extreme Heat
2028-09-04,STORE-19,PROD-40,Clothing,28.0,76.82,20,None
2028-09-05,STORE-7,PROD-116,Furniture,16.0,106.38,10,None
2028-09-06,STORE-33,PROD-76,Furniture,4.0,37.11,20,None
2028-09-07,STORE-50,PROD-68,Grocery,45.0,107.08,10,Extreme Heat
2028-09-08,STORE-35,PROD-139,Furniture,26.0,14.51,10,None
2028-09-09,STORE-48,PROD-94,Furniture,28.0,317.36,5,Snow
2028-09-10,STORE-34,PROD-117,Grocery,32.0,165.02,0,None
2028-09-11,STORE-3,PROD-1,Electronics,45.0,486.84,10,Snow
2028-09-12,STORE-43,PROD-199,Grocery,2.0,104.92,15,Extreme Heat
2028-09-13,STORE-22,PROD-164,Electronics,31.0,179.46,15,None
2028-09-14,STORE-50,PROD-130,Clothing,3.0,,15,Snow
2028-09-15,STORE-40,PROD-98,Electronics,8.0,14.14,0,Extreme Heat
2028-09-16,STORE-9,PROD-188,Electronics,24.0,421.21,10,None
2028-09-17,STORE-39,PROD-48,Clothing,15.0,25.68,20,Rain
2028-09-18,STORE-25,PROD-5,Electronics,43.0,470.69,20,None
2028-09-19,STORE-10,PROD-159,Grocery,31.0,447.12,5,None
2028-09-20,STORE-11,PROD-94,Electronics,9.0,272.41,0,None
2028-09-21,STORE-12,PROD-199,Clothing,39.0,276.36,10,Rain
2028-09-22,STORE-45,PROD-159,Grocery,45.0,330.35,15,Snow
2028-09-23,STORE-50,PROD-62,Clothing,2.0,199.65,0,Snow
2028-09-24,STORE-40,PROD-83,Clothing,4.0,327.14,0,Rain
2028-09-25,STORE-11,PROD-185,Furniture,7.0,31.94,10,None
2028-09-26,STORE-47,PROD-17,Furniture,44.0,36.48,5,None
2028-09-27,STORE-29,PROD-169,Clothing,39.0,234.04,5,None
2028-09-28,STORE-3,PROD-138,Clothing,42.0,279.31,5,Snow
2028-09-29,STORE-27,PROD-100,Clothing,16.0,445.03,15,Snow
2028-09-30,STORE-24,PROD-49,Furniture,35.0,61.28,15,Rain
2028-10-01,STORE-44,PROD-135,Furniture,30.0,826.2,10,Extreme Heat
2028-10-02,STORE-47,PROD-175,Electronics,10.0,112.92,5,Rain
2028-10-03,STORE-16,PROD-128,Electronics,38.0,203.1,10,Snow
2028-10-04,STORE-29,PROD-197,Clothing,18.0,165.14,5,None
2028-10-05,STORE-40,PROD-142,Grocery,5.0,206.08,0,None
2028-10-06,STORE-19,PROD-40,Grocery,29.0,83.74,20,None
2028-10-07,STORE-49,PROD-157,Furniture,39.0,256.75,20,None
2028-10-08,STORE-48,PROD-73,Furniture,34.0,402.8,5,Extreme Heat
2028-10-09,STORE-29,PROD-83,Furniture,43.0,226.35,10,Rain
2028-10-10,STORE-15,PROD-105,Clothing,45.0,250.4,15,Rain
2028-10-11,STORE-35,PROD-165,Grocery,23.0,425.9,5,Snow
2028-10-12,STORE-16,PROD-83,Electronics,5.0,355.97,5,Rain
2028-10-13,STORE-20,PROD-29,Clothing,30.0,250.32,15,Extreme Heat
2028-10-14,STORE-31,PROD-25,Electronics,6.0,136.27,5,Extreme Heat
2028-10-15,STORE-13,PROD-134,Electronics,46.0,443.61,0,Extreme Heat
2028-10-16,STORE-24,PROD-169,Clothing,44.0,292.74,15,None
2028-10-17,STORE-44,PROD-18,Electronics,4.0,236.72,0,Snow
2028-10-18,STORE-37,PROD-12,Grocery,29.0,141.87,20,Extreme Heat
2028-10-19,STORE-29,PROD-34,Electronics,23.0,403.54,15,Rain
2028-10-20,STORE-30,PROD-46,Grocery,6.0,31.63,15,Rain
2028-10-21,STORE-50,PROD-9,Grocery,32.0,496.13,10,Rain
2028-10-22,STORE-19,PROD-52,Grocery,42.0,73.87,10,Extreme Heat
2028-10-23,STORE-50,PROD-28,Furniture,18.0,400.07,15,Extreme Heat
2028-10-24,STORE-25,PROD-125,Electronics,15.0,203.44,20,Rain
2028-10-25,STORE-33,PROD-50,Clothing,40.0,251.19,5,Extreme Heat
2028-10-26,STORE-34,PROD-26,Clothing,32.0,441.52,10,Rain
2028-10-27,STORE-27,PROD-9,Electronics,9.0,212.33,20,None
2028-10-28,STORE-11,PROD-147,Furniture,37.0,273.37,20,Extreme Heat
2028-10-29,STORE-13,PROD-165,Furniture,10.0,34.16,10,None
2028-10-30,STORE-39,PROD-100,Grocery,20.0,11.15,5,None
2028-10-31,STORE-9,PROD-169,Electronics,6.0,129.95,10,Extreme Heat
2028-11-01,STORE-17,PROD-126,Electronics,,343.49,20,Rain
2028-11-02,STORE-4,PROD-135,Clothing,3.0,69.42,0,Snow
2028-11-03,STORE-42,PROD-160,Electronics,42.0,65.74,10,None
2028-11-04,STORE-31,PROD-180,Furniture,11.0,211.37,20,Extreme Heat
2028-11-05,STORE-24,PROD-152,Electronics,,327.44,10,None
2028-11-06,STORE-36,PROD-66,Clothing,17.0,358.92,20,Rain
2028-11-07,STORE-7,PROD-13,Grocery,16.0,97.44,5,Extreme Heat
2028-11-08,STORE-46,PROD-94,Clothing,4.0,49.0,20,Snow
2028-11-09,STORE-34,PROD-57,Clothing,4.0,470.79,15,Extreme Heat
2028-11-10,STORE-8,PROD-156,Grocery,17.0,137.73,0,None
2028-11-11,STORE-19,PROD-184,Clothing,41.0,428.14,20,Extreme Heat
2028-11-12,STORE-6,PROD-19,Clothing,19.0,433.11,10,Extreme Heat
2028-11-13,STORE-49,PROD-4,Electronics,5.0,388.54,10,None
2028-11-14,STORE-11,PROD-54,Electronics,,92.73,20,Snow
2028-11-15,STORE-18,PROD-168,Grocery,22.0,412.68,15,Rain
2028-11-16,STORE-29,PROD-126,Electronics,6.0,386.93,20,Extreme Heat
2028-11-17,STORE-33,PROD-21,Electronics,35.0,302.39,5,Snow
2028-11-18,STORE-10,PROD-120,Clothing,22.0,175.23,15,Rain
2028-11-19,STORE-28,PROD-164,Furniture,1.0,138.63,20,None
2028-11-20,STORE-6,PROD-16,Electronics,20.0,69.73,0,Snow
2028-11-21,STORE-15,PROD-93,Furniture,22.0,259.78,15,Snow
2028-11-22,STORE-29,PROD-143,Electronics,48.0,296.78,20,Extreme Heat
2028-11-23,STORE-23,PROD-191,Electronics,11.0,186.08,0,None
2028-11-24,STORE-2,PROD-107,Grocery,13.0,242.93,20,Extreme Heat
2028-11-25,STORE-27,PROD-95,Grocery,42.0,188.12,5,None
2028-11-26,STORE-4,PROD-182,Grocery,3.0,324.09,10,Rain
2028-11-27,STORE-26,PROD-15,Furniture,9.0,451.62,20,Extreme Heat
2028-11-28,STORE-33,PROD-158,Clothing,12.0,90.32,15,None
2028-11-29,STORE-24,PROD-69,Electronics,23.0,196.89,20,None
2028-11-30,STORE-16,PROD-136,Electronics,14.0,79.03,20,Snow
2028-12-01,STORE-25,PROD-11,Electronics,33.0,316.22,20,Extreme Heat
2028-12-02,STORE-6,PROD-188,Furniture,18.0,367.15,20,Extreme Heat
2028-12-03,STORE-24,PROD-19,Grocery,49.0,466.64,15,Rain
2028-12-04,STORE-15,PROD-78,Clothing,41.0,146.65,15,None
2028-12-05,STORE-2,PROD-20,Furniture,9.0,475.6,20,Snow
2028-12-06,STORE-21,PROD-56,Grocery,23.0,41.0,10,None
2028-12-07,STORE-7,PROD-133,Furniture,10.0,305.48,20,None
2028-12-08,STORE-46,PROD-25,Clothing,19.0,38.0,15,None
2028-12-09,STORE-42,PROD-26,Grocery,47.0,447.95,5,Extreme Heat
2028-12-10,STORE-22,PROD-186,Furniture,5.0,269.61,20,None
2028-12-11,STORE-10,PROD-60,Clothing,47.0,337.98,20,Rain
2028-12-12,STORE-9,PROD-137,Electronics,23.0,417.47,20,Snow
2028-12-13,STORE-3,PROD-99,Clothing,30.0,83.65,20,Snow
2028-12-14,STORE-19,PROD-49,Electronics,25.0,28.91,0,None
2028-12-15,STORE-31,PROD-50,Furniture,28.0,440.65,20,Snow
2028-12-16,STORE-45,PROD-135,Grocery,34.0,164.32,15,None
2028-12-17,STORE-9,PROD-169,Grocery,45.0,73.2,15,Extreme Heat
2028-12-18,STORE-49,PROD-64,Furniture,48.0,239.55,0,Snow
2028-12-19,STORE-46,PROD-146,Grocery,47.0,303.17,20,Extreme Heat
2028-12-20,STORE-31,PROD-161,Grocery,25.0,25.18,10,Extreme Heat
2028-12-21,STORE-29,PROD-46,Electronics,10.0,144.7,20,Rain
2028-12-22,STORE-40,PROD-143,Furniture,14.0,26.07,15,Rain
2028-12-23,STORE-1,PROD-192,Clothing,42.0,215.96,5,Snow
2028-12-24,STORE-6,PROD-143,Electronics,46.0,448.6,5,None
2028-12-25,STORE-2,PROD-107,Furniture,30.0,491.5,10,None
2028-12-26,STORE-17,PROD-192,Electronics,41.0,644.3,20,None
2028-12-27,STORE-14,PROD-28,Clothing,25.0,89.2,0,None
2028-12-28,STORE-10,PROD-197,Clothing,14.0,453.87,20,Rain
2028-12-29,STORE-36,PROD-164,Furniture,35.0,262.96,10,None
2028-12-30,STORE-47,PROD-148,Clothing,48.0,85.34,10,None
2028-12-31,STORE-39,PROD-92,Electronics,34.0,461.65,10,Extreme Heat
2029-01-01,STORE-34,PROD-173,Clothing,10.0,381.16,5,None
2029-01-02,STORE-28,PROD-118,Electronics,35.0,368.54,20,None
2029-01-03,STORE-8,PROD-180,Electronics,11.0,357.5,20,Rain
2029-01-04,STORE-50,PROD-171,Clothing,11.0,108.17,0,Snow
2029-01-05,STORE-19,PROD-110,Furniture,21.0,113.39,10,Extreme Heat
2029-01-06,STORE-16,PROD-27,Grocery,21.0,347.26,10,Extreme Heat
2029-01-07,STORE-20,PROD-43,Clothing,22.0,117.66,15,Snow
2029-01-08,STORE-8,PROD-47,Electronics,45.0,224.95,15,Extreme Heat
2029-01-09,STORE-4,PROD-141,Electronics,7.0,393.18,5,None
2029-01-10,STORE-16,PROD-103,Clothing,17.0,394.14,20,None
2029-01-11,STORE-27,PROD-130,Furniture,2.0,232.1,0,Snow
2029-01-12,STORE-41,PROD-87,Furniture,12.0,398.17,0,Rain
2029-01-13,STORE-40,PROD-169,Electronics,42.0,420.92,10,Rain
2029-01-14,STORE-30,PROD-41,Electronics,18.0,330.84,0,Extreme Heat
2029-01-15,STORE-5,PROD-137,Furniture,11.0,121.93,10,Rain
2029-01-16,STORE-8,PROD-154,Grocery,16.0,144.27,20,Rain
2029-01-17,STORE-32,PROD-114,Clothing,49.0,164.27,0,Rain
2029-01-18,STORE-39,PROD-91,Electronics,18.0,67.23,10,Rain
2029-01-19,STORE-35,PROD-81,Electronics,35.0,143.85,20,Rain
2029-01-20,STORE-2,PROD-141,Furniture,26.0,112.66,20,Rain
2029-01-21,STORE-41,PROD-84,Clothing,16.0,233.11,10,Rain
2029-01-22,STORE-33,PROD-96,Furniture,6.0,455.13,10,Extreme Heat
2029-01-23,STORE-37,PROD-106,Clothing,44.0,61.2,5,None
2029-01-24,STORE-16,PROD-196,Clothing,43.0,362.93,20,Rain
2029-01-25,STORE-46,PROD-163,Clothing,47.0,346.77,10,None
2029-01-26,STORE-10,PROD-111,Electronics,47.0,56.92,20,Snow
2029-01-27,STORE-19,PROD-186,Grocery,48.0,462.06,0,None
2029-01-28,STORE-28,PROD-83,Furniture,42.0,288.55,15,Snow
2029-01-29,STORE-1,PROD-156,Grocery,12.0,188.23,15,Extreme Heat
2029-01-30,STORE-40,PROD-62,Furniture,13.0,380.7,10,None
2029-01-31,STORE-23,PROD-145,Clothing,4.0,136.11,10,Snow
2029-02-01,STORE-16,PROD-140,Electronics,39.0,349.82,20,None
2029-02-02,STORE-37,PROD-55,Grocery,2.0,29.46,10,Extreme Heat
2029-02-03,STORE-27,PROD-97,Electronics,26.0,421.31,20,None
2029-02-04,STORE-12,PROD-197,Furniture,27.0,229.6,10,Snow
2029-02-05,STORE-43,PROD-141,Electronics,27.0,321.98,20,Rain
2029-02-06,STORE-43,PROD-191,Electronics,15.0,118.41,10,Rain
2029-02-07,STORE-6,PROD-66,Grocery,8.0,341.77,5,Rain
2029-02-08,STORE-34,PROD-93,Clothing,7.0,388.4,20,Extreme Heat
2029-02-09,STORE-24,PROD-116,Electronics,47.0,241.87,5,Rain
2029-02-10,STORE-5,PROD-115,Clothing,46.0,312.69,5,Extreme Heat
2029-02-11,STORE-34,PROD-102,Furniture,40.0,233.6,5,Rain
2029-02-12,STORE-35,PROD-1,Electronics,12.0,896.2,5,Extreme Heat
2029-02-13,STORE-33,PROD-186,Grocery,13.0,253.96,0,Extreme Heat
2029-02-14,STORE-33,PROD-9,Furniture,43.0,422.49,15,None
2029-02-15,STORE-36,PROD-73,Furniture,17.0,402.66,0,Rain
2029-02-16,STORE-2,PROD-153,Grocery,17.0,211.15,10,None
2029-02-17,STORE-25,PROD-5,Electronics,36.0,122.74,10,Snow
2029-02-18,STORE-31,PROD-133,Electronics,21.0,208.98,15,Rain
2029-02-19,STORE-3,PROD-35,Furniture,8.0,414.85,15,Rain
2029-02-20,STORE-41,PROD-78,Electronics,5.0,121.54,15,Rain
2029-02-21,STORE-25,PROD-2,Clothing,26.0,266.97,5,Rain
2029-02-22,STORE-24,PROD-77,Grocery,8.0,404.99,0,None
2029-02-23,STORE-17,PROD-57,Clothing,36.0,183.2,10,None
2029-02-24,STORE-48,PROD-55,Electronics,28.0,324.68,0,Extreme Heat
2029-02-25,STORE-2,PROD-81,Furniture,29.0,130.36,0,None
2029-02-26,STORE-23,PROD-6,Grocery,47.0,63.55,0,Extreme Heat
2029-02-27,STORE-5,PROD-198,Electronics,12.0,,15,Snow
2029-02-28,STORE-23,PROD-177,Electronics,37.0,58.49,15,None
2029-03-01,STORE-16,PROD-71,Furniture,30.0,142.98,10,Extreme Heat
2029-03-02,STORE-47,PROD-142,Furniture,23.0,429.0,10,Rain
2029-03-03,STORE-43,PROD-131,Clothing,16.0,179.77,10,Snow
2029-03-04,STORE-41,PROD-143,Grocery,14.0,486.79,0,Extreme Heat
2029-03-05,STORE-7,PROD-147,Grocery,10.0,490.07,15,Snow
2029-03-06,STORE-50,PROD-147,Furniture,7.0,141.46,5,Rain
2029-03-07,STORE-38,PROD-40,Clothing,45.0,30.08,0,Rain
2029-03-08,STORE-48,PROD-25,Grocery,37.0,355.48,20,Extreme Heat
2029-03-09,STORE-49,PROD-10,Furniture,29.0,230.98,0,Extreme Heat
2029-03-10,STORE-22,PROD-118,Electronics,3.0,59.37,15,Rain
2029-03-11,STORE-9,PROD-92,Grocery,15.0,356.69,20,Extreme Heat
2029-03-12,STORE-3,PROD-40,Clothing,36.0,25.28,0,Rain
2029-03-13,STORE-23,PROD-36,Clothing,47.0,436.4,15,None
2029-03-14,STORE-35,PROD-68,Clothing,46.0,77.94,15,Extreme Heat
2029-03-15,STORE-22,PROD-94,Electronics,19.0,72.38,5,Snow
2029-03-16,STORE-42,PROD-150,Grocery,13.0,96.08,0,Rain
2029-03-17,STORE-12,PROD-64,Grocery,42.0,480.53,15,None
2029-03-18,STORE-50,PROD-60,Electronics,21.0,349.65,10,Extreme Heat
2029-03-19,STORE-44,PROD-66,Grocery,37.0,402.67,15,Rain
2029-03-20,STORE-30,PROD-77,Electronics,27.0,204.84,5,None
2029-03-21,STORE-45,PROD-24,Electronics,29.0,174.79,15,Extreme Heat
2029-03-22,STORE-31,PROD-147,Electronics,20.0,124.9,0,Rain
2029-03-23,STORE-41,PROD-103,Clothing,25.0,245.52,0,Rain
2029-03-24,STORE-12,PROD-146,Grocery,6.0,280.4,20,Rain
2029-03-25,STORE-9,PROD-56,Electronics,36.0,,0,Extreme Heat
2029-03-26,STORE-5,PROD-188,Grocery,2.0,135.99,20,None
2029-03-27,STORE-46,PROD-20,Clothing,22.0,474.84,10,Rain
2029-03-28,STORE-50,PROD-186,Electronics,32.0,93.18,5,None
2029-03-29,STORE-30,PROD-84,Furniture,16.0,483.17,10,None
2029-03-30,STORE-3,PROD-124,Clothing,18.0,17.28,20,Snow
2029-03-31,STORE-19,PROD-45,Furniture,5.0,245.75,15,None
2029-04-01,STORE-13,PROD-125,Grocery,36.0,173.35,15,None
2029-04-02,STORE-3,PROD-177,Grocery,30.0,230.07,10,None
2029-04-03,STORE-13,PROD-180,Clothing,45.0,289.63,15,None
2029-04-04,STORE-3,PROD-148,Grocery,19.0,223.44,20,None
2029-04-05,STORE-21,PROD-25,Furniture,23.0,213.27,5,Extreme Heat
2029-04-06,STORE-20,PROD-153,Electronics,34.0,369.03,0,Snow
2029-04-07,STORE-33,PROD-165,Electronics,13.0,346.08,20,Rain
2029-04-08,STORE-26,PROD-77,Electronics,43.0,418.3,20,Snow
2029-04-09,STORE-35,PROD-10,Clothing,29.0,132.48,0,Snow
2029-04-10,STORE-31,PROD-188,Grocery,36.0,308.67,0,Rain
2029-04-11,STORE-17,PROD-148,Furniture,22.0,296.75,5,None
2029-04-12,STORE-3,PROD-98,Grocery,47.0,191.17,5,Rain
2029-04-13,STORE-49,PROD-21,Grocery,36.0,248.17,5,None
2029-04-14,STORE-42,PROD-200,Grocery,9.0,163.75,15,Rain
2029-04-15,STORE-13,PROD-15,Electronics,39.0,79.5,20,Extreme Heat
2029-04-16,STORE-19,PROD-198,Furniture,19.0,114.76,0,Snow
2029-04-17,STORE-23,PROD-86,Furniture,38.0,61.7,20,None
2029-04-18,STORE-50,PROD-90,Grocery,6.0,344.7,20,Snow
2029-04-19,STORE-4,PROD-112,Electronics,47.0,333.76,5,None
2029-04-20,STORE-42,PROD-107,Electronics,15.0,475.8,5,Rain
2029-04-21,STORE-22,PROD-31,Furniture,20.0,367.54,20,Rain
2029-04-22,STORE-18,PROD-198,Electronics,9.0,35.5,5,Rain
2029-04-23,STORE-8,PROD-59,Electronics,32.0,443.28,15,Extreme Heat
2029-04-24,STORE-24,PROD-192,Electronics,4.0,432.71,0,Rain
2029-04-25,STORE-28,PROD-168,Clothing,18.0,227.23,20,Rain
2029-04-26,STORE-26,PROD-155,Grocery,5.0,297.07,0,Extreme Heat
2029-04-27,STORE-48,PROD-3,Furniture,,488.28,15,Snow
2029-04-28,STORE-29,PROD-163,Furniture,23.0,270.83,5,Snow
2029-04-29,STORE-25,PROD-200,Clothing,11.0,453.61,10,None
2029-04-30,STORE-22,PROD-162,Grocery,37.0,50.69,15,Snow
2029-05-01,STORE-12,PROD-98,Furniture,22.0,103.62,10,None
2029-05-02,STORE-32,PROD-14,Electronics,4.0,225.97,0,None
2029-05-03,STORE-45,PROD-79,Furniture,29.0,296.53,20,Snow
2029-05-04,STORE-32,PROD-135,Electronics,44.0,409.95,5,Snow
2029-05-05,STORE-24,PROD-11,Clothing,34.0,494.25,15,Extreme Heat
2029-05-06,STORE-34,PROD-82,Electronics,13.0,200.54,5,None
2029-05-07,STORE-18,PROD-139,Furniture,42.0,33.23,10,Snow
2029-05-08,STORE-6,PROD-145,Furniture,9.0,402.57,10,Snow
2029-05-09,STORE-47,PROD-39,Furniture,42.0,306.15,20,Extreme Heat
2029-05-10,STORE-28,PROD-84,Clothing,31.0,107.29,10,Snow
2029-05-11,STORE-6,PROD-129,Clothing,7.0,252.47,20,Rain
2029-05-12,STORE-28,PROD-179,Grocery,4.0,373.73,15,Rain
2029-05-13,STORE-39,PROD-57,Furniture,19.0,387.5,20,None
2029-05-14,STORE-12,PROD-40,Electronics,42.0,254.81,10,Extreme Heat
2029-05-15,STORE-35,PROD-13,Clothing,30.0,159.56,0,Snow
2029-05-16,STORE-19,PROD-173,Furniture,31.0,487.13,20,None
2029-05-17,STORE-21,PROD-188,Furniture,35.0,335.05,5,Snow
2029-05-18,STORE-7,PROD-101,Clothing,21.0,210.04,0,Rain
2029-05-19,STORE-6,PROD-115,Grocery,31.0,147.43,20,Snow
2029-05-20,STORE-21,PROD-193,Clothing,19.0,368.24,5,Snow
2029-05-21,STORE-43,PROD-153,Clothing,31.0,128.67,0,Snow
2029-05-22,STORE-19,PROD-148,Electronics,32.0,94.14,20,Rain
2029-05-23,STORE-20,PROD-130,Electronics,2.0,269.62,15,Rain
2029-05-24,STORE-29,PROD-24,Grocery,10.0,152.09,5,Extreme Heat
2029-05-25,STORE-39,PROD-57,Furniture,2.0,318.16,15,Rain
2029-05-26,STORE-46,PROD-111,Clothing,2.0,67.79,10,None
2029-05-27,STORE-28,PROD-75,Grocery,24.0,330.92,20,Snow
2029-05-28,STORE-11,PROD-101,Electronics,17.0,148.82,20,Rain
2029-05-29,STORE-45,PROD-38,Clothing,32.0,10.12,5,None
2029-05-30,STORE-29,PROD-34,Furniture,16.0,72.2,20,Rain
2029-05-31,STORE-23,PROD-87,Electronics,16.0,467.47,10,Snow
2029-06-01,STORE-29,PROD-22,Electronics,46.0,435.0,20,None
2029-06-02,STORE-3,PROD-122,Electronics,39.0,124.47,0,Rain
2029-06-03,STORE-47,PROD-147,Grocery,31.0,391.4,15,Rain
2029-06-04,STORE-23,PROD-191,Furniture,43.0,308.2,10,None
2029-06-05,STORE-40,PROD-13,Clothing,24.0,485.74,10,Extreme Heat
2029-06-06,STORE-28,PROD-141,Grocery,1.0,193.07,15,None
2029-06-07,STORE-18,PROD-103,Grocery,11.0,343.92,15,None
2029-06-08,STORE-41,PROD-68,Grocery,21.0,41.13,10,None
2029-06-09,STORE-4,PROD-22,Electronics,4.0,408.32,15,None
2029-06-10,STORE-5,PROD-103,Furniture,7.0,482.27,5,Rain
2029-06-11,STORE-43,PROD-129,Grocery,26.0,274.1,15,None
2029-06-12,STORE-41,PROD-112,Clothing,47.0,151.06,0,None
2029-06-13,STORE-26,PROD-199,Furniture,12.0,68.93,0,Snow
2029-06-14,STORE-24,PROD-179,Clothing,31.0,354.73,5,Rain
2029-06-15,STORE-33,PROD-34,Furniture,17.0,325.98,15,Snow
2029-06-16,STORE-48,PROD-196,Clothing,33.0,193.23,0,Rain
2029-06-17,STORE-44,PROD-35,Electronics,11.0,475.96,20,Extreme Heat
2029-06-18,STORE-11,PROD-124,Grocery,28.0,20.88,15,Extreme Heat
2029-06-19,STORE-2,PROD-144,Clothing,32.0,158.82,5,Rain
2029-06-20,STORE-10,PROD-51,Furniture,1.0,461.32,15,Extreme Heat
2029-06-21,STORE-39,PROD-125,Grocery,47.0,167.26,10,Extreme Heat
2029-06-22,STORE-44,PROD-102,Grocery,28.0,133.6,10,Rain
2029-06-23,STORE-29,PROD-167,Furniture,42.0,271.77,0,None
2029-06-24,STORE-3,PROD-147,Clothing,7.0,413.66,10,Snow
2029-06-25,STORE-9,PROD-51,Electronics,2.0,60.54,5,Rain
2029-06-26,STORE-5,PROD-144,Electronics,42.0,472.08,0,Rain
2029-06-27,STORE-16,PROD-158,Clothing,24.0,399.59,5,Rain
2029-06-28,STORE-50,PROD-189,Grocery,4.0,98.81,5,Snow
2029-06-29,STORE-42,PROD-135,Grocery,44.0,358.88,10,Rain
2029-06-30,STORE-24,PROD-64,Grocery,19.0,198.63,10,Snow
2029-07-01,STORE-24,PROD-63,Grocery,26.0,207.12,5,Snow
2029-07-02,STORE-25,PROD-19,Clothing,11.0,393.81,10,Extreme Heat
2029-07-03,STORE-37,PROD-69,Grocery,40.0,481.76,10,None
2029-07-04,STORE-3,PROD-199,Furniture,43.0,72.06,10,Extreme Heat
2029-07-05,STORE-39,PROD-111,Grocery,11.0,216.11,15,Rain
2029-07-06,STORE-10,PROD-83,Electronics,45.0,245.66,5,Rain
2029-07-07,STORE-44,PROD-176,Grocery,3.0,194.39,20,Snow
2029-07-08,STORE-29,PROD-148,Clothing,12.0,187.96,5,Extreme Heat
2029-07-09,STORE-24,PROD-23,Electronics,3.0,35.61,0,Snow
2029-07-10,STORE-24,PROD-29,Clothing,42.0,345.91,10,Extreme Heat
2029-07-11,STORE-29,PROD-172,Clothing,27.0,223.75,10,Extreme Heat
2029-07-12,STORE-49,PROD-106,Electronics,49.0,105.45,20,Extreme Heat
2029-07-13,STORE-5,PROD-109,Clothing,2.0,409.86,0,Extreme Heat
2029-07-14,STORE-37,PROD-94,Clothing,49.0,403.25,15,Extreme Heat
2029-07-15,STORE-9,PROD-90,Grocery,16.0,248.33,5,None
2029-07-16,STORE-34,PROD-49,Furniture,2.0,156.24,15,Rain
2029-07-17,STORE-24,PROD-83,Clothing,30.0,322.67,0,Extreme Heat
2029-07-18,STORE-26,PROD-89,Clothing,20.0,151.19,20,Extreme Heat
2029-07-19,STORE-21,PROD-153,Clothing,38.0,125.64,0,Snow
2029-07-20,STORE-42,PROD-168,Grocery,28.0,367.95,20,Rain
2029-07-21,STORE-18,PROD-7,Furniture,25.0,29.76,15,Rain
2029-07-22,STORE-16,PROD-198,Electronics,32.0,56.44,15,Rain
2029-07-23,STORE-8,PROD-79,Grocery,10.0,13.33,0,Extreme Heat
2029-07-24,STORE-2,PROD-44,Grocery,42.0,84.94,0,Snow
2029-07-25,STORE-48,PROD-90,Furniture,40.0,43.81,10,Rain
2029-07-26,STORE-12,PROD-158,Furniture,33.0,497.94,20,Snow
2029-07-27,STORE-32,PROD-114,Grocery,13.0,151.52,10,None
2029-07-28,STORE-34,PROD-160,Electronics,41.0,83.14,5,None
2029-07-29,STORE-25,PROD-38,Grocery,42.0,128.09,5,Snow
2029-07-30,STORE-36,PROD-113,Furniture,47.0,468.7,0,Extreme Heat
2029-07-31,STORE-8,PROD-12,Electronics,37.0,264.88,15,Rain
2029-08-01,STORE-17,PROD-60,Furniture,16.0,188.76,5,None
2029-08-02,STORE-50,PROD-52,Electronics,45.0,437.96,5,None
2029-08-03,STORE-17,PROD-176,Clothing,22.0,203.55,10,Snow
2029-08-04,STORE-46,PROD-96,Furniture,20.0,174.15,10,Extreme Heat
2029-08-05,STORE-29,PROD-40,Furniture,43.0,111.57,5,Snow
2029-08-06,STORE-14,PROD-194,Grocery,27.0,195.12,0,Snow
2029-08-07,STORE-40,PROD-187,Furniture,41.0,165.18,10,Snow
2029-08-08,STORE-19,PROD-22,Furniture,16.0,341.88,5,Snow
2029-08-09,STORE-45,PROD-29,Clothing,34.0,151.9,15,Snow
2029-08-10,STORE-32,PROD-190,Furniture,32.0,292.83,10,Extreme Heat
2029-08-11,STORE-13,PROD-14,Clothing,26.0,42.29,5,Snow
2029-08-12,STORE-8,PROD-63,Clothing,25.0,103.73,20,Extreme Heat
2029-08-13,STORE-9,PROD-159,Clothing,2.0,209.63,10,Rain
2029-08-14,STORE-5,PROD-38,Clothing,12.0,469.11,20,Rain
2029-08-15,STORE-29,PROD-74,Electronics,40.0,194.85,10,Rain
2029-08-16,STORE-12,PROD-4,Grocery,9.0,335.4,10,Rain
2029-08-17,STORE-46,PROD-88,Electronics,12.0,134.99,20,None
2029-08-18,STORE-29,PROD-178,Furniture,26.0,72.25,0,Extreme Heat
2029-08-19,STORE-6,PROD-29,Electronics,9.0,38.68,5,Rain
2029-08-20,STORE-44,PROD-79,Electronics,10.0,159.65,0,None
2029-08-21,STORE-21,PROD-116,Furniture,32.0,87.25,0,Extreme Heat
2029-08-22,STORE-43,PROD-121,Furniture,34.0,95.27,5,None
2029-08-23,STORE-23,PROD-6,Furniture,48.0,382.77,15,None
2029-08-24,STORE-46,PROD-85,Electronics,20.0,17.76,0,Snow
2029-08-25,STORE-5,PROD-54,Electronics,39.0,283.33,0,None
2029-08-26,STORE-36,PROD-190,Furniture,2.0,195.94,0,None
2029-08-27,STORE-35,PROD-138,Grocery,1.0,258.21,15,Extreme Heat
2029-08-28,STORE-19,PROD-55,Grocery,36.0,285.79,10,None
2029-08-29,STORE-20,PROD-53,Clothing,24.0,163.55,20,Snow
2029-08-30,STORE-11,PROD-140,Furniture,27.0,154.6,20,Rain
2029-08-31,STORE-46,PROD-134,Clothing,2.0,369.37,15,Rain
2029-09-01,STORE-46,PROD-193,Grocery,31.0,436.93,0,Extreme Heat
2029-09-02,STORE-45,PROD-67,Clothing,7.0,104.36,20,Extreme Heat
2029-09-03,STORE-41,PROD-141,Furniture,2.0,57.83,15,None
2029-09-04,STORE-12,PROD-124,Furniture,29.0,449.92,5,Extreme Heat
2029-09-05,STORE-24,PROD-160,Furniture,15.0,181.45,20,None
2029-09-06,STORE-33,PROD-187,Electronics,12.0,280.15,5,Extreme Heat
2029-09-07,STORE-15,PROD-37,Clothing,37.0,372.36,0,Rain
2029-09-08,STORE-8,PROD-178,Grocery,28.0,71.64,20,Rain
2029-09-09,STORE-13,PROD-179,Grocery,20.0,298.77,15,Rain
2029-09-10,STORE-9,PROD-172,Grocery,39.0,267.32,10,Rain
2029-09-11,STORE-16,PROD-5,Electronics,24.0,109.47,20,None
2029-09-12,STORE-32,PROD-97,Electronics,21.0,231.42,20,None
2029-09-13,STORE-2,PROD-150,Furniture,10.0,400.5,20,None
2029-09-14,STORE-24,PROD-170,Grocery,46.0,299.31,20,Rain
2029-09-15,STORE-36,PROD-135,Electronics,14.0,57.49,15,Snow
2029-09-16,STORE-37,PROD-12,Furniture,37.0,278.53,15,Rain
2029-09-17,STORE-24,PROD-66,Grocery,18.0,354.34,10,Rain
2029-09-18,STORE-30,PROD-44,Clothing,24.0,398.42,15,Snow
2029-09-19,STORE-36,PROD-16,Furniture,14.0,318.27,15,Snow
2029-09-20,STORE-9,PROD-73,Electronics,34.0,84.8,0,Extreme Heat
2029-09-21,STORE-40,PROD-52,Electronics,12.0,357.98,0,Rain
2029-09-22,STORE-6,PROD-179,Furniture,22.0,341.9,5,Snow
2029-09-23,STORE-5,PROD-159,Furniture,6.0,21.97,10,Extreme Heat
2029-09-24,STORE-20,PROD-70,Electronics,36.0,211.76,0,Snow
2029-09-25,STORE-26,PROD-14,Clothing,45.0,173.15,10,Snow
2029-09-26,STORE-46,PROD-120,Grocery,36.0,338.01,10,Extreme Heat
2029-09-27,STORE-47,PROD-168,Clothing,22.0,115.91,20,Rain
2029-09-28,STORE-31,PROD-3,Furniture,14.0,299.53,10,Extreme Heat
2029-09-29,STORE-34,PROD-18,Clothing,16.0,457.47,20,Rain
2029-09-30,STORE-27,PROD-100,Electronics,18.0,400.92,5,Snow
2029-10-01,STORE-50,PROD-170,Furniture,25.0,461.51,5,Extreme Heat
2029-10-02,STORE-27,PROD-70,Grocery,32.0,489.47,5,None
2029-10-03,STORE-37,PROD-170,Electronics,33.0,15.23,20,Snow
2029-10-04,STORE-5,PROD-169,Electronics,45.0,315.14,20,Extreme Heat
2029-10-05,STORE-9,PROD-93,Grocery,36.0,212.29,5,Snow
2029-10-06,STORE-21,PROD-28,Grocery,20.0,431.33,20,Extreme Heat
2029-10-07,STORE-42,PROD-5,Clothing,18.0,133.39,15,Rain
2029-10-08,STORE-5,PROD-75,Furniture,38.0,490.7,15,None
2029-10-09,STORE-29,PROD-167,Grocery,3.0,310.72,20,Snow
2029-10-10,STORE-30,PROD-99,Grocery,23.0,398.83,20,None
2029-10-11,STORE-44,PROD-60,Furniture,32.0,51.94,0,Rain
2029-10-12,STORE-34,PROD-98,Grocery,45.0,99.89,0,Extreme Heat
2029-10-13,STORE-23,PROD-131,Grocery,16.0,381.62,10,None
2029-10-14,STORE-9,PROD-182,Clothing,5.0,20.77,10,Extreme Heat
2029-10-15,STORE-50,PROD-26,Electronics,4.0,410.27,10,Rain
2029-10-16,STORE-36,PROD-81,Electronics,21.0,16.84,5,Snow
2029-10-17,STORE-41,PROD-125,Electronics,40.0,331.99,15,Rain
2029-10-18,STORE-38,PROD-153,Electronics,14.0,188.9,5,None
2029-10-19,STORE-12,PROD-137,Grocery,39.0,309.63,20,None
2029-10-20,STORE-50,PROD-23,Furniture,31.0,351.06,0,None
2029-10-21,STORE-9,PROD-48,Furniture,14.0,177.81,20,Extreme Heat
2029-10-22,STORE-28,PROD-51,Clothing,6.0,62.9,20,Snow
2029-10-23,STORE-33,PROD-129,Clothing,12.0,44.13,0,None
2029-10-24,STORE-4,PROD-118,Grocery,16.0,298.58,20,None
2029-10-25,STORE-8,PROD-144,Furniture,17.0,265.12,10,None
2029-10-26,STORE-34,PROD-183,Furniture,45.0,373.68,0,Rain
2029-10-27,STORE-10,PROD-6,Electronics,23.0,259.77,20,None
2029-10-28,STORE-20,PROD-11,Grocery,14.0,217.0,10,Rain
2029-10-29,STORE-11,PROD-64,Grocery,7.0,205.06,10,None
2029-10-30,STORE-11,PROD-136,Electronics,46.0,22.96,15,Rain
2029-10-31,STORE-21,PROD-79,Grocery,32.0,174.42,10,Extreme Heat
2029-11-01,STORE-46,PROD-86,Grocery,15.0,488.25,5,Extreme Heat
2029-11-02,STORE-15,PROD-126,Clothing,44.0,438.04,0,Rain
2029-11-03,STORE-23,PROD-101,Furniture,17.0,171.4,0,Snow
2029-11-04,STORE-34,PROD-191,Grocery,41.0,298.02,0,Snow
2029-11-05,STORE-19,PROD-41,Clothing,47.0,425.18,20,Rain
2029-11-06,STORE-6,PROD-5,Furniture,44.0,226.22,20,Extreme Heat
2029-11-07,STORE-17,PROD-89,Electronics,34.0,18.8,5,Rain
2029-11-08,STORE-13,PROD-176,Clothing,2.5,46.51,10,Snow
2029-11-09,STORE-41,PROD-91,Clothing,45.0,260.09,20,Rain
2029-11-10,STORE-36,PROD-91,Furniture,27.0,485.03,10,Extreme Heat
2029-11-11,STORE-18,PROD-161,Electronics,23.0,349.67,10,Snow
2029-11-12,STORE-9,PROD-78,Clothing,40.0,44.75,20,Snow
2029-11-13,STORE-41,PROD-61,Grocery,14.0,102.79,20,None
2029-11-14,STORE-20,PROD-129,Grocery,15.0,387.95,5,None
2029-11-15,STORE-40,PROD-71,Grocery,43.0,422.31,15,Snow
2029-11-16,STORE-35,PROD-16,Electronics,33.0,312.67,0,Snow
2029-11-17,STORE-6,PROD-161,Clothing,31.0,325.77,20,Rain
2029-11-18,STORE-33,PROD-66,Grocery,35.0,23.89,20,Extreme Heat
2029-11-19,STORE-42,PROD-100,Electronics,17.0,415.98,10,Snow
2029-11-20,STORE-11,PROD-8,Grocery,28.0,396.25,15,Extreme Heat
2029-11-21,STORE-38,PROD-143,Furniture,19.0,136.93,20,Snow
2029-11-22,STORE-38,PROD-72,Clothing,46.0,357.25,15,Extreme Heat
2029-11-23,STORE-10,PROD-58,Clothing,23.0,115.28,0,None
2029-11-24,STORE-11,PROD-39,Electronics,32.0,29.76,10,Snow
2029-11-25,STORE-43,PROD-88,Electronics,40.0,108.56,5,Rain
2029-11-26,STORE-40,PROD-101,Clothing,13.0,97.53,0,Extreme Heat
2029-11-27,STORE-47,PROD-169,Grocery,20.0,175.5,15,Snow
2029-11-28,STORE-39,PROD-36,Grocery,35.0,215.04,15,None
2029-11-29,STORE-22,PROD-23,Furniture,5.0,,0,None
2029-11-30,STORE-37,PROD-187,Grocery,9.0,243.61,15,None
2029-12-01,STORE-3,PROD-98,Electronics,29.0,142.63,5,None
2029-12-02,STORE-2,PROD-134,Electronics,6.0,24.29,5,Snow
2029-12-03,STORE-6,PROD-174,Grocery,25.0,306.5,15,Rain
2029-12-04,STORE-3,PROD-157,Electronics,31.0,203.91,15,Extreme Heat
2029-12-05,STORE-42,PROD-161,Clothing,22.0,156.35,5,Rain
2029-12-06,STORE-50,PROD-176,Clothing,2.0,434.8,15,Extreme Heat
2029-12-07,STORE-37,PROD-59,Grocery,45.0,375.9,20,Rain
2029-12-08,STORE-17,PROD-107,Clothing,5.0,,10,Snow
2029-12-09,STORE-42,PROD-62,Clothing,27.0,252.54,20,Snow
2029-12-10,STORE-14,PROD-147,Furniture,25.0,74.16,15,Extreme Heat
2029-12-11,STORE-50,PROD-40,Furniture,8.0,351.15,15,Snow
2029-12-12,STORE-37,PROD-110,Clothing,1.0,110.98,10,Extreme Heat
2029-12-13,STORE-27,PROD-80,Grocery,20.0,226.2,15,Rain
2029-12-14,STORE-40,PROD-155,Furniture,44.0,41.85,10,Snow
2029-12-15,STORE-41,PROD-85,Electronics,23.0,414.4,5,Snow
2029-12-16,STORE-2,PROD-115,Electronics,32.0,71.71,10,Extreme Heat
2029-12-17,STORE-32,PROD-139,Electronics,11.0,452.52,10,Extreme Heat
2029-12-18,STORE-41,PROD-34,Grocery,39.0,866.94,20,Extreme Heat
2029-12-19,STORE-35,PROD-53,Clothing,47.0,237.65,15,Extreme Heat
2029-12-20,STORE-19,PROD-168,Electronics,24.0,374.74,5,None
2029-12-21,STORE-42,PROD-36,Grocery,11.0,313.53,0,Extreme Heat
2029-12-22,STORE-20,PROD-149,Furniture,29.0,403.51,10,None
2029-12-23,STORE-31,PROD-139,Clothing,26.0,221.58,0,Rain
2029-12-24,STORE-16,PROD-176,Furniture,16.0,395.05,15,Extreme Heat
2029-12-25,STORE-44,PROD-52,Grocery,35.0,236.6,10,None
2029-12-26,STORE-26,PROD-36,Electronics,20.0,471.07,0,None
2029-12-27,STORE-20,PROD-80,Electronics,46.0,248.32,20,None
2029-12-28,STORE-30,PROD-177,Grocery,3.0,236.68,0,Snow
2029-12-29,STORE-5,PROD-181,Electronics,1.0,394.69,20,None
2029-12-30,STORE-45,PROD-135,Clothing,47.0,412.57,5,Extreme Heat
2029-12-31,STORE-4,PROD-35,Grocery,1.0,281.7,15,Extreme Heat
2030-01-01,STORE-11,PROD-111,Furniture,17.0,98.1,0,Extreme Heat
2030-01-02,STORE-29,PROD-198,Grocery,2.0,239.2,10,None
2030-01-03,STORE-27,PROD-38,Clothing,29.0,484.36,15,None
2030-01-04,STORE-31,PROD-168,Clothing,20.0,378.96,0,Snow
2030-01-05,STORE-30,PROD-145,Grocery,6.0,407.47,10,Rain
2030-01-06,STORE-14,PROD-41,Grocery,8.0,26.08,10,Snow
2030-01-07,STORE-22,PROD-82,Electronics,29.0,239.25,10,Extreme Heat
2030-01-08,STORE-39,PROD-18,Clothing,48.0,326.84,10,Extreme Heat
2030-01-09,STORE-10,PROD-143,Grocery,33.0,416.72,0,Extreme Heat
2030-01-10,STORE-21,PROD-137,Grocery,3.0,34.14,5,Snow
2030-01-11,STORE-46,PROD-185,Clothing,35.0,,20,Extreme Heat
2030-01-12,STORE-21,PROD-31,Grocery,5.0,278.72,20,Extreme Heat
2030-01-13,STORE-47,PROD-48,Electronics,27.0,106.68,20,Extreme Heat
2030-01-14,STORE-23,PROD-82,Clothing,22.0,165.46,5,None
2030-01-15,STORE-26,PROD-38,Electronics,12.0,296.3,10,Rain
2030-01-16,STORE-9,PROD-187,Electronics,20.0,270.12,10,None
2030-01-17,STORE-49,PROD-8,Electronics,45.0,35.33,15,None
2030-01-18,STORE-24,PROD-196,Electronics,20.0,87.68,20,Rain
2030-01-19,STORE-33,PROD-82,Clothing,9.0,408.22,20,Rain
2030-01-20,STORE-36,PROD-106,Electronics,39.0,74.98,10,Snow
2030-01-21,STORE-7,PROD-106,Electronics,4.0,124.36,20,Rain
2030-01-22,STORE-21,PROD-78,Grocery,19.0,232.15,10,Snow
2030-01-23,STORE-16,PROD-114,Clothing,38.0,263.39,10,Snow
2030-01-24,STORE-30,PROD-191,Clothing,27.0,384.17,10,None
2030-01-25,STORE-8,PROD-164,Furniture,45.0,229.19,0,Extreme Heat
2030-01-26,STORE-18,PROD-190,Clothing,43.0,397.03,0,None
2030-01-27,STORE-29,PROD-71,Clothing,13.0,312.99,0,None
2030-01-28,STORE-16,PROD-39,Furniture,13.0,65.42,0,Rain
2030-01-29,STORE-10,PROD-200,Clothing,22.0,86.6,5,Rain
2030-01-30,STORE-7,PROD-49,Clothing,28.0,224.15,15,Snow
2030-01-31,STORE-4,PROD-28,Clothing,47.0,204.48,15,Snow
2030-02-01,STORE-19,PROD-34,Clothing,45.0,374.34,10,Snow
2030-02-02,STORE-25,PROD-48,Furniture,22.0,294.56,20,Rain
2030-02-03,STORE-40,PROD-7,Clothing,43.0,200.19,0,Snow
2030-02-04,STORE-27,PROD-196,Clothing,19.0,93.67,15,Snow
2030-02-05,STORE-16,PROD-157,Furniture,8.0,,15,Rain
2030-02-06,STORE-11,PROD-158,Grocery,8.0,292.0,0,Extreme Heat
2030-02-07,STORE-21,PROD-69,Electronics,42.0,217.49,5,None
2030-02-08,STORE-37,PROD-156,Grocery,26.0,262.31,5,Rain
2030-02-09,STORE-47,PROD-146,Furniture,48.0,93.63,15,Snow
2030-02-10,STORE-21,PROD-157,Electronics,26.0,334.82,5,None
2030-02-11,STORE-13,PROD-60,Furniture,11.5,427.74,0,Rain
2030-02-12,STORE-49,PROD-153,Furniture,43.0,136.39,15,None
2030-02-13,STORE-11,PROD-60,Clothing,13.0,250.84,0,None
2030-02-14,STORE-32,PROD-60,Electronics,28.0,488.01,5,Extreme Heat
2030-02-15,STORE-33,PROD-176,Clothing,9.0,173.29,0,Snow
2030-02-16,STORE-30,PROD-7,Electronics,20.0,301.57,5,Rain
2030-02-17,STORE-32,PROD-92,Furniture,19.0,54.2,5,Snow
2030-02-18,STORE-20,PROD-21,Furniture,48.0,306.95,0,Extreme Heat
2030-02-19,STORE-32,PROD-177,Grocery,39.0,53.92,5,Extreme Heat
2030-02-20,STORE-2,PROD-200,Electronics,12.0,480.03,10,Rain
2030-02-21,STORE-6,PROD-123,Clothing,15.0,360.67,0,Rain
2030-02-22,STORE-26,PROD-35,Grocery,31.0,396.2,10,Extreme Heat
2030-02-23,STORE-33,PROD-129,Grocery,14.0,355.01,0,Rain
2030-02-24,STORE-30,PROD-155,Grocery,11.0,298.97,5,None
2030-02-25,STORE-16,PROD-121,Clothing,26.0,230.46,5,None
2030-02-26,STORE-14,PROD-183,Grocery,42.0,430.6,15,Extreme Heat
2030-02-27,STORE-38,PROD-167,Clothing,27.0,478.85,15,Snow
2030-02-28,STORE-23,PROD-96,Grocery,11.0,254.53,10,Rain
2030-03-01,STORE-4,PROD-48,Clothing,,466.45,5,Rain
2030-03-02,STORE-4,PROD-100,Furniture,34.0,295.83,15,None
2030-03-03,STORE-19,PROD-126,Furniture,43.0,273.81,5,Rain
2030-03-04,STORE-32,PROD-122,Furniture,19.0,232.7,0,Snow
2030-03-05,STORE-39,PROD-36,Furniture,6.0,112.55,15,Rain
2030-03-06,STORE-42,PROD-42,Furniture,46.0,11.82,10,Rain
2030-03-07,STORE-44,PROD-50,Grocery,38.0,128.34,15,None
2030-03-08,STORE-31,PROD-58,Grocery,49.0,259.76,5,Rain
2030-03-09,STORE-19,PROD-9,Grocery,42.0,196.18,20,Extreme Heat
2030-03-10,STORE-35,PROD-105,Clothing,28.0,229.76,20,Extreme Heat
2030-03-11,STORE-1,PROD-196,Clothing,1.0,490.52,5,Snow
2030-03-12,STORE-7,PROD-4,Clothing,35.0,181.63,0,Snow
2030-03-13,STORE-28,PROD-70,Clothing,40.0,231.57,15,Snow
2030-03-14,STORE-9,PROD-106,Furniture,8.0,75.42,20,Snow
2030-03-15,STORE-17,PROD-57,Furniture,47.0,33.5,0,None
2030-03-16,STORE-47,PROD-191,Furniture,7.0,389.95,5,Rain
2030-03-17,STORE-24,PROD-172,Electronics,11.0,289.63,0,None
2030-03-18,STORE-49,PROD-52,Grocery,39.0,382.75,5,Snow
2030-03-19,STORE-26,PROD-194,Clothing,4.0,83.43,15,Rain
2030-03-20,STORE-24,PROD-53,Clothing,25.0,290.2,0,Extreme Heat
2030-03-21,STORE-3,PROD-17,Furniture,12.0,134.28,15,None
2030-03-22,STORE-26,PROD-46,Clothing,26.0,121.75,0,Rain
2030-03-23,STORE-4,PROD-113,Clothing,38.0,15.65,5,Extreme Heat
2030-03-24,STORE-37,PROD-158,Grocery,46.0,73.87,5,Extreme Heat
2030-03-25,STORE-36,PROD-126,Furniture,12.0,161.54,0,Snow
2030-03-26,STORE-13,PROD-177,Grocery,43.0,67.27,5,Extreme Heat
2030-03-27,STORE-24,PROD-84,Electronics,37.0,493.07,10,Extreme Heat
2030-03-28,STORE-36,PROD-118,Electronics,46.0,161.23,10,Snow
2030-03-29,STORE-19,PROD-64,Electronics,24.0,73.86,15,Rain
2030-03-30,STORE-5,PROD-110,Furniture,16.0,107.55,10,Rain
2030-03-31,STORE-25,PROD-104,Clothing,13.0,297.97,10,Snow
2030-04-01,STORE-33,PROD-199,Furniture,25.0,41.38,20,None
2030-04-02,STORE-29,PROD-11,Furniture,4.0,432.59,20,Snow
2030-04-03,STORE-49,PROD-156,Clothing,11.0,481.13,20,Rain
2030-04-04,STORE-36,PROD-189,Grocery,32.0,130.91,20,None
2030-04-05,STORE-18,PROD-98,Electronics,49.0,230.55,5,Snow
2030-04-06,STORE-40,PROD-185,Grocery,7.0,20.85,15,Rain
2030-04-07,STORE-44,PROD-81,Electronics,46.0,323.95,15,Rain
2030-04-08,STORE-40,PROD-101,Furniture,11.0,212.82,10,Rain
2030-04-09,STORE-8,PROD-157,Electronics,28.0,142.33,15,Extreme Heat
2030-04-10,STORE-9,PROD-191,Furniture,41.0,111.35,10,Extreme Heat
2030-04-11,STORE-7,PROD-147,Grocery,23.0,330.47,15,None
2030-04-12,STORE-26,PROD-153,Furniture,45.0,213.95,0,None
2030-04-13,STORE-24,PROD-138,Grocery,23.0,98.03,0,None
2030-04-14,STORE-22,PROD-135,Clothing,28.0,347.66,15,Extreme Heat
2030-04-15,STORE-36,PROD-165,Clothing,43.0,286.89,5,None
2030-04-16,STORE-24,PROD-181,Clothing,47.0,430.75,10,Rain
2030-04-17,STORE-49,PROD-10,Furniture,26.0,67.56,15,Rain
2030-04-18,STORE-10,PROD-134,Clothing,25.0,394.98,10,None
2030-04-19,STORE-13,PROD-28,Electronics,29.0,340.02,20,None
2030-04-20,STORE-39,PROD-116,Grocery,19.0,66.36,15,Extreme Heat
2030-04-21,STORE-33,PROD-117,Grocery,33.0,350.46,5,Rain
2030-04-22,STORE-26,PROD-11,Electronics,36.0,226.36,20,Snow
2030-04-23,STORE-33,PROD-63,Furniture,14.0,473.04,15,Snow
2030-04-24,STORE-3,PROD-133,Furniture,14.0,79.39,0,Extreme Heat
2030-04-25,STORE-3,PROD-138,Grocery,35.0,324.99,15,Extreme Heat
2030-04-26,STORE-3,PROD-102,Clothing,30.0,197.17,0,Extreme Heat
2030-04-27,STORE-9,PROD-189,Furniture,28.0,478.84,0,Rain
2030-04-28,STORE-46,PROD-11,Furniture,17.0,171.69,15,None
2030-04-29,STORE-22,PROD-143,Electronics,3.0,481.47,15,None
2030-04-30,STORE-31,PROD-100,Electronics,8.0,451.73,0,Extreme Heat
2030-05-01,STORE-34,PROD-133,Clothing,46.0,142.49,10,Rain
2030-05-02,STORE-30,PROD-196,Furniture,30.0,403.74,20,Snow
2030-05-03,STORE-10,PROD-162,Furniture,29.0,497.85,5,Extreme Heat
2030-05-04,STORE-39,PROD-13,Electronics,45.0,133.8,15,Rain
2030-05-05,STORE-33,PROD-49,Furniture,15.0,224.02,20,Extreme Heat
2030-05-06,STORE-9,PROD-75,Grocery,46.0,264.89,20,Rain
2030-05-07,STORE-21,PROD-113,Electronics,,154.52,10,Rain
2030-05-08,STORE-40,PROD-102,Clothing,38.0,17.48,20,Extreme Heat
2030-05-09,STORE-21,PROD-78,Electronics,42.0,117.86,15,None
2030-05-10,STORE-11,PROD-199,Furniture,47.0,148.15,20,Extreme Heat
2030-05-11,STORE-26,PROD-74,Clothing,38.0,227.36,15,None
2030-05-12,STORE-40,PROD-119,Electronics,23.0,93.84,15,None
2030-05-13,STORE-48,PROD-43,Grocery,25.0,437.89,0,Snow
2030-05-14,STORE-20,PROD-109,Grocery,42.0,355.41,10,Rain
2030-05-15,STORE-38,PROD-76,Electronics,7.0,51.75,5,Extreme Heat
2030-05-16,STORE-22,PROD-157,Grocery,22.0,328.55,0,Rain
2030-05-17,STORE-33,PROD-14,Grocery,17.0,330.29,5,Snow
2030-05-18,STORE-33,PROD-177,Grocery,18.0,478.55,15,None
2030-05-19,STORE-35,PROD-133,Clothing,49.0,11.48,0,Extreme Heat
2030-05-20,STORE-32,PROD-37,Grocery,41.0,131.49,20,Rain
2030-05-21,STORE-46,PROD-119,Grocery,10.0,,20,Snow
2030-05-22,STORE-37,PROD-166,Grocery,10.0,466.75,5,None
2030-05-23,STORE-20,PROD-116,Clothing,7.0,363.09,15,None
2030-05-24,STORE-31,PROD-24,Electronics,48.0,385.22,5,Rain
2030-05-25,STORE-2,PROD-185,Furniture,38.0,54.83,10,None
2030-05-26,STORE-24,PROD-129,Grocery,27.0,261.8,20,Snow
2030-05-27,STORE-22,PROD-29,Electronics,33.0,123.48,0,None
2030-05-28,STORE-44,PROD-47,Grocery,1.0,98.8,0,Extreme Heat
2030-05-29,STORE-8,PROD-200,Clothing,44.0,407.05,0,Extreme Heat
2030-05-30,STORE-27,PROD-150,Electronics,34.0,76.17,20,Rain
2030-05-31,STORE-38,PROD-179,Clothing,4.0,239.64,15,Snow
2030-06-01,STORE-20,PROD-140,Grocery,17.0,469.9,20,None
2030-06-02,STORE-47,PROD-35,Grocery,4.0,101.06,20,None
2030-06-03,STORE-45,PROD-101,Clothing,43.0,489.22,0,None
2030-06-04,STORE-41,PROD-106,Furniture,26.0,497.2,20,Extreme Heat
2030-06-05,STORE-2,PROD-83,Clothing,4.0,282.25,0,Snow
2030-06-06,STORE-39,PROD-116,Grocery,1.0,93.37,15,None
2030-06-07,STORE-31,PROD-7,Clothing,7.0,164.89,10,Rain
2030-06-08,STORE-17,PROD-46,Furniture,30.0,218.0,0,Snow
2030-06-09,STORE-42,PROD-117,Clothing,9.0,161.57,5,Snow
2030-06-10,STORE-50,PROD-152,Furniture,35.0,147.51,10,None
2030-06-11,STORE-38,PROD-183,Furniture,8.0,486.39,15,Extreme Heat
2030-06-12,STORE-37,PROD-52,Clothing,24.0,85.15,10,Snow
2030-06-13,STORE-15,PROD-117,Clothing,19.0,369.33,0,Rain
2030-06-14,STORE-47,PROD-24,Electronics,36.0,10.2,15,Snow
2030-06-15,STORE-4,PROD-65,Grocery,43.0,302.13,5,Extreme Heat
2030-06-16,STORE-38,PROD-83,Furniture,27.0,458.81,0,Rain
2030-06-17,STORE-31,PROD-178,Electronics,32.0,151.09,0,Extreme Heat
2030-06-18,STORE-11,PROD-167,Clothing,7.0,100.91,15,None
2030-06-19,STORE-34,PROD-183,Grocery,18.0,329.32,15,Snow
2030-06-20,STORE-41,PROD-42,Electronics,28.0,359.17,10,Rain
2030-06-21,STORE-47,PROD-184,Furniture,29.0,347.13,5,Extreme Heat
2030-06-22,STORE-40,PROD-188,Electronics,16.0,166.47,10,None
2030-06-23,STORE-50,PROD-32,Furniture,35.0,133.58,10,Rain
2030-06-24,STORE-25,PROD-24,Clothing,47.0,478.4,0,Snow
2030-06-25,STORE-10,PROD-30,Grocery,31.0,462.42,15,Snow
2030-06-26,STORE-44,PROD-181,Grocery,4.0,234.09,0,Extreme Heat
2030-06-27,STORE-16,PROD-116,Grocery,37.0,424.63,5,Rain
2030-06-28,STORE-3,PROD-163,Clothing,17.0,231.64,10,None
2030-06-29,STORE-37,PROD-93,Furniture,39.0,217.95,5,None
2030-06-30,STORE-45,PROD-22,Clothing,48.0,86.81,15,None
2030-07-01,STORE-8,PROD-135,Grocery,46.0,218.94,15,Extreme Heat
2030-07-02,STORE-13,PROD-182,Clothing,26.0,273.33,20,None
2030-07-03,STORE-2,PROD-99,Clothing,48.0,21.03,5,Rain
2030-07-04,STORE-29,PROD-187,Clothing,39.0,227.62,0,Extreme Heat
2030-07-05,STORE-21,PROD-131,Furniture,41.0,392.86,5,Snow
2030-07-06,STORE-27,PROD-157,Electronics,4.0,343.22,10,Extreme Heat
2030-07-07,STORE-10,PROD-41,Electronics,30.0,321.23,15,Extreme Heat
2030-07-08,STORE-27,PROD-97,Clothing,30.0,455.68,15,Extreme Heat
2030-07-09,STORE-45,PROD-141,Electronics,22.0,18.84,5,Rain
2030-07-10,STORE-14,PROD-98,Electronics,11.0,282.95,5,Snow
2030-07-11,STORE-27,PROD-12,Clothing,2.0,395.8,5,Snow
2030-07-12,STORE-33,PROD-197,Clothing,44.0,275.25,10,Extreme Heat
2030-07-13,STORE-50,PROD-44,Grocery,12.0,168.71,10,Extreme Heat
2030-07-14,STORE-40,PROD-86,Electronics,30.0,76.76,0,Extreme Heat
2030-07-15,STORE-31,PROD-145,Furniture,36.0,444.91,5,Rain
2030-07-16,STORE-48,PROD-169,Clothing,18.0,240.67,0,Rain
2030-07-17,STORE-47,PROD-39,Grocery,26.0,440.28,20,None
2030-07-18,STORE-4,PROD-42,Furniture,7.0,297.07,10,Snow
2030-07-19,STORE-46,PROD-38,Electronics,1.0,340.35,15,None
2030-07-20,STORE-9,PROD-46,Grocery,26.0,404.09,20,None
2030-07-21,STORE-34,PROD-197,Clothing,23.0,332.99,15,Extreme Heat
2030-07-22,STORE-14,PROD-183,Furniture,26.0,205.05,20,Rain
2030-07-23,STORE-36,PROD-14,Clothing,45.0,261.68,0,None
2030-07-24,STORE-21,PROD-108,Electronics,6.0,403.49,0,None
2030-07-25,STORE-43,PROD-79,Furniture,6.0,193.09,10,None
2030-07-26,STORE-31,PROD-80,Electronics,44.0,200.18,15,Extreme Heat
2030-07-27,STORE-34,PROD-187,Electronics,8.0,56.89,20,Extreme Heat
2030-07-28,STORE-25,PROD-197,Grocery,24.0,458.15,5,Rain
2030-07-29,STORE-21,PROD-115,Clothing,22.0,54.61,5,None
2030-07-30,STORE-12,PROD-74,Furniture,19.0,327.62,10,None
2030-07-31,STORE-30,PROD-161,Electronics,37.0,212.47,15,Rain
2030-08-01,STORE-35,PROD-47,Electronics,18.0,208.75,5,Rain
2030-08-02,STORE-22,PROD-31,Furniture,31.0,342.98,10,Rain
2030-08-03,STORE-35,PROD-34,Electronics,37.0,42.88,10,Snow
2030-08-04,STORE-23,PROD-52,Grocery,30.0,300.92,15,Rain
2030-08-05,STORE-44,PROD-1,Grocery,42.0,388.3,5,Extreme Heat
2030-08-06,STORE-50,PROD-160,Grocery,33.0,415.82,5,Snow
2030-08-07,STORE-47,PROD-196,Grocery,10.0,93.56,5,Rain
2030-08-08,STORE-44,PROD-65,Electronics,37.0,449.74,0,Extreme Heat
2030-08-09,STORE-42,PROD-4,Furniture,12.0,331.51,5,Rain
2030-08-10,STORE-45,PROD-118,Furniture,30.0,442.11,20,Rain
2030-08-11,STORE-17,PROD-128,Furniture,27.0,247.79,0,Snow
2030-08-12,STORE-40,PROD-128,Furniture,39.0,275.6,0,Extreme Heat
2030-08-13,STORE-31,PROD-140,Clothing,9.0,460.33,0,None
2030-08-14,STORE-13,PROD-2,Furniture,21.0,450.96,0,Rain
2030-08-15,STORE-16,PROD-156,Clothing,12.0,229.6,10,Snow
2030-08-16,STORE-18,PROD-127,Clothing,29.0,144.46,20,Extreme Heat
2030-08-17,STORE-36,PROD-61,Grocery,33.0,202.65,15,Rain
2030-08-18,STORE-20,PROD-56,Clothing,43.0,200.0,5,None
2030-08-19,STORE-15,PROD-151,Electronics,15.0,150.56,0,Extreme Heat
2030-08-20,STORE-20,PROD-169,Clothing,2.0,141.6,15,Extreme Heat
2030-08-21,STORE-50,PROD-122,Grocery,39.0,431.92,10,Snow
2030-08-22,STORE-19,PROD-117,Clothing,44.0,44.23,15,Rain
2030-08-23,STORE-46,PROD-105,Electronics,18.0,342.03,0,Rain
2030-08-24,STORE-14,PROD-114,Electronics,3.0,94.68,20,Extreme Heat
2030-08-25,STORE-45,PROD-21,Electronics,7.0,178.81,15,Rain
2030-08-26,STORE-46,PROD-154,Grocery,43.0,40.16,0,Extreme Heat
2030-08-27,STORE-32,PROD-154,Grocery,18.0,142.29,0,None
2030-08-28,STORE-21,PROD-2,Furniture,44.0,386.53,5,Snow
2030-08-29,STORE-31,PROD-63,Grocery,38.0,443.66,5,Rain
2030-08-30,STORE-23,PROD-141,Electronics,37.0,118.55,20,Rain
2030-08-31,STORE-36,PROD-72,Electronics,33.0,237.14,5,Snow
2030-09-01,STORE-47,PROD-159,Grocery,44.0,240.46,20,None
2030-09-02,STORE-18,PROD-161,Clothing,31.0,438.05,10,None
2030-09-03,STORE-19,PROD-143,Grocery,11.0,383.77,10,None
2030-09-04,STORE-8,PROD-54,Grocery,4.0,261.41,5,None
2030-09-05,STORE-37,PROD-13,Electronics,18.0,338.67,10,None
2030-09-06,STORE-44,PROD-48,Furniture,4.0,425.2,15,Extreme Heat
2030-09-07,STORE-35,PROD-38,Electronics,49.0,14.67,15,Rain
2030-09-08,STORE-25,PROD-15,Furniture,34.0,207.42,15,Rain
2030-09-09,STORE-26,PROD-168,Electronics,29.0,454.55,10,Rain
2030-09-10,STORE-23,PROD-90,Grocery,24.0,372.75,15,Extreme Heat
2030-09-11,STORE-50,PROD-10,Electronics,22.0,275.99,20,Snow
2030-09-12,STORE-10,PROD-38,Electronics,2.0,269.53,0,None
2030-09-13,STORE-19,PROD-9,Electronics,44.0,180.41,5,Snow
2030-09-14,STORE-3,PROD-171,Grocery,6.0,265.06,20,None
2030-09-15,STORE-19,PROD-148,Grocery,42.0,331.14,15,None
2030-09-16,STORE-46,PROD-155,Grocery,25.0,215.0,0,Snow
2030-09-17,STORE-6,PROD-77,Grocery,21.0,359.94,5,Rain
2030-09-18,STORE-23,PROD-85,Furniture,16.0,432.0,20,Extreme Heat
2030-09-19,STORE-29,PROD-23,Furniture,31.0,85.8,5,Snow
2030-09-20,STORE-42,PROD-13,Clothing,14.0,231.26,10,Rain
2030-09-21,STORE-17,PROD-28,Grocery,39.0,209.93,15,None
2030-09-22,STORE-48,PROD-107,Furniture,28.0,346.86,20,Rain
2030-09-23,STORE-31,PROD-46,Electronics,32.0,132.44,20,None
2030-09-24,STORE-14,PROD-42,Grocery,28.0,323.72,0,None
2030-09-25,STORE-13,PROD-173,Clothing,49.0,439.97,0,Rain
2030-09-26,STORE-35,PROD-73,Clothing,9.0,214.88,0,None
2030-09-27,STORE-18,PROD-157,Clothing,45.0,456.4,5,Extreme Heat
2030-09-28,STORE-36,PROD-170,Electronics,22.0,496.65,15,Rain
2030-09-29,STORE-45,PROD-178,Furniture,32.0,61.99,5,Snow
2030-09-30,STORE-18,PROD-180,Electronics,5.0,124.2,15,None
2030-10-01,STORE-9,PROD-153,Grocery,23.0,475.69,20,None
2030-10-02,STORE-7,PROD-147,Clothing,5.0,479.58,5,Extreme Heat
2030-10-03,STORE-40,PROD-144,Electronics,42.0,57.88,5,Extreme Heat
2030-10-04,STORE-48,PROD-46,Electronics,32.0,17.35,5,Snow
2030-10-05,STORE-38,PROD-117,Furniture,10.0,88.94,10,None
2030-10-06,STORE-16,PROD-192,Furniture,39.0,498.05,15,Snow
2030-10-07,STORE-16,PROD-149,Clothing,15.0,98.2,15,Snow
2030-10-08,STORE-4,PROD-93,Electronics,7.0,256.25,5,None
2030-10-09,STORE-43,PROD-10,Electronics,29.0,425.72,10,Snow
2030-10-10,STORE-34,PROD-24,Furniture,47.0,20.0,5,Snow
2030-10-11,STORE-15,PROD-197,Electronics,3.0,306.2,15,Extreme Heat
2030-10-12,STORE-41,PROD-77,Electronics,19.0,145.74,20,Extreme Heat
2030-10-13,STORE-15,PROD-83,Electronics,10.0,432.54,10,Snow
2030-10-14,STORE-4,PROD-95,Furniture,28.0,148.9,10,None
2030-10-15,STORE-7,PROD-98,Clothing,29.0,346.51,5,Extreme Heat
2030-10-16,STORE-27,PROD-18,Grocery,15.0,340.37,20,Snow
2030-10-17,STORE-22,PROD-195,Clothing,35.0,118.53,15,Rain
2030-10-18,STORE-46,PROD-110,Grocery,6.0,27.05,0,Rain
2030-10-19,STORE-31,PROD-141,Electronics,12.0,210.53,15,Snow
2030-10-20,STORE-7,PROD-17,Clothing,47.0,151.7,15,Rain
2030-10-21,STORE-44,PROD-75,Grocery,38.0,406.4,20,Extreme Heat
2030-10-22,STORE-50,PROD-121,Furniture,13.0,402.18,10,None
2030-10-23,STORE-9,PROD-35,Furniture,29.0,233.94,15,Snow
2030-10-24,STORE-1,PROD-32,Clothing,19.0,307.19,10,Extreme Heat
2030-10-25,STORE-36,PROD-178,Clothing,3.0,306.09,20,None
2030-10-26,STORE-11,PROD-71,Electronics,8.0,415.31,20,Rain
2030-10-27,STORE-27,PROD-85,Clothing,8.0,218.25,5,Rain
2030-10-28,STORE-42,PROD-135,Electronics,20.0,144.97,0,Rain
2030-10-29,STORE-31,PROD-106,Electronics,47.0,139.87,20,Rain
2030-10-30,STORE-31,PROD-135,Furniture,4.0,272.73,20,Extreme Heat
2030-10-31,STORE-42,PROD-54,Furniture,21.0,230.08,10,Extreme Heat
2030-11-01,STORE-13,PROD-179,Grocery,3.0,225.66,20,None
2030-11-02,STORE-49,PROD-54,Furniture,45.0,54.66,15,Snow
2030-11-03,STORE-19,PROD-157,Furniture,8.0,362.12,5,None
2030-11-04,STORE-21,PROD-15,Clothing,23.0,114.73,5,Snow
2030-11-05,STORE-19,PROD-28,Furniture,16.0,106.51,15,Rain
2030-11-06,STORE-42,PROD-147,Grocery,13.0,212.25,20,Rain
2030-11-07,STORE-4,PROD-187,Clothing,3.0,121.61,0,Rain
2030-11-08,STORE-50,PROD-162,Grocery,48.0,296.09,20,Rain
2030-11-09,STORE-6,PROD-136,Furniture,9.0,192.02,5,Extreme Heat
2030-11-10,STORE-42,PROD-23,Grocery,14.0,229.97,0,None
2030-11-11,STORE-37,PROD-124,Clothing,13.0,273.21,10,Snow
2030-11-12,STORE-15,PROD-186,Electronics,7.0,109.73,10,Snow
2030-11-13,STORE-35,PROD-177,Grocery,15.0,86.32,20,Extreme Heat
2030-11-14,STORE-48,PROD-155,Grocery,7.0,441.41,20,Rain
2030-11-15,STORE-47,PROD-181,Clothing,38.0,222.52,0,None
2030-11-16,STORE-3,PROD-74,Clothing,34.0,211.93,0,Rain
2030-11-17,STORE-12,PROD-110,Grocery,41.0,27.45,20,Extreme Heat
2030-11-18,STORE-27,PROD-156,Furniture,22.0,254.01,5,Snow
2030-11-19,STORE-12,PROD-82,Grocery,24.0,281.54,10,Extreme Heat
2030-11-20,STORE-3,PROD-67,Clothing,49.0,283.83,0,Snow
2030-11-21,STORE-26,PROD-135,Electronics,37.0,356.45,5,None
2030-11-22,STORE-32,PROD-148,Electronics,22.0,96.97,20,Snow
2030-11-23,STORE-12,PROD-160,Furniture,1.0,133.59,15,None
2030-11-24,STORE-48,PROD-91,Grocery,10.0,407.26,0,Rain
2030-11-25,STORE-19,PROD-34,Electronics,43.0,474.11,15,Rain
2030-11-26,STORE-3,PROD-158,Grocery,16.0,76.61,5,Extreme Heat
2030-11-27,STORE-1,PROD-145,Clothing,46.0,253.85,10,None
2030-11-28,STORE-20,PROD-128,Electronics,8.0,114.95,5,Rain
2030-11-29,STORE-37,PROD-134,Furniture,49.0,39.44,10,None
2030-11-30,STORE-39,PROD-187,Clothing,25.0,169.5,5,Rain
2030-12-01,STORE-7,PROD-162,Furniture,12.0,80.41,0,Rain
2030-12-02,STORE-22,PROD-128,Clothing,25.0,357.87,0,Snow
2030-12-03,STORE-19,PROD-127,Electronics,17.0,271.53,15,Extreme Heat
2030-12-04,STORE-30,PROD-47,Furniture,26.0,80.48,5,Snow
2030-12-05,STORE-42,PROD-157,Furniture,46.0,14.53,5,None
2030-12-06,STORE-35,PROD-60,Clothing,48.0,406.0,15,Rain
2030-12-07,STORE-34,PROD-182,Furniture,14.0,96.34,20,Extreme Heat
2030-12-08,STORE-32,PROD-75,Clothing,41.0,307.05,5,Rain
2030-12-09,STORE-9,PROD-50,Clothing,36.0,175.09,5,Rain
2030-12-10,STORE-33,PROD-1,Clothing,23.0,296.89,5,Snow
2030-12-11,STORE-30,PROD-31,Clothing,43.0,164.67,20,None
2030-12-12,STORE-18,PROD-7,Electronics,6.0,52.6,0,Extreme Heat
2030-12-13,STORE-13,PROD-120,Clothing,47.0,119.25,15,Extreme Heat
2030-12-14,STORE-8,PROD-161,Grocery,5.0,102.15,20,Extreme Heat
2030-12-15,STORE-22,PROD-31,Furniture,43.0,219.73,10,None
2030-12-16,STORE-11,PROD-189,Grocery,25.0,332.56,10,Extreme Heat
2030-12-17,STORE-47,PROD-54,Electronics,18.0,139.26,20,None
2030-12-18,STORE-30,PROD-158,Grocery,13.0,15.91,20,Extreme Heat
2030-12-19,STORE-42,PROD-107,Furniture,43.0,264.28,0,Rain
2030-12-20,STORE-17,PROD-106,Grocery,14.0,306.82,10,None
2030-12-21,STORE-46,PROD-12,Electronics,28.0,481.81,15,Snow
2030-12-22,STORE-12,PROD-86,Clothing,18.0,298.84,5,Extreme Heat
2030-12-23,STORE-1,PROD-90,Grocery,28.0,240.87,5,Snow
2030-12-24,STORE-48,PROD-144,Electronics,27.0,290.97,0,None
2030-12-25,STORE-22,PROD-164,Electronics,32.0,464.67,0,Rain
2030-12-26,STORE-19,PROD-55,Furniture,47.0,415.91,10,Snow
2030-12-27,STORE-37,PROD-3,Furniture,9.0,168.26,15,Snow
2030-12-28,STORE-44,PROD-164,Grocery,40.0,126.25,15,Rain
2030-12-29,STORE-49,PROD-52,Clothing,32.0,138.69,20,Rain
2030-12-30,STORE-13,PROD-177,Electronics,20.0,257.17,0,None
2030-12-31,STORE-12,PROD-73,Grocery,28.0,374.58,5,Extreme Heat
2031-01-01,STORE-40,PROD-66,Electronics,33.0,256.58,5,Snow
2031-01-02,STORE-41,PROD-18,Electronics,4.0,43.22,10,Snow
2031-01-03,STORE-26,PROD-79,Clothing,46.0,364.55,5,None
2031-01-04,STORE-28,PROD-77,Clothing,34.0,404.93,15,Extreme Heat
2031-01-05,STORE-33,PROD-130,Grocery,48.0,151.85,15,None
2031-01-06,STORE-21,PROD-141,Clothing,3.0,335.42,0,Snow
2031-01-07,STORE-6,PROD-83,Clothing,26.0,219.03,10,Snow
2031-01-08,STORE-26,PROD-197,Grocery,8.0,445.67,5,Rain
2031-01-09,STORE-43,PROD-2,Clothing,6.0,424.16,0,Rain
2031-01-10,STORE-7,PROD-30,Furniture,16.0,267.46,20,Extreme Heat
2031-01-11,STORE-12,PROD-176,Electronics,24.0,348.84,20,Snow
2031-01-12,STORE-9,PROD-86,Electronics,48.0,442.84,5,Snow
2031-01-13,STORE-31,PROD-88,Electronics,39.0,252.9,5,Rain
2031-01-14,STORE-21,PROD-102,Electronics,30.0,163.49,5,None
2031-01-15,STORE-16,PROD-186,Grocery,45.0,379.3,15,None
2031-01-16,STORE-1,PROD-146,Electronics,13.0,117.83,5,Snow
2031-01-17,STORE-17,PROD-158,Electronics,5.0,200.38,20,Snow
2031-01-18,STORE-25,PROD-8,Electronics,25.0,434.21,5,Extreme Heat
2031-01-19,STORE-16,PROD-45,Electronics,20.0,364.97,10,Extreme Heat
2031-01-20,STORE-29,PROD-50,Furniture,18.0,207.87,20,Rain
2031-01-21,STORE-49,PROD-85,Electronics,47.0,115.22,10,Snow
2031-01-22,STORE-18,PROD-87,Furniture,18.0,184.42,20,None
2031-01-23,STORE-22,PROD-173,Grocery,2.0,149.21,0,Extreme Heat
2031-01-24,STORE-20,PROD-123,Clothing,10.0,96.28,20,Rain
2031-01-25,STORE-38,PROD-122,Electronics,45.0,374.23,20,Rain
2031-01-26,STORE-47,PROD-10,Clothing,47.0,133.51,10,None
2031-01-27,STORE-37,PROD-166,Clothing,12.0,232.54,10,Extreme Heat
2031-01-28,STORE-1,PROD-35,Grocery,47.0,199.07,20,None
2031-01-29,STORE-17,PROD-124,Clothing,13.0,491.22,20,Rain
2031-01-30,STORE-42,PROD-40,Furniture,47.0,201.64,15,Snow
2031-01-31,STORE-24,PROD-161,Clothing,11.0,49.19,0,None
2031-02-01,STORE-45,PROD-118,Clothing,19.0,54.01,0,Rain
2031-02-02,STORE-16,PROD-138,Clothing,35.0,299.47,5,Snow
2031-02-03,STORE-4,PROD-86,Electronics,39.0,303.69,20,Snow
2031-02-04,STORE-43,PROD-119,Electronics,26.0,215.19,20,Extreme Heat
2031-02-05,STORE-8,PROD-106,Furniture,46.0,221.6,20,Extreme Heat
2031-02-06,STORE-30,PROD-191,Furniture,14.0,36.43,20,Rain
2031-02-07,STORE-20,PROD-15,Electronics,45.0,263.11,0,None
2031-02-08,STORE-11,PROD-134,Furniture,44.0,257.32,10,Snow
2031-02-09,STORE-26,PROD-77,Electronics,24.0,83.28,15,Extreme Heat
2031-02-10,STORE-44,PROD-145,Grocery,41.0,60.88,10,Extreme Heat
2031-02-11,STORE-33,PROD-186,Clothing,1.0,70.55,10,None
2031-02-12,STORE-46,PROD-174,Clothing,43.0,59.5,0,Extreme Heat
2031-02-13,STORE-50,PROD-81,Furniture,22.0,308.76,15,Rain
2031-02-14,STORE-20,PROD-143,Electronics,23.0,106.28,20,None
2031-02-15,STORE-45,PROD-138,Electronics,19.0,133.2,0,Snow
2031-02-16,STORE-8,PROD-5,Furniture,18.0,95.05,0,Rain
2031-02-17,STORE-41,PROD-54,Electronics,12.0,479.34,15,Snow
2031-02-18,STORE-19,PROD-148,Grocery,28.0,428.76,5,Snow
2031-02-19,STORE-24,PROD-176,Clothing,28.0,122.94,0,Extreme Heat
2031-02-20,STORE-40,PROD-85,Furniture,33.0,,10,Rain
2031-02-21,STORE-15,PROD-91,Furniture,19.0,,10,Rain
2031-02-22,STORE-15,PROD-17,Electronics,28.0,251.02,20,None
2031-02-23,STORE-9,PROD-39,Furniture,49.0,19.61,0,Rain
2031-02-24,STORE-31,PROD-72,Grocery,37.0,338.97,20,None
2031-02-25,STORE-10,PROD-8,Electronics,26.0,532.7,0,Rain
2031-02-26,STORE-30,PROD-87,Electronics,35.0,450.33,15,Snow
2031-02-27,STORE-48,PROD-97,Electronics,34.0,90.55,0,None
2031-02-28,STORE-39,PROD-161,Electronics,35.0,404.01,5,Rain
2031-03-01,STORE-24,PROD-137,Grocery,40.0,398.06,10,None
2031-03-02,STORE-27,PROD-43,Electronics,16.0,72.32,15,Extreme Heat
2031-03-03,STORE-45,PROD-147,Furniture,38.0,205.29,10,Extreme Heat
2031-03-04,STORE-36,PROD-156,Grocery,13.0,93.37,20,None
2031-03-05,STORE-31,PROD-100,Clothing,23.0,134.81,15,None
2031-03-06,STORE-49,PROD-48,Clothing,22.0,138.99,5,Snow
2031-03-07,STORE-35,PROD-153,Furniture,16.0,282.56,10,Rain
2031-03-08,STORE-43,PROD-30,Furniture,28.0,211.59,0,Extreme Heat
2031-03-09,STORE-14,PROD-193,Grocery,48.0,474.39,0,Extreme Heat
2031-03-10,STORE-49,PROD-79,Clothing,35.0,71.92,0,Rain
2031-03-11,STORE-16,PROD-181,Clothing,45.0,487.11,15,Extreme Heat
2031-03-12,STORE-44,PROD-81,Clothing,46.0,123.01,5,Extreme Heat
2031-03-13,STORE-49,PROD-182,Clothing,8.0,388.71,5,None
2031-03-14,STORE-39,PROD-9,Clothing,44.0,176.1,5,Extreme Heat
2031-03-15,STORE-6,PROD-70,Electronics,22.0,80.11,10,Extreme Heat
2031-03-16,STORE-34,PROD-106,Furniture,21.0,430.37,15,Extreme Heat
2031-03-17,STORE-29,PROD-23,Electronics,26.0,161.34,0,Rain
2031-03-18,STORE-34,PROD-128,Clothing,40.0,332.84,10,Snow
2031-03-19,STORE-46,PROD-61,Grocery,21.0,287.56,5,None
2031-03-20,STORE-24,PROD-96,Grocery,25.0,241.16,0,Snow
2031-03-21,STORE-5,PROD-116,Clothing,41.0,252.95,15,Extreme Heat
2031-03-22,STORE-37,PROD-78,Clothing,1.0,368.8,20,Extreme Heat
2031-03-23,STORE-8,PROD-56,Grocery,6.0,53.01,5,Extreme Heat
2031-03-24,STORE-4,PROD-135,Electronics,23.0,337.41,5,Snow
2031-03-25,STORE-36,PROD-78,Electronics,23.0,448.95,5,Rain
2031-03-26,STORE-33,PROD-45,Clothing,43.0,38.32,5,Rain
2031-03-27,STORE-13,PROD-29,Electronics,43.0,78.92,0,None
2031-03-28,STORE-37,PROD-96,Grocery,23.0,361.15,15,Snow
2031-03-29,STORE-35,PROD-10,Electronics,32.0,224.27,10,Rain
2031-03-30,STORE-10,PROD-200,Clothing,30.0,207.74,0,None
2031-03-31,STORE-11,PROD-52,Grocery,,77.11,15,Extreme Heat
2031-04-01,STORE-21,PROD-24,Electronics,43.0,,10,Extreme Heat
2031-04-02,STORE-34,PROD-114,Furniture,18.0,72.01,5,None
2031-04-03,STORE-29,PROD-130,Grocery,,243.54,15,Rain
2031-04-04,STORE-8,PROD-7,Grocery,15.0,384.17,5,Snow
2031-04-05,STORE-44,PROD-124,Furniture,33.0,136.55,15,None
2031-04-06,STORE-14,PROD-129,Furniture,21.0,245.59,20,Rain
2031-04-07,STORE-46,PROD-40,Grocery,39.0,496.09,5,None
2031-04-08,STORE-38,PROD-49,Furniture,23.0,346.46,5,Rain
2031-04-09,STORE-32,PROD-88,Clothing,27.0,422.26,5,Extreme Heat
2031-04-10,STORE-6,PROD-124,Clothing,45.0,213.28,0,None
2031-04-11,STORE-33,PROD-188,Clothing,44.0,386.25,10,Snow
2031-04-12,STORE-29,PROD-135,Grocery,18.0,29.85,5,None
2031-04-13,STORE-4,PROD-80,Furniture,24.0,70.23,5,Extreme Heat
2031-04-14,STORE-30,PROD-199,Furniture,47.0,109.5,0,Extreme Heat
2031-04-15,STORE-9,PROD-84,Electronics,40.0,206.96,0,Rain
2031-04-16,STORE-33,PROD-37,Electronics,42.0,424.41,20,Extreme Heat
2031-04-17,STORE-27,PROD-197,Furniture,7.0,179.67,15,Rain
2031-04-18,STORE-30,PROD-26,Furniture,48.0,330.76,5,Extreme Heat
2031-04-19,STORE-37,PROD-133,Furniture,20.0,357.56,15,Rain
2031-04-20,STORE-4,PROD-174,Grocery,27.0,297.23,0,Snow
2031-04-21,STORE-36,PROD-34,Furniture,6.0,185.05,0,Rain
2031-04-22,STORE-30,PROD-53,Electronics,27.0,292.76,20,Rain
2031-04-23,STORE-44,PROD-186,Grocery,9.0,177.71,10,Snow
2031-04-24,STORE-20,PROD-10,Furniture,45.0,51.1,0,Rain
2031-04-25,STORE-47,PROD-118,Electronics,31.0,496.47,5,Rain
2031-04-26,STORE-2,PROD-100,Grocery,21.0,72.32,20,Snow
2031-04-27,STORE-26,PROD-183,Furniture,26.0,45.45,10,Extreme Heat
2031-04-28,STORE-17,PROD-134,Furniture,40.0,440.48,20,None
2031-04-29,STORE-1,PROD-30,Furniture,48.0,157.9,0,Rain
2031-04-30,STORE-48,PROD-2,Grocery,45.0,328.65,10,Extreme Heat
2031-05-01,STORE-14,PROD-80,Electronics,13.0,171.21,15,None
2031-05-02,STORE-38,PROD-12,Electronics,49.0,201.81,10,Snow
2031-05-03,STORE-5,PROD-176,Clothing,23.0,138.44,5,Rain
2031-05-04,STORE-3,PROD-153,Furniture,20.0,178.09,15,Rain
2031-05-05,STORE-28,PROD-23,Clothing,37.0,211.24,15,Snow
2031-05-06,STORE-23,PROD-86,Clothing,28.0,363.0,5,Rain
2031-05-07,STORE-45,PROD-120,Electronics,17.0,260.65,15,None
2031-05-08,STORE-5,PROD-12,Grocery,28.0,472.35,0,None
2031-05-09,STORE-35,PROD-27,Grocery,41.0,30.52,10,Snow
2031-05-10,STORE-4,PROD-134,Electronics,2.0,256.5,10,Rain
2031-05-11,STORE-5,PROD-197,Grocery,25.0,296.27,5,Extreme Heat
2031-05-12,STORE-31,PROD-169,Clothing,41.0,460.9,0,Rain
2031-05-13,STORE-3,PROD-191,Furniture,6.0,34.09,15,Snow
2031-05-14,STORE-19,PROD-80,Electronics,11.0,291.01,10,Extreme Heat
2031-05-15,STORE-27,PROD-6,Furniture,38.0,428.28,10,None
2031-05-16,STORE-12,PROD-148,Grocery,6.0,128.54,10,None
2031-05-17,STORE-50,PROD-195,Furniture,45.0,439.38,10,Extreme Heat
2031-05-18,STORE-9,PROD-80,Grocery,11.0,19.33,20,Extreme Heat
2031-05-19,STORE-50,PROD-164,Grocery,14.0,368.9,5,Snow
2031-05-20,STORE-42,PROD-54,Clothing,2.0,467.23,15,Rain
2031-05-21,STORE-47,PROD-83,Grocery,40.0,332.03,15,None
2031-05-22,STORE-42,PROD-52,Clothing,3.0,225.12,5,Rain
2031-05-23,STORE-27,PROD-50,Clothing,35.0,31.99,0,None
2031-05-24,STORE-24,PROD-74,Clothing,33.0,460.86,5,Rain
2031-05-25,STORE-25,PROD-71,Electronics,24.0,240.45,10,None
2031-05-26,STORE-29,PROD-137,Electronics,19.0,24.21,10,Rain
2031-05-27,STORE-25,PROD-82,Grocery,18.0,348.01,5,Snow
2031-05-28,STORE-25,PROD-198,Clothing,49.0,,5,None
2031-05-29,STORE-6,PROD-113,Electronics,24.0,70.93,15,Snow
2031-05-30,STORE-44,PROD-172,Clothing,45.0,114.99,15,None
2031-05-31,STORE-43,PROD-31,Furniture,35.0,41.6,20,None
2031-06-01,STORE-35,PROD-70,Furniture,1.0,291.4,20,None
2031-06-02,STORE-9,PROD-39,Furniture,36.0,314.79,10,Rain
2031-06-03,STORE-42,PROD-41,Grocery,25.0,257.81,20,None
2031-06-04,STORE-23,PROD-71,Clothing,45.0,410.38,20,Snow
2031-06-05,STORE-8,PROD-30,Furniture,49.0,431.89,0,Rain
2031-06-06,STORE-12,PROD-4,Electronics,43.0,311.66,5,Rain
2031-06-07,STORE-35,PROD-160,Furniture,34.0,16.25,15,None
2031-06-08,STORE-26,PROD-144,Furniture,25.0,350.66,20,Extreme Heat
2031-06-09,STORE-34,PROD-132,Furniture,16.0,214.82,15,Rain
2031-06-10,STORE-9,PROD-27,Grocery,34.0,287.12,20,None
2031-06-11,STORE-47,PROD-53,Electronics,29.0,328.05,20,Snow
2031-06-12,STORE-15,PROD-139,Clothing,19.0,181.62,10,Extreme Heat
2031-06-13,STORE-1,PROD-90,Electronics,23.0,459.38,0,Rain
2031-06-14,STORE-49,PROD-141,Clothing,19.0,75.65,5,Extreme Heat
2031-06-15,STORE-2,PROD-82,Grocery,25.0,339.04,5,Rain
2031-06-16,STORE-20,PROD-70,Grocery,16.0,12.14,10,Extreme Heat
2031-06-17,STORE-30,PROD-37,Grocery,9.0,463.08,10,Extreme Heat
2031-06-18,STORE-44,PROD-181,Grocery,1.0,65.13,5,Snow
2031-06-19,STORE-47,PROD-73,Clothing,,56.49,5,Extreme Heat
2031-06-20,STORE-35,PROD-147,Furniture,19.0,173.17,0,Snow
2031-06-21,STORE-28,PROD-63,Clothing,33.0,193.05,20,None
2031-06-22,STORE-35,PROD-44,Electronics,34.0,115.01,0,Rain
2031-06-23,STORE-25,PROD-19,Grocery,16.0,296.71,5,Snow
2031-06-24,STORE-15,PROD-80,Grocery,44.0,227.03,20,Rain
2031-06-25,STORE-16,PROD-157,Electronics,40.0,26.75,5,Snow
2031-06-26,STORE-30,PROD-87,Clothing,18.0,166.63,0,Rain
2031-06-27,STORE-23,PROD-139,Furniture,34.0,407.11,0,Snow
2031-06-28,STORE-10,PROD-114,Furniture,25.0,347.95,0,Rain
2031-06-29,STORE-18,PROD-13,Electronics,45.0,365.19,20,None
2031-06-30,STORE-13,PROD-34,Furniture,6.0,352.08,15,Rain
2031-07-01,STORE-47,PROD-8,Clothing,21.0,162.38,15,None
2031-07-02,STORE-49,PROD-121,Clothing,6.0,58.84,5,None
2031-07-03,STORE-8,PROD-173,Electronics,32.0,143.51,20,None
2031-07-04,STORE-3,PROD-13,Clothing,41.0,417.57,10,Extreme Heat
2031-07-05,STORE-43,PROD-28,Grocery,48.0,490.43,15,Rain
2031-07-06,STORE-27,PROD-99,Electronics,43.0,251.99,20,Extreme Heat
2031-07-07,STORE-40,PROD-14,Clothing,39.0,14.75,20,Extreme Heat
2031-07-08,STORE-50,PROD-23,Electronics,31.0,78.62,15,Rain
2031-07-09,STORE-2,PROD-110,Furniture,42.0,167.82,20,None
2031-07-10,STORE-16,PROD-101,Clothing,10.0,293.51,20,Extreme Heat
2031-07-11,STORE-14,PROD-46,Grocery,30.0,46.8,15,Extreme Heat
2031-07-12,STORE-5,PROD-181,Clothing,18.0,472.25,0,Snow
2031-07-13,STORE-7,PROD-153,Electronics,24.0,188.89,5,Rain
2031-07-14,STORE-39,PROD-152,Electronics,9.0,457.17,10,Extreme Heat
2031-07-15,STORE-3,PROD-162,Clothing,31.0,392.46,5,Rain
2031-07-16,STORE-29,PROD-177,Grocery,15.0,380.16,0,Rain
2031-07-17,STORE-39,PROD-180,Grocery,4.0,307.29,0,Extreme Heat
2031-07-18,STORE-44,PROD-115,Grocery,40.0,317.12,20,Rain
2031-07-19,STORE-46,PROD-158,Electronics,9.0,322.62,5,None
2031-07-20,STORE-4,PROD-92,Clothing,45.0,318.07,0,Extreme Heat
2031-07-21,STORE-16,PROD-80,Furniture,9.0,281.33,5,Extreme Heat
2031-07-22,STORE-48,PROD-86,Electronics,26.0,493.34,0,Extreme Heat
2031-07-23,STORE-3,PROD-51,Grocery,4.0,368.82,10,Snow
2031-07-24,STORE-26,PROD-183,Clothing,17.0,390.7,0,Snow
2031-07-25,STORE-29,PROD-195,Grocery,16.0,437.51,5,Snow
2031-07-26,STORE-15,PROD-172,Furniture,15.0,115.66,20,Snow
2031-07-27,STORE-35,PROD-137,Grocery,35.0,51.06,5,Extreme Heat
2031-07-28,STORE-14,PROD-21,Grocery,5.0,246.62,15,None
2031-07-29,STORE-49,PROD-194,Furniture,5.0,261.9,5,Rain
2031-07-30,STORE-50,PROD-196,Clothing,20.0,416.3,10,Rain
2031-07-31,STORE-4,PROD-120,Electronics,15.0,227.45,10,Extreme Heat
2031-08-01,STORE-9,PROD-146,Clothing,18.0,289.72,10,None
2031-08-02,STORE-33,PROD-34,Furniture,47.0,268.26,0,Rain
2031-08-03,STORE-19,PROD-24,Grocery,2.0,28.72,10,None
2031-08-04,STORE-15,PROD-179,Clothing,29.0,311.46,5,Extreme Heat
2031-08-05,STORE-47,PROD-120,Electronics,13.0,415.74,20,Snow
2031-08-06,STORE-37,PROD-25,Furniture,4.0,87.18,10,None
2031-08-07,STORE-21,PROD-117,Clothing,42.0,301.22,5,Rain
2031-08-08,STORE-37,PROD-80,Electronics,45.0,300.87,0,Rain
2031-08-09,STORE-39,PROD-176,Furniture,10.0,90.45,0,Rain
2031-08-10,STORE-50,PROD-165,Electronics,31.0,70.5,20,Snow
2031-08-11,STORE-44,PROD-182,Furniture,41.0,490.23,20,None
2031-08-12,STORE-21,PROD-197,Grocery,8.0,202.92,5,None
2031-08-13,STORE-16,PROD-120,Clothing,3.0,121.44,20,Rain
2031-08-14,STORE-20,PROD-121,Electronics,48.0,93.95,20,None
2031-08-15,STORE-10,PROD-60,Furniture,46.0,337.12,0,Rain
2031-08-16,STORE-43,PROD-58,Electronics,9.0,308.63,5,None
2031-08-17,STORE-34,PROD-37,Electronics,30.0,325.34,20,Snow
2031-08-18,STORE-15,PROD-158,Clothing,11.0,,5,Snow
2031-08-19,STORE-27,PROD-67,Grocery,35.0,447.83,10,Extreme Heat
2031-08-20,STORE-20,PROD-94,Electronics,37.0,200.74,0,Extreme Heat
2031-08-21,STORE-18,PROD-101,Furniture,42.0,163.55,0,Extreme Heat
2031-08-22,STORE-4,PROD-47,Furniture,13.0,236.56,0,None
2031-08-23,STORE-36,PROD-180,Grocery,36.0,201.13,15,Snow
2031-08-24,STORE-38,PROD-171,Furniture,13.0,433.15,5,Snow
2031-08-25,STORE-48,PROD-85,Grocery,12.0,465.34,10,Snow
2031-08-26,STORE-12,PROD-84,Furniture,37.0,158.69,20,Rain
2031-08-27,STORE-41,PROD-117,Clothing,10.0,433.33,10,None
2031-08-28,STORE-44,PROD-125,Electronics,9.0,392.95,5,None
2031-08-29,STORE-28,PROD-8,Clothing,7.0,466.1,0,Extreme Heat
2031-08-30,STORE-36,PROD-17,Electronics,2.0,130.42,15,Rain
2031-08-31,STORE-32,PROD-122,Electronics,23.0,292.71,5,Rain
2031-09-01,STORE-4,PROD-29,Electronics,39.0,144.53,5,Snow
2031-09-02,STORE-23,PROD-90,Clothing,40.0,413.81,20,Extreme Heat
2031-09-03,STORE-42,PROD-123,Electronics,39.0,12.61,10,None
2031-09-04,STORE-43,PROD-119,Clothing,21.0,286.76,10,Rain
2031-09-05,STORE-25,PROD-44,Grocery,23.0,176.21,20,Snow
2031-09-06,STORE-34,PROD-73,Furniture,29.0,168.12,15,None
2031-09-07,STORE-21,PROD-197,Furniture,14.0,326.0,0,Snow
2031-09-08,STORE-45,PROD-90,Electronics,26.0,427.23,0,None
2031-09-09,STORE-27,PROD-155,Clothing,5.0,308.51,15,Snow
2031-09-10,STORE-27,PROD-148,Furniture,31.0,428.05,20,None
2031-09-11,STORE-10,PROD-33,Clothing,25.0,139.65,5,Extreme Heat
2031-09-12,STORE-20,PROD-131,Clothing,31.0,264.56,10,None
2031-09-13,STORE-25,PROD-27,Electronics,20.0,230.76,5,None
2031-09-14,STORE-12,PROD-104,Furniture,44.0,15.71,10,None
2031-09-15,STORE-49,PROD-183,Electronics,17.0,282.84,5,Snow
2031-09-16,STORE-35,PROD-28,Electronics,45.0,334.15,20,Rain
2031-09-17,STORE-31,PROD-84,Furniture,2.0,300.04,20,None
2031-09-18,STORE-16,PROD-143,Furniture,12.5,370.78,15,None
2031-09-19,STORE-15,PROD-167,Grocery,13.0,289.96,5,Extreme Heat
2031-09-20,STORE-20,PROD-19,Grocery,39.0,42.71,5,None
2031-09-21,STORE-46,PROD-78,Clothing,28.0,67.06,15,Extreme Heat
2031-09-22,STORE-10,PROD-137,Furniture,42.0,302.27,15,None
2031-09-23,STORE-30,PROD-119,Grocery,6.0,144.74,20,Snow
2031-09-24,STORE-4,PROD-103,Clothing,3.0,49.03,20,Rain
2031-09-25,STORE-36,PROD-152,Clothing,35.0,220.51,5,Rain
2031-09-26,STORE-27,PROD-106,Clothing,18.0,281.62,20,Rain
2031-09-27,STORE-27,PROD-62,Grocery,11.0,171.09,20,Snow
2031-09-28,STORE-36,PROD-159,Furniture,20.0,363.01,5,Extreme Heat
2031-09-29,STORE-34,PROD-63,Electronics,5.0,325.45,15,Rain
2031-09-30,STORE-9,PROD-141,Clothing,19.0,,5,Snow
2031-10-01,STORE-25,PROD-41,Grocery,22.0,379.89,0,Snow
2031-10-02,STORE-16,PROD-124,Grocery,19.0,327.86,5,None
2031-10-03,STORE-17,PROD-99,Electronics,47.0,322.35,0,Extreme Heat
2031-10-04,STORE-14,PROD-17,Electronics,16.0,281.18,5,Snow
2031-10-05,STORE-22,PROD-88,Grocery,24.0,15.58,0,Extreme Heat
2031-10-06,STORE-42,PROD-54,Furniture,41.0,351.29,0,Rain
2031-10-07,STORE-6,PROD-178,Electronics,4.0,194.26,5,Rain
2031-10-08,STORE-29,PROD-152,Grocery,15.0,471.88,20,Rain
2031-10-09,STORE-24,PROD-111,Electronics,25.0,410.81,10,None
2031-10-10,STORE-6,PROD-112,Furniture,44.0,297.97,20,None
2031-10-11,STORE-35,PROD-146,Clothing,35.0,133.57,0,Extreme Heat
2031-10-12,STORE-47,PROD-88,Electronics,14.0,109.82,5,Extreme Heat
2031-10-13,STORE-13,PROD-140,Furniture,49.0,176.79,5,None
2031-10-14,STORE-4,PROD-178,Grocery,19.0,243.52,5,Snow
2031-10-15,STORE-18,PROD-61,Electronics,38.0,155.07,5,Extreme Heat
2031-10-16,STORE-25,PROD-45,Electronics,36.0,262.32,10,Extreme Heat
2031-10-17,STORE-44,PROD-170,Grocery,7.0,91.03,15,Rain
2031-10-18,STORE-39,PROD-172,Clothing,30.0,489.08,0,Extreme Heat
2031-10-19,STORE-39,PROD-20,Grocery,19.0,62.88,10,Extreme Heat
2031-10-20,STORE-3,PROD-190,Electronics,49.0,466.65,20,Snow
2031-10-21,STORE-5,PROD-183,Grocery,25.0,457.65,15,Extreme Heat
2031-10-22,STORE-13,PROD-147,Furniture,16.0,267.43,15,Snow
2031-10-23,STORE-49,PROD-125,Grocery,47.0,365.21,5,Rain
2031-10-24,STORE-38,PROD-30,Electronics,40.0,223.66,10,None
2031-10-25,STORE-47,PROD-152,Grocery,4.0,318.72,20,Rain
2031-10-26,STORE-43,PROD-153,Clothing,18.0,176.88,5,Snow
2031-10-27,STORE-36,PROD-119,Grocery,28.0,157.57,5,Snow
2031-10-28,STORE-14,PROD-84,Clothing,16.0,293.33,0,Extreme Heat
2031-10-29,STORE-31,PROD-143,Furniture,,254.08,15,Extreme Heat
2031-10-30,STORE-14,PROD-25,Clothing,42.0,293.97,20,None
2031-10-31,STORE-22,PROD-114,Grocery,17.0,150.46,15,Snow
2031-11-01,STORE-20,PROD-46,Electronics,45.0,189.81,10,Snow
2031-11-02,STORE-1,PROD-79,Clothing,13.0,51.11,0,Rain
2031-11-03,STORE-14,PROD-104,Furniture,7.0,35.62,5,None
2031-11-04,STORE-13,PROD-18,Clothing,27.0,134.19,0,Rain
2031-11-05,STORE-48,PROD-154,Clothing,10.0,46.38,5,Extreme Heat
2031-11-06,STORE-8,PROD-28,Clothing,34.0,60.85,0,Extreme Heat
2031-11-07,STORE-48,PROD-176,Furniture,36.0,408.33,5,Rain
2031-11-08,STORE-49,PROD-153,Grocery,25.0,29.05,15,Extreme Heat
2031-11-09,STORE-31,PROD-198,Clothing,6.0,332.88,15,Rain
2031-11-10,STORE-16,PROD-98,Clothing,24.0,143.55,15,Snow
2031-11-11,STORE-45,PROD-84,Electronics,18.0,437.06,15,Snow
2031-11-12,STORE-39,PROD-127,Furniture,23.0,247.65,0,Extreme Heat
2031-11-13,STORE-46,PROD-166,Clothing,6.0,159.73,5,None
2031-11-14,STORE-14,PROD-170,Furniture,29.0,263.64,15,Snow
2031-11-15,STORE-26,PROD-16,Clothing,25.0,197.16,0,Extreme Heat
2031-11-16,STORE-16,PROD-24,Grocery,17.0,286.51,5,None
2031-11-17,STORE-36,PROD-56,Grocery,46.0,66.12,0,Extreme Heat
2031-11-18,STORE-21,PROD-36,Clothing,24.0,498.53,15,Rain
2031-11-19,STORE-50,PROD-149,Grocery,11.0,218.52,10,Extreme Heat
2031-11-20,STORE-19,PROD-194,Clothing,26.0,180.63,0,Rain
2031-11-21,STORE-25,PROD-163,Grocery,34.0,358.0,15,Snow
2031-11-22,STORE-30,PROD-1,Electronics,28.0,188.31,20,Snow
2031-11-23,STORE-35,PROD-194,Electronics,3.0,418.3,5,Extreme Heat
2031-11-24,STORE-42,PROD-38,Electronics,11.0,232.59,15,None
2031-11-25,STORE-23,PROD-170,Furniture,38.0,362.58,20,Extreme Heat
2031-11-26,STORE-20,PROD-39,Furniture,14.0,125.3,0,Extreme Heat
2031-11-27,STORE-17,PROD-116,Electronics,26.0,424.6,0,Snow
2031-11-28,STORE-24,PROD-137,Furniture,48.0,370.5,20,Snow
2031-11-29,STORE-33,PROD-75,Grocery,21.0,113.74,20,Extreme Heat
2031-11-30,STORE-32,PROD-100,Clothing,39.0,81.19,5,Snow
2031-12-01,STORE-30,PROD-158,Clothing,30.0,164.98,0,Rain
2031-12-02,STORE-7,PROD-148,Clothing,8.0,488.27,20,Extreme Heat
2031-12-03,STORE-47,PROD-115,Electronics,20.0,135.85,10,Snow
2031-12-04,STORE-31,PROD-51,Furniture,48.0,233.5,10,Extreme Heat
2031-12-05,STORE-49,PROD-53,Grocery,32.0,24.71,20,Snow
2031-12-06,STORE-21,PROD-175,Grocery,22.0,204.64,5,Rain
2031-12-07,STORE-14,PROD-82,Electronics,7.0,289.95,0,Rain
2031-12-08,STORE-24,PROD-77,Grocery,9.0,477.03,10,Extreme Heat
2031-12-09,STORE-21,PROD-146,Grocery,45.0,263.2,20,Rain
2031-12-10,STORE-27,PROD-174,Grocery,1.0,411.36,20,Rain
2031-12-11,STORE-3,PROD-78,Grocery,29.0,278.09,15,Snow
2031-12-12,STORE-37,PROD-112,Furniture,8.0,29.98,20,Extreme Heat
2031-12-13,STORE-15,PROD-184,Grocery,4.0,164.35,5,Snow
2031-12-14,STORE-48,PROD-89,Clothing,35.0,292.02,10,Snow
2031-12-15,STORE-10,PROD-23,Electronics,3.0,475.79,15,None
2031-12-16,STORE-2,PROD-150,Furniture,45.0,430.97,10,Rain
2031-12-17,STORE-17,PROD-3,Grocery,40.0,121.89,10,Snow
2031-12-18,STORE-36,PROD-157,Furniture,7.0,117.85,5,Snow
2031-12-19,STORE-38,PROD-131,Grocery,27.0,108.57,20,Snow
2031-12-20,STORE-38,PROD-104,Clothing,1.0,462.02,5,Rain
2031-12-21,STORE-47,PROD-33,Electronics,27.0,427.81,20,Rain
2031-12-22,STORE-27,PROD-76,Grocery,16.0,389.69,15,Rain
2031-12-23,STORE-19,PROD-16,Grocery,38.0,202.44,5,Extreme Heat
2031-12-24,STORE-10,PROD-95,Grocery,7.0,257.15,5,Snow
2031-12-25,STORE-13,PROD-141,Grocery,44.0,237.52,0,Rain
2031-12-26,STORE-22,PROD-14,Electronics,23.0,134.17,5,Snow
2031-12-27,STORE-15,PROD-1,Electronics,20.5,257.46,0,Extreme Heat
2031-12-28,STORE-25,PROD-181,Clothing,11.0,24.94,20,None
2031-12-29,STORE-37,PROD-144,Electronics,42.0,74.59,20,Extreme Heat
2031-12-30,STORE-16,PROD-92,Grocery,,444.43,20,Rain
2031-12-31,STORE-32,PROD-29,Clothing,36.0,378.32,0,Rain
2032-01-01,STORE-36,PROD-73,Clothing,37.0,217.21,20,Extreme Heat
2032-01-02,STORE-42,PROD-8,Clothing,41.0,263.4,10,Snow
2032-01-03,STORE-44,PROD-61,Grocery,17.0,191.3,5,Rain
2032-01-04,STORE-22,PROD-111,Furniture,35.0,372.98,0,Rain
2032-01-05,STORE-17,PROD-180,Grocery,48.0,394.25,20,Extreme Heat
2032-01-06,STORE-49,PROD-152,Electronics,5.0,384.01,10,Snow
2032-01-07,STORE-32,PROD-101,Electronics,48.0,364.08,5,Extreme Heat
2032-01-08,STORE-47,PROD-161,Grocery,32.0,110.21,5,Extreme Heat
2032-01-09,STORE-42,PROD-82,Grocery,3.0,175.61,20,Snow
2032-01-10,STORE-48,PROD-183,Clothing,47.0,240.22,10,Snow
2032-01-11,STORE-32,PROD-98,Grocery,35.0,172.09,0,None
2032-01-12,STORE-30,PROD-104,Clothing,14.0,379.92,20,Extreme Heat
2032-01-13,STORE-11,PROD-98,Electronics,48.0,171.38,5,Snow
2032-01-14,STORE-47,PROD-112,Clothing,31.0,77.73,5,Rain
2032-01-15,STORE-23,PROD-140,Grocery,31.0,205.53,5,None
2032-01-16,STORE-11,PROD-55,Electronics,17.0,490.16,20,Extreme Heat
2032-01-17,STORE-9,PROD-170,Furniture,24.0,120.68,15,Snow
2032-01-18,STORE-47,PROD-45,Clothing,23.0,309.96,15,None
2032-01-19,STORE-35,PROD-122,Electronics,18.0,222.16,15,None
2032-01-20,STORE-32,PROD-36,Clothing,14.0,44.8,10,Rain
2032-01-21,STORE-12,PROD-49,Electronics,15.0,249.06,20,None
2032-01-22,STORE-35,PROD-143,Electronics,15.0,354.06,5,Extreme Heat
2032-01-23,STORE-42,PROD-99,Clothing,6.0,261.48,10,Snow
2032-01-24,STORE-4,PROD-93,Furniture,27.0,437.33,15,None
2032-01-25,STORE-34,PROD-107,Electronics,15.0,151.58,0,None
2032-01-26,STORE-3,PROD-40,Electronics,36.0,52.26,10,Extreme Heat
2032-01-27,STORE-5,PROD-74,Electronics,8.0,468.92,10,Rain
2032-01-28,STORE-43,PROD-172,Furniture,15.0,195.32,20,Rain
2032-01-29,STORE-4,PROD-33,Furniture,3.0,292.44,10,Snow
2032-01-30,STORE-49,PROD-35,Grocery,47.0,398.08,20,Extreme Heat
2032-01-31,STORE-1,PROD-3,Clothing,13.0,168.91,0,Rain
2032-02-01,STORE-27,PROD-19,Furniture,41.0,360.92,5,Snow
2032-02-02,STORE-9,PROD-166,Clothing,34.0,76.36,5,Snow
2032-02-03,STORE-41,PROD-5,Grocery,24.0,152.73,15,Rain
2032-02-04,STORE-15,PROD-37,Clothing,40.0,80.91,15,Extreme Heat
2032-02-05,STORE-5,PROD-185,Furniture,32.0,407.5,0,None
2032-02-06,STORE-46,PROD-125,Clothing,32.0,119.1,5,Rain
2032-02-07,STORE-10,PROD-169,Furniture,30.0,723.06,15,None
2032-02-08,STORE-1,PROD-112,Clothing,49.0,472.22,10,None
2032-02-09,STORE-14,PROD-35,Furniture,13.0,268.61,20,Extreme Heat
2032-02-10,STORE-33,PROD-22,Furniture,1.0,274.61,15,Extreme Heat
2032-02-11,STORE-30,PROD-36,Clothing,17.0,235.91,0,Snow
2032-02-12,STORE-24,PROD-165,Grocery,15.0,169.69,5,Extreme Heat
2032-02-13,STORE-4,PROD-107,Electronics,44.0,243.07,0,Snow
2032-02-14,STORE-40,PROD-117,Grocery,14.0,305.38,20,Rain
2032-02-15,STORE-41,PROD-179,Clothing,29.0,493.14,20,None
2032-02-16,STORE-43,PROD-155,Grocery,34.0,469.5,0,Extreme Heat
2032-02-17,STORE-40,PROD-109,Furniture,18.0,864.9,15,Rain
2032-02-18,STORE-31,PROD-160,Electronics,7.0,445.67,15,Snow
2032-02-19,STORE-43,PROD-47,Clothing,29.0,239.25,5,Extreme Heat
2032-02-20,STORE-32,PROD-117,Clothing,31.0,332.15,5,None
2032-02-21,STORE-2,PROD-131,Clothing,25.0,448.58,10,Rain
2032-02-22,STORE-1,PROD-109,Electronics,38.0,202.55,10,Extreme Heat
2032-02-23,STORE-35,PROD-142,Furniture,14.0,481.26,5,Extreme Heat
2032-02-24,STORE-36,PROD-116,Clothing,8.0,213.74,10,Rain
2032-02-25,STORE-27,PROD-99,Grocery,27.0,304.53,0,Snow
2032-02-26,STORE-1,PROD-91,Clothing,2.0,357.8,15,Snow
2032-02-27,STORE-2,PROD-58,Clothing,17.0,475.79,10,Extreme Heat
2032-02-28,STORE-34,PROD-48,Clothing,37.0,,10,Snow
2032-02-29,STORE-47,PROD-109,Clothing,14.0,375.6,0,Snow
2032-03-01,STORE-18,PROD-155,Furniture,25.0,265.2,20,Rain
2032-03-02,STORE-35,PROD-2,Grocery,30.0,141.59,5,Snow
2032-03-03,STORE-19,PROD-148,Furniture,29.0,390.54,0,Snow
2032-03-04,STORE-2,PROD-128,Grocery,20.0,280.59,20,Rain
2032-03-05,STORE-33,PROD-188,Clothing,21.0,333.88,0,Extreme Heat
2032-03-06,STORE-45,PROD-61,Electronics,22.0,168.22,15,Extreme Heat
2032-03-07,STORE-44,PROD-183,Furniture,35.0,245.82,0,Rain
2032-03-08,STORE-28,PROD-129,Electronics,37.0,312.5,0,None
2032-03-09,STORE-12,PROD-69,Furniture,16.0,208.41,15,Rain
2032-03-10,STORE-7,PROD-106,Clothing,49.0,107.2,5,None
2032-03-11,STORE-7,PROD-140,Furniture,43.0,481.2,20,Snow
2032-03-12,STORE-34,PROD-148,Clothing,17.0,260.62,10,Extreme Heat
2032-03-13,STORE-10,PROD-94,Furniture,16.0,369.62,5,None
2032-03-14,STORE-16,PROD-9,Clothing,2.0,211.41,0,None
2032-03-15,STORE-13,PROD-10,Clothing,,184.01,10,Snow
2032-03-16,STORE-40,PROD-146,Grocery,21.0,209.51,15,Extreme Heat
2032-03-17,STORE-34,PROD-124,Clothing,39.0,210.51,5,Snow
2032-03-18,STORE-17,PROD-181,Grocery,34.0,276.65,20,Extreme Heat
2032-03-19,STORE-23,PROD-95,Clothing,30.0,276.3,5,Extreme Heat
2032-03-20,STORE-18,PROD-29,Electronics,6.0,253.61,5,Snow
2032-03-21,STORE-26,PROD-149,Clothing,17.0,76.05,10,None
2032-03-22,STORE-6,PROD-124,Electronics,39.0,253.08,15,Rain
2032-03-23,STORE-24,PROD-177,Electronics,25.0,92.86,15,Extreme Heat
2032-03-24,STORE-26,PROD-21,Clothing,5.0,71.81,5,Extreme Heat
2032-03-25,STORE-30,PROD-37,Electronics,5.0,467.0,15,Rain
2032-03-26,STORE-37,PROD-187,Grocery,20.0,306.43,10,Rain
2032-03-27,STORE-16,PROD-188,Furniture,16.0,333.15,10,Snow
2032-03-28,STORE-45,PROD-135,Clothing,41.0,206.88,20,Extreme Heat
2032-03-29,STORE-15,PROD-193,Electronics,37.0,455.4,15,Snow
2032-03-30,STORE-20,PROD-200,Clothing,40.0,322.59,20,Rain
2032-03-31,STORE-44,PROD-72,Grocery,9.0,386.89,0,Snow
2032-04-01,STORE-6,PROD-120,Clothing,5.0,381.2,10,Extreme Heat
2032-04-02,STORE-42,PROD-133,Clothing,42.0,480.41,5,None
2032-04-03,STORE-42,PROD-21,Electronics,2.0,412.03,10,None
2032-04-04,STORE-49,PROD-134,Grocery,9.0,428.43,0,Extreme Heat
2032-04-05,STORE-3,PROD-157,Furniture,21.5,94.38,5,Snow
2032-04-06,STORE-6,PROD-23,Furniture,36.0,142.77,15,Rain
2032-04-07,STORE-26,PROD-63,Electronics,22.0,149.96,15,Rain
2032-04-08,STORE-25,PROD-121,Clothing,22.0,142.75,10,None
2032-04-09,STORE-25,PROD-162,Electronics,22.0,429.15,5,Snow
2032-04-10,STORE-36,PROD-190,Electronics,34.0,25.62,5,Rain
2032-04-11,STORE-31,PROD-170,Electronics,29.0,47.29,20,Rain
2032-04-12,STORE-4,PROD-172,Clothing,38.0,144.22,0,Extreme Heat
2032-04-13,STORE-41,PROD-20,Grocery,46.0,107.94,15,Snow
2032-04-14,STORE-1,PROD-176,Electronics,33.0,123.61,10,Snow
2032-04-15,STORE-45,PROD-163,Clothing,18.0,400.99,5,Rain
2032-04-16,STORE-11,PROD-139,Grocery,7.0,285.93,15,Snow
2032-04-17,STORE-6,PROD-149,Electronics,1.0,12.83,10,Snow
2032-04-18,STORE-32,PROD-80,Furniture,,220.37,15,Snow
2032-04-19,STORE-28,PROD-157,Grocery,1.0,209.86,10,Extreme Heat
2032-04-20,STORE-42,PROD-14,Electronics,24.0,65.83,15,Rain
2032-04-21,STORE-22,PROD-88,Grocery,4.0,341.31,20,None
2032-04-22,STORE-37,PROD-137,Grocery,4.0,354.03,0,Snow
2032-04-23,STORE-7,PROD-200,Grocery,18.0,363.24,15,Rain
2032-04-24,STORE-34,PROD-3,Grocery,27.0,366.95,0,None
2032-04-25,STORE-3,PROD-121,Grocery,43.0,10.03,15,Extreme Heat
2032-04-26,STORE-15,PROD-117,Grocery,32.0,477.42,5,Rain
2032-04-27,STORE-14,PROD-132,Electronics,33.0,408.96,20,Extreme Heat
2032-04-28,STORE-45,PROD-121,Furniture,28.0,452.95,20,Rain
2032-04-29,STORE-37,PROD-147,Clothing,42.0,17.67,0,Extreme Heat
2032-04-30,STORE-31,PROD-188,Grocery,41.0,467.59,5,Rain
2032-05-01,STORE-18,PROD-85,Clothing,36.0,406.8,10,Extreme Heat
2032-05-02,STORE-3,PROD-108,Electronics,6.0,420.24,20,None
2032-05-03,STORE-5,PROD-91,Grocery,16.0,55.71,5,Rain
2032-05-04,STORE-44,PROD-76,Furniture,34.0,372.0,5,None
2032-05-05,STORE-18,PROD-75,Clothing,23.0,480.36,0,Snow
2032-05-06,STORE-35,PROD-43,Grocery,42.0,342.49,5,None
2032-05-07,STORE-37,PROD-10,Electronics,24.0,289.58,5,Rain
2032-05-08,STORE-43,PROD-178,Furniture,49.0,473.36,10,None
2032-05-09,STORE-3,PROD-153,Clothing,13.0,227.04,0,Rain
2032-05-10,STORE-12,PROD-192,Clothing,18.0,303.65,0,Extreme Heat
2032-05-11,STORE-21,PROD-78,Grocery,13.0,243.41,5,Snow
2032-05-12,STORE-2,PROD-187,Furniture,49.0,467.09,10,None
2032-05-13,STORE-14,PROD-145,Furniture,37.0,47.28,15,Snow
2032-05-14,STORE-38,PROD-67,Furniture,43.0,255.55,20,None
2032-05-15,STORE-10,PROD-16,Furniture,39.0,346.61,0,Rain
2032-05-16,STORE-49,PROD-162,Electronics,42.0,398.03,10,None
2032-05-17,STORE-46,PROD-122,Furniture,17.0,295.68,10,Snow
2032-05-18,STORE-26,PROD-149,Clothing,15.0,455.37,5,None
2032-05-19,STORE-5,PROD-44,Clothing,18.0,471.58,20,Snow
2032-05-20,STORE-20,PROD-147,Electronics,23.0,41.52,0,Snow
2032-05-21,STORE-11,PROD-14,Clothing,30.0,207.16,15,Rain
2032-05-22,STORE-37,PROD-169,Clothing,34.0,21.49,5,Extreme Heat
2032-05-23,STORE-16,PROD-75,Furniture,4.0,171.41,0,Extreme Heat
2032-05-24,STORE-37,PROD-189,Clothing,3.0,273.07,0,None
2032-05-25,STORE-25,PROD-160,Electronics,7.0,456.29,10,Snow
2032-05-26,STORE-44,PROD-7,Furniture,18.0,424.81,20,Rain
2032-05-27,STORE-35,PROD-74,Grocery,42.0,72.47,15,Extreme Heat
2032-05-28,STORE-22,PROD-125,Furniture,7.0,55.58,20,Rain
2032-05-29,STORE-25,PROD-22,Electronics,40.0,298.74,10,Rain
2032-05-30,STORE-49,PROD-33,Furniture,6.0,270.74,15,Snow
2032-05-31,STORE-48,PROD-130,Furniture,22.0,140.53,15,None
2032-06-01,STORE-9,PROD-20,Electronics,1.0,450.73,5,Snow
2032-06-02,STORE-45,PROD-72,Furniture,4.0,464.41,15,Extreme Heat
2032-06-03,STORE-47,PROD-65,Electronics,46.0,207.28,0,Extreme Heat
2032-06-04,STORE-6,PROD-34,Electronics,49.0,446.25,20,Rain
2032-06-05,STORE-33,PROD-158,Grocery,43.0,198.13,20,Snow
2032-06-06,STORE-48,PROD-72,Clothing,29.0,371.04,5,Snow
2032-06-07,STORE-23,PROD-71,Clothing,21.0,243.21,15,Rain
2032-06-08,STORE-4,PROD-66,Furniture,26.0,70.07,10,None
2032-06-09,STORE-7,PROD-4,Furniture,7.0,464.69,0,Rain
2032-06-10,STORE-28,PROD-190,Grocery,9.0,232.51,5,Rain
2032-06-11,STORE-15,PROD-29,Grocery,47.0,369.9,15,Extreme Heat
2032-06-12,STORE-5,PROD-155,Grocery,12.0,189.92,10,Snow
2032-06-13,STORE-22,PROD-45,Electronics,42.0,19.25,15,Extreme Heat
2032-06-14,STORE-39,PROD-152,Grocery,6.0,59.26,5,Rain
2032-06-15,STORE-50,PROD-190,Grocery,20.0,253.15,10,Snow
2032-06-16,STORE-40,PROD-39,Furniture,24.0,348.08,10,Rain
2032-06-17,STORE-39,PROD-169,Grocery,27.0,174.02,10,Rain
2032-06-18,STORE-26,PROD-115,Electronics,38.0,350.79,10,None
2032-06-19,STORE-50,PROD-95,Electronics,8.0,704.66,15,Extreme Heat
2032-06-20,STORE-21,PROD-45,Furniture,1.0,354.93,10,Extreme Heat
2032-06-21,STORE-2,PROD-67,Grocery,49.0,251.34,15,Rain
2032-06-22,STORE-41,PROD-180,Grocery,24.5,458.29,10,None
2032-06-23,STORE-18,PROD-61,Electronics,24.0,249.71,10,Rain
2032-06-24,STORE-29,PROD-125,Grocery,47.0,230.63,5,Rain
2032-06-25,STORE-32,PROD-47,Grocery,7.0,107.7,15,Rain
2032-06-26,STORE-15,PROD-136,Grocery,19.0,,15,None
2032-06-27,STORE-23,PROD-9,Clothing,22.0,30.74,20,Snow
2032-06-28,STORE-36,PROD-88,Furniture,35.0,320.43,5,None
2032-06-29,STORE-25,PROD-22,Clothing,30.0,131.78,15,Rain
2032-06-30,STORE-28,PROD-38,Furniture,29.0,159.04,5,Snow
2032-07-01,STORE-12,PROD-153,Electronics,22.0,387.7,5,Rain
2032-07-02,STORE-44,PROD-40,Grocery,11.0,170.34,5,None
2032-07-03,STORE-38,PROD-127,Furniture,20.0,,0,None
2032-07-04,STORE-43,PROD-193,Clothing,29.0,92.84,15,Snow
2032-07-05,STORE-25,PROD-106,Grocery,41.0,389.68,5,None
2032-07-06,STORE-6,PROD-198,Electronics,42.0,73.56,0,Rain
2032-07-07,STORE-50,PROD-99,Furniture,34.0,232.34,0,Snow
2032-07-08,STORE-40,PROD-61,Furniture,1.0,258.4,10,Extreme Heat
2032-07-09,STORE-19,PROD-170,Furniture,31.0,346.82,10,Rain
2032-07-10,STORE-16,PROD-113,Grocery,30.0,320.31,15,Extreme Heat
2032-07-11,STORE-46,PROD-186,Clothing,48.0,407.25,10,Snow
2032-07-12,STORE-5,PROD-164,Clothing,18.0,31.93,15,Snow
2032-07-13,STORE-6,PROD-43,Furniture,17.0,155.26,0,Rain
2032-07-14,STORE-18,PROD-54,Electronics,38.0,147.27,0,None
2032-07-15,STORE-10,PROD-148,Electronics,14.0,81.55,15,Rain
2032-07-16,STORE-25,PROD-188,Clothing,23.0,151.7,10,None
2032-07-17,STORE-46,PROD-89,Electronics,25.0,161.79,10,None
2032-07-18,STORE-41,PROD-14,Clothing,15.0,265.72,15,Rain
2032-07-19,STORE-10,PROD-165,Furniture,46.0,335.22,20,Snow
2032-07-20,STORE-48,PROD-68,Clothing,22.0,196.74,10,Rain
2032-07-21,STORE-25,PROD-194,Clothing,3.0,362.54,5,Extreme Heat
2032-07-22,STORE-21,PROD-30,Furniture,19.0,174.72,10,Snow
2032-07-23,STORE-24,PROD-14,Electronics,44.0,152.24,20,None
2032-07-24,STORE-7,PROD-43,Clothing,34.0,275.18,0,Snow
2032-07-25,STORE-6,PROD-119,Clothing,35.0,21.62,0,Rain
2032-07-26,STORE-1,PROD-103,Furniture,1.0,49.1,0,Snow
2032-07-27,STORE-20,PROD-122,Electronics,21.0,214.81,10,None
2032-07-28,STORE-29,PROD-78,Clothing,29.0,472.03,0,None
2032-07-29,STORE-24,PROD-122,Furniture,6.0,363.54,20,Snow
2032-07-30,STORE-49,PROD-192,Clothing,37.0,53.18,20,Extreme Heat
2032-07-31,STORE-18,PROD-193,Grocery,1.0,424.7,10,None
2032-08-01,STORE-7,PROD-137,Furniture,1.0,368.83,5,Extreme Heat
2032-08-02,STORE-9,PROD-60,Electronics,27.0,309.36,10,None
2032-08-03,STORE-6,PROD-98,Electronics,21.0,411.94,0,Snow
2032-08-04,STORE-12,PROD-175,Electronics,16.0,208.01,10,None
2032-08-05,STORE-28,PROD-181,Electronics,44.0,118.54,20,Extreme Heat
2032-08-06,STORE-29,PROD-100,Clothing,40.0,260.89,10,Extreme Heat
2032-08-07,STORE-36,PROD-122,Clothing,26.0,278.93,10,Snow
2032-08-08,STORE-36,PROD-68,Electronics,16.0,273.78,5,Extreme Heat
2032-08-09,STORE-33,PROD-38,Electronics,28.0,286.89,20,Extreme Heat
2032-08-10,STORE-27,PROD-136,Electronics,1.0,474.87,15,Snow
2032-08-11,STORE-7,PROD-112,Clothing,36.0,452.1,15,None
2032-08-12,STORE-2,PROD-4,Electronics,10.0,439.1,20,Snow
2032-08-13,STORE-6,PROD-74,Electronics,43.0,402.69,15,None
2032-08-14,STORE-23,PROD-115,Grocery,,472.28,0,None
2032-08-15,STORE-36,PROD-98,Grocery,23.0,58.26,15,None
2032-08-16,STORE-6,PROD-174,Electronics,7.0,139.91,0,Rain
2032-08-17,STORE-39,PROD-81,Furniture,44.0,252.58,20,None
2032-08-18,STORE-39,PROD-136,Electronics,7.0,424.8,15,Snow
2032-08-19,STORE-21,PROD-175,Grocery,44.0,257.53,15,Snow
2032-08-20,STORE-25,PROD-11,Furniture,15.0,376.54,0,Snow
2032-08-21,STORE-1,PROD-25,Furniture,34.0,78.09,0,Rain
2032-08-22,STORE-19,PROD-137,Electronics,46.0,133.68,10,Extreme Heat
2032-08-23,STORE-27,PROD-164,Grocery,45.0,368.57,5,Rain
2032-08-24,STORE-25,PROD-91,Grocery,4.0,90.72,15,Snow
2032-08-25,STORE-50,PROD-111,Furniture,14.0,182.16,5,Snow
2032-08-26,STORE-6,PROD-157,Electronics,14.0,139.78,5,Extreme Heat
2032-08-27,STORE-47,PROD-167,Clothing,16.0,181.43,15,Rain
2032-08-28,STORE-36,PROD-70,Clothing,7.0,357.08,0,Snow
2032-08-29,STORE-16,PROD-86,Grocery,32.0,190.25,10,None
2032-08-30,STORE-37,PROD-70,Clothing,19.0,282.08,20,None
2032-08-31,STORE-34,PROD-69,Grocery,2.0,58.97,15,Snow
2032-09-01,STORE-11,PROD-26,Grocery,10.0,404.46,15,None
2032-09-02,STORE-44,PROD-66,Grocery,17.0,191.25,20,Extreme Heat
2032-09-03,STORE-25,PROD-168,Clothing,37.0,327.78,5,Snow
2032-09-04,STORE-11,PROD-150,Grocery,12.0,365.44,10,Rain
2032-09-05,STORE-9,PROD-101,Furniture,6.0,112.73,5,Snow
2032-09-06,STORE-18,PROD-119,Electronics,22.0,443.49,20,Extreme Heat
2032-09-07,STORE-20,PROD-198,Electronics,32.0,311.95,20,Rain
2032-09-08,STORE-18,PROD-173,Grocery,41.0,220.08,10,Extreme Heat
2032-09-09,STORE-32,PROD-192,Electronics,20.0,99.34,20,None
2032-09-10,STORE-10,PROD-62,Clothing,1.0,471.73,20,None
2032-09-11,STORE-5,PROD-188,Clothing,47.0,379.98,10,None
2032-09-12,STORE-11,PROD-173,Electronics,6.0,111.93,15,Extreme Heat
2032-09-13,STORE-28,PROD-151,Clothing,19.0,175.48,5,Extreme Heat
2032-09-14,STORE-18,PROD-198,Electronics,18.0,406.74,15,Snow
2032-09-15,STORE-27,PROD-50,Electronics,6.0,350.88,15,Rain
2032-09-16,STORE-20,PROD-134,Electronics,45.0,385.23,5,Rain
2032-09-17,STORE-31,PROD-87,Grocery,33.0,226.19,15,Extreme Heat
2032-09-18,STORE-5,PROD-174,Electronics,23.0,361.07,10,Extreme Heat
2032-09-19,STORE-24,PROD-177,Grocery,23.0,199.38,5,None
2032-09-20,STORE-17,PROD-47,Electronics,26.0,113.52,0,Extreme Heat
2032-09-21,STORE-16,PROD-81,Electronics,13.0,320.01,15,None
2032-09-22,STORE-47,PROD-141,Electronics,7.0,488.25,20,Extreme Heat
2032-09-23,STORE-41,PROD-3,Clothing,15.0,162.19,5,Rain
2032-09-24,STORE-32,PROD-173,Grocery,44.0,235.88,0,Snow
2032-09-25,STORE-39,PROD-3,Grocery,27.0,340.26,20,Extreme Heat
2032-09-26,STORE-40,PROD-18,Electronics,26.0,275.34,0,None
2032-09-27,STORE-13,PROD-4,Electronics,33.0,423.28,15,Snow
2032-09-28,STORE-30,PROD-106,Clothing,15.0,383.25,20,None
2032-09-29,STORE-7,PROD-26,Clothing,36.0,38.57,15,None
2032-09-30,STORE-9,PROD-135,Clothing,45.0,499.23,20,Snow
2032-10-01,STORE-20,PROD-27,Grocery,27.0,378.68,5,Snow
2032-10-02,STORE-1,PROD-176,Grocery,5.0,433.31,10,Snow
2032-10-03,STORE-26,PROD-115,Grocery,2.0,329.09,10,Extreme Heat
2032-10-04,STORE-22,PROD-90,Electronics,,429.58,0,Snow
2032-10-05,STORE-40,PROD-57,Grocery,16.0,65.07,20,Extreme Heat
2032-10-06,STORE-25,PROD-186,Furniture,23.0,180.39,15,Rain
2032-10-07,STORE-22,PROD-73,Furniture,38.0,439.45,5,Rain
2032-10-08,STORE-29,PROD-65,Clothing,16.0,108.81,5,None
2032-10-09,STORE-22,PROD-50,Grocery,14.0,48.34,5,None
2032-10-10,STORE-28,PROD-9,Furniture,29.0,396.18,10,Extreme Heat
2032-10-11,STORE-42,PROD-7,Clothing,26.0,419.39,15,None
2032-10-12,STORE-39,PROD-159,Grocery,35.0,179.4,5,Rain
2032-10-13,STORE-9,PROD-24,Electronics,15.0,428.63,5,Extreme Heat
2032-10-14,STORE-20,PROD-15,Furniture,3.0,346.52,0,Extreme Heat
2032-10-15,STORE-21,PROD-153,Electronics,23.0,264.84,20,Snow
2032-10-16,STORE-39,PROD-169,Grocery,29.0,416.82,20,Extreme Heat
2032-10-17,STORE-45,PROD-56,Furniture,34.0,215.43,20,None
2032-10-18,STORE-13,PROD-154,Grocery,33.0,105.06,0,Rain
2032-10-19,STORE-31,PROD-164,Electronics,41.0,149.58,10,None
2032-10-20,STORE-21,PROD-32,Furniture,41.0,257.53,0,Rain
2032-10-21,STORE-12,PROD-182,Electronics,23.0,270.35,5,Snow
2032-10-22,STORE-26,PROD-31,Grocery,7.0,404.73,15,Rain
2032-10-23,STORE-21,PROD-23,Grocery,3.0,397.76,5,Snow
2032-10-24,STORE-19,PROD-155,Electronics,32.0,294.87,5,None
2032-10-25,STORE-48,PROD-34,Furniture,31.0,392.58,15,Snow
2032-10-26,STORE-45,PROD-97,Electronics,18.0,103.97,20,Extreme Heat
2032-10-27,STORE-41,PROD-169,Grocery,43.0,34.53,0,Extreme Heat
2032-10-28,STORE-32,PROD-196,Electronics,7.0,438.08,10,Rain
2032-10-29,STORE-37,PROD-166,Grocery,41.0,47.02,5,None
2032-10-30,STORE-16,PROD-145,Electronics,1.0,130.88,5,None
2032-10-31,STORE-21,PROD-48,Furniture,14.0,350.71,10,Rain
2032-11-01,STORE-25,PROD-29,Furniture,32.0,210.63,0,Extreme Heat
2032-11-02,STORE-18,PROD-179,Electronics,6.0,439.39,5,Snow
2032-11-03,STORE-26,PROD-48,Electronics,39.0,156.01,10,Rain
2032-11-04,STORE-24,PROD-65,Furniture,5.0,15.82,5,Snow
2032-11-05,STORE-8,PROD-76,Grocery,7.0,157.32,20,Snow
2032-11-06,STORE-37,PROD-120,Furniture,26.0,293.26,20,None
2032-11-07,STORE-13,PROD-170,Grocery,34.0,194.21,5,Extreme Heat
2032-11-08,STORE-38,PROD-20,Electronics,30.0,272.09,5,Snow
2032-11-09,STORE-35,PROD-164,Electronics,36.0,,20,Extreme Heat
2032-11-10,STORE-12,PROD-117,Grocery,21.0,457.12,5,None
2032-11-11,STORE-44,PROD-71,Electronics,17.0,140.33,0,Rain
2032-11-12,STORE-50,PROD-197,Grocery,33.0,236.45,0,Rain
2032-11-13,STORE-36,PROD-110,Clothing,10.0,279.08,15,None
2032-11-14,STORE-2,PROD-178,Furniture,47.0,475.07,0,None
2032-11-15,STORE-47,PROD-171,Clothing,42.0,499.32,5,Snow
2032-11-16,STORE-30,PROD-198,Grocery,12.0,125.35,5,None
2032-11-17,STORE-46,PROD-198,Furniture,16.0,366.22,10,Rain
2032-11-18,STORE-14,PROD-83,Grocery,41.0,195.24,0,Extreme Heat
2032-11-19,STORE-29,PROD-66,Furniture,32.0,13.97,20,Extreme Heat
2032-11-20,STORE-19,PROD-42,Furniture,15.0,14.53,20,Extreme Heat
2032-11-21,STORE-45,PROD-200,Furniture,27.0,235.68,15,Extreme Heat
2032-11-22,STORE-5,PROD-19,Furniture,28.0,249.28,10,None
2032-11-23,STORE-27,PROD-71,Grocery,17.0,21.06,20,None
2032-11-24,STORE-44,PROD-199,Furniture,46.0,346.59,15,Extreme Heat
2032-11-25,STORE-32,PROD-16,Furniture,2.0,154.06,0,None
2032-11-26,STORE-9,PROD-98,Clothing,36.0,284.35,10,Snow
2032-11-27,STORE-41,PROD-100,Electronics,7.0,157.45,10,None
2032-11-28,STORE-20,PROD-86,Electronics,13.0,91.9,5,Snow
2032-11-29,STORE-16,PROD-16,Clothing,15.0,209.52,0,Snow
2032-11-30,STORE-17,PROD-67,Clothing,25.0,123.81,10,None
2032-12-01,STORE-43,PROD-68,Grocery,23.0,272.05,15,Extreme Heat
2032-12-02,STORE-10,PROD-46,Grocery,22.0,107.43,20,Snow
2032-12-03,STORE-46,PROD-113,Grocery,13.0,259.12,0,None
2032-12-04,STORE-28,PROD-18,Clothing,33.0,87.12,0,Rain
2032-12-05,STORE-25,PROD-126,Clothing,11.0,338.78,10,Extreme Heat
2032-12-06,STORE-5,PROD-52,Furniture,10.0,379.43,10,Rain
2032-12-07,STORE-29,PROD-157,Grocery,25.0,64.09,10,Snow
2032-12-08,STORE-39,PROD-101,Grocery,37.0,239.22,15,Rain
2032-12-09,STORE-31,PROD-46,Grocery,48.0,44.73,5,None
2032-12-10,STORE-38,PROD-166,Electronics,43.0,303.11,10,Extreme Heat
2032-12-11,STORE-26,PROD-126,Furniture,19.0,139.56,5,Snow
2032-12-12,STORE-35,PROD-28,Grocery,41.0,268.54,5,None
2032-12-13,STORE-33,PROD-37,Grocery,45.0,263.56,0,Extreme Heat
2032-12-14,STORE-45,PROD-139,Grocery,24.0,462.93,20,Snow
2032-12-15,STORE-27,PROD-197,Electronics,40.0,279.05,20,Snow
2032-12-16,STORE-35,PROD-111,Electronics,46.0,295.67,15,Snow
2032-12-17,STORE-3,PROD-56,Clothing,33.0,206.81,15,Snow
2032-12-18,STORE-24,PROD-158,Furniture,17.0,475.05,20,Rain
2032-12-19,STORE-45,PROD-165,Clothing,24.0,390.82,20,Rain
2032-12-20,STORE-35,PROD-28,Furniture,37.0,149.85,0,Rain
2032-12-21,STORE-39,PROD-114,Electronics,2.0,423.66,0,Snow
2032-12-22,STORE-41,PROD-184,Grocery,32.0,221.87,20,Rain
2032-12-23,STORE-6,PROD-67,Clothing,24.0,416.05,10,Extreme Heat
2032-12-24,STORE-7,PROD-27,Grocery,9.0,413.22,10,Snow
2032-12-25,STORE-50,PROD-9,Clothing,4.0,102.55,0,Extreme Heat
2032-12-26,STORE-16,PROD-19,Electronics,17.0,353.56,5,Extreme Heat
2032-12-27,STORE-43,PROD-19,Electronics,17.0,152.42,20,Rain
2032-12-28,STORE-43,PROD-147,Electronics,48.0,155.77,15,Snow
2032-12-29,STORE-23,PROD-187,Clothing,30.0,155.21,10,Rain
2032-12-30,STORE-11,PROD-65,Furniture,40.0,365.53,5,Rain
2032-12-31,STORE-42,PROD-199,Clothing,11.0,122.61,10,Rain
2033-01-01,STORE-40,PROD-115,Furniture,21.0,10.44,5,Snow
2033-01-02,STORE-3,PROD-5,Clothing,21.0,360.47,20,Snow
2033-01-03,STORE-37,PROD-128,Clothing,18.0,93.88,20,Rain
2033-01-04,STORE-42,PROD-39,Electronics,29.0,61.2,20,Extreme Heat
2033-01-05,STORE-44,PROD-168,Grocery,24.0,126.38,0,Extreme Heat
2033-01-06,STORE-42,PROD-164,Grocery,10.0,196.15,5,Snow
2033-01-07,STORE-26,PROD-1,Furniture,45.0,243.19,15,None
2033-01-08,STORE-49,PROD-10,Grocery,17.0,31.84,15,Rain
2033-01-09,STORE-22,PROD-171,Clothing,18.0,485.58,20,Rain
2033-01-10,STORE-28,PROD-100,Clothing,42.0,360.87,15,None
2033-01-11,STORE-7,PROD-69,Electronics,48.0,168.37,10,Snow
2033-01-12,STORE-1,PROD-39,Electronics,20.0,166.16,5,Extreme Heat
2033-01-13,STORE-7,PROD-180,Grocery,37.0,229.79,5,Snow
2033-01-14,STORE-17,PROD-85,Furniture,45.0,316.86,5,Extreme Heat
2033-01-15,STORE-15,PROD-101,Grocery,18.0,81.72,10,Extreme Heat
2033-01-16,STORE-33,PROD-148,Grocery,17.0,102.58,0,Snow
2033-01-17,STORE-48,PROD-1,Grocery,9.0,431.12,10,Rain
2033-01-18,STORE-34,PROD-132,Grocery,14.0,135.56,5,Rain
2033-01-19,STORE-36,PROD-182,Clothing,49.0,196.3,5,Rain
2033-01-20,STORE-38,PROD-198,Furniture,29.0,436.92,5,Extreme Heat
2033-01-21,STORE-45,PROD-126,Clothing,31.0,334.94,15,Rain
2033-01-22,STORE-37,PROD-123,Furniture,4.0,177.44,0,Extreme Heat
2033-01-23,STORE-15,PROD-112,Electronics,18.0,345.01,10,Rain
2033-01-24,STORE-29,PROD-104,Grocery,20.0,19.64,5,Snow
2033-01-25,STORE-24,PROD-187,Clothing,47.0,370.46,20,None
2033-01-26,STORE-26,PROD-200,Furniture,43.0,248.64,0,Extreme Heat
2033-01-27,STORE-30,PROD-18,Electronics,44.0,408.46,20,Snow
2033-01-28,STORE-50,PROD-139,Electronics,9.0,477.77,0,Extreme Heat
2033-01-29,STORE-44,PROD-58,Grocery,13.0,463.64,5,Extreme Heat
2033-01-30,STORE-38,PROD-1,Furniture,15.0,455.54,0,Snow
2033-01-31,STORE-45,PROD-99,Clothing,27.0,260.96,0,Rain
2033-02-01,STORE-33,PROD-177,Grocery,15.0,186.47,5,Extreme Heat
2033-02-02,STORE-10,PROD-200,Clothing,28.0,237.87,20,None
2033-02-03,STORE-23,PROD-124,Electronics,37.0,348.05,20,None
2033-02-04,STORE-2,PROD-32,Clothing,19.0,443.16,15,Snow
2033-02-05,STORE-31,PROD-146,Clothing,26.0,111.42,20,None
2033-02-06,STORE-7,PROD-138,Grocery,26.0,459.91,20,Snow
2033-02-07,STORE-19,PROD-92,Clothing,25.0,409.44,0,Snow
2033-02-08,STORE-27,PROD-86,Grocery,26.0,489.64,15,Extreme Heat
2033-02-09,STORE-6,PROD-175,Electronics,26.0,441.32,5,Snow
2033-02-10,STORE-8,PROD-78,Grocery,46.0,147.17,5,Snow
2033-02-11,STORE-47,PROD-103,Grocery,28.0,61.92,10,Rain
2033-02-12,STORE-10,PROD-15,Furniture,49.0,65.0,15,Extreme Heat
2033-02-13,STORE-23,PROD-162,Clothing,18.0,152.7,0,None
2033-02-14,STORE-20,PROD-166,Electronics,32.0,310.95,10,Rain
2033-02-15,STORE-22,PROD-24,Grocery,,404.12,10,Rain
2033-02-16,STORE-30,PROD-94,Electronics,2.0,450.63,5,Extreme Heat
2033-02-17,STORE-14,PROD-137,Furniture,33.0,315.64,20,Extreme Heat
2033-02-18,STORE-34,PROD-88,Clothing,42.0,12.76,0,Rain
2033-02-19,STORE-31,PROD-21,Grocery,19.0,101.3,15,Extreme Heat
2033-02-20,STORE-23,PROD-118,Clothing,17.0,58.87,10,Extreme Heat
2033-02-21,STORE-31,PROD-195,Furniture,44.0,188.03,0,Snow
2033-02-22,STORE-7,PROD-197,Furniture,33.0,255.66,5,Extreme Heat
2033-02-23,STORE-29,PROD-75,Electronics,12.0,31.26,10,Snow
2033-02-24,STORE-47,PROD-166,Grocery,49.0,180.75,10,Rain
2033-02-25,STORE-45,PROD-52,Electronics,3.0,97.8,5,Rain
2033-02-26,STORE-29,PROD-46,Furniture,43.0,327.06,5,None
2033-02-27,STORE-21,PROD-142,Clothing,49.0,237.49,5,Extreme Heat
2033-02-28,STORE-5,PROD-11,Electronics,26.0,252.71,0,Rain
2033-03-01,STORE-20,PROD-99,Electronics,35.0,219.57,0,Snow
2033-03-02,STORE-3,PROD-170,Clothing,4.0,478.45,0,Rain
2033-03-03,STORE-46,PROD-49,Electronics,36.0,115.22,20,Extreme Heat
2033-03-04,STORE-8,PROD-77,Clothing,7.0,263.17,10,None
2033-03-05,STORE-2,PROD-179,Grocery,,370.65,0,None
2033-03-06,STORE-22,PROD-100,Clothing,46.0,282.85,20,Rain
2033-03-07,STORE-42,PROD-28,Grocery,36.0,465.22,10,None
2033-03-08,STORE-7,PROD-162,Clothing,16.0,195.2,0,Extreme Heat
2033-03-09,STORE-44,PROD-177,Furniture,24.0,237.2,5,Extreme Heat
2033-03-10,STORE-11,PROD-92,Furniture,1.0,53.38,15,None
2033-03-11,STORE-48,PROD-125,Grocery,49.0,308.41,0,Snow
2033-03-12,STORE-16,PROD-22,Grocery,25.0,151.22,15,None
2033-03-13,STORE-34,PROD-162,Furniture,10.0,88.55,0,None
2033-03-14,STORE-12,PROD-113,Grocery,16.0,276.82,5,Rain
2033-03-15,STORE-36,PROD-189,Clothing,16.0,270.83,15,Snow
2033-03-16,STORE-11,PROD-49,Clothing,8.0,47.18,20,None
2033-03-17,STORE-22,PROD-36,Furniture,29.0,352.13,5,Rain
2033-03-18,STORE-36,PROD-10,Electronics,39.0,315.65,15,Rain
2033-03-19,STORE-28,PROD-50,Clothing,28.0,102.62,15,Rain
2033-03-20,STORE-30,PROD-7,Grocery,6.0,240.02,5,Extreme Heat
2033-03-21,STORE-15,PROD-185,Electronics,16.0,362.96,5,Rain
2033-03-22,STORE-26,PROD-152,Electronics,20.0,269.42,5,Rain
2033-03-23,STORE-41,PROD-62,Clothing,16.0,203.79,10,Extreme Heat
2033-03-24,STORE-12,PROD-126,Clothing,7.0,167.95,20,Extreme Heat
2033-03-25,STORE-12,PROD-100,Electronics,41.0,309.09,0,Rain
2033-03-26,STORE-41,PROD-17,Electronics,14.0,470.16,15,None
2033-03-27,STORE-43,PROD-139,Furniture,43.0,339.15,0,Snow
2033-03-28,STORE-28,PROD-165,Grocery,26.0,46.63,5,Extreme Heat
2033-03-29,STORE-26,PROD-79,Furniture,26.0,235.74,20,Snow
2033-03-30,STORE-2,PROD-128,Clothing,14.0,446.5,20,Extreme Heat
2033-03-31,STORE-48,PROD-137,Furniture,7.0,56.29,10,Rain
2033-04-01,STORE-40,PROD-116,Furniture,33.0,494.55,5,Extreme Heat
2033-04-02,STORE-13,PROD-5,Furniture,26.0,475.04,15,Rain
2033-04-03,STORE-29,PROD-10,Furniture,45.0,48.35,10,Snow
2033-04-04,STORE-38,PROD-87,Grocery,20.0,467.37,5,None
2033-04-05,STORE-28,PROD-15,Grocery,3.0,187.93,10,Rain
2033-04-06,STORE-25,PROD-87,Electronics,4.0,423.91,0,Snow
2033-04-07,STORE-1,PROD-185,Clothing,26.0,215.01,5,Snow
2033-04-08,STORE-46,PROD-11,Furniture,11.0,226.02,15,Extreme Heat
2033-04-09,STORE-14,PROD-104,Electronics,2.0,320.78,15,Rain
2033-04-10,STORE-14,PROD-31,Electronics,14.0,389.49,5,Snow
2033-04-11,STORE-18,PROD-55,Electronics,44.0,26.56,10,None
2033-04-12,STORE-49,PROD-168,Grocery,30.0,300.65,20,Extreme Heat
2033-04-13,STORE-46,PROD-171,Furniture,49.0,101.5,5,Extreme Heat
2033-04-14,STORE-5,PROD-134,Furniture,12.0,179.52,15,Snow
2033-04-15,STORE-37,PROD-118,Clothing,26.0,180.5,0,Rain
2033-04-16,STORE-7,PROD-174,Furniture,44.0,239.84,15,Extreme Heat
2033-04-17,STORE-35,PROD-138,Furniture,33.0,173.73,20,Rain
2033-04-18,STORE-12,PROD-39,Electronics,13.0,62.61,15,Snow
2033-04-19,STORE-24,PROD-190,Clothing,14.0,81.36,20,Snow
2033-04-20,STORE-21,PROD-149,Furniture,24.0,26.38,5,Rain
2033-04-21,STORE-13,PROD-60,Grocery,34.0,240.42,15,None
2033-04-22,STORE-30,PROD-19,Furniture,44.0,477.68,10,Extreme Heat
2033-04-23,STORE-8,PROD-10,Electronics,26.0,66.68,10,Snow
2033-04-24,STORE-17,PROD-189,Grocery,21.0,473.67,15,None
2033-04-25,STORE-43,PROD-37,Electronics,28.0,369.35,15,None
2033-04-26,STORE-32,PROD-126,Furniture,48.0,322.37,0,Rain
2033-04-27,STORE-34,PROD-168,Grocery,36.0,326.19,15,Rain
2033-04-28,STORE-41,PROD-5,Clothing,40.0,415.1,0,Rain
2033-04-29,STORE-21,PROD-121,Clothing,2.0,62.39,0,None
2033-04-30,STORE-39,PROD-159,Grocery,42.0,257.33,0,Extreme Heat
2033-05-01,STORE-25,PROD-12,Grocery,9.0,351.57,0,Rain
2033-05-02,STORE-40,PROD-63,Electronics,23.0,297.54,5,Extreme Heat
2033-05-03,STORE-26,PROD-180,Grocery,15.0,418.06,10,Rain
2033-05-04,STORE-38,PROD-167,Electronics,13.0,45.41,0,None
2033-05-05,STORE-8,PROD-34,Furniture,23.0,348.44,10,Extreme Heat
2033-05-06,STORE-23,PROD-4,Electronics,17.0,271.67,0,Extreme Heat
2033-05-07,STORE-23,PROD-45,Grocery,48.0,195.79,10,None
2033-05-08,STORE-30,PROD-162,Grocery,2.0,176.73,15,Extreme Heat
2033-05-09,STORE-40,PROD-13,Furniture,20.0,314.21,15,None
2033-05-10,STORE-12,PROD-79,Grocery,20.0,446.59,10,None
2033-05-11,STORE-44,PROD-25,Grocery,46.0,253.13,0,Snow
2033-05-12,STORE-46,PROD-117,Clothing,3.0,414.11,5,Rain
2033-05-13,STORE-20,PROD-157,Clothing,12.0,207.06,10,Snow
2033-05-14,STORE-40,PROD-44,Furniture,40.0,60.17,20,None
2033-05-15,STORE-38,PROD-152,Electronics,2.0,40.14,5,None
2033-05-16,STORE-6,PROD-17,Clothing,,35.15,20,Extreme Heat
2033-05-17,STORE-44,PROD-28,Electronics,14.0,196.27,10,None
2033-05-18,STORE-9,PROD-30,Grocery,16.0,175.25,0,None
2033-05-19,STORE-21,PROD-128,Clothing,19.0,361.79,20,None
2033-05-20,STORE-8,PROD-153,Furniture,34.0,373.98,10,Rain
2033-05-21,STORE-16,PROD-158,Furniture,44.0,34.92,5,Snow
2033-05-22,STORE-20,PROD-57,Furniture,46.0,118.35,0,Snow
2033-05-23,STORE-8,PROD-17,Clothing,6.0,144.39,20,Rain
2033-05-24,STORE-12,PROD-52,Electronics,13.0,278.33,10,Rain
2033-05-25,STORE-24,PROD-110,Grocery,36.0,80.81,0,Rain
2033-05-26,STORE-45,PROD-87,Electronics,22.0,75.63,0,Snow
2033-05-27,STORE-10,PROD-189,Electronics,18.0,472.46,15,Snow
2033-05-28,STORE-33,PROD-174,Grocery,12.0,404.06,0,None
2033-05-29,STORE-25,PROD-103,Grocery,30.0,98.52,10,Snow
2033-05-30,STORE-27,PROD-84,Clothing,40.0,418.44,5,Extreme Heat
2033-05-31,STORE-39,PROD-31,Clothing,7.0,184.25,15,Snow
2033-06-01,STORE-9,PROD-176,Clothing,32.0,397.59,10,Rain
2033-06-02,STORE-37,PROD-148,Clothing,48.0,260.0,10,Snow
2033-06-03,STORE-25,PROD-140,Clothing,19.0,72.65,10,None
2033-06-04,STORE-28,PROD-36,Grocery,6.0,372.11,20,Snow
2033-06-05,STORE-12,PROD-83,Electronics,20.0,204.48,20,Rain
2033-06-06,STORE-32,PROD-55,Clothing,27.0,138.83,5,Extreme Heat
2033-06-07,STORE-41,PROD-196,Clothing,43.0,193.99,10,Rain
2033-06-08,STORE-35,PROD-12,Electronics,37.0,253.9,20,Extreme Heat
2033-06-09,STORE-45,PROD-152,Clothing,48.0,178.13,20,None
2033-06-10,STORE-42,PROD-45,Electronics,7.0,128.53,20,None
2033-06-11,STORE-12,PROD-86,Electronics,5.0,205.27,5,Snow
2033-06-12,STORE-36,PROD-17,Grocery,11.0,19.39,5,None
2033-06-13,STORE-11,PROD-31,Furniture,15.0,388.52,10,None
2033-06-14,STORE-32,PROD-71,Grocery,3.0,93.76,15,Rain
2033-06-15,STORE-19,PROD-37,Furniture,5.0,31.51,10,Rain
2033-06-16,STORE-9,PROD-194,Furniture,23.0,330.31,20,Snow
2033-06-17,STORE-12,PROD-107,Furniture,37.0,389.23,20,Snow
2033-06-18,STORE-21,PROD-44,Clothing,9.0,408.78,0,Snow
2033-06-19,STORE-29,PROD-179,Grocery,15.0,251.82,10,Snow
2033-06-20,STORE-40,PROD-95,Furniture,3.0,110.63,20,Rain
2033-06-21,STORE-4,PROD-142,Electronics,29.0,371.24,20,Snow
2033-06-22,STORE-23,PROD-43,Clothing,6.0,352.86,15,Snow
2033-06-23,STORE-1,PROD-113,Grocery,17.0,130.67,0,None
2033-06-24,STORE-32,PROD-63,Furniture,26.0,452.67,10,Snow
2033-06-25,STORE-9,PROD-149,Electronics,21.0,61.14,5,Extreme Heat
2033-06-26,STORE-13,PROD-11,Grocery,8.0,491.52,10,None
2033-06-27,STORE-25,PROD-35,Grocery,21.0,431.52,10,Rain
2033-06-28,STORE-36,PROD-26,Clothing,11.0,347.07,15,Extreme Heat
2033-06-29,STORE-33,PROD-162,Grocery,38.0,469.99,10,Snow
2033-06-30,STORE-42,PROD-157,Clothing,8.0,363.93,15,None
2033-07-01,STORE-32,PROD-97,Furniture,42.0,103.32,15,Snow
2033-07-02,STORE-27,PROD-200,Clothing,24.0,226.66,20,None
2033-07-03,STORE-44,PROD-41,Electronics,35.0,45.04,5,Snow
2033-07-04,STORE-32,PROD-5,Clothing,14.0,200.93,15,Extreme Heat
2033-07-05,STORE-27,PROD-125,Electronics,14.0,373.39,0,Rain
2033-07-06,STORE-46,PROD-21,Clothing,10.0,199.36,0,Extreme Heat
2033-07-07,STORE-29,PROD-2,Grocery,12.0,171.84,5,Extreme Heat
2033-07-08,STORE-32,PROD-2,Furniture,38.0,301.72,15,Rain
2033-07-09,STORE-11,PROD-46,Electronics,44.0,437.38,5,None
2033-07-10,STORE-6,PROD-23,Clothing,46.0,33.32,20,None
2033-07-11,STORE-37,PROD-181,Clothing,34.0,198.88,0,Rain
2033-07-12,STORE-2,PROD-167,Clothing,41.0,87.54,10,Snow
2033-07-13,STORE-49,PROD-152,Grocery,10.0,350.72,0,None
2033-07-14,STORE-15,PROD-73,Grocery,17.0,61.81,15,Extreme Heat
2033-07-15,STORE-19,PROD-107,Electronics,17.0,335.76,5,Rain
2033-07-16,STORE-3,PROD-178,Electronics,3.0,150.23,0,Extreme Heat
2033-07-17,STORE-18,PROD-198,Grocery,31.0,107.47,10,None
2033-07-18,STORE-15,PROD-122,Electronics,1.0,468.81,10,Rain
2033-07-19,STORE-35,PROD-178,Furniture,12.0,19.08,5,Rain
2033-07-20,STORE-19,PROD-33,Furniture,39.0,224.51,5,None
2033-07-21,STORE-11,PROD-53,Grocery,4.0,20.6,0,None
2033-07-22,STORE-50,PROD-37,Electronics,42.0,246.96,15,Rain
2033-07-23,STORE-30,PROD-164,Clothing,13.0,255.51,20,Snow
2033-07-24,STORE-37,PROD-70,Furniture,34.0,167.61,10,Rain
2033-07-25,STORE-48,PROD-134,Grocery,42.0,74.76,5,Snow
2033-07-26,STORE-50,PROD-116,Electronics,10.5,194.43,20,Extreme Heat
2033-07-27,STORE-50,PROD-106,Grocery,22.0,339.41,20,Snow
2033-07-28,STORE-32,PROD-62,Clothing,4.0,393.37,20,Snow
2033-07-29,STORE-36,PROD-45,Furniture,18.0,270.07,15,None
2033-07-30,STORE-33,PROD-157,Grocery,5.0,299.02,5,Rain
2033-07-31,STORE-8,PROD-178,Grocery,19.0,108.3,10,Extreme Heat
2033-08-01,STORE-37,PROD-10,Grocery,2.0,150.79,5,Rain
2033-08-02,STORE-8,PROD-153,Clothing,12.0,89.33,0,Snow
2033-08-03,STORE-18,PROD-47,Grocery,17.0,132.15,10,Snow
2033-08-04,STORE-50,PROD-184,Clothing,10.0,120.19,5,Snow
2033-08-05,STORE-35,PROD-128,Clothing,34.0,264.53,10,Rain
2033-08-06,STORE-24,PROD-157,Clothing,6.0,285.72,0,Snow
2033-08-07,STORE-35,PROD-23,Furniture,8.0,473.02,10,Rain
2033-08-08,STORE-49,PROD-161,Furniture,11.0,105.83,20,Extreme Heat
2033-08-09,STORE-3,PROD-78,Grocery,12.0,324.42,15,Extreme Heat
2033-08-10,STORE-49,PROD-90,Grocery,9.0,410.46,0,Rain
2033-08-11,STORE-47,PROD-108,Furniture,2.0,284.52,10,Extreme Heat
2033-08-12,STORE-29,PROD-2,Electronics,8.0,134.95,0,None
2033-08-13,STORE-35,PROD-143,Furniture,11.0,138.65,20,Snow
2033-08-14,STORE-14,PROD-61,Clothing,36.0,29.23,15,Snow
2033-08-15,STORE-28,PROD-50,Furniture,10.0,159.67,0,Snow
2033-08-16,STORE-7,PROD-31,Clothing,21.0,374.86,20,None
2033-08-17,STORE-48,PROD-136,Grocery,20.0,33.28,20,Snow
2033-08-18,STORE-42,PROD-25,Electronics,48.0,117.45,20,Rain
2033-08-19,STORE-49,PROD-159,Grocery,8.0,356.05,10,Snow
2033-08-20,STORE-16,PROD-93,Clothing,36.0,393.5,5,Rain
2033-08-21,STORE-20,PROD-195,Clothing,29.0,233.11,0,Extreme Heat
2033-08-22,STORE-3,PROD-139,Clothing,42.0,352.06,5,Rain
2033-08-23,STORE-29,PROD-130,Electronics,12.0,200.1,20,Rain
2033-08-24,STORE-17,PROD-57,Furniture,14.0,88.36,5,Rain
2033-08-25,STORE-23,PROD-119,Grocery,48.0,205.09,20,Snow
2033-08-26,STORE-6,PROD-198,Grocery,21.0,,20,None
2033-08-27,STORE-29,PROD-161,Furniture,22.0,474.55,15,None
2033-08-28,STORE-8,PROD-169,Grocery,21.0,43.69,15,Rain
2033-08-29,STORE-50,PROD-54,Electronics,44.0,,5,Snow
2033-08-30,STORE-16,PROD-71,Grocery,30.0,171.17,0,None
2033-08-31,STORE-14,PROD-14,Clothing,39.0,259.07,5,Extreme Heat
2033-09-01,STORE-48,PROD-50,Furniture,20.0,21.75,0,Extreme Heat
2033-09-02,STORE-38,PROD-29,Electronics,24.0,163.38,5,Snow
2033-09-03,STORE-45,PROD-39,Furniture,23.0,411.74,10,Extreme Heat
2033-09-04,STORE-23,PROD-176,Electronics,7.0,281.43,10,Extreme Heat
2033-09-05,STORE-46,PROD-122,Clothing,9.0,230.79,0,Extreme Heat
2033-09-06,STORE-40,PROD-128,Furniture,1.0,149.91,15,None
2033-09-07,STORE-41,PROD-46,Grocery,26.0,156.04,0,Extreme Heat
2033-09-08,STORE-28,PROD-41,Electronics,38.0,197.72,5,Rain
2033-09-09,STORE-11,PROD-172,Furniture,38.0,419.43,20,Rain
2033-09-10,STORE-40,PROD-12,Grocery,44.0,483.93,10,Extreme Heat
2033-09-11,STORE-9,PROD-14,Furniture,22.0,224.94,20,Rain
2033-09-12,STORE-14,PROD-166,Furniture,44.0,202.74,10,None
2033-09-13,STORE-14,PROD-94,Furniture,10.0,424.81,5,Snow
2033-09-14,STORE-4,PROD-73,Electronics,6.0,219.18,10,Rain
2033-09-15,STORE-37,PROD-54,Grocery,17.0,280.49,0,Extreme Heat
2033-09-16,STORE-23,PROD-112,Clothing,38.0,123.16,20,Snow
2033-09-17,STORE-35,PROD-65,Electronics,24.0,374.32,20,Snow
2033-09-18,STORE-18,PROD-86,Electronics,10.0,270.67,5,Extreme Heat
2033-09-19,STORE-39,PROD-158,Electronics,8.0,406.43,20,Rain
2033-09-20,STORE-35,PROD-195,Clothing,21.0,392.56,5,None
2033-09-21,STORE-11,PROD-117,Grocery,6.0,115.35,15,Rain
2033-09-22,STORE-21,PROD-12,Grocery,21.0,360.66,0,Rain
2033-09-23,STORE-46,PROD-27,Grocery,,402.03,10,None
2033-09-24,STORE-19,PROD-190,Furniture,24.0,179.59,10,Snow
2033-09-25,STORE-19,PROD-14,Furniture,33.0,94.58,10,None
2033-09-26,STORE-37,PROD-138,Furniture,18.0,11.29,15,None
2033-09-27,STORE-18,PROD-46,Clothing,28.0,230.94,0,Extreme Heat
2033-09-28,STORE-33,PROD-41,Furniture,32.0,182.69,20,Extreme Heat
2033-09-29,STORE-44,PROD-8,Clothing,12.0,281.91,20,Rain
2033-09-30,STORE-7,PROD-125,Grocery,48.0,102.14,0,Extreme Heat
2033-10-01,STORE-9,PROD-132,Furniture,42.0,431.24,0,None
2033-10-02,STORE-49,PROD-30,Furniture,27.0,136.3,10,None
2033-10-03,STORE-27,PROD-19,Electronics,10.0,120.95,20,Extreme Heat
2033-10-04,STORE-4,PROD-61,Clothing,46.0,245.55,0,Extreme Heat
2033-10-05,STORE-18,PROD-185,Grocery,42.0,254.44,20,Extreme Heat
2033-10-06,STORE-42,PROD-114,Electronics,32.0,115.39,0,None
2033-10-07,STORE-9,PROD-152,Electronics,42.0,143.21,5,Snow
2033-10-08,STORE-45,PROD-149,Grocery,26.0,93.16,10,Snow
2033-10-09,STORE-9,PROD-84,Electronics,25.0,362.05,0,Extreme Heat
2033-10-10,STORE-16,PROD-108,Clothing,11.0,387.34,15,Rain
2033-10-11,STORE-10,PROD-51,Clothing,23.0,236.54,0,Rain
2033-10-12,STORE-46,PROD-192,Furniture,34.0,359.9,5,Snow
2033-10-13,STORE-21,PROD-174,Electronics,40.0,370.61,15,Extreme Heat
2033-10-14,STORE-16,PROD-84,Furniture,23.0,77.76,15,None
2033-10-15,STORE-49,PROD-59,Electronics,29.0,483.43,0,Rain
2033-10-16,STORE-44,PROD-200,Clothing,31.0,412.31,5,Rain
2033-10-17,STORE-26,PROD-29,Clothing,7.0,110.2,15,None
2033-10-18,STORE-32,PROD-84,Clothing,40.0,101.22,10,None
2033-10-19,STORE-10,PROD-59,Electronics,33.0,71.57,10,Extreme Heat
2033-10-20,STORE-37,PROD-26,Clothing,21.0,77.81,20,None
2033-10-21,STORE-41,PROD-61,Electronics,2.0,376.6,20,None
2033-10-22,STORE-18,PROD-189,Furniture,18.0,240.13,5,None
2033-10-23,STORE-41,PROD-106,Electronics,47.0,393.64,15,Snow
2033-10-24,STORE-27,PROD-52,Furniture,33.0,375.66,10,None
2033-10-25,STORE-25,PROD-97,Electronics,37.0,306.26,10,Rain
2033-10-26,STORE-29,PROD-57,Furniture,34.0,346.32,5,Extreme Heat
2033-10-27,STORE-5,PROD-19,Clothing,20.0,18.99,15,Extreme Heat
2033-10-28,STORE-41,PROD-121,Furniture,35.0,162.77,5,Extreme Heat
2033-10-29,STORE-50,PROD-150,Clothing,18.0,322.53,0,Snow
2033-10-30,STORE-6,PROD-125,Clothing,46.0,14.58,10,Rain
2033-10-31,STORE-26,PROD-14,Furniture,24.0,26.16,5,None
2033-11-01,STORE-33,PROD-112,Electronics,8.0,427.43,5,Rain
2033-11-02,STORE-48,PROD-38,Electronics,30.0,345.17,0,Extreme Heat
2033-11-03,STORE-18,PROD-56,Grocery,44.0,140.03,20,None
2033-11-04,STORE-45,PROD-157,Electronics,10.0,347.1,10,Extreme Heat
2033-11-05,STORE-24,PROD-117,Grocery,23.0,398.3,5,Extreme Heat
2033-11-06,STORE-30,PROD-46,Electronics,49.0,160.33,10,Extreme Heat
2033-11-07,STORE-32,PROD-100,Electronics,11.0,27.66,20,Rain
2033-11-08,STORE-21,PROD-96,Clothing,2.0,467.06,5,Rain
2033-11-09,STORE-38,PROD-35,Grocery,26.0,179.14,0,Extreme Heat
2033-11-10,STORE-1,PROD-118,Electronics,36.0,62.18,10,Extreme Heat
2033-11-11,STORE-50,PROD-185,Grocery,33.0,251.01,0,None
2033-11-12,STORE-47,PROD-50,Clothing,47.0,386.55,20,Extreme Heat
2033-11-13,STORE-6,PROD-162,Clothing,13.0,118.61,20,Extreme Heat
2033-11-14,STORE-47,PROD-92,Grocery,40.0,142.05,10,Extreme Heat
2033-11-15,STORE-30,PROD-70,Clothing,25.0,128.93,20,Extreme Heat
2033-11-16,STORE-41,PROD-52,Furniture,4.0,495.92,15,Rain
2033-11-17,STORE-43,PROD-86,Furniture,42.0,106.73,10,Extreme Heat
2033-11-18,STORE-45,PROD-33,Clothing,19.0,292.0,15,Snow
2033-11-19,STORE-23,PROD-9,Furniture,18.0,463.38,20,Extreme Heat
2033-11-20,STORE-5,PROD-178,Electronics,37.0,163.96,10,Rain
2033-11-21,STORE-35,PROD-146,Grocery,30.0,485.72,15,Snow
2033-11-22,STORE-26,PROD-16,Electronics,19.0,474.26,20,Snow
2033-11-23,STORE-14,PROD-72,Grocery,23.0,443.44,5,Extreme Heat
2033-11-24,STORE-28,PROD-35,Clothing,16.0,230.26,5,Extreme Heat
2033-11-25,STORE-14,PROD-29,Electronics,1.0,320.69,0,Rain
2033-11-26,STORE-32,PROD-120,Clothing,12.0,382.84,5,Snow
2033-11-27,STORE-18,PROD-118,Clothing,24.0,493.15,15,Snow
2033-11-28,STORE-21,PROD-108,Grocery,34.0,98.41,5,Rain
2033-11-29,STORE-19,PROD-44,Grocery,8.0,385.35,10,Extreme Heat
2033-11-30,STORE-22,PROD-195,Grocery,18.0,176.01,10,None
2033-12-01,STORE-36,PROD-88,Electronics,48.0,96.06,10,None
2033-12-02,STORE-37,PROD-57,Furniture,5.0,216.47,5,Snow
2033-12-03,STORE-9,PROD-76,Grocery,26.0,398.98,5,Snow
2033-12-04,STORE-37,PROD-155,Grocery,30.0,237.78,0,Extreme Heat
2033-12-05,STORE-32,PROD-41,Electronics,13.0,273.39,20,None
2033-12-06,STORE-22,PROD-164,Grocery,19.0,497.63,0,Snow
2033-12-07,STORE-44,PROD-157,Electronics,29.0,205.56,15,Extreme Heat
2033-12-08,STORE-49,PROD-44,Clothing,3.0,311.55,10,None
2033-12-09,STORE-4,PROD-148,Grocery,26.0,188.97,5,Rain
2033-12-10,STORE-3,PROD-142,Grocery,40.0,202.46,20,Snow
2033-12-11,STORE-7,PROD-59,Clothing,12.0,350.86,20,Rain
2033-12-12,STORE-41,PROD-23,Clothing,2.0,469.56,5,None
2033-12-13,STORE-30,PROD-106,Clothing,11.0,275.76,0,Extreme Heat
2033-12-14,STORE-2,PROD-134,Grocery,44.0,386.52,20,Extreme Heat
2033-12-15,STORE-8,PROD-126,Furniture,28.0,53.71,0,None
2033-12-16,STORE-11,PROD-56,Furniture,18.0,113.47,5,Rain
2033-12-17,STORE-29,PROD-152,Furniture,13.0,256.04,0,Extreme Heat
2033-12-18,STORE-30,PROD-122,Grocery,37.0,19.81,10,Snow
2033-12-19,STORE-1,PROD-119,Clothing,22.0,133.9,5,Rain
2033-12-20,STORE-28,PROD-72,Grocery,12.0,263.53,5,Rain
2033-12-21,STORE-13,PROD-4,Clothing,2.0,17.33,20,Snow
2033-12-22,STORE-45,PROD-187,Grocery,37.0,139.63,20,None
2033-12-23,STORE-9,PROD-110,Grocery,7.0,261.88,20,Extreme Heat
2033-12-24,STORE-42,PROD-189,Clothing,26.0,290.84,10,Rain
2033-12-25,STORE-20,PROD-64,Furniture,26.0,463.62,10,Extreme Heat
2033-12-26,STORE-11,PROD-64,Clothing,24.0,326.22,15,Extreme Heat
2033-12-27,STORE-18,PROD-84,Electronics,12.0,213.22,5,Rain
2033-12-28,STORE-6,PROD-112,Electronics,16.0,465.87,20,None
2033-12-29,STORE-42,PROD-149,Clothing,23.0,394.59,5,Rain
2033-12-30,STORE-24,PROD-57,Grocery,40.0,108.0,0,None
2033-12-31,STORE-17,PROD-152,Electronics,9.0,,10,Snow
2034-01-01,STORE-6,PROD-39,Electronics,32.0,341.15,15,None
2034-01-02,STORE-24,PROD-147,Grocery,15.0,284.34,0,None
2034-01-03,STORE-43,PROD-2,Grocery,37.0,396.94,5,Rain
2034-01-04,STORE-42,PROD-107,Furniture,13.0,372.01,10,Extreme Heat
2034-01-05,STORE-11,PROD-12,Grocery,5.0,316.35,20,Extreme Heat
2034-01-06,STORE-4,PROD-11,Clothing,11.0,493.33,0,None
2034-01-07,STORE-26,PROD-121,Clothing,10.0,271.46,10,None
2034-01-08,STORE-41,PROD-188,Furniture,13.0,65.42,5,Rain
2034-01-09,STORE-20,PROD-197,Electronics,41.0,415.85,5,None
2034-01-10,STORE-47,PROD-130,Electronics,23.0,133.41,0,Rain
2034-01-11,STORE-45,PROD-9,Grocery,15.0,390.88,0,Snow
2034-01-12,STORE-49,PROD-109,Clothing,42.0,478.98,0,None
2034-01-13,STORE-15,PROD-136,Electronics,7.0,351.43,15,Snow
2034-01-14,STORE-28,PROD-101,Furniture,40.0,302.05,20,None
2034-01-15,STORE-42,PROD-123,Furniture,28.0,235.59,10,None
2034-01-16,STORE-6,PROD-179,Clothing,32.0,188.56,5,Snow
2034-01-17,STORE-46,PROD-26,Furniture,35.0,182.97,5,Snow
2034-01-18,STORE-7,PROD-116,Furniture,15.0,321.82,20,Rain
2034-01-19,STORE-1,PROD-127,Clothing,48.0,378.12,0,Rain
2034-01-20,STORE-14,PROD-62,Grocery,36.0,342.47,0,Snow
2034-01-21,STORE-31,PROD-22,Grocery,21.0,107.22,5,None
2034-01-22,STORE-5,PROD-143,Furniture,6.0,252.05,20,Rain
2034-01-23,STORE-9,PROD-193,Grocery,1.0,397.9,5,None
2034-01-24,STORE-38,PROD-4,Grocery,4.0,243.09,0,Extreme Heat
2034-01-25,STORE-15,PROD-178,Furniture,11.0,272.95,10,Rain
2034-01-26,STORE-34,PROD-188,Grocery,44.0,387.86,0,Rain
2034-01-27,STORE-44,PROD-105,Furniture,26.0,334.02,10,Rain
2034-01-28,STORE-29,PROD-56,Electronics,37.0,210.58,15,Extreme Heat
2034-01-29,STORE-1,PROD-34,Clothing,23.0,448.75,20,Snow
2034-01-30,STORE-1,PROD-92,Clothing,29.0,89.66,15,None
2034-01-31,STORE-45,PROD-76,Grocery,,497.8,0,Extreme Heat
2034-02-01,STORE-22,PROD-62,Grocery,48.0,68.24,20,Snow
2034-02-02,STORE-8,PROD-166,Grocery,45.0,17.33,0,Rain
2034-02-03,STORE-28,PROD-24,Clothing,45.0,446.11,20,Snow
2034-02-04,STORE-45,PROD-5,Electronics,49.0,130.03,20,Snow
2034-02-05,STORE-9,PROD-123,Electronics,27.0,367.55,0,Snow
2034-02-06,STORE-31,PROD-172,Clothing,39.0,407.4,0,None
2034-02-07,STORE-5,PROD-79,Electronics,40.0,430.9,20,Snow
2034-02-08,STORE-15,PROD-42,Clothing,13.0,495.88,20,Snow
2034-02-09,STORE-25,PROD-181,Electronics,23.0,154.08,0,Snow
2034-02-10,STORE-6,PROD-118,Furniture,16.0,358.02,0,Snow
2034-02-11,STORE-47,PROD-147,Furniture,30.0,66.55,5,Extreme Heat
2034-02-12,STORE-7,PROD-192,Clothing,4.0,209.34,5,Extreme Heat
2034-02-13,STORE-7,PROD-150,Electronics,40.0,425.51,5,Snow
2034-02-14,STORE-21,PROD-7,Grocery,16.0,190.15,15,Snow
2034-02-15,STORE-24,PROD-117,Electronics,31.0,299.64,20,Snow
2034-02-16,STORE-20,PROD-119,Furniture,42.0,256.85,10,Rain
2034-02-17,STORE-9,PROD-198,Furniture,25.0,326.52,15,Snow
2034-02-18,STORE-25,PROD-36,Electronics,44.0,,20,Snow
2034-02-19,STORE-50,PROD-181,Electronics,12.0,37.31,10,Extreme Heat
2034-02-20,STORE-49,PROD-104,Grocery,26.0,291.24,5,Extreme Heat
2034-02-21,STORE-9,PROD-48,Grocery,37.0,432.88,10,Extreme Heat
2034-02-22,STORE-42,PROD-95,Electronics,48.0,245.88,0,None
2034-02-23,STORE-44,PROD-161,Electronics,33.0,48.48,0,Rain
2034-02-24,STORE-10,PROD-119,Electronics,28.0,284.66,20,Snow
2034-02-25,STORE-5,PROD-181,Electronics,9.0,172.72,15,Extreme Heat
2034-02-26,STORE-34,PROD-163,Clothing,12.0,85.92,5,None
2034-02-27,STORE-37,PROD-1,Electronics,5.0,426.03,20,Snow
2034-02-28,STORE-1,PROD-161,Grocery,28.0,265.58,5,Snow
2034-03-01,STORE-40,PROD-19,Furniture,35.0,467.31,0,Extreme Heat
2034-03-02,STORE-42,PROD-99,Clothing,5.0,404.95,15,Snow
2034-03-03,STORE-11,PROD-177,Electronics,34.0,349.56,15,Snow
2034-03-04,STORE-29,PROD-86,Furniture,46.0,12.46,0,Snow
2034-03-05,STORE-23,PROD-136,Clothing,34.0,219.63,10,Extreme Heat
2034-03-06,STORE-47,PROD-9,Furniture,13.0,106.77,15,None
2034-03-07,STORE-14,PROD-76,Electronics,39.0,456.29,10,Snow
2034-03-08,STORE-41,PROD-110,Electronics,42.0,95.55,5,None
2034-03-09,STORE-48,PROD-193,Grocery,45.0,150.17,15,Snow
2034-03-10,STORE-10,PROD-70,Electronics,48.0,263.25,0,Extreme Heat
2034-03-11,STORE-27,PROD-179,Electronics,14.0,139.05,10,None
2034-03-12,STORE-40,PROD-157,Clothing,11.0,112.83,5,Extreme Heat
2034-03-13,STORE-44,PROD-139,Grocery,42.0,303.56,5,Rain
2034-03-14,STORE-29,PROD-148,Clothing,38.0,53.58,15,Snow
2034-03-15,STORE-14,PROD-54,Furniture,4.0,38.5,15,Rain
2034-03-16,STORE-6,PROD-176,Electronics,33.0,192.4,20,Rain
2034-03-17,STORE-7,PROD-21,Furniture,7.0,363.13,20,Rain
2034-03-18,STORE-9,PROD-159,Clothing,41.0,281.86,15,Snow
2034-03-19,STORE-49,PROD-86,Electronics,8.0,217.21,20,Extreme Heat
2034-03-20,STORE-8,PROD-189,Electronics,37.0,287.22,0,Rain
2034-03-21,STORE-38,PROD-15,Clothing,10.0,189.07,0,None
2034-03-22,STORE-47,PROD-132,Clothing,43.0,937.42,20,Snow
2034-03-23,STORE-25,PROD-173,Clothing,15.0,36.9,15,Extreme Heat
2034-03-24,STORE-23,PROD-94,Clothing,38.0,339.96,0,Extreme Heat
2034-03-25,STORE-28,PROD-14,Clothing,15.0,446.73,5,Rain
2034-03-26,STORE-21,PROD-29,Electronics,5.0,403.9,15,Snow
2034-03-27,STORE-9,PROD-99,Clothing,29.0,100.18,10,Rain
2034-03-28,STORE-16,PROD-94,Electronics,19.0,155.0,10,None
2034-03-29,STORE-18,PROD-120,Electronics,10.0,361.35,15,Extreme Heat
2034-03-30,STORE-42,PROD-159,Clothing,12.0,51.29,20,Extreme Heat
2034-03-31,STORE-6,PROD-11,Clothing,4.0,407.81,0,Snow
2034-04-01,STORE-16,PROD-94,Grocery,31.0,362.26,0,Extreme Heat
2034-04-02,STORE-36,PROD-94,Electronics,18.0,367.51,15,Snow
2034-04-03,STORE-39,PROD-45,Clothing,16.0,59.12,5,Rain
2034-04-04,STORE-39,PROD-166,Clothing,40.0,361.7,20,None
2034-04-05,STORE-47,PROD-144,Clothing,36.0,343.11,5,Snow
2034-04-06,STORE-39,PROD-181,Grocery,25.0,417.15,15,Rain
2034-04-07,STORE-19,PROD-18,Grocery,23.0,30.38,15,None
2034-04-08,STORE-50,PROD-144,Furniture,12.0,21.32,5,Extreme Heat
2034-04-09,STORE-45,PROD-182,Electronics,34.0,192.77,10,None
2034-04-10,STORE-2,PROD-199,Furniture,36.0,82.91,15,None
2034-04-11,STORE-43,PROD-53,Clothing,37.0,283.61,20,None
2034-04-12,STORE-20,PROD-36,Grocery,3.0,459.5,5,Extreme Heat
2034-04-13,STORE-14,PROD-86,Grocery,9.0,201.83,10,Snow
2034-04-14,STORE-34,PROD-62,Furniture,18.0,424.03,5,Snow
2034-04-15,STORE-39,PROD-139,Grocery,43.0,10.12,10,None
2034-04-16,STORE-33,PROD-30,Clothing,35.0,92.57,10,Rain
2034-04-17,STORE-13,PROD-167,Grocery,34.0,24.91,20,Rain
2034-04-18,STORE-48,PROD-123,Furniture,41.0,170.79,15,None
2034-04-19,STORE-26,PROD-189,Clothing,14.0,455.01,10,None
2034-04-20,STORE-19,PROD-193,Furniture,4.0,57.51,15,Rain
2034-04-21,STORE-42,PROD-149,Grocery,29.0,307.14,20,None
2034-04-22,STORE-4,PROD-180,Furniture,41.0,231.23,15,None
2034-04-23,STORE-16,PROD-54,Furniture,45.0,469.85,0,Snow
2034-04-24,STORE-32,PROD-193,Electronics,15.0,70.03,10,Snow
2034-04-25,STORE-25,PROD-191,Grocery,28.0,113.89,20,None
2034-04-26,STORE-8,PROD-195,Grocery,42.0,24.48,5,None
2034-04-27,STORE-16,PROD-58,Furniture,16.0,222.63,20,Extreme Heat
2034-04-28,STORE-32,PROD-83,Electronics,12.0,146.14,10,Snow
2034-04-29,STORE-41,PROD-91,Grocery,5.0,436.25,20,None
2034-04-30,STORE-39,PROD-69,Clothing,34.0,306.42,5,Extreme Heat
2034-05-01,STORE-5,PROD-129,Furniture,42.0,310.9,0,Extreme Heat
2034-05-02,STORE-34,PROD-175,Grocery,1.0,270.64,10,Extreme Heat
2034-05-03,STORE-1,PROD-109,Clothing,39.0,55.01,10,Extreme Heat
2034-05-04,STORE-24,PROD-71,Grocery,32.0,228.06,20,Snow
2034-05-05,STORE-21,PROD-14,Clothing,26.0,499.76,15,Extreme Heat
2034-05-06,STORE-9,PROD-17,Furniture,17.0,419.26,15,Snow
2034-05-07,STORE-25,PROD-96,Grocery,48.0,447.79,5,Extreme Heat
2034-05-08,STORE-37,PROD-89,Grocery,27.0,413.38,0,Extreme Heat
2034-05-09,STORE-27,PROD-116,Electronics,24.0,60.49,0,Rain
2034-05-10,STORE-24,PROD-125,Furniture,17.5,121.45,20,Snow
2034-05-11,STORE-35,PROD-129,Clothing,46.0,11.53,20,Rain
2034-05-12,STORE-44,PROD-135,Grocery,42.0,158.72,15,Rain
2034-05-13,STORE-12,PROD-32,Grocery,39.0,63.22,0,Extreme Heat
2034-05-14,STORE-49,PROD-121,Clothing,26.0,241.67,0,Snow
2034-05-15,STORE-31,PROD-182,Furniture,49.0,341.79,0,None
2034-05-16,STORE-50,PROD-137,Electronics,38.0,438.51,5,Extreme Heat
2034-05-17,STORE-5,PROD-174,Electronics,23.0,377.12,5,Snow
2034-05-18,STORE-2,PROD-137,Grocery,22.0,469.91,20,Rain
2034-05-19,STORE-38,PROD-75,Clothing,4.0,36.41,15,Snow
2034-05-20,STORE-5,PROD-116,Grocery,49.0,15.97,10,Extreme Heat
2034-05-21,STORE-1,PROD-159,Clothing,9.0,334.06,15,Snow
2034-05-22,STORE-17,PROD-95,Electronics,4.0,151.78,5,Rain
2034-05-23,STORE-14,PROD-173,Furniture,7.0,134.22,5,Snow
2034-05-24,STORE-3,PROD-178,Clothing,23.0,172.13,20,Snow
2034-05-25,STORE-4,PROD-17,Electronics,2.0,142.2,10,Rain
2034-05-26,STORE-26,PROD-49,Grocery,49.0,260.6,0,Extreme Heat
2034-05-27,STORE-33,PROD-118,Clothing,24.0,225.67,10,None
2034-05-28,STORE-19,PROD-23,Furniture,40.0,261.09,10,Rain
2034-05-29,STORE-41,PROD-21,Grocery,31.0,339.63,10,Rain
2034-05-30,STORE-46,PROD-101,Grocery,47.0,199.69,20,Extreme Heat
2034-05-31,STORE-33,PROD-46,Electronics,31.0,133.14,5,Extreme Heat
2034-06-01,STORE-50,PROD-74,Clothing,47.0,91.44,0,Snow
2034-06-02,STORE-27,PROD-20,Grocery,40.0,181.24,10,Rain
2034-06-03,STORE-28,PROD-28,Furniture,48.0,373.49,0,Snow
2034-06-04,STORE-45,PROD-43,Clothing,43.0,380.79,10,Snow
2034-06-05,STORE-26,PROD-71,Furniture,34.0,336.78,5,Extreme Heat
2034-06-06,STORE-6,PROD-29,Grocery,24.0,124.67,0,Extreme Heat
2034-06-07,STORE-41,PROD-179,Furniture,49.0,298.16,15,Snow
2034-06-08,STORE-35,PROD-38,Electronics,26.0,289.64,5,Rain
2034-06-09,STORE-35,PROD-128,Furniture,16.0,247.29,0,Rain
2034-06-10,STORE-40,PROD-39,Clothing,47.0,279.49,10,Snow
2034-06-11,STORE-10,PROD-53,Furniture,13.0,250.98,10,None
2034-06-12,STORE-18,PROD-134,Furniture,15.0,287.07,5,None
2034-06-13,STORE-6,PROD-161,Electronics,27.0,360.6,5,Extreme Heat
2034-06-14,STORE-20,PROD-6,Furniture,4.0,63.72,10,Rain
2034-06-15,STORE-6,PROD-76,Furniture,16.0,377.32,0,Snow
2034-06-16,STORE-33,PROD-107,Grocery,30.0,76.58,15,Snow
2034-06-17,STORE-14,PROD-175,Grocery,44.0,42.65,20,Rain
2034-06-18,STORE-10,PROD-139,Clothing,30.0,488.28,5,Extreme Heat
2034-06-19,STORE-35,PROD-34,Grocery,36.0,478.93,10,Extreme Heat
2034-06-20,STORE-21,PROD-122,Grocery,3.0,39.61,0,None
2034-06-21,STORE-26,PROD-89,Grocery,22.0,227.19,5,Rain
2034-06-22,STORE-38,PROD-108,Grocery,49.0,101.26,0,Rain
2034-06-23,STORE-41,PROD-114,Electronics,22.0,247.82,5,Snow
2034-06-24,STORE-49,PROD-189,Grocery,49.0,416.79,10,Rain
2034-06-25,STORE-42,PROD-166,Electronics,12.0,475.8,0,None
2034-06-26,STORE-44,PROD-6,Electronics,21.0,320.78,10,Rain
2034-06-27,STORE-42,PROD-75,Grocery,4.0,183.41,0,Snow
2034-06-28,STORE-5,PROD-49,Furniture,31.0,305.63,5,None
2034-06-29,STORE-20,PROD-17,Electronics,44.0,162.88,20,Snow
2034-06-30,STORE-45,PROD-6,Furniture,31.0,455.81,20,Rain
2034-07-01,STORE-28,PROD-60,Furniture,23.0,436.5,15,Extreme Heat
2034-07-02,STORE-47,PROD-134,Grocery,20.0,283.53,15,Rain
2034-07-03,STORE-16,PROD-166,Clothing,15.0,169.15,10,Rain
2034-07-04,STORE-4,PROD-86,Grocery,23.0,153.76,0,Snow
2034-07-05,STORE-16,PROD-106,Clothing,28.0,26.37,15,Extreme Heat
2034-07-06,STORE-6,PROD-149,Clothing,16.0,409.75,5,Rain
2034-07-07,STORE-28,PROD-88,Grocery,37.0,230.69,20,None
2034-07-08,STORE-8,PROD-168,Grocery,21.0,169.32,0,None
2034-07-09,STORE-30,PROD-166,Clothing,15.0,240.84,20,Snow
2034-07-10,STORE-40,PROD-84,Grocery,17.0,411.18,0,Snow
2034-07-11,STORE-39,PROD-125,Clothing,37.0,71.06,15,Extreme Heat
2034-07-12,STORE-4,PROD-152,Furniture,13.0,430.25,15,Snow
2034-07-13,STORE-20,PROD-171,Grocery,19.0,449.78,10,Extreme Heat
2034-07-14,STORE-43,PROD-179,Furniture,30.0,473.89,0,Rain
2034-07-15,STORE-48,PROD-136,Electronics,45.0,204.77,5,None
2034-07-16,STORE-43,PROD-141,Furniture,18.0,116.4,15,None
2034-07-17,STORE-48,PROD-114,Furniture,14.0,193.08,10,None
2034-07-18,STORE-12,PROD-118,Clothing,36.0,173.13,15,Snow
2034-07-19,STORE-8,PROD-78,Furniture,36.0,96.32,20,Snow
2034-07-20,STORE-1,PROD-146,Grocery,20.0,307.56,15,Rain
2034-07-21,STORE-46,PROD-34,Clothing,19.0,243.55,0,Snow
2034-07-22,STORE-9,PROD-79,Electronics,45.0,434.19,10,Extreme Heat
2034-07-23,STORE-45,PROD-44,Grocery,44.0,25.73,0,None
2034-07-24,STORE-1,PROD-67,Electronics,7.0,325.5,5,Rain
2034-07-25,STORE-11,PROD-59,Furniture,44.0,383.84,5,Extreme Heat
2034-07-26,STORE-32,PROD-124,Grocery,4.0,382.15,15,Extreme Heat
2034-07-27,STORE-23,PROD-96,Grocery,34.0,444.18,10,Snow
2034-07-28,STORE-34,PROD-74,Electronics,2.0,367.23,10,Snow
2034-07-29,STORE-34,PROD-198,Grocery,5.0,464.63,10,None
2034-07-30,STORE-47,PROD-13,Grocery,10.0,173.0,10,Rain
2034-07-31,STORE-17,PROD-38,Grocery,32.0,256.57,15,Extreme Heat
2034-08-01,STORE-11,PROD-91,Furniture,,16.9,0,Snow
2034-08-02,STORE-24,PROD-73,Electronics,41.0,13.41,15,Snow
2034-08-03,STORE-9,PROD-117,Grocery,13.0,127.66,0,Rain
2034-08-04,STORE-48,PROD-43,Clothing,39.0,59.4,20,Rain
2034-08-05,STORE-50,PROD-159,Clothing,5.0,137.5,20,Snow
2034-08-06,STORE-18,PROD-42,Clothing,10.0,96.75,0,Snow
2034-08-07,STORE-47,PROD-183,Clothing,10.0,23.97,15,None
2034-08-08,STORE-8,PROD-138,Furniture,38.0,455.56,5,Rain
2034-08-09,STORE-50,PROD-74,Grocery,27.0,14.03,15,Extreme Heat
2034-08-10,STORE-2,PROD-47,Electronics,21.0,370.68,5,Snow
2034-08-11,STORE-22,PROD-45,Grocery,8.0,84.55,15,Snow
2034-08-12,STORE-28,PROD-182,Furniture,1.0,456.99,10,Snow
2034-08-13,STORE-18,PROD-178,Clothing,28.0,447.47,10,Snow
2034-08-14,STORE-34,PROD-171,Furniture,49.0,330.41,20,None
2034-08-15,STORE-5,PROD-40,Grocery,39.0,339.39,20,Rain
2034-08-16,STORE-17,PROD-42,Electronics,14.0,12.62,0,Snow
2034-08-17,STORE-46,PROD-61,Furniture,21.0,492.59,5,Rain
2034-08-18,STORE-37,PROD-30,Electronics,30.0,440.14,10,Extreme Heat
2034-08-19,STORE-41,PROD-11,Furniture,21.0,448.6,15,Extreme Heat
2034-08-20,STORE-5,PROD-82,Electronics,49.0,333.03,0,Extreme Heat
2034-08-21,STORE-32,PROD-148,Electronics,9.0,178.95,15,Extreme Heat
2034-08-22,STORE-30,PROD-33,Clothing,17.0,447.89,10,Rain
2034-08-23,STORE-33,PROD-113,Electronics,5.0,152.84,10,Extreme Heat
2034-08-24,STORE-24,PROD-67,Clothing,31.0,285.73,10,Extreme Heat
2034-08-25,STORE-4,PROD-95,Grocery,40.0,58.87,10,Snow
2034-08-26,STORE-32,PROD-48,Grocery,38.0,461.76,15,Snow
2034-08-27,STORE-37,PROD-53,Clothing,43.0,78.98,0,Snow
2034-08-28,STORE-11,PROD-144,Clothing,19.0,120.2,10,None
2034-08-29,STORE-24,PROD-182,Furniture,36.0,283.49,20,Snow
2034-08-30,STORE-11,PROD-9,Furniture,33.0,384.41,0,Extreme Heat
2034-08-31,STORE-17,PROD-171,Furniture,13.0,313.48,20,Rain
2034-09-01,STORE-50,PROD-82,Grocery,14.0,123.75,15,Extreme Heat
2034-09-02,STORE-7,PROD-89,Furniture,33.0,10.46,10,Rain
2034-09-03,STORE-37,PROD-38,Electronics,29.0,381.0,0,Extreme Heat
2034-09-04,STORE-44,PROD-96,Electronics,43.0,492.75,10,None
2034-09-05,STORE-47,PROD-115,Furniture,49.0,406.86,10,Snow
2034-09-06,STORE-8,PROD-139,Electronics,36.0,235.5,0,Extreme Heat
2034-09-07,STORE-15,PROD-42,Grocery,44.0,452.85,10,Snow
2034-09-08,STORE-48,PROD-137,Electronics,10.0,210.83,10,None
2034-09-09,STORE-33,PROD-78,Grocery,31.0,267.22,5,None
2034-09-10,STORE-1,PROD-32,Clothing,6.0,243.79,5,Snow
2034-09-11,STORE-3,PROD-7,Clothing,1.0,229.34,0,Snow
2034-09-12,STORE-1,PROD-104,Clothing,7.0,389.84,0,Rain
2034-09-13,STORE-16,PROD-128,Clothing,27.0,268.12,10,Snow
2034-09-14,STORE-3,PROD-197,Electronics,21.0,165.19,20,Snow
2034-09-15,STORE-31,PROD-38,Furniture,28.0,136.5,0,Rain
2034-09-16,STORE-24,PROD-118,Electronics,16.0,28.5,10,Extreme Heat
2034-09-17,STORE-25,PROD-82,Grocery,46.0,295.77,20,Rain
2034-09-18,STORE-10,PROD-40,Electronics,23.0,122.68,5,Extreme Heat
2034-09-19,STORE-12,PROD-2,Electronics,20.0,82.59,0,Extreme Heat
2034-09-20,STORE-3,PROD-190,Grocery,38.0,330.38,10,Extreme Heat
2034-09-21,STORE-36,PROD-140,Clothing,25.0,343.79,5,Rain
2034-09-22,STORE-46,PROD-130,Clothing,28.0,378.56,15,Rain
2034-09-23,STORE-48,PROD-85,Clothing,5.0,256.75,5,None
2034-09-24,STORE-42,PROD-166,Furniture,21.0,448.09,10,Extreme Heat
2034-09-25,STORE-27,PROD-181,Grocery,18.0,468.81,20,Rain
2034-09-26,STORE-15,PROD-76,Grocery,47.0,405.61,15,None
2034-09-27,STORE-21,PROD-122,Electronics,6.0,321.44,15,Extreme Heat
2034-09-28,STORE-16,PROD-75,Furniture,29.0,158.82,15,Rain
2034-09-29,STORE-27,PROD-194,Clothing,19.0,491.64,0,Rain
2034-09-30,STORE-47,PROD-147,Furniture,33.0,144.33,10,Rain
2034-10-01,STORE-21,PROD-171,Grocery,1.0,109.3,15,Snow
2034-10-02,STORE-18,PROD-38,Grocery,45.0,226.66,5,None
2034-10-03,STORE-5,PROD-145,Electronics,3.0,37.85,20,Rain
2034-10-04,STORE-37,PROD-187,Electronics,42.0,489.46,10,Snow
2034-10-05,STORE-24,PROD-114,Grocery,21.0,298.33,5,None
2034-10-06,STORE-8,PROD-87,Clothing,35.0,282.91,0,None
2034-10-07,STORE-33,PROD-177,Clothing,41.0,331.34,15,Snow
2034-10-08,STORE-44,PROD-29,Furniture,40.0,253.54,5,None
2034-10-09,STORE-4,PROD-188,Grocery,3.0,25.71,10,Snow
2034-10-10,STORE-12,PROD-123,Grocery,25.0,310.03,5,Extreme Heat
2034-10-11,STORE-15,PROD-11,Clothing,45.0,360.93,0,Rain
2034-10-12,STORE-34,PROD-36,Clothing,38.0,,20,Snow
2034-10-13,STORE-3,PROD-174,Grocery,45.0,381.07,15,None
2034-10-14,STORE-26,PROD-142,Electronics,20.0,121.23,10,None
2034-10-15,STORE-5,PROD-30,Grocery,44.0,118.43,15,Extreme Heat
2034-10-16,STORE-30,PROD-79,Grocery,45.0,89.09,15,Extreme Heat
2034-10-17,STORE-19,PROD-7,Clothing,,192.28,15,Extreme Heat
2034-10-18,STORE-50,PROD-103,Clothing,21.0,425.04,5,Extreme Heat
2034-10-19,STORE-20,PROD-159,Electronics,48.0,415.68,5,Extreme Heat
2034-10-20,STORE-21,PROD-57,Electronics,23.0,197.58,20,Rain
2034-10-21,STORE-6,PROD-115,Furniture,6.0,298.67,0,Snow
2034-10-22,STORE-36,PROD-92,Grocery,13.0,363.2,10,Extreme Heat
2034-10-23,STORE-30,PROD-24,Clothing,49.0,128.19,5,Extreme Heat
2034-10-24,STORE-1,PROD-84,Electronics,23.0,92.39,15,Rain
2034-10-25,STORE-24,PROD-15,Furniture,9.0,486.33,0,Snow
2034-10-26,STORE-13,PROD-156,Furniture,17.0,312.6,10,Extreme Heat
2034-10-27,STORE-19,PROD-165,Clothing,2.0,490.89,10,Snow
2034-10-28,STORE-37,PROD-50,Clothing,19.0,175.5,10,Snow
2034-10-29,STORE-20,PROD-150,Furniture,19.0,354.49,10,Rain
2034-10-30,STORE-48,PROD-135,Electronics,7.0,119.08,20,Rain
2034-10-31,STORE-40,PROD-57,Furniture,42.0,137.99,10,Extreme Heat
2034-11-01,STORE-16,PROD-197,Grocery,42.0,260.83,0,None
2034-11-02,STORE-30,PROD-72,Grocery,20.0,166.61,5,Rain
2034-11-03,STORE-24,PROD-51,Clothing,9.0,92.13,0,Snow
2034-11-04,STORE-38,PROD-6,Electronics,17.0,138.81,15,Snow
2034-11-05,STORE-32,PROD-22,Electronics,27.0,27.52,20,Extreme Heat
2034-11-06,STORE-50,PROD-138,Grocery,47.0,355.17,20,Extreme Heat
2034-11-07,STORE-50,PROD-115,Furniture,2.0,251.14,15,Extreme Heat
2034-11-08,STORE-13,PROD-174,Clothing,36.0,56.18,0,Snow
2034-11-09,STORE-47,PROD-172,Furniture,19.0,94.13,0,Rain
2034-11-10,STORE-35,PROD-23,Furniture,17.0,60.24,15,None
2034-11-11,STORE-49,PROD-132,Furniture,5.0,310.17,10,Rain
2034-11-12,STORE-16,PROD-101,Electronics,39.0,56.16,10,None
2034-11-13,STORE-10,PROD-50,Grocery,18.0,379.6,5,Rain
2034-11-14,STORE-1,PROD-126,Electronics,7.0,20.05,0,Extreme Heat
2034-11-15,STORE-27,PROD-82,Grocery,17.0,132.19,0,Snow
2034-11-16,STORE-2,PROD-155,Clothing,39.0,446.43,15,None
2034-11-17,STORE-15,PROD-155,Clothing,36.0,362.08,15,Rain
2034-11-18,STORE-35,PROD-131,Furniture,40.0,45.75,10,Snow
2034-11-19,STORE-23,PROD-15,Grocery,45.0,412.35,0,None
2034-11-20,STORE-41,PROD-171,Grocery,4.0,251.59,0,None
2034-11-21,STORE-45,PROD-93,Grocery,38.0,424.92,20,Snow
2034-11-22,STORE-1,PROD-102,Furniture,25.0,304.36,5,Extreme Heat
2034-11-23,STORE-22,PROD-38,Furniture,5.0,344.1,5,Snow
2034-11-24,STORE-1,PROD-184,Clothing,30.0,496.82,10,Extreme Heat
2034-11-25,STORE-49,PROD-110,Electronics,12.0,123.84,0,Rain
2034-11-26,STORE-43,PROD-95,Grocery,4.0,315.73,20,Rain
2034-11-27,STORE-25,PROD-99,Grocery,24.0,235.56,0,Snow
2034-11-28,STORE-48,PROD-96,Electronics,29.0,29.33,15,Extreme Heat
2034-11-29,STORE-47,PROD-4,Grocery,9.0,17.09,10,Rain
2034-11-30,STORE-20,PROD-73,Furniture,4.0,68.42,5,Extreme Heat
2034-12-01,STORE-7,PROD-89,Furniture,24.0,328.05,0,Extreme Heat
2034-12-02,STORE-14,PROD-90,Grocery,14.0,287.91,10,Extreme Heat
2034-12-03,STORE-34,PROD-79,Furniture,5.0,281.18,5,Snow
2034-12-04,STORE-16,PROD-115,Furniture,18.0,25.61,0,Extreme Heat
2034-12-05,STORE-27,PROD-144,Grocery,42.0,239.96,20,Snow
2034-12-06,STORE-32,PROD-23,Clothing,19.0,463.07,10,Rain
2034-12-07,STORE-4,PROD-56,Electronics,12.0,204.82,0,Rain
2034-12-08,STORE-10,PROD-187,Furniture,18.0,316.21,5,None
2034-12-09,STORE-46,PROD-114,Clothing,17.0,392.11,5,None
2034-12-10,STORE-18,PROD-190,Furniture,30.0,394.12,20,Rain
2034-12-11,STORE-6,PROD-107,Furniture,24.0,264.45,10,Extreme Heat
2034-12-12,STORE-3,PROD-114,Electronics,11.0,430.4,10,Extreme Heat
2034-12-13,STORE-15,PROD-74,Furniture,35.0,201.78,0,Rain
2034-12-14,STORE-34,PROD-42,Electronics,23.0,445.46,5,Rain
2034-12-15,STORE-27,PROD-187,Electronics,17.0,127.71,5,None
2034-12-16,STORE-45,PROD-109,Electronics,1.0,147.31,20,Extreme Heat
2034-12-17,STORE-24,PROD-187,Clothing,15.0,36.03,20,Rain
2034-12-18,STORE-30,PROD-107,Grocery,32.0,399.84,10,None
2034-12-19,STORE-48,PROD-36,Clothing,9.0,,5,None
2034-12-20,STORE-6,PROD-151,Grocery,15.0,122.27,0,Extreme Heat
2034-12-21,STORE-38,PROD-154,Grocery,28.0,123.58,15,None
2034-12-22,STORE-7,PROD-23,Electronics,24.0,451.69,0,None
2034-12-23,STORE-33,PROD-37,Furniture,35.0,418.62,20,Snow
2034-12-24,STORE-9,PROD-54,Electronics,22.0,281.23,0,Rain
2034-12-25,STORE-41,PROD-78,Furniture,27.0,311.89,5,Extreme Heat
2034-12-26,STORE-26,PROD-122,Grocery,19.0,242.42,10,Rain
2034-12-27,STORE-5,PROD-135,Electronics,45.0,201.92,15,Snow
2034-12-28,STORE-38,PROD-86,Furniture,12.0,458.58,10,Extreme Heat
2034-12-29,STORE-37,PROD-17,Clothing,20.0,71.55,15,Rain
2034-12-30,STORE-4,PROD-152,Furniture,0.5,215.04,15,None
2034-12-31,STORE-28,PROD-194,Electronics,21.0,178.84,5,Extreme Heat
2035-01-01,STORE-43,PROD-97,Clothing,49.0,254.09,5,Snow
2035-01-02,STORE-9,PROD-23,Furniture,45.0,234.24,20,None
2035-01-03,STORE-16,PROD-2,Furniture,1.0,264.26,20,Snow
2035-01-04,STORE-19,PROD-105,Furniture,10.0,78.56,15,None
2035-01-05,STORE-17,PROD-164,Furniture,47.0,261.44,20,Rain
2035-01-06,STORE-21,PROD-70,Furniture,32.0,128.79,5,Rain
2035-01-07,STORE-26,PROD-107,Clothing,39.0,100.32,20,Rain
2035-01-08,STORE-45,PROD-45,Grocery,22.0,41.77,15,Snow
2035-01-09,STORE-48,PROD-143,Clothing,18.0,383.7,10,Extreme Heat
2035-01-10,STORE-21,PROD-119,Clothing,48.0,219.45,0,Rain
2035-01-11,STORE-21,PROD-182,Clothing,46.0,317.06,20,Snow
2035-01-12,STORE-29,PROD-146,Grocery,32.0,366.52,5,None
2035-01-13,STORE-18,PROD-194,Electronics,27.0,342.87,10,Rain
2035-01-14,STORE-15,PROD-36,Grocery,28.0,240.55,5,None
2035-01-15,STORE-5,PROD-52,Clothing,18.0,200.07,20,Rain
2035-01-16,STORE-13,PROD-48,Furniture,39.0,194.22,15,None
2035-01-17,STORE-9,PROD-98,Furniture,49.0,323.62,0,Snow
2035-01-18,STORE-50,PROD-75,Clothing,29.0,252.45,0,Rain
2035-01-19,STORE-50,PROD-142,Furniture,18.0,426.07,10,Snow
2035-01-20,STORE-38,PROD-126,Clothing,44.0,438.6,0,Snow
2035-01-21,STORE-7,PROD-11,Furniture,8.0,93.57,15,None
2035-01-22,STORE-10,PROD-78,Grocery,31.0,76.75,5,Rain
2035-01-23,STORE-7,PROD-150,Electronics,34.0,318.9,15,Extreme Heat
2035-01-24,STORE-11,PROD-78,Electronics,7.0,157.6,10,Extreme Heat
2035-01-25,STORE-29,PROD-127,Grocery,36.0,19.1,10,Snow
2035-01-26,STORE-30,PROD-144,Grocery,18.0,445.43,0,None
2035-01-27,STORE-21,PROD-190,Clothing,38.0,121.18,15,None
2035-01-28,STORE-27,PROD-119,Clothing,9.0,465.35,5,None
2035-01-29,STORE-8,PROD-58,Clothing,9.0,361.54,15,Rain
2035-01-30,STORE-35,PROD-7,Furniture,46.0,383.7,5,Rain
2035-01-31,STORE-23,PROD-1,Clothing,8.0,108.72,5,None
2035-02-01,STORE-50,PROD-40,Grocery,35.0,124.76,15,Extreme Heat
2035-02-02,STORE-14,PROD-68,Electronics,18.0,265.42,20,Extreme Heat
2035-02-03,STORE-29,PROD-77,Furniture,5.0,94.33,15,Rain
2035-02-04,STORE-20,PROD-164,Clothing,14.0,159.66,5,None
2035-02-05,STORE-30,PROD-163,Furniture,28.0,167.52,10,Extreme Heat
2035-02-06,STORE-17,PROD-121,Furniture,30.0,88.22,10,Extreme Heat
2035-02-07,STORE-8,PROD-32,Clothing,4.0,110.54,0,Rain
2035-02-08,STORE-6,PROD-168,Furniture,39.0,396.39,10,Rain
2035-02-09,STORE-11,PROD-171,Electronics,20.0,91.93,20,Extreme Heat
2035-02-10,STORE-44,PROD-74,Grocery,25.0,23.94,5,None
2035-02-11,STORE-20,PROD-107,Grocery,28.0,318.38,15,Extreme Heat
2035-02-12,STORE-46,PROD-46,Electronics,12.0,488.23,15,Extreme Heat
2035-02-13,STORE-45,PROD-126,Furniture,2.0,172.29,20,None
2035-02-14,STORE-39,PROD-177,Clothing,43.0,68.14,10,Rain
2035-02-15,STORE-3,PROD-166,Furniture,14.0,289.49,5,None
2035-02-16,STORE-14,PROD-63,Electronics,22.0,454.11,10,None
2035-02-17,STORE-21,PROD-8,Furniture,31.0,394.19,0,None
2035-02-18,STORE-10,PROD-31,Grocery,23.0,315.03,10,None
2035-02-19,STORE-6,PROD-196,Furniture,48.0,164.38,0,Rain
2035-02-20,STORE-46,PROD-71,Electronics,20.0,275.52,15,Extreme Heat
2035-02-21,STORE-16,PROD-127,Grocery,38.0,54.71,5,Snow
2035-02-22,STORE-23,PROD-18,Furniture,4.0,342.68,0,Rain
2035-02-23,STORE-26,PROD-154,Furniture,15.0,365.3,10,None
2035-02-24,STORE-33,PROD-191,Grocery,24.0,482.87,10,Extreme Heat
2035-02-25,STORE-4,PROD-93,Clothing,25.0,137.59,15,Extreme Heat
2035-02-26,STORE-44,PROD-149,Grocery,1.0,19.04,20,None
2035-02-27,STORE-20,PROD-124,Clothing,7.0,277.35,20,Rain
2035-02-28,STORE-17,PROD-145,Electronics,31.0,356.33,10,None
2035-03-01,STORE-12,PROD-112,Electronics,12.0,397.3,20,Extreme Heat
2035-03-02,STORE-2,PROD-67,Grocery,42.0,104.93,5,Extreme Heat
2035-03-03,STORE-26,PROD-161,Grocery,5.0,138.26,20,Rain
2035-03-04,STORE-29,PROD-176,Electronics,44.0,261.17,5,Snow
2035-03-05,STORE-36,PROD-122,Clothing,42.0,171.99,10,None
2035-03-06,STORE-48,PROD-178,Electronics,38.0,431.65,10,Snow
2035-03-07,STORE-36,PROD-31,Grocery,12.0,242.14,10,Extreme Heat
2035-03-08,STORE-16,PROD-96,Electronics,39.0,401.79,15,Snow
2035-03-09,STORE-7,PROD-132,Grocery,18.0,294.5,20,None
2035-03-10,STORE-30,PROD-188,Grocery,2.0,388.81,0,None
2035-03-11,STORE-7,PROD-148,Electronics,10.0,173.01,0,Extreme Heat
2035-03-12,STORE-9,PROD-5,Clothing,15.0,417.39,10,Rain
2035-03-13,STORE-8,PROD-67,Furniture,30.0,144.54,20,Rain
2035-03-14,STORE-1,PROD-42,Electronics,44.0,277.59,5,Extreme Heat
2035-03-15,STORE-4,PROD-149,Furniture,17.0,114.86,0,None
2035-03-16,STORE-50,PROD-15,Electronics,4.0,243.01,10,Rain
2035-03-17,STORE-15,PROD-38,Furniture,7.0,165.91,0,Snow
2035-03-18,STORE-9,PROD-82,Clothing,41.0,140.68,0,Extreme Heat
2035-03-19,STORE-13,PROD-119,Clothing,31.0,483.82,0,Snow
2035-03-20,STORE-26,PROD-178,Electronics,39.0,88.44,10,None
2035-03-21,STORE-24,PROD-35,Grocery,34.0,395.79,10,Rain
2035-03-22,STORE-44,PROD-92,Furniture,6.0,492.24,15,None
2035-03-23,STORE-41,PROD-42,Grocery,38.0,19.75,15,Snow
2035-03-24,STORE-42,PROD-14,Grocery,45.0,352.52,15,None
2035-03-25,STORE-6,PROD-70,Grocery,34.0,133.93,0,None
2035-03-26,STORE-38,PROD-93,Clothing,44.0,29.84,20,Extreme Heat
2035-03-27,STORE-38,PROD-108,Electronics,15.0,207.42,10,Extreme Heat
2035-03-28,STORE-17,PROD-163,Electronics,14.0,468.26,15,None
2035-03-29,STORE-5,PROD-92,Clothing,6.0,,20,Extreme Heat
2035-03-30,STORE-2,PROD-13,Clothing,37.0,298.06,15,None
2035-03-31,STORE-5,PROD-75,Electronics,32.0,255.68,15,Snow
2035-04-01,STORE-13,PROD-75,Grocery,3.0,437.96,20,Extreme Heat
2035-04-02,STORE-42,PROD-136,Furniture,3.0,51.16,15,None
2035-04-03,STORE-29,PROD-164,Furniture,22.0,343.95,0,Extreme Heat
2035-04-04,STORE-9,PROD-20,Furniture,22.0,343.25,0,None
2035-04-05,STORE-6,PROD-132,Grocery,10.0,337.85,0,Extreme Heat
2035-04-06,STORE-22,PROD-50,Electronics,3.0,471.74,5,Rain
2035-04-07,STORE-8,PROD-197,Clothing,12.0,413.31,15,None
2035-04-08,STORE-3,PROD-161,Electronics,29.0,30.57,5,Rain
2035-04-09,STORE-30,PROD-47,Grocery,48.0,240.83,10,None
2035-04-10,STORE-4,PROD-196,Clothing,17.0,205.0,20,Rain
2035-04-11,STORE-11,PROD-25,Grocery,7.0,161.97,10,None
2035-04-12,STORE-37,PROD-154,Furniture,13.0,231.15,5,Extreme Heat
2035-04-13,STORE-28,PROD-193,Furniture,2.0,198.26,0,Rain
2035-04-14,STORE-47,PROD-43,Grocery,2.0,221.84,15,Extreme Heat
2035-04-15,STORE-26,PROD-140,Clothing,10.0,489.84,15,None
2035-04-16,STORE-32,PROD-83,Clothing,39.0,53.43,0,Extreme Heat
2035-04-17,STORE-2,PROD-81,Electronics,24.0,461.89,15,None
2035-04-18,STORE-25,PROD-176,Furniture,17.0,245.32,20,Extreme Heat
2035-04-19,STORE-44,PROD-78,Electronics,6.0,315.63,20,Rain
2035-04-20,STORE-28,PROD-70,Electronics,19.0,416.79,20,None
2035-04-21,STORE-12,PROD-176,Grocery,5.0,186.63,10,Extreme Heat
2035-04-22,STORE-23,PROD-179,Grocery,32.0,220.91,0,None
2035-04-23,STORE-14,PROD-177,Electronics,10.0,210.66,20,None
2035-04-24,STORE-12,PROD-93,Furniture,9.0,193.62,5,None
2035-04-25,STORE-18,PROD-25,Grocery,27.0,463.51,20,Snow
2035-04-26,STORE-18,PROD-137,Electronics,13.0,416.18,10,None
2035-04-27,STORE-29,PROD-149,Electronics,19.0,63.41,5,Extreme Heat
2035-04-28,STORE-10,PROD-91,Electronics,21.0,62.98,0,Snow
2035-04-29,STORE-3,PROD-37,Electronics,24.0,219.66,0,Extreme Heat
2035-04-30,STORE-40,PROD-4,Electronics,38.0,58.34,20,Snow
2035-05-01,STORE-40,PROD-36,Electronics,4.0,313.36,5,None
2035-05-02,STORE-40,PROD-133,Grocery,24.0,80.41,5,Rain
2035-05-03,STORE-16,PROD-73,Furniture,35.0,265.96,20,Rain
2035-05-04,STORE-42,PROD-96,Electronics,3.0,13.54,20,None
2035-05-05,STORE-19,PROD-200,Clothing,4.0,165.13,15,Snow
2035-05-06,STORE-32,PROD-125,Grocery,37.0,341.82,15,Extreme Heat
2035-05-07,STORE-27,PROD-106,Grocery,40.0,247.18,20,Rain
2035-05-08,STORE-36,PROD-88,Electronics,48.0,489.35,10,None
2035-05-09,STORE-31,PROD-42,Grocery,35.0,876.62,15,None
2035-05-10,STORE-4,PROD-27,Electronics,31.0,185.94,20,Snow
2035-05-11,STORE-6,PROD-56,Furniture,44.0,32.29,5,Rain
2035-05-12,STORE-18,PROD-40,Furniture,25.0,424.36,15,None
2035-05-13,STORE-25,PROD-129,Grocery,40.0,456.5,10,Rain
2035-05-14,STORE-9,PROD-57,Grocery,13.0,412.11,0,Extreme Heat
2035-05-15,STORE-27,PROD-49,Clothing,4.0,72.7,5,None
2035-05-16,STORE-13,PROD-144,Grocery,46.0,498.98,10,None
2035-05-17,STORE-42,PROD-158,Clothing,14.0,136.71,10,Extreme Heat
2035-05-18,STORE-34,PROD-177,Furniture,13.0,364.86,10,None
2035-05-19,STORE-16,PROD-135,Furniture,27.0,454.94,5,Snow
2035-05-20,STORE-41,PROD-137,Electronics,6.0,125.49,10,Extreme Heat
2035-05-21,STORE-35,PROD-183,Furniture,17.0,455.05,0,Snow
2035-05-22,STORE-2,PROD-142,Clothing,36.0,161.65,15,Extreme Heat
2035-05-23,STORE-25,PROD-180,Grocery,40.0,488.44,5,Extreme Heat
2035-05-24,STORE-46,PROD-194,Electronics,49.0,147.82,10,Snow
2035-05-25,STORE-23,PROD-30,Clothing,35.0,,20,Extreme Heat
2035-05-26,STORE-31,PROD-107,Grocery,17.0,36.24,15,Rain
2035-05-27,STORE-35,PROD-118,Electronics,41.0,357.54,5,Snow
2035-05-28,STORE-32,PROD-20,Furniture,2.0,270.73,20,Extreme Heat
2035-05-29,STORE-23,PROD-30,Clothing,13.0,244.16,20,Snow
2035-05-30,STORE-37,PROD-34,Grocery,2.0,119.51,10,Extreme Heat
2035-05-31,STORE-33,PROD-5,Electronics,28.0,355.74,5,Extreme Heat
2035-06-01,STORE-21,PROD-123,Electronics,43.0,103.5,10,Rain
2035-06-02,STORE-25,PROD-90,Furniture,26.0,280.89,0,Rain
2035-06-03,STORE-18,PROD-80,Grocery,22.0,134.09,20,Rain
2035-06-04,STORE-12,PROD-177,Furniture,47.0,478.25,0,Extreme Heat
2035-06-05,STORE-2,PROD-93,Furniture,43.0,24.03,10,Rain
2035-06-06,STORE-21,PROD-36,Grocery,3.0,107.87,15,Snow
2035-06-07,STORE-39,PROD-114,Grocery,35.0,128.73,20,Extreme Heat
2035-06-08,STORE-15,PROD-153,Grocery,12.0,212.89,15,Snow
2035-06-09,STORE-2,PROD-134,Clothing,24.0,124.04,5,Rain
2035-06-10,STORE-50,PROD-196,Grocery,5.0,250.76,20,Extreme Heat
2035-06-11,STORE-18,PROD-88,Electronics,20.0,437.51,0,Snow
2035-06-12,STORE-4,PROD-45,Furniture,39.0,358.91,15,None
2035-06-13,STORE-31,PROD-182,Clothing,39.0,294.18,5,Snow
2035-06-14,STORE-34,PROD-78,Grocery,13.0,53.61,20,Extreme Heat
2035-06-15,STORE-23,PROD-8,Clothing,41.0,350.06,5,None
2035-06-16,STORE-50,PROD-191,Grocery,45.0,91.54,0,Rain
2035-06-17,STORE-38,PROD-31,Clothing,12.0,395.32,20,Rain
2035-06-18,STORE-15,PROD-57,Furniture,13.0,132.53,5,Snow
2035-06-19,STORE-11,PROD-33,Furniture,10.0,214.35,10,Rain
2035-06-20,STORE-7,PROD-178,Electronics,33.0,181.73,20,Snow
2035-06-21,STORE-16,PROD-37,Electronics,40.0,430.82,20,Snow
2035-06-22,STORE-43,PROD-177,Grocery,16.0,72.01,20,Snow
2035-06-23,STORE-16,PROD-59,Furniture,45.0,287.17,20,Snow
2035-06-24,STORE-18,PROD-79,Clothing,35.0,79.61,10,Extreme Heat
2035-06-25,STORE-35,PROD-33,Clothing,3.0,355.35,0,Extreme Heat
2035-06-26,STORE-48,PROD-54,Clothing,5.0,453.49,10,None
2035-06-27,STORE-4,PROD-34,Electronics,26.0,222.96,10,None
2035-06-28,STORE-49,PROD-21,Clothing,11.0,249.17,5,Rain
2035-06-29,STORE-15,PROD-109,Electronics,7.0,464.44,15,Extreme Heat
2035-06-30,STORE-37,PROD-177,Electronics,10.0,265.29,15,None
2035-07-01,STORE-25,PROD-196,Grocery,42.0,248.92,5,Extreme Heat
2035-07-02,STORE-23,PROD-29,Clothing,34.0,293.38,10,Extreme Heat
2035-07-03,STORE-12,PROD-20,Clothing,3.0,347.72,5,Rain
2035-07-04,STORE-12,PROD-5,Furniture,8.0,62.37,20,Rain
2035-07-05,STORE-16,PROD-199,Grocery,31.0,412.34,5,Snow
2035-07-06,STORE-38,PROD-124,Furniture,11.0,223.4,5,Extreme Heat
2035-07-07,STORE-21,PROD-194,Grocery,45.0,45.45,20,Snow
2035-07-08,STORE-48,PROD-111,Clothing,7.0,395.23,15,Snow
2035-07-09,STORE-45,PROD-11,Electronics,45.0,194.71,20,Snow
2035-07-10,STORE-23,PROD-51,Electronics,2.0,59.18,0,Extreme Heat
2035-07-11,STORE-38,PROD-28,Electronics,6.0,320.55,5,Extreme Heat
2035-07-12,STORE-2,PROD-9,Electronics,,441.26,5,Snow
2035-07-13,STORE-46,PROD-169,Electronics,32.0,445.0,15,Extreme Heat
2035-07-14,STORE-45,PROD-132,Furniture,20.0,479.26,10,Snow
2035-07-15,STORE-23,PROD-152,Grocery,34.0,435.18,20,None
2035-07-16,STORE-37,PROD-16,Clothing,16.0,11.05,10,Extreme Heat
2035-07-17,STORE-37,PROD-121,Furniture,25.0,196.32,0,Rain
2035-07-18,STORE-10,PROD-31,Grocery,12.0,411.09,20,Rain
2035-07-19,STORE-37,PROD-65,Electronics,7.0,189.46,0,Snow
2035-07-20,STORE-13,PROD-12,Grocery,39.0,304.76,0,None
2035-07-21,STORE-32,PROD-17,Grocery,17.0,307.1,0,Extreme Heat
2035-07-22,STORE-35,PROD-78,Electronics,45.0,188.86,20,Snow
2035-07-23,STORE-20,PROD-171,Electronics,11.0,906.38,20,None
2035-07-24,STORE-12,PROD-3,Electronics,6.0,256.58,15,None
2035-07-25,STORE-32,PROD-194,Clothing,23.0,237.74,5,Extreme Heat
2035-07-26,STORE-3,PROD-25,Electronics,27.0,498.78,10,Rain
2035-07-27,STORE-6,PROD-32,Clothing,46.0,251.82,10,Rain
2035-07-28,STORE-4,PROD-155,Electronics,6.0,97.42,0,None
2035-07-29,STORE-15,PROD-53,Clothing,38.0,261.4,20,Rain
2035-07-30,STORE-39,PROD-151,Grocery,2.0,408.87,20,None
2035-07-31,STORE-15,PROD-52,Furniture,22.0,390.66,0,None
2035-08-01,STORE-2,PROD-48,Grocery,20.0,396.41,5,None
2035-08-02,STORE-34,PROD-172,Grocery,25.0,356.93,10,Rain
2035-08-03,STORE-31,PROD-90,Electronics,15.0,134.57,15,Snow
2035-08-04,STORE-1,PROD-8,Clothing,49.0,432.42,5,Rain
2035-08-05,STORE-22,PROD-24,Furniture,29.0,447.79,20,Snow
2035-08-06,STORE-40,PROD-38,Electronics,8.0,105.13,0,Rain
2035-08-07,STORE-13,PROD-192,Electronics,37.0,73.92,10,Extreme Heat
2035-08-08,STORE-9,PROD-72,Electronics,49.0,488.05,0,Extreme Heat
2035-08-09,STORE-22,PROD-149,Grocery,33.0,435.48,20,Rain
2035-08-10,STORE-46,PROD-90,Clothing,22.0,447.69,0,Extreme Heat
2035-08-11,STORE-12,PROD-91,Clothing,47.0,444.32,10,Extreme Heat
2035-08-12,STORE-21,PROD-42,Furniture,5.0,275.43,0,Extreme Heat
2035-08-13,STORE-4,PROD-129,Clothing,39.0,326.74,10,Extreme Heat
2035-08-14,STORE-2,PROD-200,Clothing,18.0,277.23,0,Snow
2035-08-15,STORE-10,PROD-187,Electronics,38.0,35.09,0,None
2035-08-16,STORE-38,PROD-157,Electronics,37.0,375.3,10,Snow
2035-08-17,STORE-46,PROD-62,Grocery,30.0,257.61,0,None
2035-08-18,STORE-10,PROD-130,Electronics,31.0,327.38,5,None
2035-08-19,STORE-50,PROD-146,Electronics,10.0,256.29,15,Rain
2035-08-20,STORE-8,PROD-18,Electronics,15.0,250.99,5,Rain
2035-08-21,STORE-34,PROD-26,Electronics,42.0,94.18,15,Rain
2035-08-22,STORE-24,PROD-149,Grocery,48.0,146.57,5,Rain
2035-08-23,STORE-5,PROD-196,Electronics,44.0,87.84,15,Rain
2035-08-24,STORE-24,PROD-4,Furniture,18.0,105.88,0,Snow
2035-08-25,STORE-46,PROD-136,Furniture,23.0,486.76,10,Snow
2035-08-26,STORE-43,PROD-56,Furniture,33.0,85.03,10,Extreme Heat
2035-08-27,STORE-26,PROD-184,Furniture,16.0,141.94,20,Snow
2035-08-28,STORE-38,PROD-50,Electronics,38.0,299.39,15,Snow
2035-08-29,STORE-7,PROD-73,Furniture,35.0,308.99,20,Rain
2035-08-30,STORE-22,PROD-44,Electronics,34.0,85.45,20,Extreme Heat
2035-08-31,STORE-20,PROD-194,Grocery,28.0,398.92,15,Snow
2035-09-01,STORE-21,PROD-138,Furniture,2.0,394.75,10,Snow
2035-09-02,STORE-9,PROD-2,Clothing,30.0,126.29,15,Extreme Heat
2035-09-03,STORE-11,PROD-186,Furniture,13.0,151.45,0,None
2035-09-04,STORE-47,PROD-26,Furniture,41.0,469.61,20,Rain
2035-09-05,STORE-28,PROD-55,Electronics,16.0,414.58,20,Snow
2035-09-06,STORE-41,PROD-130,Furniture,5.0,351.92,15,Snow
2035-09-07,STORE-32,PROD-182,Clothing,28.0,50.29,20,Extreme Heat
2035-09-08,STORE-42,PROD-122,Electronics,39.0,214.95,10,Snow
2035-09-09,STORE-21,PROD-94,Electronics,45.0,284.06,20,Rain
2035-09-10,STORE-12,PROD-179,Grocery,20.0,101.83,15,Snow
2035-09-11,STORE-46,PROD-151,Grocery,24.0,229.63,10,None
2035-09-12,STORE-36,PROD-48,Furniture,27.0,304.5,10,Rain
2035-09-13,STORE-45,PROD-113,Grocery,30.0,170.41,20,None
2035-09-14,STORE-40,PROD-173,Grocery,45.0,392.66,15,Extreme Heat
2035-09-15,STORE-23,PROD-28,Grocery,27.0,421.82,20,Rain
2035-09-16,STORE-15,PROD-47,Electronics,26.0,168.57,0,Snow
2035-09-17,STORE-43,PROD-91,Electronics,7.0,420.94,0,Rain
2035-09-18,STORE-38,PROD-98,Electronics,42.0,60.75,10,Rain
2035-09-19,STORE-12,PROD-109,Grocery,47.0,420.49,20,Rain
2035-09-20,STORE-25,PROD-55,Electronics,38.0,84.85,0,None
2035-09-21,STORE-20,PROD-132,Grocery,,50.63,5,Extreme Heat
2035-09-22,STORE-47,PROD-59,Electronics,23.0,324.47,0,Rain
2035-09-23,STORE-45,PROD-105,Electronics,28.0,241.25,20,Snow
2035-09-24,STORE-19,PROD-29,Clothing,34.0,454.87,20,Rain
2035-09-25,STORE-9,PROD-195,Furniture,15.0,187.96,0,Rain
2035-09-26,STORE-12,PROD-81,Grocery,32.0,150.7,20,Extreme Heat
2035-09-27,STORE-47,PROD-32,Clothing,26.0,255.36,20,Snow
2035-09-28,STORE-1,PROD-120,Electronics,48.0,233.41,5,Snow
2035-09-29,STORE-45,PROD-29,Grocery,31.0,178.77,10,None
2035-09-30,STORE-37,PROD-134,Electronics,19.0,349.93,20,Snow
2035-10-01,STORE-26,PROD-35,Furniture,9.0,382.19,15,Snow
2035-10-02,STORE-50,PROD-127,Clothing,29.0,427.96,10,Snow
2035-10-03,STORE-37,PROD-196,Furniture,39.0,486.7,10,Rain
2035-10-04,STORE-3,PROD-93,Clothing,4.0,140.66,15,None
2035-10-05,STORE-12,PROD-181,Electronics,3.0,360.89,0,Snow
2035-10-06,STORE-39,PROD-74,Furniture,29.0,203.19,5,Snow
2035-10-07,STORE-21,PROD-143,Furniture,11.0,341.77,20,Snow
2035-10-08,STORE-40,PROD-185,Electronics,33.0,243.23,0,Rain
2035-10-09,STORE-15,PROD-11,Furniture,38.0,496.95,15,Rain
2035-10-10,STORE-41,PROD-22,Grocery,11.0,367.16,5,None
2035-10-11,STORE-37,PROD-84,Clothing,27.0,476.72,5,Extreme Heat
2035-10-12,STORE-7,PROD-127,Clothing,33.0,419.14,5,None
2035-10-13,STORE-32,PROD-30,Clothing,21.0,452.42,15,Rain
2035-10-14,STORE-10,PROD-99,Grocery,39.0,409.07,0,Snow
2035-10-15,STORE-22,PROD-73,Clothing,31.0,234.99,20,Snow
2035-10-16,STORE-48,PROD-117,Electronics,38.0,133.38,5,None
2035-10-17,STORE-5,PROD-154,Furniture,,191.46,5,Snow
2035-10-18,STORE-16,PROD-189,Grocery,2.0,19.92,0,Rain
2035-10-19,STORE-23,PROD-80,Clothing,27.0,266.76,5,None
2035-10-20,STORE-21,PROD-176,Electronics,36.0,257.48,5,Extreme Heat
2035-10-21,STORE-11,PROD-114,Furniture,11.0,267.37,15,Rain
2035-10-22,STORE-41,PROD-58,Furniture,47.0,974.56,10,Rain
2035-10-23,STORE-6,PROD-142,Grocery,18.0,456.61,0,Snow
2035-10-24,STORE-46,PROD-105,Grocery,1.0,89.24,0,Rain
2035-10-25,STORE-43,PROD-75,Grocery,35.0,190.75,0,Rain
2035-10-26,STORE-41,PROD-110,Electronics,35.0,217.74,15,Extreme Heat
2035-10-27,STORE-47,PROD-49,Electronics,31.0,186.66,15,Snow
2035-10-28,STORE-22,PROD-18,Grocery,28.0,401.26,20,Rain
2035-10-29,STORE-29,PROD-122,Clothing,39.0,266.78,15,Snow
2035-10-30,STORE-1,PROD-174,Furniture,1.0,290.33,0,Rain
2035-10-31,STORE-17,PROD-95,Furniture,25.0,427.98,20,Extreme Heat
2035-11-01,STORE-14,PROD-46,Electronics,43.0,404.9,10,Snow
2035-11-02,STORE-16,PROD-4,Furniture,38.0,74.78,5,Snow
2035-11-03,STORE-45,PROD-173,Clothing,20.0,359.82,5,Extreme Heat
2035-11-04,STORE-5,PROD-126,Furniture,3.0,223.36,20,None
2035-11-05,STORE-23,PROD-173,Electronics,2.0,154.38,10,Rain
2035-11-06,STORE-17,PROD-27,Electronics,18.0,34.51,5,Rain
2035-11-07,STORE-7,PROD-102,Clothing,44.0,248.75,20,None
2035-11-08,STORE-47,PROD-113,Clothing,10.0,184.16,15,Snow
2035-11-09,STORE-1,PROD-134,Furniture,5.0,133.24,0,Snow
2035-11-10,STORE-4,PROD-169,Furniture,9.0,350.39,10,Extreme Heat
2035-11-11,STORE-25,PROD-174,Electronics,2.0,387.05,5,Extreme Heat
2035-11-12,STORE-29,PROD-22,Clothing,34.0,129.95,0,Extreme Heat
2035-11-13,STORE-47,PROD-31,Clothing,38.0,34.23,20,None
2035-11-14,STORE-27,PROD-37,Clothing,31.0,425.89,5,None
2035-11-15,STORE-11,PROD-102,Furniture,10.0,14.88,0,Snow
2035-11-16,STORE-27,PROD-103,Clothing,12.0,469.19,15,Extreme Heat
2035-11-17,STORE-32,PROD-178,Electronics,36.0,317.53,10,Snow
2035-11-18,STORE-25,PROD-152,Electronics,21.0,167.7,20,None
2035-11-19,STORE-23,PROD-27,Furniture,49.0,130.77,5,Rain
2035-11-20,STORE-35,PROD-190,Grocery,47.0,14.41,15,Snow
2035-11-21,STORE-25,PROD-44,Furniture,6.0,125.38,10,None
2035-11-22,STORE-7,PROD-17,Grocery,48.0,77.49,10,Extreme Heat
2035-11-23,STORE-31,PROD-94,Clothing,49.0,309.96,15,Rain
2035-11-24,STORE-37,PROD-51,Furniture,3.0,91.61,5,Rain
2035-11-25,STORE-42,PROD-87,Electronics,10.0,269.03,10,Rain
2035-11-26,STORE-49,PROD-52,Clothing,5.0,299.16,20,Extreme Heat
2035-11-27,STORE-44,PROD-153,Electronics,46.0,156.04,0,Rain
2035-11-28,STORE-15,PROD-104,Clothing,26.0,27.18,20,None
2035-11-29,STORE-11,PROD-32,Furniture,21.0,28.25,10,Snow
2035-11-30,STORE-29,PROD-60,Grocery,45.0,22.91,0,Rain
2035-12-01,STORE-5,PROD-109,Clothing,13.0,372.17,15,Rain
2035-12-02,STORE-3,PROD-186,Grocery,38.0,165.82,0,None
2035-12-03,STORE-19,PROD-128,Clothing,44.0,400.19,0,Extreme Heat
2035-12-04,STORE-2,PROD-72,Electronics,26.0,221.55,0,Rain
2035-12-05,STORE-21,PROD-196,Electronics,8.0,231.97,10,None
2035-12-06,STORE-17,PROD-183,Clothing,5.0,261.31,5,None
2035-12-07,STORE-7,PROD-197,Grocery,15.0,359.39,10,Extreme Heat
2035-12-08,STORE-5,PROD-149,Furniture,16.0,144.02,5,Extreme Heat
2035-12-09,STORE-22,PROD-152,Furniture,1.0,69.58,15,Snow
2035-12-10,STORE-11,PROD-70,Electronics,16.0,282.47,15,Rain
2035-12-11,STORE-25,PROD-194,Furniture,37.0,170.22,15,Snow
2035-12-12,STORE-11,PROD-165,Electronics,3.0,226.82,15,None
2035-12-13,STORE-47,PROD-103,Furniture,47.0,327.0,15,Rain
2035-12-14,STORE-5,PROD-92,Clothing,31.0,252.12,20,None
2035-12-15,STORE-36,PROD-122,Electronics,13.0,313.94,10,None
2035-12-16,STORE-6,PROD-171,Electronics,16.0,276.66,5,None
2035-12-17,STORE-22,PROD-155,Clothing,43.0,372.5,15,Extreme Heat
2035-12-18,STORE-39,PROD-104,Electronics,21.0,355.91,20,Extreme Heat
2035-12-19,STORE-40,PROD-125,Furniture,2.0,271.75,20,Rain
2035-12-20,STORE-31,PROD-131,Furniture,27.0,342.66,20,None
2035-12-21,STORE-46,PROD-72,Electronics,38.0,438.04,10,None
2035-12-22,STORE-2,PROD-38,Furniture,26.0,221.81,15,Rain
2035-12-23,STORE-28,PROD-197,Grocery,38.0,212.25,20,Snow
2035-12-24,STORE-42,PROD-117,Electronics,46.0,384.48,20,None
2035-12-25,STORE-11,PROD-28,Clothing,25.0,295.45,15,Extreme Heat
2035-12-26,STORE-39,PROD-32,Grocery,11.0,44.79,10,Snow
2035-12-27,STORE-28,PROD-65,Electronics,8.0,447.13,20,Snow
2035-12-28,STORE-11,PROD-126,Clothing,8.0,25.08,5,Snow
2035-12-29,STORE-4,PROD-128,Furniture,33.0,376.71,0,Snow
2035-12-30,STORE-7,PROD-60,Clothing,7.0,381.81,0,Snow
2035-12-31,STORE-22,PROD-161,Grocery,38.0,477.02,0,Snow
2036-01-01,STORE-14,PROD-35,Furniture,21.0,36.53,10,Rain
2036-01-02,STORE-13,PROD-8,Electronics,8.0,302.46,20,Rain
2036-01-03,STORE-27,PROD-26,Furniture,21.0,219.64,0,Snow
2036-01-04,STORE-45,PROD-189,Electronics,20.0,172.01,0,Extreme Heat
2036-01-05,STORE-36,PROD-14,Electronics,8.0,54.26,15,Rain
2036-01-06,STORE-47,PROD-18,Clothing,46.0,285.7,20,Rain
2036-01-07,STORE-47,PROD-128,Clothing,31.0,,20,Snow
2036-01-08,STORE-35,PROD-174,Clothing,29.0,61.23,15,Extreme Heat
2036-01-09,STORE-17,PROD-7,Grocery,48.0,310.12,20,Snow
2036-01-10,STORE-43,PROD-46,Grocery,9.0,371.6,5,Extreme Heat
2036-01-11,STORE-19,PROD-98,Clothing,15.0,385.97,10,Extreme Heat
2036-01-12,STORE-20,PROD-155,Grocery,30.0,453.63,15,None
2036-01-13,STORE-16,PROD-174,Furniture,26.0,210.64,0,Rain
2036-01-14,STORE-7,PROD-84,Furniture,10.0,477.01,20,Snow
2036-01-15,STORE-4,PROD-40,Grocery,29.0,434.06,5,Rain
2036-01-16,STORE-26,PROD-78,Grocery,16.0,155.29,5,Rain
2036-01-17,STORE-37,PROD-160,Furniture,36.0,88.05,10,Extreme Heat
2036-01-18,STORE-36,PROD-160,Electronics,20.0,223.34,5,Rain
2036-01-19,STORE-32,PROD-25,Furniture,45.0,206.93,20,None
2036-01-20,STORE-10,PROD-195,Furniture,37.0,292.1,20,Snow
2036-01-21,STORE-4,PROD-20,Grocery,22.0,295.86,5,Rain
2036-01-22,STORE-24,PROD-170,Furniture,7.0,377.49,20,Snow
2036-01-23,STORE-1,PROD-193,Grocery,23.0,259.85,20,Rain
2036-01-24,STORE-28,PROD-134,Grocery,41.0,61.36,0,Snow
2036-01-25,STORE-6,PROD-197,Clothing,40.0,430.56,15,Snow
2036-01-26,STORE-19,PROD-127,Furniture,29.0,161.78,20,Snow
2036-01-27,STORE-43,PROD-120,Electronics,16.0,485.94,20,Rain
2036-01-28,STORE-41,PROD-52,Clothing,38.0,67.75,10,None
2036-01-29,STORE-39,PROD-76,Grocery,28.0,479.54,15,Snow
2036-01-30,STORE-31,PROD-170,Grocery,48.0,54.6,15,Extreme Heat
2036-01-31,STORE-13,PROD-128,Electronics,38.0,123.21,15,Extreme Heat
2036-02-01,STORE-7,PROD-126,Grocery,31.0,32.82,5,Extreme Heat
2036-02-02,STORE-2,PROD-130,Furniture,14.0,355.51,0,None
2036-02-03,STORE-14,PROD-67,Clothing,33.0,426.65,0,Snow
2036-02-04,STORE-11,PROD-139,Grocery,9.0,222.69,10,None
2036-02-05,STORE-41,PROD-88,Grocery,27.0,464.98,15,Snow
2036-02-06,STORE-19,PROD-139,Electronics,24.0,299.25,15,None
2036-02-07,STORE-6,PROD-140,Furniture,13.0,318.7,20,Snow
2036-02-08,STORE-31,PROD-5,Grocery,26.0,,5,Extreme Heat
2036-02-09,STORE-8,PROD-196,Electronics,29.0,155.43,5,Snow
2036-02-10,STORE-20,PROD-9,Grocery,49.0,183.59,10,None
2036-02-11,STORE-26,PROD-111,Electronics,43.0,453.92,0,Snow
2036-02-12,STORE-31,PROD-31,Electronics,28.0,451.47,15,Rain
2036-02-13,STORE-32,PROD-99,Furniture,28.0,488.48,10,Snow
2036-02-14,STORE-43,PROD-116,Grocery,8.0,451.9,5,Extreme Heat
2036-02-15,STORE-17,PROD-81,Furniture,23.0,72.41,5,Snow
2036-02-16,STORE-6,PROD-97,Electronics,29.0,413.62,5,Rain
2036-02-17,STORE-42,PROD-114,Clothing,5.0,210.82,15,Rain
2036-02-18,STORE-35,PROD-118,Grocery,42.0,495.49,15,Rain
2036-02-19,STORE-25,PROD-10,Clothing,7.0,241.42,15,None
2036-02-20,STORE-12,PROD-9,Grocery,42.0,281.38,20,Rain
2036-02-21,STORE-24,PROD-46,Furniture,36.0,269.59,0,None
2036-02-22,STORE-25,PROD-143,Furniture,41.0,167.65,5,Rain
2036-02-23,STORE-24,PROD-169,Furniture,27.0,46.76,5,None
2036-02-24,STORE-12,PROD-200,Furniture,46.0,448.87,20,Rain
2036-02-25,STORE-29,PROD-78,Furniture,2.0,403.31,5,Rain
2036-02-26,STORE-3,PROD-181,Clothing,25.0,78.37,5,Snow
2036-02-27,STORE-17,PROD-43,Furniture,9.0,390.62,15,Rain
2036-02-28,STORE-29,PROD-126,Electronics,27.0,316.66,15,Snow
2036-02-29,STORE-30,PROD-111,Electronics,1.0,210.48,0,Rain
2036-03-01,STORE-17,PROD-35,Clothing,23.0,134.47,5,Rain
2036-03-02,STORE-15,PROD-80,Grocery,10.0,431.27,10,Snow
2036-03-03,STORE-18,PROD-184,Electronics,42.0,353.09,5,Snow
2036-03-04,STORE-37,PROD-100,Grocery,25.0,278.39,5,None
2036-03-05,STORE-4,PROD-125,Clothing,3.0,308.69,0,Extreme Heat
2036-03-06,STORE-10,PROD-196,Grocery,6.0,54.62,10,Snow
2036-03-07,STORE-49,PROD-29,Grocery,6.0,242.22,5,None
2036-03-08,STORE-45,PROD-146,Grocery,2.0,104.91,10,Rain
2036-03-09,STORE-43,PROD-173,Grocery,18.0,112.11,15,Snow
2036-03-10,STORE-7,PROD-126,Clothing,23.0,334.04,15,Snow
2036-03-11,STORE-6,PROD-169,Electronics,2.0,456.52,10,Rain
2036-03-12,STORE-43,PROD-142,Furniture,12.0,207.84,5,Rain
2036-03-13,STORE-23,PROD-176,Grocery,22.0,111.8,10,Rain
2036-03-14,STORE-35,PROD-139,Electronics,37.0,327.89,10,Rain
2036-03-15,STORE-27,PROD-147,Electronics,20.0,436.88,15,Extreme Heat
2036-03-16,STORE-49,PROD-121,Clothing,39.0,376.68,10,Snow
2036-03-17,STORE-38,PROD-122,Electronics,24.0,435.69,20,Rain
2036-03-18,STORE-15,PROD-144,Clothing,48.0,272.91,20,Rain
2036-03-19,STORE-36,PROD-41,Grocery,20.0,378.42,15,Extreme Heat
2036-03-20,STORE-4,PROD-130,Grocery,1.0,78.63,5,Snow
2036-03-21,STORE-25,PROD-15,Furniture,1.0,180.65,5,None
2036-03-22,STORE-34,PROD-101,Furniture,17.0,,15,Snow
2036-03-23,STORE-27,PROD-68,Furniture,1.0,260.53,5,None
2036-03-24,STORE-35,PROD-127,Electronics,45.0,465.25,0,Extreme Heat
2036-03-25,STORE-44,PROD-152,Grocery,30.0,438.41,20,Rain
2036-03-26,STORE-31,PROD-97,Clothing,41.0,75.92,0,Extreme Heat
2036-03-27,STORE-37,PROD-158,Furniture,47.0,94.67,0,Snow
2036-03-28,STORE-16,PROD-174,Clothing,3.0,185.24,0,Rain
2036-03-29,STORE-31,PROD-91,Clothing,46.0,152.46,15,Snow
2036-03-30,STORE-20,PROD-197,Furniture,11.0,311.24,0,None
2036-03-31,STORE-6,PROD-73,Grocery,24.0,452.36,10,Snow
2036-04-01,STORE-26,PROD-83,Furniture,22.0,481.52,5,Extreme Heat
2036-04-02,STORE-46,PROD-16,Clothing,44.0,330.27,15,Extreme Heat
2036-04-03,STORE-3,PROD-8,Furniture,45.0,420.7,10,Extreme Heat
2036-04-04,STORE-33,PROD-152,Clothing,26.0,267.35,10,Rain
2036-04-05,STORE-37,PROD-12,Clothing,13.0,112.08,20,Snow
2036-04-06,STORE-34,PROD-33,Furniture,1.0,267.1,20,Rain
2036-04-07,STORE-37,PROD-94,Electronics,24.0,281.99,10,Snow
2036-04-08,STORE-44,PROD-90,Furniture,10.0,373.8,20,None
2036-04-09,STORE-40,PROD-190,Electronics,35.0,117.74,5,Snow
2036-04-10,STORE-10,PROD-150,Clothing,24.0,190.47,5,Snow
2036-04-11,STORE-8,PROD-7,Clothing,28.0,188.37,20,Snow
2036-04-12,STORE-49,PROD-196,Electronics,36.0,480.13,0,Snow
2036-04-13,STORE-29,PROD-161,Clothing,16.0,227.53,10,None
2036-04-14,STORE-12,PROD-88,Electronics,40.0,380.0,5,Rain
2036-04-15,STORE-11,PROD-98,Electronics,16.0,377.9,20,Extreme Heat
2036-04-16,STORE-14,PROD-25,Clothing,17.0,140.12,20,Snow
2036-04-17,STORE-13,PROD-110,Grocery,15.0,290.22,5,Extreme Heat
2036-04-18,STORE-9,PROD-89,Electronics,16.0,448.21,5,Extreme Heat
2036-04-19,STORE-3,PROD-92,Furniture,15.0,242.85,0,Extreme Heat
2036-04-20,STORE-28,PROD-106,Furniture,,473.11,20,Extreme Heat
2036-04-21,STORE-6,PROD-90,Clothing,11.0,115.08,20,Snow
2036-04-22,STORE-44,PROD-15,Grocery,1.0,46.34,15,Extreme Heat
2036-04-23,STORE-28,PROD-170,Clothing,15.0,446.81,0,Snow
2036-04-24,STORE-13,PROD-63,Grocery,26.0,425.36,5,None
2036-04-25,STORE-41,PROD-64,Electronics,4.0,496.37,5,Rain
2036-04-26,STORE-10,PROD-61,Electronics,43.0,342.9,10,Rain
2036-04-27,STORE-39,PROD-166,Electronics,5.0,468.98,5,Snow
2036-04-28,STORE-17,PROD-80,Electronics,,415.21,20,Snow
2036-04-29,STORE-21,PROD-152,Furniture,13.0,423.77,5,Rain
2036-04-30,STORE-47,PROD-22,Furniture,10.0,288.88,20,Extreme Heat
2036-05-01,STORE-5,PROD-177,Clothing,11.0,197.36,20,Snow
2036-05-02,STORE-6,PROD-17,Grocery,18.0,467.93,0,Extreme Heat
2036-05-03,STORE-25,PROD-79,Electronics,34.0,221.74,5,Snow
2036-05-04,STORE-36,PROD-30,Electronics,39.0,274.02,0,Snow
2036-05-05,STORE-26,PROD-87,Grocery,41.0,228.6,20,None
2036-05-06,STORE-36,PROD-44,Grocery,42.0,286.76,5,None
2036-05-07,STORE-21,PROD-6,Clothing,23.0,240.55,5,Rain
2036-05-08,STORE-18,PROD-138,Grocery,7.0,33.5,0,None
2036-05-09,STORE-34,PROD-84,Electronics,39.0,442.2,0,None
2036-05-10,STORE-30,PROD-10,Electronics,3.0,227.75,20,Rain
2036-05-11,STORE-1,PROD-118,Electronics,12.0,298.58,20,Extreme Heat
2036-05-12,STORE-45,PROD-169,Electronics,7.0,78.2,5,None
2036-05-13,STORE-40,PROD-109,Electronics,49.0,11.66,5,Extreme Heat
2036-05-14,STORE-38,PROD-146,Clothing,26.0,130.19,15,Rain
2036-05-15,STORE-34,PROD-132,Electronics,33.0,355.25,15,Snow
2036-05-16,STORE-27,PROD-108,Clothing,37.0,58.61,10,Extreme Heat
2036-05-17,STORE-8,PROD-69,Electronics,48.0,455.35,20,Rain
2036-05-18,STORE-27,PROD-6,Furniture,15.0,115.36,10,Extreme Heat
2036-05-19,STORE-10,PROD-179,Furniture,2.0,110.25,10,Rain
2036-05-20,STORE-10,PROD-121,Furniture,41.0,98.94,0,Rain
2036-05-21,STORE-37,PROD-151,Furniture,7.0,16.85,0,Snow
2036-05-22,STORE-38,PROD-6,Clothing,32.0,388.18,15,Extreme Heat
2036-05-23,STORE-38,PROD-82,Clothing,4.0,438.77,10,Snow
2036-05-24,STORE-49,PROD-97,Grocery,20.0,310.94,15,Snow
2036-05-25,STORE-7,PROD-147,Electronics,36.0,102.22,20,Extreme Heat
2036-05-26,STORE-7,PROD-100,Furniture,32.0,149.79,5,Extreme Heat
2036-05-27,STORE-37,PROD-83,Clothing,28.0,243.2,0,Rain
2036-05-28,STORE-50,PROD-147,Electronics,13.0,477.63,20,Extreme Heat
2036-05-29,STORE-7,PROD-26,Electronics,1.0,131.2,20,Rain
2036-05-30,STORE-19,PROD-126,Clothing,35.0,368.51,0,Rain
2036-05-31,STORE-35,PROD-26,Furniture,48.0,225.33,0,Rain
2036-06-01,STORE-23,PROD-177,Grocery,30.0,155.95,10,Rain
2036-06-02,STORE-27,PROD-173,Electronics,36.0,233.4,15,Rain
2036-06-03,STORE-17,PROD-53,Grocery,25.0,44.89,20,Rain
2036-06-04,STORE-25,PROD-87,Furniture,16.0,401.36,10,Extreme Heat
2036-06-05,STORE-42,PROD-128,Furniture,19.0,129.22,10,Extreme Heat
2036-06-06,STORE-32,PROD-129,Grocery,1.0,365.45,20,None
2036-06-07,STORE-37,PROD-196,Furniture,5.0,43.49,20,Extreme Heat
2036-06-08,STORE-39,PROD-171,Electronics,22.0,478.0,5,Snow
2036-06-09,STORE-31,PROD-87,Grocery,24.0,104.58,15,None
2036-06-10,STORE-3,PROD-43,Furniture,43.0,442.54,20,Extreme Heat
2036-06-11,STORE-12,PROD-158,Grocery,45.0,406.64,0,Snow
2036-06-12,STORE-18,PROD-77,Electronics,37.0,484.25,5,Extreme Heat
2036-06-13,STORE-26,PROD-94,Furniture,36.0,244.17,15,Rain
2036-06-14,STORE-10,PROD-112,Electronics,36.0,,0,None
2036-06-15,STORE-40,PROD-52,Furniture,4.0,191.65,0,Rain
2036-06-16,STORE-39,PROD-128,Clothing,36.0,100.34,15,None
2036-06-17,STORE-44,PROD-163,Furniture,18.0,227.11,5,None
2036-06-18,STORE-45,PROD-20,Grocery,16.0,91.22,0,Rain
2036-06-19,STORE-26,PROD-138,Furniture,,491.2,10,None
2036-06-20,STORE-3,PROD-55,Electronics,18.0,57.16,15,None
2036-06-21,STORE-26,PROD-74,Electronics,22.0,298.71,15,Extreme Heat
2036-06-22,STORE-22,PROD-68,Furniture,2.0,316.97,20,Snow
2036-06-23,STORE-45,PROD-13,Grocery,21.0,273.66,5,Rain
2036-06-24,STORE-16,PROD-77,Clothing,36.0,334.47,10,Extreme Heat
2036-06-25,STORE-4,PROD-147,Grocery,44.0,66.93,10,Extreme Heat
2036-06-26,STORE-48,PROD-103,Clothing,39.0,563.92,20,Rain
2036-06-27,STORE-31,PROD-58,Electronics,47.0,150.73,0,None
2036-06-28,STORE-18,PROD-160,Grocery,39.0,470.69,0,Rain
2036-06-29,STORE-24,PROD-191,Clothing,29.0,766.84,10,Snow
2036-06-30,STORE-2,PROD-24,Furniture,26.0,486.53,5,Snow
2036-07-01,STORE-22,PROD-184,Electronics,21.0,28.4,0,Rain
2036-07-02,STORE-20,PROD-149,Furniture,17.0,149.72,15,Extreme Heat
2036-07-03,STORE-20,PROD-25,Electronics,8.0,105.76,20,Rain
2036-07-04,STORE-18,PROD-152,Grocery,31.0,15.47,5,Snow
2036-07-05,STORE-32,PROD-87,Grocery,9.0,128.74,0,Rain
2036-07-06,STORE-45,PROD-70,Electronics,31.0,342.6,10,None
2036-07-07,STORE-44,PROD-18,Electronics,14.0,123.23,20,Rain
2036-07-08,STORE-7,PROD-146,Electronics,49.0,259.41,0,Extreme Heat
2036-07-09,STORE-15,PROD-136,Grocery,37.0,445.03,10,None
2036-07-10,STORE-9,PROD-122,Clothing,2.0,349.94,0,Snow
2036-07-11,STORE-20,PROD-110,Furniture,48.0,203.37,20,Rain
2036-07-12,STORE-48,PROD-54,Furniture,46.0,192.51,15,Extreme Heat
2036-07-13,STORE-29,PROD-89,Grocery,14.0,233.31,15,Extreme Heat
2036-07-14,STORE-50,PROD-20,Furniture,33.0,96.75,10,Snow
2036-07-15,STORE-21,PROD-167,Electronics,35.0,320.66,15,Rain
2036-07-16,STORE-18,PROD-78,Clothing,39.0,188.43,20,Extreme Heat
2036-07-17,STORE-47,PROD-130,Furniture,47.0,427.66,10,None
2036-07-18,STORE-27,PROD-77,Clothing,20.0,380.71,0,Rain
2036-07-19,STORE-39,PROD-111,Electronics,2.0,309.15,5,Snow
2036-07-20,STORE-42,PROD-170,Furniture,41.0,188.46,0,None
2036-07-21,STORE-6,PROD-139,Grocery,19.0,112.87,20,Rain
2036-07-22,STORE-13,PROD-81,Clothing,37.0,390.31,10,Extreme Heat
2036-07-23,STORE-29,PROD-52,Electronics,18.0,248.34,0,Snow
2036-07-24,STORE-14,PROD-107,Clothing,16.0,120.13,10,Snow
2036-07-25,STORE-27,PROD-103,Furniture,4.0,105.64,15,Rain
2036-07-26,STORE-48,PROD-65,Furniture,12.0,91.05,5,Snow
2036-07-27,STORE-32,PROD-160,Grocery,29.0,390.81,20,None
2036-07-28,STORE-49,PROD-132,Electronics,7.0,122.2,0,Rain
2036-07-29,STORE-34,PROD-117,Electronics,14.0,268.05,5,None
2036-07-30,STORE-24,PROD-172,Grocery,12.0,231.26,20,Snow
2036-07-31,STORE-4,PROD-196,Grocery,35.0,294.01,20,Snow
2036-08-01,STORE-33,PROD-141,Electronics,5.0,439.81,15,Snow
2036-08-02,STORE-11,PROD-47,Clothing,17.0,,10,None
2036-08-03,STORE-5,PROD-5,Clothing,42.0,231.03,10,Snow
2036-08-04,STORE-20,PROD-161,Grocery,32.0,17.53,5,Rain
2036-08-05,STORE-46,PROD-181,Clothing,10.0,218.96,15,Extreme Heat
2036-08-06,STORE-33,PROD-133,Electronics,43.0,307.03,20,Rain
2036-08-07,STORE-26,PROD-48,Furniture,17.0,283.3,15,Extreme Heat
2036-08-08,STORE-9,PROD-148,Furniture,5.0,329.15,15,Snow
2036-08-09,STORE-50,PROD-128,Clothing,45.0,85.5,5,Rain
2036-08-10,STORE-34,PROD-55,Grocery,42.0,326.8,10,None
2036-08-11,STORE-37,PROD-170,Grocery,9.0,99.5,15,Extreme Heat
2036-08-12,STORE-2,PROD-191,Grocery,49.0,377.76,15,None
2036-08-13,STORE-12,PROD-120,Grocery,33.0,176.15,15,Extreme Heat
2036-08-14,STORE-13,PROD-69,Grocery,36.0,357.85,0,Snow
2036-08-15,STORE-13,PROD-164,Clothing,36.0,33.45,15,Rain
2036-08-16,STORE-4,PROD-137,Furniture,18.0,209.85,15,Extreme Heat
2036-08-17,STORE-16,PROD-158,Furniture,9.0,355.47,20,Rain
2036-08-18,STORE-3,PROD-197,Clothing,29.0,121.17,0,Extreme Heat
2036-08-19,STORE-30,PROD-112,Grocery,14.0,399.69,15,Extreme Heat
2036-08-20,STORE-4,PROD-145,Clothing,25.0,319.08,15,Snow
2036-08-21,STORE-24,PROD-187,Furniture,15.0,297.91,5,Extreme Heat
2036-08-22,STORE-46,PROD-161,Electronics,6.0,183.24,5,None
2036-08-23,STORE-13,PROD-16,Clothing,42.0,246.4,0,Extreme Heat
2036-08-24,STORE-18,PROD-134,Grocery,29.0,302.7,20,Extreme Heat
2036-08-25,STORE-24,PROD-52,Furniture,15.0,241.51,0,Extreme Heat
2036-08-26,STORE-30,PROD-94,Furniture,29.0,352.17,0,Snow
2036-08-27,STORE-33,PROD-119,Furniture,4.0,222.51,5,Rain
2036-08-28,STORE-26,PROD-38,Furniture,18.0,109.11,5,Rain
2036-08-29,STORE-41,PROD-62,Grocery,49.0,114.83,20,Snow
2036-08-30,STORE-8,PROD-39,Electronics,44.0,12.84,15,None
2036-08-31,STORE-44,PROD-192,Furniture,39.0,157.47,20,None
2036-09-01,STORE-2,PROD-176,Clothing,16.0,376.97,15,Snow
2036-09-02,STORE-16,PROD-196,Electronics,11.0,399.14,10,Rain
2036-09-03,STORE-24,PROD-77,Furniture,14.0,109.21,5,None
2036-09-04,STORE-32,PROD-112,Electronics,3.0,479.93,10,Snow
2036-09-05,STORE-39,PROD-106,Clothing,42.0,256.18,10,Rain
2036-09-06,STORE-29,PROD-82,Furniture,38.0,459.32,5,None
2036-09-07,STORE-12,PROD-17,Clothing,45.0,356.31,10,None
2036-09-08,STORE-31,PROD-163,Grocery,42.0,363.99,0,Snow
