CUSTOMER_ID,ORDER_ID,REGION,CATEGORY,ORDER_DATE,SHIP_DATE,TOTAL_SALES,PROFIT_MARGIN
CUST-655,ORD-1,East,Furniture,2023-01-01 00:00:00,2023-01-02 00:00:00,399.7,0.22
CUST-115,ORD-2,West,Furniture,2023-01-01 01:00:00,2023-01-02 01:00:00,478.7,0.2
CUST-26,ORD-3,North,Furniture,2023-01-01 02:00:00,2023-01-02 02:00:00,856.0,0.13
CUST-760,ORD-4,East,Furniture,2023-01-01 03:00:00,2023-01-02 03:00:00,346.6,0.32
CUST-282,ORD-5,East,Grocery,2023-01-01 04:00:00,2023-01-02 04:00:00,870.95,0.26
CUST-251,ORD-6,West,Furniture,2023-01-01 05:00:00,2023-01-02 05:00:00,97.25,0.44
CUST-229,ORD-7,North,Electronics,2023-01-01 06:00:00,2023-01-02 06:00:00,779.03,0.06
CUST-143,ORD-8,North,Furniture,2023-01-01 07:00:00,2023-01-02 07:00:00,849.07,0.34
CUST-755,ORD-9,East,Grocery,2023-01-01 08:00:00,2023-01-02 08:00:00,190.0,0.39
CUST-105,ORD-10,South,Furniture,2023-01-01 09:00:00,2023-01-02 09:00:00,436.04,0.39
CUST-693,ORD-11,East,Electronics,2023-01-01 10:00:00,2023-01-02 10:00:00,173.84,0.45
CUST-759,ORD-12,East,Grocery,2023-01-01 11:00:00,2023-01-02 11:00:00,709.54,0.38
CUST-914,ORD-13,East,Grocery,2023-01-01 12:00:00,2023-01-02 12:00:00,539.99,0.47
CUST-559,ORD-14,East,Electronics,2023-01-01 13:00:00,2023-01-02 13:00:00,638.97,0.2
CUST-90,ORD-15,West,Electronics,2023-01-01 14:00:00,2023-01-02 14:00:00,204.52,0.28
CUST-605,ORD-16,North,Electronics,2023-01-01 15:00:00,2023-01-02 15:00:00,219.63,0.06
CUST-433,ORD-17,West,Electronics,2023-01-01 16:00:00,2023-01-02 16:00:00,51.08,0.05
CUST-33,ORD-18,West,Electronics,2023-01-01 17:00:00,2023-01-02 17:00:00,328.85,0.16
CUST-31,ORD-19,West,Grocery,2023-01-01 18:00:00,2023-01-02 18:00:00,564.15,0.1
CUST-96,ORD-20,East,Grocery,2023-01-01 19:00:00,2023-01-02 19:00:00,859.36,0.17
CUST-224,ORD-21,South,Furniture,2023-01-01 20:00:00,2023-01-02 20:00:00,670.26,0.13
CUST-239,ORD-22,North,Furniture,2023-01-01 21:00:00,2023-01-02 21:00:00,441.04,
CUST-518,ORD-23,South,Clothing,2023-01-01 22:00:00,2023-01-02 22:00:00,953.59,0.46
CUST-617,ORD-24,West,Furniture,2023-01-01 23:00:00,2023-01-02 23:00:00,722.05,0.05
CUST-28,ORD-25,West,Furniture,2023-01-02 00:00:00,2023-01-03 00:00:00,930.86,0.38
CUST-575,ORD-26,South,Electronics,2023-01-02 01:00:00,2023-01-03 01:00:00,532.31,0.12
CUST-204,ORD-27,South,Electronics,2023-01-02 02:00:00,2023-01-03 02:00:00,266.32,0.46
CUST-734,ORD-28,South,Furniture,2023-01-02 03:00:00,2023-01-03 03:00:00,62.3,0.45
CUST-666,ORD-29,West,Clothing,2023-01-02 04:00:00,2023-01-03 04:00:00,728.82,0.34
CUST-719,ORD-30,West,Electronics,2023-01-02 05:00:00,2023-01-03 05:00:00,130.09,0.35
CUST-559,ORD-31,North,Furniture,2023-01-02 06:00:00,2023-01-03 06:00:00,309.75,0.05
CUST-430,ORD-32,North,Furniture,2023-01-02 07:00:00,2023-01-03 07:00:00,537.15,0.49
CUST-226,ORD-33,West,Grocery,2023-01-02 08:00:00,2023-01-03 08:00:00,568.77,0.45
CUST-460,ORD-34,South,Clothing,2023-01-02 09:00:00,2023-01-03 09:00:00,604.58,0.45
CUST-604,ORD-35,South,Grocery,2023-01-02 10:00:00,2023-01-03 10:00:00,174.59,0.35
CUST-285,ORD-36,North,Clothing,2023-01-02 11:00:00,2023-01-03 11:00:00,385.94,0.21
CUST-829,ORD-37,West,Electronics,2023-01-02 12:00:00,2023-01-03 12:00:00,621.02,0.45
CUST-891,ORD-38,North,Clothing,2023-01-02 13:00:00,2023-01-03 13:00:00,970.12,0.18
CUST-7,ORD-39,North,Furniture,2023-01-02 14:00:00,2023-01-03 14:00:00,730.35,0.3
CUST-778,ORD-40,East,Furniture,2023-01-02 15:00:00,2023-01-03 15:00:00,923.38,0.09
CUST-826,ORD-41,East,Clothing,2023-01-02 16:00:00,2023-01-03 16:00:00,764.59,0.46
CUST-164,ORD-42,East,Clothing,2023-01-02 17:00:00,2023-01-03 17:00:00,595.8,0.11
CUST-715,ORD-43,South,Clothing,2023-01-02 18:00:00,2023-01-03 18:00:00,200.1,0.15
CUST-433,ORD-44,West,Grocery,2023-01-02 19:00:00,2023-01-03 19:00:00,670.02,0.3
CUST-349,ORD-45,West,Clothing,2023-01-02 20:00:00,2023-01-03 20:00:00,627.15,0.39
CUST-285,ORD-46,West,Electronics,2023-01-02 21:00:00,2023-01-03 21:00:00,606.44,0.33
CUST-160,ORD-47,West,Grocery,2023-01-02 22:00:00,2023-01-03 22:00:00,494.89,0.15
CUST-221,ORD-48,East,Grocery,2023-01-02 23:00:00,2023-01-03 23:00:00,533.37,0.05
CUST-981,ORD-49,South,Clothing,2023-01-03 00:00:00,2023-01-04 00:00:00,341.1,0.39
CUST-782,ORD-50,South,Electronics,2023-01-03 01:00:00,2023-01-04 01:00:00,524.12,0.49
CUST-345,ORD-51,East,Grocery,2023-01-03 02:00:00,2023-01-04 02:00:00,205.58,0.41
CUST-105,ORD-52,South,Furniture,2023-01-03 03:00:00,2023-01-04 03:00:00,807.12,0.26
CUST-95,ORD-53,East,Grocery,2023-01-03 04:00:00,2023-01-04 04:00:00,193.92,0.46
CUST-390,ORD-54,West,Clothing,2023-01-03 05:00:00,2023-01-04 05:00:00,94.12,0.23
CUST-100,ORD-55,East,Electronics,2023-01-03 06:00:00,2023-01-04 06:00:00,441.88,0.29
CUST-368,ORD-56,West,Clothing,2023-01-03 07:00:00,2023-01-04 07:00:00,661.72,0.26
CUST-868,ORD-57,West,Furniture,2023-01-03 08:00:00,2023-01-04 08:00:00,443.34,0.25
CUST-353,ORD-58,North,Furniture,2023-01-03 09:00:00,2023-01-04 09:00:00,283.99,0.4
CUST-619,ORD-59,East,Furniture,2023-01-03 10:00:00,2023-01-04 10:00:00,562.59,0.29
CUST-271,ORD-60,North,Clothing,2023-01-03 11:00:00,2023-01-04 11:00:00,353.53,0.19
CUST-827,ORD-61,East,Grocery,2023-01-03 12:00:00,2023-01-04 12:00:00,933.54,0.17
CUST-45,ORD-62,East,Clothing,2023-01-03 13:00:00,2023-01-04 13:00:00,923.42,0.07
CUST-748,ORD-63,North,Electronics,2023-01-03 14:00:00,2023-01-04 14:00:00,507.35,0.31
CUST-471,ORD-64,North,Grocery,2023-01-03 15:00:00,2023-01-04 15:00:00,334.61,0.15
CUST-550,ORD-65,East,Furniture,2023-01-03 16:00:00,2023-01-04 16:00:00,739.76,0.12
CUST-128,ORD-66,South,Clothing,2023-01-03 17:00:00,2023-01-04 17:00:00,46.35,0.34
CUST-997,ORD-67,West,Furniture,2023-01-03 18:00:00,2023-01-04 18:00:00,240.01,0.36
CUST-945,ORD-68,North,Furniture,2023-01-03 19:00:00,2023-01-04 19:00:00,342.96,0.39
CUST-388,ORD-69,West,Electronics,2023-01-03 20:00:00,2023-01-04 20:00:00,921.33,0.28
CUST-81,ORD-70,South,Grocery,2023-01-03 21:00:00,2023-01-04 21:00:00,10.94,0.45
CUST-566,ORD-71,South,Electronics,2023-01-03 22:00:00,2023-01-04 22:00:00,557.29,0.47
CUST-301,ORD-72,South,Electronics,2023-01-03 23:00:00,2023-01-04 23:00:00,743.26,0.41
CUST-850,ORD-73,North,Electronics,2023-01-04 00:00:00,2023-01-05 00:00:00,490.17,0.34
CUST-644,ORD-74,South,Furniture,2023-01-04 01:00:00,2023-01-05 01:00:00,94.55,0.19
CUST-634,ORD-75,North,Electronics,2023-01-04 02:00:00,2023-01-05 02:00:00,972.74,0.49
CUST-907,ORD-76,South,Electronics,2023-01-04 03:00:00,2023-01-05 03:00:00,522.83,0.17
CUST-883,ORD-77,West,Grocery,2023-01-04 04:00:00,2023-01-05 04:00:00,309.02,0.14
CUST-371,ORD-78,West,Grocery,2023-01-04 05:00:00,2023-01-05 05:00:00,244.24,0.25
CUST-592,ORD-79,East,Electronics,2023-01-04 06:00:00,2023-01-05 06:00:00,488.66,0.08
CUST-197,ORD-80,West,Grocery,2023-01-04 07:00:00,2023-01-05 07:00:00,434.86,0.49
CUST-722,ORD-81,East,Grocery,2023-01-04 08:00:00,2023-01-05 08:00:00,84.15,0.31
CUST-72,ORD-82,West,Electronics,2023-01-04 09:00:00,2023-01-05 09:00:00,115.1,0.3
CUST-47,ORD-83,North,Furniture,2023-01-04 10:00:00,2023-01-05 10:00:00,839.1,0.35
CUST-678,ORD-84,West,Electronics,2023-01-04 11:00:00,2023-01-05 11:00:00,247.42,0.27
CUST-234,ORD-85,East,Grocery,2023-01-04 12:00:00,2023-01-05 12:00:00,203.01,0.06
CUST-792,ORD-86,East,Furniture,2023-01-04 13:00:00,2023-01-05 13:00:00,509.86,0.33
CUST-297,ORD-87,South,Clothing,2023-01-04 14:00:00,2023-01-05 14:00:00,771.06,0.37
CUST-82,ORD-88,North,Furniture,2023-01-04 15:00:00,2023-01-05 15:00:00,71.33,0.24
CUST-876,ORD-89,West,Grocery,2023-01-04 16:00:00,2023-01-05 16:00:00,581.04,0.39
CUST-239,ORD-90,South,Furniture,2023-01-04 17:00:00,2023-01-05 17:00:00,128.02,0.15
CUST-888,ORD-91,West,Electronics,2023-01-04 18:00:00,2023-01-05 18:00:00,46.1,0.15
CUST-104,ORD-92,West,Clothing,2023-01-04 19:00:00,2023-01-05 19:00:00,62.22,0.12
CUST-390,ORD-93,South,Clothing,2023-01-04 20:00:00,2023-01-05 20:00:00,835.82,0.33
CUST-285,ORD-94,South,Clothing,2023-01-04 21:00:00,2023-01-05 21:00:00,126.79,0.43
CUST-465,ORD-95,South,Grocery,2023-01-04 22:00:00,2023-01-05 22:00:00,54.7,0.42
CUST-651,ORD-96,South,Grocery,2023-01-04 23:00:00,2023-01-05 23:00:00,443.52,0.22
CUST-855,ORD-97,South,Clothing,2023-01-05 00:00:00,2023-01-06 00:00:00,845.55,0.32
CUST-374,ORD-98,West,Furniture,2023-01-05 01:00:00,2023-01-06 01:00:00,269.78,0.37
CUST-167,ORD-99,South,Clothing,2023-01-05 02:00:00,2023-01-06 02:00:00,,0.16
CUST-380,ORD-100,North,Furniture,2023-01-05 03:00:00,2023-01-06 03:00:00,49.52,0.13
CUST-364,ORD-101,East,Furniture,2023-01-05 04:00:00,2023-01-06 04:00:00,454.59,
CUST-215,ORD-102,South,Grocery,2023-01-05 05:00:00,2023-01-06 05:00:00,581.84,0.33
CUST-687,ORD-103,South,Furniture,2023-01-05 06:00:00,2023-01-06 06:00:00,575.2,0.49
CUST-274,ORD-104,West,Clothing,2023-01-05 07:00:00,2023-01-06 07:00:00,339.1,0.30000000000000004
CUST-719,ORD-105,South,Grocery,2023-01-05 08:00:00,2023-01-06 08:00:00,322.38,0.37
CUST-960,ORD-106,South,Electronics,2023-01-05 09:00:00,2023-01-06 09:00:00,115.56,0.15
CUST-700,ORD-107,South,Electronics,2023-01-05 10:00:00,2023-01-06 10:00:00,373.13,0.17
CUST-664,ORD-108,West,Grocery,2023-01-05 11:00:00,2023-01-06 11:00:00,108.5,0.28
CUST-74,ORD-109,South,Clothing,2023-01-05 12:00:00,2023-01-06 12:00:00,768.93,0.19
CUST-624,ORD-110,East,Electronics,2023-01-05 13:00:00,2023-01-06 13:00:00,966.61,0.13
CUST-651,ORD-111,West,Electronics,2023-01-05 14:00:00,2023-01-06 14:00:00,970.37,0.17
CUST-176,ORD-112,East,Furniture,2023-01-05 15:00:00,2023-01-06 15:00:00,866.42,0.07
CUST-547,ORD-113,West,Furniture,2023-01-05 16:00:00,2023-01-06 16:00:00,,0.37
CUST-747,ORD-114,South,Clothing,2023-01-05 17:00:00,2023-01-06 17:00:00,703.86,0.27
CUST-251,ORD-115,East,Grocery,2023-01-05 18:00:00,2023-01-06 18:00:00,292.35,0.09
CUST-168,ORD-116,West,Clothing,2023-01-05 19:00:00,2023-01-06 19:00:00,634.46,0.13
CUST-474,ORD-117,North,Grocery,2023-01-05 20:00:00,2023-01-06 20:00:00,461.09,0.1
CUST-389,ORD-118,South,Electronics,2023-01-05 21:00:00,2023-01-06 21:00:00,487.2,0.33
CUST-277,ORD-119,West,Furniture,2023-01-05 22:00:00,2023-01-06 22:00:00,760.2,0.09
CUST-948,ORD-120,North,Clothing,2023-01-05 23:00:00,2023-01-06 23:00:00,289.1,0.39
CUST-656,ORD-121,West,Clothing,2023-01-06 00:00:00,2023-01-07 00:00:00,324.86,0.06
CUST-705,ORD-122,North,Grocery,2023-01-06 01:00:00,2023-01-07 01:00:00,925.4,0.16
CUST-571,ORD-123,South,Grocery,2023-01-06 02:00:00,2023-01-07 02:00:00,65.66,0.45
CUST-225,ORD-124,East,Clothing,2023-01-06 03:00:00,2023-01-07 03:00:00,490.78,0.37
CUST-702,ORD-125,North,Grocery,2023-01-06 04:00:00,2023-01-07 04:00:00,913.67,0.08
CUST-333,ORD-126,West,Clothing,2023-01-06 05:00:00,2023-01-07 05:00:00,614.26,0.42
CUST-864,ORD-127,South,Clothing,2023-01-06 06:00:00,2023-01-07 06:00:00,550.94,0.27
CUST-787,ORD-128,North,Clothing,2023-01-06 07:00:00,2023-01-07 07:00:00,257.25,0.43
CUST-795,ORD-129,West,Electronics,2023-01-06 08:00:00,2023-01-07 08:00:00,349.84,0.32
CUST-58,ORD-130,West,Grocery,2023-01-06 09:00:00,2023-01-07 09:00:00,853.53,0.36
CUST-235,ORD-131,West,Furniture,2023-01-06 10:00:00,2023-01-07 10:00:00,563.63,0.5
CUST-842,ORD-132,North,Furniture,2023-01-06 11:00:00,2023-01-07 11:00:00,519.59,0.15
CUST-33,ORD-133,North,Grocery,2023-01-06 12:00:00,2023-01-07 12:00:00,108.58,0.33
CUST-825,ORD-134,North,Clothing,2023-01-06 13:00:00,2023-01-07 13:00:00,25.87,0.26
CUST-324,ORD-135,East,Furniture,2023-01-06 14:00:00,2023-01-07 14:00:00,964.05,0.07
CUST-411,ORD-136,North,Furniture,2023-01-06 15:00:00,2023-01-07 15:00:00,383.22,0.06
CUST-275,ORD-137,North,Grocery,2023-01-06 16:00:00,2023-01-07 16:00:00,,0.1
CUST-68,ORD-138,North,Furniture,2023-01-06 17:00:00,2023-01-07 17:00:00,88.92,0.34
CUST-217,ORD-139,East,Clothing,2023-01-06 18:00:00,2023-01-07 18:00:00,686.28,0.31
CUST-936,ORD-140,North,Grocery,2023-01-06 19:00:00,2023-01-07 19:00:00,933.24,0.3
CUST-966,ORD-141,West,Clothing,2023-01-06 20:00:00,2023-01-07 20:00:00,579.91,0.06
CUST-581,ORD-142,North,Furniture,2023-01-06 21:00:00,2023-01-07 21:00:00,134.85,0.26
CUST-898,ORD-143,West,Furniture,2023-01-06 22:00:00,2023-01-07 22:00:00,585.9,0.47
CUST-736,ORD-144,West,Clothing,2023-01-06 23:00:00,2023-01-07 23:00:00,768.68,0.23
CUST-323,ORD-145,West,Electronics,2023-01-07 00:00:00,2023-01-08 00:00:00,412.35,0.33
CUST-218,ORD-146,East,Furniture,2023-01-07 01:00:00,2023-01-08 01:00:00,881.04,0.4
CUST-672,ORD-147,East,Electronics,2023-01-07 02:00:00,2023-01-08 02:00:00,652.2,0.4
CUST-512,ORD-148,East,Furniture,2023-01-07 03:00:00,2023-01-08 03:00:00,900.26,0.28
CUST-406,ORD-149,North,Electronics,2023-01-07 04:00:00,2023-01-08 04:00:00,627.27,0.44
CUST-906,ORD-150,West,Electronics,2023-01-07 05:00:00,2023-01-08 05:00:00,139.98,0.23
CUST-937,ORD-151,East,Electronics,2023-01-07 06:00:00,2023-01-08 06:00:00,316.59,0.45
CUST-659,ORD-152,East,Clothing,2023-01-07 07:00:00,2023-01-08 07:00:00,209.78,0.16
CUST-470,ORD-153,North,Electronics,2023-01-07 08:00:00,2023-01-08 08:00:00,909.74,0.18
CUST-147,ORD-154,East,Electronics,2023-01-07 09:00:00,2023-01-08 09:00:00,762.8,0.07
CUST-272,ORD-155,North,Electronics,2023-01-07 10:00:00,2023-01-08 10:00:00,679.63,0.41
CUST-143,ORD-156,South,Furniture,2023-01-07 11:00:00,2023-01-08 11:00:00,307.96,0.24
CUST-253,ORD-157,East,Electronics,2023-01-07 12:00:00,2023-01-08 12:00:00,192.2,0.15
CUST-763,ORD-158,South,Furniture,2023-01-07 13:00:00,2023-01-08 13:00:00,758.89,0.15
CUST-575,ORD-159,North,Electronics,2023-01-07 14:00:00,2023-01-08 14:00:00,479.42,0.46
CUST-552,ORD-160,West,Electronics,2023-01-07 15:00:00,2023-01-08 15:00:00,233.53,0.43
CUST-270,ORD-161,East,Clothing,2023-01-07 16:00:00,2023-01-08 16:00:00,620.46,0.3
CUST-765,ORD-162,North,Furniture,2023-01-07 17:00:00,2023-01-08 17:00:00,49.93,0.33
CUST-599,ORD-163,West,Electronics,2023-01-07 18:00:00,2023-01-08 18:00:00,332.91,0.26
CUST-439,ORD-164,West,Furniture,2023-01-07 19:00:00,2023-01-08 19:00:00,473.87,0.23
CUST-920,ORD-165,South,Furniture,2023-01-07 20:00:00,2023-01-08 20:00:00,156.48,0.46
CUST-598,ORD-166,North,Grocery,2023-01-07 21:00:00,2023-01-08 21:00:00,984.81,0.11
CUST-409,ORD-167,West,Clothing,2023-01-07 22:00:00,2023-01-08 22:00:00,217.01,0.24
CUST-371,ORD-168,East,Clothing,2023-01-07 23:00:00,2023-01-08 23:00:00,139.05,0.21
CUST-225,ORD-169,East,Clothing,2023-01-08 00:00:00,2023-01-09 00:00:00,211.5,0.27
CUST-142,ORD-170,South,Grocery,2023-01-08 01:00:00,2023-01-09 01:00:00,771.37,0.26
CUST-522,ORD-171,West,Grocery,2023-01-08 02:00:00,2023-01-09 02:00:00,431.25,0.28
CUST-506,ORD-172,North,Clothing,2023-01-08 03:00:00,2023-01-09 03:00:00,569.76,0.11
CUST-94,ORD-173,East,Grocery,2023-01-08 04:00:00,2023-01-09 04:00:00,30.8,0.28
CUST-774,ORD-174,West,Grocery,2023-01-08 05:00:00,2023-01-09 05:00:00,44.09,0.16
CUST-49,ORD-175,West,Grocery,2023-01-08 06:00:00,2023-01-09 06:00:00,451.37,0.13
CUST-882,ORD-176,South,Clothing,2023-01-08 07:00:00,2023-01-09 07:00:00,818.49,0.08
CUST-113,ORD-177,East,Clothing,2023-01-08 08:00:00,2023-01-09 08:00:00,886.39,0.39
CUST-157,ORD-178,East,Clothing,2023-01-08 09:00:00,2023-01-09 09:00:00,95.84,0.24
CUST-643,ORD-179,North,Grocery,2023-01-08 10:00:00,2023-01-09 10:00:00,542.98,0.33
CUST-164,ORD-180,East,Clothing,2023-01-08 11:00:00,2023-01-09 11:00:00,914.1,0.38
CUST-812,ORD-181,North,Grocery,2023-01-08 12:00:00,2023-01-09 12:00:00,394.09,0.36
CUST-697,ORD-182,East,Electronics,2023-01-08 13:00:00,2023-01-09 13:00:00,831.27,0.26
CUST-433,ORD-183,South,Grocery,2023-01-08 14:00:00,2023-01-09 14:00:00,142.36,0.22
CUST-611,ORD-184,East,Furniture,2023-01-08 15:00:00,2023-01-09 15:00:00,936.04,0.22
CUST-66,ORD-185,North,Clothing,2023-01-08 16:00:00,2023-01-09 16:00:00,753.91,0.34
CUST-395,ORD-186,North,Clothing,2023-01-08 17:00:00,2023-01-09 17:00:00,941.92,0.27
CUST-391,ORD-187,South,Furniture,2023-01-08 18:00:00,2023-01-09 18:00:00,679.85,0.43
CUST-611,ORD-188,East,Grocery,2023-01-08 19:00:00,2023-01-09 19:00:00,369.77,0.44
CUST-480,ORD-189,East,Electronics,2023-01-08 20:00:00,2023-01-09 20:00:00,938.8,0.13
CUST-542,ORD-190,South,Furniture,2023-01-08 21:00:00,2023-01-09 21:00:00,282.81,0.11
CUST-258,ORD-191,East,Furniture,2023-01-08 22:00:00,2023-01-09 22:00:00,338.85,0.33
CUST-995,ORD-192,East,Grocery,2023-01-08 23:00:00,2023-01-09 23:00:00,703.8,0.19
CUST-567,ORD-193,North,Clothing,2023-01-09 00:00:00,2023-01-10 00:00:00,767.66,0.06
CUST-882,ORD-194,East,Grocery,2023-01-09 01:00:00,2023-01-10 01:00:00,930.11,0.45
CUST-966,ORD-195,East,Furniture,2023-01-09 02:00:00,2023-01-10 02:00:00,212.75,0.15
CUST-12,ORD-196,South,Furniture,2023-01-09 03:00:00,2023-01-10 03:00:00,800.02,0.47
CUST-697,ORD-197,South,Clothing,2023-01-09 04:00:00,2023-01-10 04:00:00,741.16,0.37
CUST-739,ORD-198,West,Clothing,2023-01-09 05:00:00,2023-01-10 05:00:00,73.16,0.39
CUST-118,ORD-199,North,Clothing,2023-01-09 06:00:00,2023-01-10 06:00:00,393.35,0.14
CUST-699,ORD-200,East,Grocery,2023-01-09 07:00:00,2023-01-10 07:00:00,289.94,0.16
CUST-907,ORD-201,East,Clothing,2023-01-09 08:00:00,2023-01-10 08:00:00,311.45,0.28
CUST-550,ORD-202,West,Furniture,2023-01-09 09:00:00,2023-01-10 09:00:00,983.12,0.13
CUST-769,ORD-203,East,Furniture,2023-01-09 10:00:00,2023-01-10 10:00:00,646.35,0.19
CUST-274,ORD-204,North,Electronics,2023-01-09 11:00:00,2023-01-10 11:00:00,720.5,0.19
CUST-788,ORD-205,West,Grocery,2023-01-09 12:00:00,2023-01-10 12:00:00,976.85,0.12
CUST-657,ORD-206,North,Electronics,2023-01-09 13:00:00,2023-01-10 13:00:00,383.43,0.14
CUST-349,ORD-207,West,Furniture,2023-01-09 14:00:00,2023-01-10 14:00:00,803.82,0.4
CUST-115,ORD-208,West,Electronics,2023-01-09 15:00:00,2023-01-10 15:00:00,440.19,0.13
CUST-301,ORD-209,South,Furniture,2023-01-09 16:00:00,2023-01-10 16:00:00,870.84,0.06
CUST-446,ORD-210,North,Electronics,2023-01-09 17:00:00,2023-01-10 17:00:00,188.85,0.33
CUST-162,ORD-211,East,Clothing,2023-01-09 18:00:00,2023-01-10 18:00:00,948.21,0.49
CUST-465,ORD-212,East,Electronics,2023-01-09 19:00:00,2023-01-10 19:00:00,226.58,0.2
CUST-4,ORD-213,North,Clothing,2023-01-09 20:00:00,2023-01-10 20:00:00,332.96,0.1
CUST-977,ORD-214,East,Clothing,2023-01-09 21:00:00,2023-01-10 21:00:00,758.63,0.31
CUST-740,ORD-215,East,Grocery,2023-01-09 22:00:00,2023-01-10 22:00:00,399.82,0.46
CUST-897,ORD-216,North,Clothing,2023-01-09 23:00:00,2023-01-10 23:00:00,612.13,0.4
CUST-737,ORD-217,West,Clothing,2023-01-10 00:00:00,2023-01-11 00:00:00,450.13,0.33
CUST-270,ORD-218,North,Electronics,2023-01-10 01:00:00,2023-01-11 01:00:00,744.95,0.19
CUST-996,ORD-219,West,Furniture,2023-01-10 02:00:00,2023-01-11 02:00:00,236.05,0.29
CUST-513,ORD-220,East,Grocery,2023-01-10 03:00:00,2023-01-11 03:00:00,,0.09
CUST-781,ORD-221,East,Clothing,2023-01-10 04:00:00,2023-01-11 04:00:00,306.93,0.36
CUST-183,ORD-222,East,Grocery,2023-01-10 05:00:00,2023-01-11 05:00:00,479.57,0.38
CUST-520,ORD-223,South,Electronics,2023-01-10 06:00:00,2023-01-11 06:00:00,176.34,0.48
CUST-935,ORD-224,West,Clothing,2023-01-10 07:00:00,2023-01-11 07:00:00,361.25,0.17
CUST-109,ORD-225,South,Electronics,2023-01-10 08:00:00,2023-01-11 08:00:00,405.98,0.06
CUST-892,ORD-226,South,Grocery,2023-01-10 09:00:00,2023-01-11 09:00:00,66.82,0.3
CUST-641,ORD-227,North,Electronics,2023-01-10 10:00:00,2023-01-11 10:00:00,587.47,0.37
CUST-306,ORD-228,South,Grocery,2023-01-10 11:00:00,2023-01-11 11:00:00,885.5,0.41
CUST-862,ORD-229,North,Electronics,2023-01-10 12:00:00,2023-01-11 12:00:00,160.23,0.14
CUST-655,ORD-230,North,Grocery,2023-01-10 13:00:00,2023-01-11 13:00:00,601.83,0.17
CUST-520,ORD-231,South,Furniture,2023-01-10 14:00:00,2023-01-11 14:00:00,668.09,0.28
CUST-624,ORD-232,West,Electronics,2023-01-10 15:00:00,2023-01-11 15:00:00,425.14,0.2
CUST-204,ORD-233,West,Electronics,2023-01-10 16:00:00,2023-01-11 16:00:00,704.09,0.44
CUST-157,ORD-234,West,Furniture,2023-01-10 17:00:00,2023-01-11 17:00:00,416.62,0.26
CUST-383,ORD-235,West,Furniture,2023-01-10 18:00:00,2023-01-11 18:00:00,509.59,0.41
CUST-781,ORD-236,West,Electronics,2023-01-10 19:00:00,2023-01-11 19:00:00,17.28,0.31
CUST-166,ORD-237,South,Furniture,2023-01-10 20:00:00,2023-01-11 20:00:00,694.8,0.4
CUST-553,ORD-238,South,Clothing,2023-01-10 21:00:00,2023-01-11 21:00:00,664.73,0.2
CUST-977,ORD-239,East,Grocery,2023-01-10 22:00:00,2023-01-11 22:00:00,48.02,0.42
CUST-798,ORD-240,West,Grocery,2023-01-10 23:00:00,2023-01-11 23:00:00,374.57,0.17
CUST-945,ORD-241,South,Grocery,2023-01-11 00:00:00,2023-01-12 00:00:00,979.24,0.44999999999999996
CUST-544,ORD-242,East,Clothing,2023-01-11 01:00:00,2023-01-12 01:00:00,426.53,0.15
CUST-941,ORD-243,West,Furniture,2023-01-11 02:00:00,2023-01-12 02:00:00,506.93,0.26
CUST-1,ORD-244,North,Furniture,2023-01-11 03:00:00,2023-01-12 03:00:00,910.83,0.19
CUST-614,ORD-245,East,Electronics,2023-01-11 04:00:00,2023-01-12 04:00:00,720.09,0.17
CUST-332,ORD-246,South,Furniture,2023-01-11 05:00:00,2023-01-12 05:00:00,586.25,0.49
CUST-501,ORD-247,North,Electronics,2023-01-11 06:00:00,2023-01-12 06:00:00,799.83,0.12
CUST-20,ORD-248,North,Clothing,2023-01-11 07:00:00,2023-01-12 07:00:00,865.72,0.4
CUST-115,ORD-249,North,Grocery,2023-01-11 08:00:00,2023-01-12 08:00:00,462.32,0.49
CUST-952,ORD-250,East,Grocery,2023-01-11 09:00:00,2023-01-12 09:00:00,480.36,0.06
CUST-372,ORD-251,South,Grocery,2023-01-11 10:00:00,2023-01-12 10:00:00,392.19,0.36
CUST-900,ORD-252,North,Furniture,2023-01-11 11:00:00,2023-01-12 11:00:00,967.04,0.16
CUST-852,ORD-253,West,Electronics,2023-01-11 12:00:00,2023-01-12 12:00:00,700.19,0.07
CUST-827,ORD-254,North,Electronics,2023-01-11 13:00:00,2023-01-12 13:00:00,92.39,0.23
CUST-315,ORD-255,North,Clothing,2023-01-11 14:00:00,2023-01-12 14:00:00,864.33,0.47
CUST-246,ORD-256,East,Furniture,2023-01-11 15:00:00,2023-01-12 15:00:00,485.75,0.06
CUST-60,ORD-257,East,Clothing,2023-01-11 16:00:00,2023-01-12 16:00:00,78.07,0.31
CUST-247,ORD-258,South,Electronics,2023-01-11 17:00:00,2023-01-12 17:00:00,554.22,0.28
CUST-900,ORD-259,West,Electronics,2023-01-11 18:00:00,2023-01-12 18:00:00,422.99,0.44
CUST-581,ORD-260,East,Grocery,2023-01-11 19:00:00,2023-01-12 19:00:00,878.97,0.09
CUST-970,ORD-261,North,Furniture,2023-01-11 20:00:00,2023-01-12 20:00:00,211.95,0.36
CUST-81,ORD-262,South,Electronics,2023-01-11 21:00:00,2023-01-12 21:00:00,828.2,0.36
CUST-88,ORD-263,North,Grocery,2023-01-11 22:00:00,2023-01-12 22:00:00,562.11,0.35
CUST-750,ORD-264,North,Furniture,2023-01-11 23:00:00,2023-01-12 23:00:00,64.06,0.47
CUST-498,ORD-265,East,Clothing,2023-01-12 00:00:00,2023-01-13 00:00:00,972.13,0.42
CUST-836,ORD-266,South,Furniture,2023-01-12 01:00:00,2023-01-13 01:00:00,517.49,0.07
CUST-71,ORD-267,West,Furniture,2023-01-12 02:00:00,2023-01-13 02:00:00,297.97,0.26
CUST-779,ORD-268,West,Electronics,2023-01-12 03:00:00,2023-01-13 03:00:00,474.71,0.23
CUST-546,ORD-269,East,Electronics,2023-01-12 04:00:00,2023-01-13 04:00:00,859.28,0.19
CUST-785,ORD-270,East,Furniture,2023-01-12 05:00:00,2023-01-13 05:00:00,311.85,0.25
CUST-129,ORD-271,South,Electronics,2023-01-12 06:00:00,2023-01-13 06:00:00,200.75,0.22
CUST-132,ORD-272,West,Electronics,2023-01-12 07:00:00,2023-01-13 07:00:00,137.78,0.24
CUST-676,ORD-273,West,Electronics,2023-01-12 08:00:00,2023-01-13 08:00:00,304.88,0.49
CUST-487,ORD-274,West,Grocery,2023-01-12 09:00:00,2023-01-13 09:00:00,782.25,0.09
CUST-970,ORD-275,North,Grocery,2023-01-12 10:00:00,2023-01-13 10:00:00,476.91,0.47
CUST-563,ORD-276,West,Furniture,2023-01-12 11:00:00,2023-01-13 11:00:00,235.21,0.27
CUST-170,ORD-277,North,Electronics,2023-01-12 12:00:00,2023-01-13 12:00:00,174.52,0.33
CUST-272,ORD-278,South,Grocery,2023-01-12 13:00:00,2023-01-13 13:00:00,339.4,0.42
CUST-541,ORD-279,North,Furniture,2023-01-12 14:00:00,2023-01-13 14:00:00,940.53,0.21
CUST-894,ORD-280,South,Electronics,2023-01-12 15:00:00,2023-01-13 15:00:00,349.6,0.24
CUST-622,ORD-281,West,Clothing,2023-01-12 16:00:00,2023-01-13 16:00:00,988.24,0.23
CUST-434,ORD-282,West,Electronics,2023-01-12 17:00:00,2023-01-13 17:00:00,490.38,0.22
CUST-988,ORD-283,South,Electronics,2023-01-12 18:00:00,2023-01-13 18:00:00,187.37,0.47
CUST-217,ORD-284,East,Grocery,2023-01-12 19:00:00,2023-01-13 19:00:00,892.23,0.42
CUST-952,ORD-285,South,Furniture,2023-01-12 20:00:00,2023-01-13 20:00:00,465.75,0.1
CUST-553,ORD-286,East,Furniture,2023-01-12 21:00:00,2023-01-13 21:00:00,712.57,0.1
CUST-774,ORD-287,North,Grocery,2023-01-12 22:00:00,2023-01-13 22:00:00,983.87,0.24
CUST-748,ORD-288,North,Electronics,2023-01-12 23:00:00,2023-01-13 23:00:00,59.67,0.09
CUST-707,ORD-289,North,Clothing,2023-01-13 00:00:00,2023-01-14 00:00:00,105.73,0.33
CUST-206,ORD-290,West,Electronics,2023-01-13 01:00:00,2023-01-14 01:00:00,723.25,
CUST-731,ORD-291,North,Electronics,2023-01-13 02:00:00,2023-01-14 02:00:00,289.01,0.29
CUST-320,ORD-292,East,Clothing,2023-01-13 03:00:00,2023-01-14 03:00:00,192.46,0.05
CUST-409,ORD-293,North,Grocery,2023-01-13 04:00:00,2023-01-14 04:00:00,48.97,0.19
CUST-688,ORD-294,South,Furniture,2023-01-13 05:00:00,2023-01-14 05:00:00,31.63,0.35
CUST-666,ORD-295,South,Grocery,2023-01-13 06:00:00,2023-01-14 06:00:00,776.74,0.27
CUST-383,ORD-296,West,Grocery,2023-01-13 07:00:00,2023-01-14 07:00:00,143.09,0.49
CUST-449,ORD-297,South,Electronics,2023-01-13 08:00:00,2023-01-14 08:00:00,473.04,0.44
CUST-922,ORD-298,East,Furniture,2023-01-13 09:00:00,2023-01-14 09:00:00,609.84,0.21
CUST-530,ORD-299,North,Furniture,2023-01-13 10:00:00,2023-01-14 10:00:00,434.07,0.07
CUST-463,ORD-300,West,Grocery,2023-01-13 11:00:00,2023-01-14 11:00:00,36.84,0.43
CUST-124,ORD-301,North,Clothing,2023-01-13 12:00:00,2023-01-14 12:00:00,785.67,0.46
CUST-254,ORD-302,North,Grocery,2023-01-13 13:00:00,2023-01-14 13:00:00,20.41,0.42
CUST-231,ORD-303,East,Clothing,2023-01-13 14:00:00,2023-01-14 14:00:00,764.27,0.11
CUST-66,ORD-304,South,Furniture,2023-01-13 15:00:00,2023-01-14 15:00:00,894.37,0.5
CUST-347,ORD-305,South,Grocery,2023-01-13 16:00:00,2023-01-14 16:00:00,438.51,0.17
CUST-22,ORD-306,North,Electronics,2023-01-13 17:00:00,2023-01-14 17:00:00,540.19,0.38
CUST-603,ORD-307,West,Grocery,2023-01-13 18:00:00,2023-01-14 18:00:00,482.21,0.46
CUST-568,ORD-308,South,Furniture,2023-01-13 19:00:00,2023-01-14 19:00:00,395.32,0.16
CUST-236,ORD-309,West,Electronics,2023-01-13 20:00:00,2023-01-14 20:00:00,888.55,0.46
CUST-603,ORD-310,South,Electronics,2023-01-13 21:00:00,2023-01-14 21:00:00,894.99,0.19
CUST-226,ORD-311,West,Clothing,2023-01-13 22:00:00,2023-01-14 22:00:00,342.46,0.49
CUST-8,ORD-312,East,Electronics,2023-01-13 23:00:00,2023-01-14 23:00:00,618.92,0.18
CUST-73,ORD-313,West,Electronics,2023-01-14 00:00:00,2023-01-15 00:00:00,927.64,0.48
CUST-725,ORD-314,East,Grocery,2023-01-14 01:00:00,2023-01-15 01:00:00,962.44,0.07
CUST-647,ORD-315,East,Furniture,2023-01-14 02:00:00,2023-01-15 02:00:00,513.87,0.37
CUST-61,ORD-316,West,Clothing,2023-01-14 03:00:00,2023-01-15 03:00:00,458.3,0.29
CUST-235,ORD-317,East,Grocery,2023-01-14 04:00:00,2023-01-15 04:00:00,285.91,0.27
CUST-70,ORD-318,North,Electronics,2023-01-14 05:00:00,2023-01-15 05:00:00,959.28,0.15
CUST-928,ORD-319,East,Electronics,2023-01-14 06:00:00,2023-01-15 06:00:00,151.39,0.37
CUST-33,ORD-320,South,Clothing,2023-01-14 07:00:00,2023-01-15 07:00:00,584.03,0.14
CUST-881,ORD-321,West,Furniture,2023-01-14 08:00:00,2023-01-15 08:00:00,289.72,0.3
CUST-339,ORD-322,North,Clothing,2023-01-14 09:00:00,2023-01-15 09:00:00,286.22,0.16
CUST-73,ORD-323,West,Grocery,2023-01-14 10:00:00,2023-01-15 10:00:00,410.92,0.48
CUST-527,ORD-324,South,Clothing,2023-01-14 11:00:00,2023-01-15 11:00:00,998.81,0.06
CUST-244,ORD-325,South,Electronics,2023-01-14 12:00:00,2023-01-15 12:00:00,64.42,0.14
CUST-286,ORD-326,South,Grocery,2023-01-14 13:00:00,2023-01-15 13:00:00,582.76,0.16
CUST-686,ORD-327,East,Electronics,2023-01-14 14:00:00,2023-01-15 14:00:00,,0.24
CUST-498,ORD-328,East,Furniture,2023-01-14 15:00:00,2023-01-15 15:00:00,162.98,0.15
CUST-220,ORD-329,West,Electronics,2023-01-14 16:00:00,2023-01-15 16:00:00,445.17,0.27
CUST-553,ORD-330,West,Electronics,2023-01-14 17:00:00,2023-01-15 17:00:00,515.36,0.44
CUST-136,ORD-331,North,Clothing,2023-01-14 18:00:00,2023-01-15 18:00:00,266.2,0.37
CUST-741,ORD-332,North,Electronics,2023-01-14 19:00:00,2023-01-15 19:00:00,323.29,0.31
CUST-958,ORD-333,West,Grocery,2023-01-14 20:00:00,2023-01-15 20:00:00,96.1,0.09
CUST-904,ORD-334,East,Grocery,2023-01-14 21:00:00,2023-01-15 21:00:00,310.19,0.36
CUST-585,ORD-335,South,Furniture,2023-01-14 22:00:00,2023-01-15 22:00:00,966.89,0.12
CUST-591,ORD-336,West,Grocery,2023-01-14 23:00:00,2023-01-15 23:00:00,945.26,0.4
CUST-485,ORD-337,North,Clothing,2023-01-15 00:00:00,2023-01-16 00:00:00,341.53,0.16
CUST-249,ORD-338,East,Furniture,2023-01-15 01:00:00,2023-01-16 01:00:00,575.15,0.24
CUST-804,ORD-339,West,Grocery,2023-01-15 02:00:00,2023-01-16 02:00:00,910.5,0.21
CUST-485,ORD-340,West,Clothing,2023-01-15 03:00:00,2023-01-16 03:00:00,16.12,0.44
CUST-827,ORD-341,East,Grocery,2023-01-15 04:00:00,2023-01-16 04:00:00,812.58,0.11
CUST-417,ORD-342,West,Grocery,2023-01-15 05:00:00,2023-01-16 05:00:00,948.89,0.3
CUST-195,ORD-343,East,Electronics,2023-01-15 06:00:00,2023-01-16 06:00:00,100.41,0.11
CUST-97,ORD-344,South,Grocery,2023-01-15 07:00:00,2023-01-16 07:00:00,169.83,0.37
CUST-100,ORD-345,East,Grocery,2023-01-15 08:00:00,2023-01-16 08:00:00,961.14,0.46
CUST-675,ORD-346,East,Clothing,2023-01-15 09:00:00,2023-01-16 09:00:00,542.16,0.25
CUST-442,ORD-347,East,Clothing,2023-01-15 10:00:00,2023-01-16 10:00:00,24.05,0.27
CUST-363,ORD-348,West,Electronics,2023-01-15 11:00:00,2023-01-16 11:00:00,265.06,0.47
CUST-434,ORD-349,West,Grocery,2023-01-15 12:00:00,2023-01-16 12:00:00,455.44,0.28
CUST-421,ORD-350,East,Electronics,2023-01-15 13:00:00,2023-01-16 13:00:00,695.98,0.27
CUST-479,ORD-351,West,Grocery,2023-01-15 14:00:00,2023-01-16 14:00:00,735.83,0.31
CUST-885,ORD-352,North,Furniture,2023-01-15 15:00:00,2023-01-16 15:00:00,995.47,0.36
CUST-747,ORD-353,North,Furniture,2023-01-15 16:00:00,2023-01-16 16:00:00,294.64,0.1
CUST-56,ORD-354,West,Electronics,2023-01-15 17:00:00,2023-01-16 17:00:00,542.84,0.42
CUST-690,ORD-355,West,Electronics,2023-01-15 18:00:00,2023-01-16 18:00:00,537.99,0.25
CUST-670,ORD-356,East,Electronics,2023-01-15 19:00:00,2023-01-16 19:00:00,411.59,0.08
CUST-662,ORD-357,South,Clothing,2023-01-15 20:00:00,2023-01-16 20:00:00,177.47,0.4
CUST-101,ORD-358,West,Clothing,2023-01-15 21:00:00,2023-01-16 21:00:00,977.68,0.22
CUST-63,ORD-359,North,Clothing,2023-01-15 22:00:00,2023-01-16 22:00:00,854.78,0.1
CUST-413,ORD-360,East,Electronics,2023-01-15 23:00:00,2023-01-16 23:00:00,503.35,0.34
CUST-746,ORD-361,West,Grocery,2023-01-16 00:00:00,2023-01-17 00:00:00,607.21,
CUST-348,ORD-362,North,Furniture,2023-01-16 01:00:00,2023-01-17 01:00:00,234.99,0.45
CUST-820,ORD-363,North,Electronics,2023-01-16 02:00:00,2023-01-17 02:00:00,548.35,0.48
CUST-883,ORD-364,South,Clothing,2023-01-16 03:00:00,2023-01-17 03:00:00,698.02,0.44
CUST-112,ORD-365,East,Clothing,2023-01-16 04:00:00,2023-01-17 04:00:00,520.02,0.05
CUST-255,ORD-366,East,Electronics,2023-01-16 05:00:00,2023-01-17 05:00:00,990.38,0.22
CUST-197,ORD-367,South,Electronics,2023-01-16 06:00:00,2023-01-17 06:00:00,615.23,0.42
CUST-195,ORD-368,South,Clothing,2023-01-16 07:00:00,2023-01-17 07:00:00,377.26,0.21
CUST-550,ORD-369,East,Grocery,2023-01-16 08:00:00,2023-01-17 08:00:00,774.43,0.32
CUST-460,ORD-370,East,Clothing,2023-01-16 09:00:00,2023-01-17 09:00:00,178.76,0.32
CUST-144,ORD-371,West,Clothing,2023-01-16 10:00:00,2023-01-17 10:00:00,390.67,0.21
CUST-433,ORD-372,West,Electronics,2023-01-16 11:00:00,2023-01-17 11:00:00,353.49,0.46
CUST-188,ORD-373,South,Grocery,2023-01-16 12:00:00,2023-01-17 12:00:00,437.49,0.28
CUST-286,ORD-374,West,Clothing,2023-01-16 13:00:00,2023-01-17 13:00:00,783.96,0.26
CUST-474,ORD-375,North,Clothing,2023-01-16 14:00:00,2023-01-17 14:00:00,489.33,0.5
CUST-256,ORD-376,West,Furniture,2023-01-16 15:00:00,2023-01-17 15:00:00,796.07,0.27
CUST-896,ORD-377,West,Electronics,2023-01-16 16:00:00,2023-01-17 16:00:00,580.72,
CUST-946,ORD-378,North,Furniture,2023-01-16 17:00:00,2023-01-17 17:00:00,348.65,0.28
CUST-78,ORD-379,South,Furniture,2023-01-16 18:00:00,2023-01-17 18:00:00,811.88,0.42
CUST-454,ORD-380,North,Clothing,2023-01-16 19:00:00,2023-01-17 19:00:00,245.91,0.4
CUST-828,ORD-381,West,Electronics,2023-01-16 20:00:00,2023-01-17 20:00:00,232.14,0.4
CUST-883,ORD-382,South,Grocery,2023-01-16 21:00:00,2023-01-17 21:00:00,509.46,0.37
CUST-877,ORD-383,West,Clothing,2023-01-16 22:00:00,2023-01-17 22:00:00,268.24,0.16
CUST-564,ORD-384,North,Grocery,2023-01-16 23:00:00,2023-01-17 23:00:00,19.0,0.44
CUST-101,ORD-385,North,Grocery,2023-01-17 00:00:00,2023-01-18 00:00:00,651.81,0.45
CUST-52,ORD-386,West,Electronics,2023-01-17 01:00:00,2023-01-18 01:00:00,515.98,0.14
CUST-668,ORD-387,East,Furniture,2023-01-17 02:00:00,2023-01-18 02:00:00,451.06,0.11
CUST-554,ORD-388,East,Electronics,2023-01-17 03:00:00,2023-01-18 03:00:00,967.3,0.49
CUST-857,ORD-389,North,Grocery,2023-01-17 04:00:00,2023-01-18 04:00:00,575.49,0.44
CUST-16,ORD-390,North,Clothing,2023-01-17 05:00:00,2023-01-18 05:00:00,864.8,0.45
CUST-993,ORD-391,East,Grocery,2023-01-17 06:00:00,2023-01-18 06:00:00,148.06,0.45
CUST-96,ORD-392,East,Clothing,2023-01-17 07:00:00,2023-01-18 07:00:00,573.51,0.29
CUST-949,ORD-393,West,Clothing,2023-01-17 08:00:00,2023-01-18 08:00:00,869.3,0.34
CUST-772,ORD-394,West,Electronics,2023-01-17 09:00:00,2023-01-18 09:00:00,587.27,0.3
CUST-870,ORD-395,East,Grocery,2023-01-17 10:00:00,2023-01-18 10:00:00,720.83,0.07
CUST-243,ORD-396,West,Furniture,2023-01-17 11:00:00,2023-01-18 11:00:00,378.32,0.39
CUST-171,ORD-397,West,Grocery,2023-01-17 12:00:00,2023-01-18 12:00:00,101.53,0.28
CUST-417,ORD-398,South,Grocery,2023-01-17 13:00:00,2023-01-18 13:00:00,463.32,0.34
CUST-498,ORD-399,West,Furniture,2023-01-17 14:00:00,2023-01-18 14:00:00,400.53,0.28
CUST-493,ORD-400,North,Electronics,2023-01-17 15:00:00,2023-01-18 15:00:00,868.39,0.27
CUST-219,ORD-401,West,Grocery,2023-01-17 16:00:00,2023-01-18 16:00:00,251.56,0.13
CUST-886,ORD-402,West,Grocery,2023-01-17 17:00:00,2023-01-18 17:00:00,967.07,0.18
CUST-411,ORD-403,East,Clothing,2023-01-17 18:00:00,2023-01-18 18:00:00,958.56,0.12
CUST-925,ORD-404,North,Grocery,2023-01-17 19:00:00,2023-01-18 19:00:00,255.16,0.14
CUST-61,ORD-405,West,Furniture,2023-01-17 20:00:00,2023-01-18 20:00:00,354.57,0.49
CUST-169,ORD-406,West,Clothing,2023-01-17 21:00:00,2023-01-18 21:00:00,896.6,0.12
CUST-389,ORD-407,South,Electronics,2023-01-17 22:00:00,2023-01-18 22:00:00,966.96,0.17
CUST-3,ORD-408,West,Clothing,2023-01-17 23:00:00,2023-01-18 23:00:00,449.0,0.32
CUST-400,ORD-409,West,Furniture,2023-01-18 00:00:00,2023-01-19 00:00:00,327.79,0.32
CUST-272,ORD-410,South,Furniture,2023-01-18 01:00:00,2023-01-19 01:00:00,530.83,0.12
CUST-949,ORD-411,East,Clothing,2023-01-18 02:00:00,2023-01-19 02:00:00,690.89,0.41
CUST-803,ORD-412,West,Electronics,2023-01-18 03:00:00,2023-01-19 03:00:00,280.74,0.4
CUST-804,ORD-413,South,Clothing,2023-01-18 04:00:00,2023-01-19 04:00:00,739.11,0.16
CUST-466,ORD-414,North,Electronics,2023-01-18 05:00:00,2023-01-19 05:00:00,61.14,0.18
CUST-293,ORD-415,East,Clothing,2023-01-18 06:00:00,2023-01-19 06:00:00,58.8,0.47
CUST-434,ORD-416,North,Furniture,2023-01-18 07:00:00,2023-01-19 07:00:00,392.42,0.42
CUST-714,ORD-417,North,Grocery,2023-01-18 08:00:00,2023-01-19 08:00:00,359.94,0.36
CUST-981,ORD-418,South,Grocery,2023-01-18 09:00:00,2023-01-19 09:00:00,322.48,0.09
CUST-749,ORD-419,West,Electronics,2023-01-18 10:00:00,2023-01-19 10:00:00,496.11,0.24
CUST-803,ORD-420,South,Electronics,2023-01-18 11:00:00,2023-01-19 11:00:00,327.53,0.3
CUST-570,ORD-421,South,Electronics,2023-01-18 12:00:00,2023-01-19 12:00:00,200.34,0.13
CUST-678,ORD-422,South,Furniture,2023-01-18 13:00:00,2023-01-19 13:00:00,316.37,0.25
CUST-736,ORD-423,South,Clothing,2023-01-18 14:00:00,2023-01-19 14:00:00,975.16,0.32
CUST-499,ORD-424,East,Furniture,2023-01-18 15:00:00,2023-01-19 15:00:00,417.0,0.2
CUST-159,ORD-425,West,Grocery,2023-01-18 16:00:00,2023-01-19 16:00:00,450.27,0.4
CUST-195,ORD-426,North,Electronics,2023-01-18 17:00:00,2023-01-19 17:00:00,580.78,0.43
CUST-304,ORD-427,North,Clothing,2023-01-18 18:00:00,2023-01-19 18:00:00,983.51,0.2
CUST-223,ORD-428,West,Grocery,2023-01-18 19:00:00,2023-01-19 19:00:00,249.19,0.43
CUST-992,ORD-429,North,Grocery,2023-01-18 20:00:00,2023-01-19 20:00:00,684.47,0.1
CUST-60,ORD-430,West,Grocery,2023-01-18 21:00:00,2023-01-19 21:00:00,718.82,0.43
CUST-594,ORD-431,North,Furniture,2023-01-18 22:00:00,2023-01-19 22:00:00,611.25,0.12
CUST-754,ORD-432,South,Electronics,2023-01-18 23:00:00,2023-01-19 23:00:00,97.69,
CUST-556,ORD-433,North,Grocery,2023-01-19 00:00:00,2023-01-20 00:00:00,680.1,0.34
CUST-63,ORD-434,West,Electronics,2023-01-19 01:00:00,2023-01-20 01:00:00,73.45,0.26
CUST-766,ORD-435,West,Furniture,2023-01-19 02:00:00,2023-01-20 02:00:00,600.18,0.46
CUST-322,ORD-436,West,Grocery,2023-01-19 03:00:00,2023-01-20 03:00:00,742.19,0.21
CUST-59,ORD-437,West,Furniture,2023-01-19 04:00:00,2023-01-20 04:00:00,218.86,0.18
CUST-52,ORD-438,West,Furniture,2023-01-19 05:00:00,2023-01-20 05:00:00,843.21,0.28
CUST-599,ORD-439,East,Electronics,2023-01-19 06:00:00,2023-01-20 06:00:00,40.05,0.26
CUST-489,ORD-440,East,Grocery,2023-01-19 07:00:00,2023-01-20 07:00:00,845.37,0.2
CUST-515,ORD-441,North,Furniture,2023-01-19 08:00:00,2023-01-20 08:00:00,465.73,0.36
CUST-942,ORD-442,West,Grocery,2023-01-19 09:00:00,2023-01-20 09:00:00,225.41,0.39
CUST-874,ORD-443,North,Electronics,2023-01-19 10:00:00,2023-01-20 10:00:00,142.44,0.43
CUST-544,ORD-444,West,Furniture,2023-01-19 11:00:00,2023-01-20 11:00:00,953.77,0.49
CUST-162,ORD-445,West,Electronics,2023-01-19 12:00:00,2023-01-20 12:00:00,81.94,0.17
CUST-59,ORD-446,East,Grocery,2023-01-19 13:00:00,2023-01-20 13:00:00,207.1,0.37
CUST-984,ORD-447,East,Grocery,2023-01-19 14:00:00,2023-01-20 14:00:00,354.34,0.23
CUST-521,ORD-448,South,Electronics,2023-01-19 15:00:00,2023-01-20 15:00:00,,0.35
CUST-83,ORD-449,East,Clothing,2023-01-19 16:00:00,2023-01-20 16:00:00,549.35,0.26
CUST-872,ORD-450,South,Furniture,2023-01-19 17:00:00,2023-01-20 17:00:00,134.39,0.5
CUST-191,ORD-451,South,Grocery,2023-01-19 18:00:00,2023-01-20 18:00:00,296.83,0.5700000000000001
CUST-71,ORD-452,South,Grocery,2023-01-19 19:00:00,2023-01-20 19:00:00,246.36,0.48
CUST-610,ORD-453,South,Furniture,2023-01-19 20:00:00,2023-01-20 20:00:00,221.41,0.43
CUST-70,ORD-454,South,Electronics,2023-01-19 21:00:00,2023-01-20 21:00:00,417.03,0.46
CUST-692,ORD-455,North,Electronics,2023-01-19 22:00:00,2023-01-20 22:00:00,706.99,
CUST-883,ORD-456,East,Electronics,2023-01-19 23:00:00,2023-01-20 23:00:00,225.28,0.26
CUST-241,ORD-457,South,Clothing,2023-01-20 00:00:00,2023-01-21 00:00:00,373.01,0.16
CUST-414,ORD-458,West,Clothing,2023-01-20 01:00:00,2023-01-21 01:00:00,397.01,0.22
CUST-123,ORD-459,East,Grocery,2023-01-20 02:00:00,2023-01-21 02:00:00,976.69,0.06
CUST-965,ORD-460,East,Electronics,2023-01-20 03:00:00,2023-01-21 03:00:00,955.12,0.29
CUST-912,ORD-461,South,Furniture,2023-01-20 04:00:00,2023-01-21 04:00:00,802.14,0.28
CUST-584,ORD-462,North,Grocery,2023-01-20 05:00:00,2023-01-21 05:00:00,249.24,0.29
CUST-253,ORD-463,South,Furniture,2023-01-20 06:00:00,2023-01-21 06:00:00,77.36,0.49
CUST-593,ORD-464,North,Grocery,2023-01-20 07:00:00,2023-01-21 07:00:00,323.74,0.46
CUST-609,ORD-465,West,Clothing,2023-01-20 08:00:00,2023-01-21 08:00:00,274.13,0.12
CUST-41,ORD-466,East,Grocery,2023-01-20 09:00:00,2023-01-21 09:00:00,510.87,0.22
CUST-635,ORD-467,West,Clothing,2023-01-20 10:00:00,2023-01-21 10:00:00,779.95,0.24
CUST-84,ORD-468,North,Grocery,2023-01-20 11:00:00,2023-01-21 11:00:00,859.74,0.21
CUST-430,ORD-469,North,Electronics,2023-01-20 12:00:00,2023-01-21 12:00:00,846.42,0.41
CUST-674,ORD-470,West,Furniture,2023-01-20 13:00:00,2023-01-21 13:00:00,366.08,0.29
CUST-598,ORD-471,North,Electronics,2023-01-20 14:00:00,2023-01-21 14:00:00,690.36,0.31
CUST-579,ORD-472,West,Grocery,2023-01-20 15:00:00,2023-01-21 15:00:00,319.71,0.43
CUST-536,ORD-473,East,Grocery,2023-01-20 16:00:00,2023-01-21 16:00:00,70.3,0.41
CUST-324,ORD-474,West,Grocery,2023-01-20 17:00:00,2023-01-21 17:00:00,704.55,0.11
CUST-958,ORD-475,East,Clothing,2023-01-20 18:00:00,2023-01-21 18:00:00,19.73,0.5549999999999999
CUST-268,ORD-476,West,Furniture,2023-01-20 19:00:00,2023-01-21 19:00:00,415.09,0.25
CUST-210,ORD-477,North,Furniture,2023-01-20 20:00:00,2023-01-21 20:00:00,336.09,0.18
CUST-686,ORD-478,West,Grocery,2023-01-20 21:00:00,2023-01-21 21:00:00,696.44,0.07
CUST-734,ORD-479,North,Grocery,2023-01-20 22:00:00,2023-01-21 22:00:00,768.58,0.27
CUST-322,ORD-480,West,Clothing,2023-01-20 23:00:00,2023-01-21 23:00:00,311.05,0.21
CUST-245,ORD-481,West,Electronics,2023-01-21 00:00:00,2023-01-22 00:00:00,813.51,0.16
CUST-272,ORD-482,South,Electronics,2023-01-21 01:00:00,2023-01-22 01:00:00,300.98,0.36
CUST-406,ORD-483,North,Furniture,2023-01-21 02:00:00,2023-01-22 02:00:00,451.86,0.4
CUST-135,ORD-484,South,Clothing,2023-01-21 03:00:00,2023-01-22 03:00:00,729.75,0.16
CUST-688,ORD-485,North,Grocery,2023-01-21 04:00:00,2023-01-22 04:00:00,695.99,0.07
CUST-661,ORD-486,South,Furniture,2023-01-21 05:00:00,2023-01-22 05:00:00,987.49,0.43
CUST-308,ORD-487,East,Clothing,2023-01-21 06:00:00,2023-01-22 06:00:00,232.91,0.05
CUST-469,ORD-488,West,Electronics,2023-01-21 07:00:00,2023-01-22 07:00:00,665.69,0.47
CUST-324,ORD-489,North,Clothing,2023-01-21 08:00:00,2023-01-22 08:00:00,613.59,0.33
CUST-952,ORD-490,North,Electronics,2023-01-21 09:00:00,2023-01-22 09:00:00,915.95,0.19
CUST-770,ORD-491,West,Clothing,2023-01-21 10:00:00,2023-01-22 10:00:00,164.8,0.16
CUST-959,ORD-492,North,Furniture,2023-01-21 11:00:00,2023-01-22 11:00:00,754.28,0.05
CUST-75,ORD-493,North,Electronics,2023-01-21 12:00:00,2023-01-22 12:00:00,572.59,0.16
CUST-10,ORD-494,South,Furniture,2023-01-21 13:00:00,2023-01-22 13:00:00,281.92,0.11
CUST-470,ORD-495,North,Furniture,2023-01-21 14:00:00,2023-01-22 14:00:00,479.69,0.33
CUST-637,ORD-496,East,Electronics,2023-01-21 15:00:00,2023-01-22 15:00:00,,0.12
CUST-577,ORD-497,East,Electronics,2023-01-21 16:00:00,2023-01-22 16:00:00,583.52,0.29
CUST-103,ORD-498,West,Grocery,2023-01-21 17:00:00,2023-01-22 17:00:00,890.11,0.32
CUST-76,ORD-499,North,Grocery,2023-01-21 18:00:00,2023-01-22 18:00:00,573.61,0.18
CUST-551,ORD-500,West,Grocery,2023-01-21 19:00:00,2023-01-22 19:00:00,635.41,0.07
CUST-219,ORD-501,East,Furniture,2023-01-21 20:00:00,2023-01-22 20:00:00,523.56,0.07
CUST-519,ORD-502,North,Furniture,2023-01-21 21:00:00,2023-01-22 21:00:00,60.65,0.06
CUST-272,ORD-503,North,Grocery,2023-01-21 22:00:00,2023-01-22 22:00:00,240.53,0.38
CUST-136,ORD-504,West,Furniture,2023-01-21 23:00:00,2023-01-22 23:00:00,497.08,0.19
CUST-956,ORD-505,East,Furniture,2023-01-22 00:00:00,2023-01-23 00:00:00,317.13,0.41
CUST-358,ORD-506,North,Electronics,2023-01-22 01:00:00,2023-01-23 01:00:00,189.95,0.24
CUST-903,ORD-507,West,Electronics,2023-01-22 02:00:00,2023-01-23 02:00:00,509.09,0.25
CUST-71,ORD-508,East,Furniture,2023-01-22 03:00:00,2023-01-23 03:00:00,329.58,0.28
CUST-901,ORD-509,West,Grocery,2023-01-22 04:00:00,2023-01-23 04:00:00,265.53,0.37
CUST-251,ORD-510,South,Clothing,2023-01-22 05:00:00,2023-01-23 05:00:00,469.35,0.17
CUST-379,ORD-511,North,Grocery,2023-01-22 06:00:00,2023-01-23 06:00:00,141.95,0.1
CUST-292,ORD-512,South,Clothing,2023-01-22 07:00:00,2023-01-23 07:00:00,928.47,0.3
CUST-162,ORD-513,East,Grocery,2023-01-22 08:00:00,2023-01-23 08:00:00,869.03,0.2
CUST-449,ORD-514,South,Electronics,2023-01-22 09:00:00,2023-01-23 09:00:00,710.54,0.25
CUST-854,ORD-515,South,Furniture,2023-01-22 10:00:00,2023-01-23 10:00:00,115.15,0.34
CUST-557,ORD-516,East,Furniture,2023-01-22 11:00:00,2023-01-23 11:00:00,778.12,0.27
CUST-721,ORD-517,West,Electronics,2023-01-22 12:00:00,2023-01-23 12:00:00,809.88,0.33
CUST-310,ORD-518,South,Clothing,2023-01-22 13:00:00,2023-01-23 13:00:00,770.09,0.29
CUST-627,ORD-519,West,Clothing,2023-01-22 14:00:00,2023-01-23 14:00:00,122.83,0.38
CUST-827,ORD-520,South,Clothing,2023-01-22 15:00:00,2023-01-23 15:00:00,647.47,0.37
CUST-670,ORD-521,West,Electronics,2023-01-22 16:00:00,2023-01-23 16:00:00,835.98,0.29
CUST-542,ORD-522,East,Clothing,2023-01-22 17:00:00,2023-01-23 17:00:00,581.58,0.36
CUST-9,ORD-523,South,Electronics,2023-01-22 18:00:00,2023-01-23 18:00:00,649.94,0.44
CUST-684,ORD-524,East,Grocery,2023-01-22 19:00:00,2023-01-23 19:00:00,463.78,
CUST-837,ORD-525,South,Grocery,2023-01-22 20:00:00,2023-01-23 20:00:00,533.42,0.24
CUST-568,ORD-526,East,Electronics,2023-01-22 21:00:00,2023-01-23 21:00:00,44.03,0.39
CUST-307,ORD-527,East,Furniture,2023-01-22 22:00:00,2023-01-23 22:00:00,642.57,0.31
CUST-955,ORD-528,South,Grocery,2023-01-22 23:00:00,2023-01-23 23:00:00,90.63,0.08
CUST-680,ORD-529,South,Clothing,2023-01-23 00:00:00,2023-01-24 00:00:00,440.66,0.45
CUST-107,ORD-530,South,Electronics,2023-01-23 01:00:00,2023-01-24 01:00:00,299.73,0.06
CUST-962,ORD-531,North,Clothing,2023-01-23 02:00:00,2023-01-24 02:00:00,549.97,0.39
CUST-900,ORD-532,West,Clothing,2023-01-23 03:00:00,2023-01-24 03:00:00,142.08,0.39
CUST-138,ORD-533,North,Furniture,2023-01-23 04:00:00,2023-01-24 04:00:00,694.73,0.48
CUST-271,ORD-534,North,Clothing,2023-01-23 05:00:00,2023-01-24 05:00:00,797.06,0.07
CUST-119,ORD-535,East,Furniture,2023-01-23 06:00:00,2023-01-24 06:00:00,171.72,0.32
CUST-912,ORD-536,South,Grocery,2023-01-23 07:00:00,2023-01-24 07:00:00,113.27,0.24
CUST-110,ORD-537,West,Electronics,2023-01-23 08:00:00,2023-01-24 08:00:00,154.06,0.2
CUST-761,ORD-538,East,Clothing,2023-01-23 09:00:00,2023-01-24 09:00:00,878.36,0.09
CUST-567,ORD-539,North,Electronics,2023-01-23 10:00:00,2023-01-24 10:00:00,532.91,0.3
CUST-160,ORD-540,South,Clothing,2023-01-23 11:00:00,2023-01-24 11:00:00,472.59,0.27
CUST-279,ORD-541,East,Electronics,2023-01-23 12:00:00,2023-01-24 12:00:00,115.64,0.1
CUST-289,ORD-542,South,Clothing,2023-01-23 13:00:00,2023-01-24 13:00:00,653.06,0.495
CUST-620,ORD-543,East,Clothing,2023-01-23 14:00:00,2023-01-24 14:00:00,869.32,0.38
CUST-216,ORD-544,South,Clothing,2023-01-23 15:00:00,2023-01-24 15:00:00,829.9,0.4
CUST-735,ORD-545,North,Clothing,2023-01-23 16:00:00,2023-01-24 16:00:00,629.79,0.46
CUST-352,ORD-546,West,Clothing,2023-01-23 17:00:00,2023-01-24 17:00:00,84.53,0.23
CUST-209,ORD-547,North,Clothing,2023-01-23 18:00:00,2023-01-24 18:00:00,121.27,0.48
CUST-704,ORD-548,West,Clothing,2023-01-23 19:00:00,2023-01-24 19:00:00,58.82,0.44
CUST-650,ORD-549,South,Clothing,2023-01-23 20:00:00,2023-01-24 20:00:00,264.9,0.18
CUST-874,ORD-550,East,Clothing,2023-01-23 21:00:00,2023-01-24 21:00:00,144.3,0.12
CUST-271,ORD-551,North,Electronics,2023-01-23 22:00:00,2023-01-24 22:00:00,267.45,0.25
CUST-518,ORD-552,West,Furniture,2023-01-23 23:00:00,2023-01-24 23:00:00,391.21,0.23
CUST-501,ORD-553,North,Clothing,2023-01-24 00:00:00,2023-01-25 00:00:00,943.55,0.31
CUST-258,ORD-554,West,Furniture,2023-01-24 01:00:00,2023-01-25 01:00:00,,0.31
CUST-928,ORD-555,North,Clothing,2023-01-24 02:00:00,2023-01-25 02:00:00,836.62,0.39
CUST-930,ORD-556,West,Clothing,2023-01-24 03:00:00,2023-01-25 03:00:00,713.25,0.28
CUST-867,ORD-557,West,Electronics,2023-01-24 04:00:00,2023-01-25 04:00:00,121.38,0.1
CUST-53,ORD-558,South,Grocery,2023-01-24 05:00:00,2023-01-25 05:00:00,738.56,0.44
CUST-95,ORD-559,West,Grocery,2023-01-24 06:00:00,2023-01-25 06:00:00,282.35,0.19
CUST-650,ORD-560,South,Electronics,2023-01-24 07:00:00,2023-01-25 07:00:00,642.72,0.49
CUST-434,ORD-561,West,Furniture,2023-01-24 08:00:00,2023-01-25 08:00:00,173.775,0.1
CUST-850,ORD-562,East,Grocery,2023-01-24 09:00:00,2023-01-25 09:00:00,997.7,0.48
CUST-284,ORD-563,East,Electronics,2023-01-24 10:00:00,2023-01-25 10:00:00,270.92,0.09
CUST-46,ORD-564,East,Electronics,2023-01-24 11:00:00,2023-01-25 11:00:00,286.34,0.15
CUST-4,ORD-565,West,Grocery,2023-01-24 12:00:00,2023-01-25 12:00:00,931.37,0.07
CUST-342,ORD-566,South,Furniture,2023-01-24 13:00:00,2023-01-25 13:00:00,34.4,0.37
CUST-790,ORD-567,South,Electronics,2023-01-24 14:00:00,2023-01-25 14:00:00,699.72,0.43
CUST-134,ORD-568,West,Clothing,2023-01-24 15:00:00,2023-01-25 15:00:00,728.07,0.25
CUST-653,ORD-569,East,Furniture,2023-01-24 16:00:00,2023-01-25 16:00:00,838.01,0.47
CUST-269,ORD-570,East,Furniture,2023-01-24 17:00:00,2023-01-25 17:00:00,974.69,0.32
CUST-166,ORD-571,South,Grocery,2023-01-24 18:00:00,2023-01-25 18:00:00,975.85,0.33
CUST-760,ORD-572,East,Grocery,2023-01-24 19:00:00,2023-01-25 19:00:00,74.62,0.43
CUST-453,ORD-573,North,Clothing,2023-01-24 20:00:00,2023-01-25 20:00:00,823.62,0.18
CUST-565,ORD-574,South,Electronics,2023-01-24 21:00:00,2023-01-25 21:00:00,649.85,0.21
CUST-723,ORD-575,East,Grocery,2023-01-24 22:00:00,2023-01-25 22:00:00,650.87,0.46
CUST-438,ORD-576,South,Grocery,2023-01-24 23:00:00,2023-01-25 23:00:00,137.07,0.46
CUST-575,ORD-577,North,Furniture,2023-01-25 00:00:00,2023-01-26 00:00:00,653.69,0.49
CUST-10,ORD-578,South,Grocery,2023-01-25 01:00:00,2023-01-26 01:00:00,982.66,0.46
CUST-115,ORD-579,South,Grocery,2023-01-25 02:00:00,2023-01-26 02:00:00,912.7,0.11
CUST-78,ORD-580,South,Grocery,2023-01-25 03:00:00,2023-01-26 03:00:00,444.74,0.42
CUST-968,ORD-581,South,Grocery,2023-01-25 04:00:00,2023-01-26 04:00:00,24.775,0.23
CUST-905,ORD-582,North,Furniture,2023-01-25 05:00:00,2023-01-26 05:00:00,,0.5
CUST-708,ORD-583,West,Clothing,2023-01-25 06:00:00,2023-01-26 06:00:00,828.13,0.26
CUST-926,ORD-584,South,Clothing,2023-01-25 07:00:00,2023-01-26 07:00:00,704.48,0.3
CUST-153,ORD-585,South,Electronics,2023-01-25 08:00:00,2023-01-26 08:00:00,464.75,0.29
CUST-559,ORD-586,East,Grocery,2023-01-25 09:00:00,2023-01-26 09:00:00,64.55,0.19
CUST-37,ORD-587,South,Furniture,2023-01-25 10:00:00,2023-01-26 10:00:00,432.63,0.08
CUST-855,ORD-588,East,Electronics,2023-01-25 11:00:00,2023-01-26 11:00:00,474.33,0.45
CUST-379,ORD-589,West,Electronics,2023-01-25 12:00:00,2023-01-26 12:00:00,929.27,0.41
CUST-597,ORD-590,North,Clothing,2023-01-25 13:00:00,2023-01-26 13:00:00,644.68,0.11
CUST-566,ORD-591,North,Furniture,2023-01-25 14:00:00,2023-01-26 14:00:00,318.54,0.4
CUST-152,ORD-592,West,Furniture,2023-01-25 15:00:00,2023-01-26 15:00:00,530.07,0.33
CUST-441,ORD-593,North,Furniture,2023-01-25 16:00:00,2023-01-26 16:00:00,75.39,0.23
CUST-131,ORD-594,West,Clothing,2023-01-25 17:00:00,2023-01-26 17:00:00,972.84,0.16
CUST-43,ORD-595,West,Clothing,2023-01-25 18:00:00,2023-01-26 18:00:00,366.46,0.44
CUST-316,ORD-596,West,Clothing,2023-01-25 19:00:00,2023-01-26 19:00:00,483.09,0.37
CUST-374,ORD-597,North,Clothing,2023-01-25 20:00:00,2023-01-26 20:00:00,361.73,0.3
CUST-921,ORD-598,East,Clothing,2023-01-25 21:00:00,2023-01-26 21:00:00,,0.32
CUST-956,ORD-599,West,Grocery,2023-01-25 22:00:00,2023-01-26 22:00:00,665.61,0.09
CUST-816,ORD-600,South,Grocery,2023-01-25 23:00:00,2023-01-26 23:00:00,718.17,0.26
CUST-996,ORD-601,North,Furniture,2023-01-26 00:00:00,2023-01-27 00:00:00,275.46,0.14
CUST-882,ORD-602,West,Electronics,2023-01-26 01:00:00,2023-01-27 01:00:00,322.51,0.14
CUST-41,ORD-603,West,Furniture,2023-01-26 02:00:00,2023-01-27 02:00:00,134.0,0.35
CUST-921,ORD-604,South,Electronics,2023-01-26 03:00:00,2023-01-27 03:00:00,658.95,0.46
CUST-367,ORD-605,East,Clothing,2023-01-26 04:00:00,2023-01-27 04:00:00,49.4,0.23
CUST-216,ORD-606,East,Electronics,2023-01-26 05:00:00,2023-01-27 05:00:00,601.71,0.14
CUST-699,ORD-607,East,Furniture,2023-01-26 06:00:00,2023-01-27 06:00:00,871.0,0.34
CUST-256,ORD-608,West,Furniture,2023-01-26 07:00:00,2023-01-27 07:00:00,891.92,0.44
CUST-683,ORD-609,West,Electronics,2023-01-26 08:00:00,2023-01-27 08:00:00,454.55,0.39
CUST-106,ORD-610,West,Grocery,2023-01-26 09:00:00,2023-01-27 09:00:00,464.71,0.44
CUST-363,ORD-611,North,Clothing,2023-01-26 10:00:00,2023-01-27 10:00:00,86.2,0.29
CUST-799,ORD-612,South,Clothing,2023-01-26 11:00:00,2023-01-27 11:00:00,674.06,0.39
CUST-574,ORD-613,West,Furniture,2023-01-26 12:00:00,2023-01-27 12:00:00,823.05,0.11
CUST-906,ORD-614,South,Grocery,2023-01-26 13:00:00,2023-01-27 13:00:00,252.21,0.21
CUST-896,ORD-615,South,Electronics,2023-01-26 14:00:00,2023-01-27 14:00:00,427.09,0.23
CUST-417,ORD-616,East,Clothing,2023-01-26 15:00:00,2023-01-27 15:00:00,840.45,0.28
CUST-998,ORD-617,North,Grocery,2023-01-26 16:00:00,2023-01-27 16:00:00,878.35,0.47
CUST-636,ORD-618,West,Clothing,2023-01-26 17:00:00,2023-01-27 17:00:00,250.75,0.44
CUST-768,ORD-619,East,Grocery,2023-01-26 18:00:00,2023-01-27 18:00:00,555.06,0.11
CUST-159,ORD-620,East,Grocery,2023-01-26 19:00:00,2023-01-27 19:00:00,200.57,0.13
CUST-948,ORD-621,West,Furniture,2023-01-26 20:00:00,2023-01-27 20:00:00,110.86,0.21
CUST-953,ORD-622,South,Clothing,2023-01-26 21:00:00,2023-01-27 21:00:00,912.01,0.18
CUST-243,ORD-623,East,Electronics,2023-01-26 22:00:00,2023-01-27 22:00:00,822.3,0.33
CUST-886,ORD-624,South,Furniture,2023-01-26 23:00:00,2023-01-27 23:00:00,762.43,0.46
CUST-167,ORD-625,North,Furniture,2023-01-27 00:00:00,2023-01-28 00:00:00,58.28,0.48
CUST-1000,ORD-626,South,Electronics,2023-01-27 01:00:00,2023-01-28 01:00:00,845.29,0.34
CUST-820,ORD-627,North,Furniture,2023-01-27 02:00:00,2023-01-28 02:00:00,443.66,0.43
CUST-831,ORD-628,South,Grocery,2023-01-27 03:00:00,2023-01-28 03:00:00,348.97,0.29
CUST-182,ORD-629,East,Grocery,2023-01-27 04:00:00,2023-01-28 04:00:00,551.01,0.14
CUST-903,ORD-630,East,Clothing,2023-01-27 05:00:00,2023-01-28 05:00:00,100.44,0.29
CUST-423,ORD-631,North,Clothing,2023-01-27 06:00:00,2023-01-28 06:00:00,759.08,0.3
CUST-26,ORD-632,West,Electronics,2023-01-27 07:00:00,2023-01-28 07:00:00,586.61,
CUST-184,ORD-633,North,Clothing,2023-01-27 08:00:00,2023-01-28 08:00:00,194.72,0.15
CUST-755,ORD-634,North,Grocery,2023-01-27 09:00:00,2023-01-28 09:00:00,196.35,0.22
CUST-947,ORD-635,South,Electronics,2023-01-27 10:00:00,2023-01-28 10:00:00,192.41,0.21
CUST-341,ORD-636,South,Electronics,2023-01-27 11:00:00,2023-01-28 11:00:00,66.43,0.48
CUST-802,ORD-637,North,Clothing,2023-01-27 12:00:00,2023-01-28 12:00:00,591.92,0.25
CUST-954,ORD-638,East,Grocery,2023-01-27 13:00:00,2023-01-28 13:00:00,841.94,0.39
CUST-422,ORD-639,South,Electronics,2023-01-27 14:00:00,2023-01-28 14:00:00,13.66,
CUST-822,ORD-640,West,Grocery,2023-01-27 15:00:00,2023-01-28 15:00:00,58.51,0.17
CUST-686,ORD-641,South,Grocery,2023-01-27 16:00:00,2023-01-28 16:00:00,577.04,0.31
CUST-885,ORD-642,South,Grocery,2023-01-27 17:00:00,2023-01-28 17:00:00,821.3,0.45
CUST-753,ORD-643,West,Clothing,2023-01-27 18:00:00,2023-01-28 18:00:00,333.47,0.26
CUST-831,ORD-644,North,Furniture,2023-01-27 19:00:00,2023-01-28 19:00:00,356.12,0.48
CUST-255,ORD-645,West,Furniture,2023-01-27 20:00:00,2023-01-28 20:00:00,600.38,0.15
CUST-274,ORD-646,North,Electronics,2023-01-27 21:00:00,2023-01-28 21:00:00,281.47,0.08
CUST-164,ORD-647,North,Grocery,2023-01-27 22:00:00,2023-01-28 22:00:00,36.34,0.45
CUST-807,ORD-648,North,Clothing,2023-01-27 23:00:00,2023-01-28 23:00:00,737.88,0.645
CUST-719,ORD-649,West,Grocery,2023-01-28 00:00:00,2023-01-29 00:00:00,629.39,0.5
CUST-111,ORD-650,North,Grocery,2023-01-28 01:00:00,2023-01-29 01:00:00,584.95,0.36
CUST-392,ORD-651,East,Clothing,2023-01-28 02:00:00,2023-01-29 02:00:00,744.27,0.47
CUST-894,ORD-652,West,Furniture,2023-01-28 03:00:00,2023-01-29 03:00:00,678.48,0.42
CUST-40,ORD-653,East,Grocery,2023-01-28 04:00:00,2023-01-29 04:00:00,213.82,0.43
CUST-880,ORD-654,North,Grocery,2023-01-28 05:00:00,2023-01-29 05:00:00,358.96,0.31
CUST-482,ORD-655,South,Furniture,2023-01-28 06:00:00,2023-01-29 06:00:00,134.85,0.22
CUST-228,ORD-656,North,Clothing,2023-01-28 07:00:00,2023-01-29 07:00:00,138.56,0.47
CUST-205,ORD-657,East,Electronics,2023-01-28 08:00:00,2023-01-29 08:00:00,679.43,0.24
CUST-837,ORD-658,East,Furniture,2023-01-28 09:00:00,2023-01-29 09:00:00,860.01,0.29
CUST-941,ORD-659,West,Electronics,2023-01-28 10:00:00,2023-01-29 10:00:00,963.11,0.25
CUST-472,ORD-660,South,Electronics,2023-01-28 11:00:00,2023-01-29 11:00:00,632.06,0.3
CUST-359,ORD-661,West,Furniture,2023-01-28 12:00:00,2023-01-29 12:00:00,192.26,0.26
CUST-313,ORD-662,East,Grocery,2023-01-28 13:00:00,2023-01-29 13:00:00,114.59,0.07
CUST-841,ORD-663,North,Electronics,2023-01-28 14:00:00,2023-01-29 14:00:00,814.72,0.45
CUST-815,ORD-664,South,Electronics,2023-01-28 15:00:00,2023-01-29 15:00:00,582.97,0.25
CUST-893,ORD-665,North,Clothing,2023-01-28 16:00:00,2023-01-29 16:00:00,622.1,0.32
CUST-234,ORD-666,North,Grocery,2023-01-28 17:00:00,2023-01-29 17:00:00,783.65,0.11
CUST-229,ORD-667,South,Electronics,2023-01-28 18:00:00,2023-01-29 18:00:00,706.24,0.05
CUST-25,ORD-668,West,Clothing,2023-01-28 19:00:00,2023-01-29 19:00:00,836.11,0.16
CUST-676,ORD-669,North,Grocery,2023-01-28 20:00:00,2023-01-29 20:00:00,65.65,0.37
CUST-198,ORD-670,East,Furniture,2023-01-28 21:00:00,2023-01-29 21:00:00,750.05,0.09
CUST-409,ORD-671,North,Furniture,2023-01-28 22:00:00,2023-01-29 22:00:00,852.34,0.46
CUST-337,ORD-672,South,Clothing,2023-01-28 23:00:00,2023-01-29 23:00:00,293.27,0.15
CUST-286,ORD-673,South,Furniture,2023-01-29 00:00:00,2023-01-30 00:00:00,644.04,0.14
CUST-886,ORD-674,South,Electronics,2023-01-29 01:00:00,2023-01-30 01:00:00,321.02,0.13
CUST-72,ORD-675,West,Grocery,2023-01-29 02:00:00,2023-01-30 02:00:00,958.39,0.06
CUST-991,ORD-676,North,Electronics,2023-01-29 03:00:00,2023-01-30 03:00:00,43.09,0.6000000000000001
CUST-792,ORD-677,West,Electronics,2023-01-29 04:00:00,2023-01-30 04:00:00,583.99,0.44
CUST-286,ORD-678,West,Furniture,2023-01-29 05:00:00,2023-01-30 05:00:00,174.84,0.33
CUST-360,ORD-679,South,Electronics,2023-01-29 06:00:00,2023-01-30 06:00:00,715.1,0.13
CUST-657,ORD-680,South,Furniture,2023-01-29 07:00:00,2023-01-30 07:00:00,184.13,0.18
CUST-522,ORD-681,West,Grocery,2023-01-29 08:00:00,2023-01-30 08:00:00,243.03,0.26
CUST-410,ORD-682,North,Grocery,2023-01-29 09:00:00,2023-01-30 09:00:00,499.43,0.48
CUST-696,ORD-683,East,Electronics,2023-01-29 10:00:00,2023-01-30 10:00:00,915.69,0.16
CUST-864,ORD-684,West,Clothing,2023-01-29 11:00:00,2023-01-30 11:00:00,219.6,0.38
CUST-550,ORD-685,North,Furniture,2023-01-29 12:00:00,2023-01-30 12:00:00,152.8,0.375
CUST-340,ORD-686,South,Furniture,2023-01-29 13:00:00,2023-01-30 13:00:00,761.39,0.18
CUST-962,ORD-687,South,Electronics,2023-01-29 14:00:00,2023-01-30 14:00:00,505.61,0.26
CUST-29,ORD-688,North,Furniture,2023-01-29 15:00:00,2023-01-30 15:00:00,912.67,0.08
CUST-119,ORD-689,East,Furniture,2023-01-29 16:00:00,2023-01-30 16:00:00,155.15,0.41
CUST-899,ORD-690,South,Clothing,2023-01-29 17:00:00,2023-01-30 17:00:00,649.47,0.16
CUST-994,ORD-691,South,Clothing,2023-01-29 18:00:00,2023-01-30 18:00:00,,0.38
CUST-268,ORD-692,South,Electronics,2023-01-29 19:00:00,2023-01-30 19:00:00,165.19,0.08
CUST-183,ORD-693,North,Clothing,2023-01-29 20:00:00,2023-01-30 20:00:00,686.6,0.48
CUST-595,ORD-694,West,Electronics,2023-01-29 21:00:00,2023-01-30 21:00:00,597.75,0.14
CUST-986,ORD-695,South,Grocery,2023-01-29 22:00:00,2023-01-30 22:00:00,757.28,0.45
CUST-272,ORD-696,West,Electronics,2023-01-29 23:00:00,2023-01-30 23:00:00,316.37,0.41
CUST-40,ORD-697,East,Grocery,2023-01-30 00:00:00,2023-01-31 00:00:00,453.49,0.49
CUST-112,ORD-698,South,Electronics,2023-01-30 01:00:00,2023-01-31 01:00:00,411.42,0.27
CUST-611,ORD-699,South,Furniture,2023-01-30 02:00:00,2023-01-31 02:00:00,984.25,0.38
CUST-445,ORD-700,East,Clothing,2023-01-30 03:00:00,2023-01-31 03:00:00,299.33,0.22
CUST-354,ORD-701,South,Grocery,2023-01-30 04:00:00,2023-01-31 04:00:00,301.87,0.13
CUST-747,ORD-702,West,Electronics,2023-01-30 05:00:00,2023-01-31 05:00:00,361.0,0.25
CUST-806,ORD-703,North,Clothing,2023-01-30 06:00:00,2023-01-31 06:00:00,568.95,0.12
CUST-322,ORD-704,West,Electronics,2023-01-30 07:00:00,2023-01-31 07:00:00,259.8,0.49
CUST-447,ORD-705,North,Clothing,2023-01-30 08:00:00,2023-01-31 08:00:00,916.14,0.09
CUST-621,ORD-706,North,Clothing,2023-01-30 09:00:00,2023-01-31 09:00:00,273.03,0.32
CUST-524,ORD-707,West,Electronics,2023-01-30 10:00:00,2023-01-31 10:00:00,896.86,0.495
CUST-119,ORD-708,West,Grocery,2023-01-30 11:00:00,2023-01-31 11:00:00,112.44,0.29
CUST-395,ORD-709,West,Grocery,2023-01-30 12:00:00,2023-01-31 12:00:00,660.0,0.35
CUST-922,ORD-710,West,Furniture,2023-01-30 13:00:00,2023-01-31 13:00:00,907.92,0.1
CUST-591,ORD-711,East,Clothing,2023-01-30 14:00:00,2023-01-31 14:00:00,88.53,0.3
CUST-195,ORD-712,South,Furniture,2023-01-30 15:00:00,2023-01-31 15:00:00,968.64,0.18
CUST-261,ORD-713,North,Furniture,2023-01-30 16:00:00,2023-01-31 16:00:00,458.35,0.47
CUST-46,ORD-714,West,Electronics,2023-01-30 17:00:00,2023-01-31 17:00:00,946.26,0.39
CUST-726,ORD-715,West,Electronics,2023-01-30 18:00:00,2023-01-31 18:00:00,680.05,0.49
CUST-447,ORD-716,West,Electronics,2023-01-30 19:00:00,2023-01-31 19:00:00,308.57,0.07
CUST-2,ORD-717,East,Clothing,2023-01-30 20:00:00,2023-01-31 20:00:00,196.42,0.18
CUST-533,ORD-718,West,Electronics,2023-01-30 21:00:00,2023-01-31 21:00:00,310.7,0.14
CUST-948,ORD-719,West,Electronics,2023-01-30 22:00:00,2023-01-31 22:00:00,102.09,0.06
CUST-826,ORD-720,West,Clothing,2023-01-30 23:00:00,2023-01-31 23:00:00,152.43,0.16
CUST-552,ORD-721,South,Clothing,2023-01-31 00:00:00,2023-02-01 00:00:00,113.61,0.36
CUST-704,ORD-722,East,Grocery,2023-01-31 01:00:00,2023-02-01 01:00:00,428.71,0.15
CUST-737,ORD-723,West,Electronics,2023-01-31 02:00:00,2023-02-01 02:00:00,797.62,0.28
CUST-963,ORD-724,North,Electronics,2023-01-31 03:00:00,2023-02-01 03:00:00,149.97,0.45
CUST-760,ORD-725,North,Electronics,2023-01-31 04:00:00,2023-02-01 04:00:00,139.02,0.36
CUST-755,ORD-726,North,Grocery,2023-01-31 05:00:00,2023-02-01 05:00:00,646.99,0.23
CUST-687,ORD-727,East,Electronics,2023-01-31 06:00:00,2023-02-01 06:00:00,205.21,0.22
CUST-202,ORD-728,East,Grocery,2023-01-31 07:00:00,2023-02-01 07:00:00,106.63,0.26
CUST-373,ORD-729,North,Furniture,2023-01-31 08:00:00,2023-02-01 08:00:00,175.18,0.13
CUST-442,ORD-730,West,Grocery,2023-01-31 09:00:00,2023-02-01 09:00:00,924.49,0.34
CUST-72,ORD-731,East,Furniture,2023-01-31 10:00:00,2023-02-01 10:00:00,823.26,0.21
CUST-972,ORD-732,North,Electronics,2023-01-31 11:00:00,2023-02-01 11:00:00,180.26,0.43
CUST-681,ORD-733,North,Furniture,2023-01-31 12:00:00,2023-02-01 12:00:00,659.26,0.39
CUST-943,ORD-734,West,Grocery,2023-01-31 13:00:00,2023-02-01 13:00:00,541.9,0.32
CUST-339,ORD-735,South,Clothing,2023-01-31 14:00:00,2023-02-01 14:00:00,680.35,0.21
CUST-639,ORD-736,East,Furniture,2023-01-31 15:00:00,2023-02-01 15:00:00,685.84,0.14
CUST-322,ORD-737,West,Furniture,2023-01-31 16:00:00,2023-02-01 16:00:00,632.45,0.4
CUST-680,ORD-738,North,Electronics,2023-01-31 17:00:00,2023-02-01 17:00:00,273.44,0.27
CUST-869,ORD-739,North,Grocery,2023-01-31 18:00:00,2023-02-01 18:00:00,48.62,0.15
CUST-128,ORD-740,West,Furniture,2023-01-31 19:00:00,2023-02-01 19:00:00,461.01,0.14
CUST-738,ORD-741,East,Furniture,2023-01-31 20:00:00,2023-02-01 20:00:00,892.06,0.12
CUST-922,ORD-742,South,Furniture,2023-01-31 21:00:00,2023-02-01 21:00:00,573.8,0.4
CUST-308,ORD-743,South,Furniture,2023-01-31 22:00:00,2023-02-01 22:00:00,834.07,0.15
CUST-520,ORD-744,North,Clothing,2023-01-31 23:00:00,2023-02-01 23:00:00,991.71,0.29
CUST-317,ORD-745,East,Grocery,2023-02-01 00:00:00,2023-02-02 00:00:00,171.98,0.25
CUST-683,ORD-746,South,Electronics,2023-02-01 01:00:00,2023-02-02 01:00:00,694.86,0.31
CUST-419,ORD-747,East,Electronics,2023-02-01 02:00:00,2023-02-02 02:00:00,677.55,0.44
CUST-335,ORD-748,East,Clothing,2023-02-01 03:00:00,2023-02-02 03:00:00,980.16,0.44
CUST-413,ORD-749,North,Grocery,2023-02-01 04:00:00,2023-02-02 04:00:00,985.74,0.25
CUST-714,ORD-750,South,Furniture,2023-02-01 05:00:00,2023-02-02 05:00:00,689.81,0.06
CUST-303,ORD-751,West,Clothing,2023-02-01 06:00:00,2023-02-02 06:00:00,251.18,0.24
CUST-568,ORD-752,North,Grocery,2023-02-01 07:00:00,2023-02-02 07:00:00,800.57,0.32
CUST-131,ORD-753,South,Furniture,2023-02-01 08:00:00,2023-02-02 08:00:00,115.96,0.3
CUST-197,ORD-754,South,Clothing,2023-02-01 09:00:00,2023-02-02 09:00:00,782.89,0.34
CUST-431,ORD-755,South,Grocery,2023-02-01 10:00:00,2023-02-02 10:00:00,911.09,0.12
CUST-681,ORD-756,South,Electronics,2023-02-01 11:00:00,2023-02-02 11:00:00,389.01,0.34
CUST-963,ORD-757,South,Electronics,2023-02-01 12:00:00,2023-02-02 12:00:00,634.33,0.13
CUST-389,ORD-758,East,Grocery,2023-02-01 13:00:00,2023-02-02 13:00:00,435.84,0.39
CUST-694,ORD-759,North,Electronics,2023-02-01 14:00:00,2023-02-02 14:00:00,443.39,0.2
CUST-767,ORD-760,East,Grocery,2023-02-01 15:00:00,2023-02-02 15:00:00,317.27,0.37
CUST-925,ORD-761,West,Furniture,2023-02-01 16:00:00,2023-02-02 16:00:00,764.51,0.07
CUST-179,ORD-762,South,Grocery,2023-02-01 17:00:00,2023-02-02 17:00:00,936.81,0.23
CUST-631,ORD-763,North,Furniture,2023-02-01 18:00:00,2023-02-02 18:00:00,941.34,0.37
CUST-583,ORD-764,South,Clothing,2023-02-01 19:00:00,2023-02-02 19:00:00,183.03,0.15
CUST-309,ORD-765,North,Grocery,2023-02-01 20:00:00,2023-02-02 20:00:00,876.0,0.41
CUST-416,ORD-766,East,Clothing,2023-02-01 21:00:00,2023-02-02 21:00:00,740.06,0.33
CUST-562,ORD-767,North,Electronics,2023-02-01 22:00:00,2023-02-02 22:00:00,260.31,0.31
CUST-854,ORD-768,West,Furniture,2023-02-01 23:00:00,2023-02-02 23:00:00,76.61,0.21
CUST-1,ORD-769,West,Grocery,2023-02-02 00:00:00,2023-02-03 00:00:00,275.32,0.27
CUST-312,ORD-770,North,Clothing,2023-02-02 01:00:00,2023-02-03 01:00:00,913.09,0.32
CUST-294,ORD-771,North,Furniture,2023-02-02 02:00:00,2023-02-03 02:00:00,636.85,0.26
CUST-216,ORD-772,North,Furniture,2023-02-02 03:00:00,2023-02-03 03:00:00,723.84,0.36
CUST-441,ORD-773,North,Electronics,2023-02-02 04:00:00,2023-02-03 04:00:00,264.58,0.25
CUST-805,ORD-774,West,Electronics,2023-02-02 05:00:00,2023-02-03 05:00:00,722.19,0.14
CUST-594,ORD-775,South,Furniture,2023-02-02 06:00:00,2023-02-03 06:00:00,37.84,0.15
CUST-622,ORD-776,North,Furniture,2023-02-02 07:00:00,2023-02-03 07:00:00,381.57,0.05
CUST-671,ORD-777,North,Grocery,2023-02-02 08:00:00,2023-02-03 08:00:00,630.49,0.19
CUST-330,ORD-778,West,Furniture,2023-02-02 09:00:00,2023-02-03 09:00:00,154.64,0.39
CUST-477,ORD-779,West,Grocery,2023-02-02 10:00:00,2023-02-03 10:00:00,824.77,0.41
CUST-453,ORD-780,East,Furniture,2023-02-02 11:00:00,2023-02-03 11:00:00,242.68,0.14
CUST-453,ORD-781,North,Electronics,2023-02-02 12:00:00,2023-02-03 12:00:00,655.76,0.48
CUST-692,ORD-782,East,Grocery,2023-02-02 13:00:00,2023-02-03 13:00:00,411.15,0.28
CUST-219,ORD-783,West,Clothing,2023-02-02 14:00:00,2023-02-03 14:00:00,600.08,0.46
CUST-524,ORD-784,West,Electronics,2023-02-02 15:00:00,2023-02-03 15:00:00,116.38,0.37
CUST-485,ORD-785,South,Grocery,2023-02-02 16:00:00,2023-02-03 16:00:00,26.74,0.38
CUST-813,ORD-786,North,Grocery,2023-02-02 17:00:00,2023-02-03 17:00:00,910.47,0.09
CUST-923,ORD-787,East,Clothing,2023-02-02 18:00:00,2023-02-03 18:00:00,276.93,0.15
CUST-983,ORD-788,West,Grocery,2023-02-02 19:00:00,2023-02-03 19:00:00,821.48,0.05
CUST-816,ORD-789,West,Furniture,2023-02-02 20:00:00,2023-02-03 20:00:00,999.36,0.37
CUST-754,ORD-790,East,Clothing,2023-02-02 21:00:00,2023-02-03 21:00:00,219.32,0.2
CUST-174,ORD-791,South,Electronics,2023-02-02 22:00:00,2023-02-03 22:00:00,272.52,0.4
CUST-675,ORD-792,West,Electronics,2023-02-02 23:00:00,2023-02-03 23:00:00,666.23,0.2
CUST-87,ORD-793,North,Furniture,2023-02-03 00:00:00,2023-02-04 00:00:00,965.79,0.42
CUST-291,ORD-794,West,Electronics,2023-02-03 01:00:00,2023-02-04 01:00:00,916.66,0.11
CUST-528,ORD-795,North,Grocery,2023-02-03 02:00:00,2023-02-04 02:00:00,507.85,0.13
CUST-680,ORD-796,East,Grocery,2023-02-03 03:00:00,2023-02-04 03:00:00,797.16,0.2
CUST-649,ORD-797,North,Furniture,2023-02-03 04:00:00,2023-02-04 04:00:00,144.39,0.23
CUST-635,ORD-798,East,Electronics,2023-02-03 05:00:00,2023-02-04 05:00:00,977.66,0.21
CUST-344,ORD-799,North,Electronics,2023-02-03 06:00:00,2023-02-04 06:00:00,964.71,0.39
CUST-96,ORD-800,East,Furniture,2023-02-03 07:00:00,2023-02-04 07:00:00,172.09,0.09
CUST-839,ORD-801,North,Clothing,2023-02-03 08:00:00,2023-02-04 08:00:00,306.43,0.21
CUST-975,ORD-802,South,Electronics,2023-02-03 09:00:00,2023-02-04 09:00:00,109.15,0.43
CUST-770,ORD-803,North,Clothing,2023-02-03 10:00:00,2023-02-04 10:00:00,279.0,0.08
CUST-241,ORD-804,North,Electronics,2023-02-03 11:00:00,2023-02-04 11:00:00,817.8,0.47
CUST-689,ORD-805,South,Electronics,2023-02-03 12:00:00,2023-02-04 12:00:00,384.53,0.49
CUST-318,ORD-806,West,Electronics,2023-02-03 13:00:00,2023-02-04 13:00:00,97.51,0.09
CUST-231,ORD-807,West,Electronics,2023-02-03 14:00:00,2023-02-04 14:00:00,348.8,0.18
CUST-826,ORD-808,North,Grocery,2023-02-03 15:00:00,2023-02-04 15:00:00,981.57,0.22
CUST-204,ORD-809,South,Clothing,2023-02-03 16:00:00,2023-02-04 16:00:00,633.39,0.4
CUST-151,ORD-810,North,Clothing,2023-02-03 17:00:00,2023-02-04 17:00:00,422.0,0.32
CUST-26,ORD-811,East,Electronics,2023-02-03 18:00:00,2023-02-04 18:00:00,174.87,0.34
CUST-48,ORD-812,East,Electronics,2023-02-03 19:00:00,2023-02-04 19:00:00,986.32,0.39
CUST-251,ORD-813,North,Clothing,2023-02-03 20:00:00,2023-02-04 20:00:00,822.64,0.1
CUST-487,ORD-814,West,Grocery,2023-02-03 21:00:00,2023-02-04 21:00:00,288.66,0.42
CUST-626,ORD-815,West,Furniture,2023-02-03 22:00:00,2023-02-04 22:00:00,79.37,0.37
CUST-871,ORD-816,North,Furniture,2023-02-03 23:00:00,2023-02-04 23:00:00,66.06,0.31
CUST-787,ORD-817,North,Clothing,2023-02-04 00:00:00,2023-02-05 00:00:00,129.17,0.45
CUST-75,ORD-818,East,Electronics,2023-02-04 01:00:00,2023-02-05 01:00:00,584.96,0.37
CUST-467,ORD-819,West,Electronics,2023-02-04 02:00:00,2023-02-05 02:00:00,929.48,0.14
CUST-425,ORD-820,North,Grocery,2023-02-04 03:00:00,2023-02-05 03:00:00,501.78,0.24
CUST-908,ORD-821,East,Furniture,2023-02-04 04:00:00,2023-02-05 04:00:00,844.52,0.27
CUST-645,ORD-822,West,Grocery,2023-02-04 05:00:00,2023-02-05 05:00:00,451.43,0.07
CUST-590,ORD-823,South,Furniture,2023-02-04 06:00:00,2023-02-05 06:00:00,711.5,0.48
CUST-200,ORD-824,East,Clothing,2023-02-04 07:00:00,2023-02-05 07:00:00,367.275,0.11
CUST-736,ORD-825,West,Furniture,2023-02-04 08:00:00,2023-02-05 08:00:00,182.22,0.36
CUST-714,ORD-826,West,Grocery,2023-02-04 09:00:00,2023-02-05 09:00:00,367.6,0.28
CUST-394,ORD-827,East,Grocery,2023-02-04 10:00:00,2023-02-05 10:00:00,640.93,0.06
CUST-507,ORD-828,South,Grocery,2023-02-04 11:00:00,2023-02-05 11:00:00,79.99,0.47
CUST-410,ORD-829,East,Clothing,2023-02-04 12:00:00,2023-02-05 12:00:00,367.92,0.43
CUST-250,ORD-830,West,Furniture,2023-02-04 13:00:00,2023-02-05 13:00:00,539.45,0.29
CUST-152,ORD-831,North,Furniture,2023-02-04 14:00:00,2023-02-05 14:00:00,996.26,0.15
CUST-672,ORD-832,North,Grocery,2023-02-04 15:00:00,2023-02-05 15:00:00,479.79,0.1
CUST-705,ORD-833,East,Furniture,2023-02-04 16:00:00,2023-02-05 16:00:00,817.9,0.21
CUST-6,ORD-834,West,Electronics,2023-02-04 17:00:00,2023-02-05 17:00:00,437.75,0.16
CUST-915,ORD-835,North,Electronics,2023-02-04 18:00:00,2023-02-05 18:00:00,798.43,0.28
CUST-769,ORD-836,West,Electronics,2023-02-04 19:00:00,2023-02-05 19:00:00,599.46,0.48
CUST-882,ORD-837,East,Furniture,2023-02-04 20:00:00,2023-02-05 20:00:00,887.73,0.31
CUST-789,ORD-838,North,Clothing,2023-02-04 21:00:00,2023-02-05 21:00:00,416.83,0.45
CUST-907,ORD-839,West,Clothing,2023-02-04 22:00:00,2023-02-05 22:00:00,608.26,0.34
CUST-110,ORD-840,North,Clothing,2023-02-04 23:00:00,2023-02-05 23:00:00,316.86,0.26
CUST-798,ORD-841,East,Clothing,2023-02-05 00:00:00,2023-02-06 00:00:00,423.21,0.43
CUST-436,ORD-842,West,Electronics,2023-02-05 01:00:00,2023-02-06 01:00:00,152.87,0.26
CUST-225,ORD-843,North,Electronics,2023-02-05 02:00:00,2023-02-06 02:00:00,102.62,
CUST-181,ORD-844,East,Grocery,2023-02-05 03:00:00,2023-02-06 03:00:00,26.5,0.18
CUST-824,ORD-845,North,Furniture,2023-02-05 04:00:00,2023-02-06 04:00:00,874.8,0.11
CUST-981,ORD-846,North,Furniture,2023-02-05 05:00:00,2023-02-06 05:00:00,122.055,0.43
CUST-713,ORD-847,South,Clothing,2023-02-05 06:00:00,2023-02-06 06:00:00,219.39,0.31
CUST-531,ORD-848,South,Electronics,2023-02-05 07:00:00,2023-02-06 07:00:00,738.68,0.45
CUST-476,ORD-849,East,Clothing,2023-02-05 08:00:00,2023-02-06 08:00:00,326.82,0.47
CUST-52,ORD-850,South,Grocery,2023-02-05 09:00:00,2023-02-06 09:00:00,510.98,0.07
CUST-571,ORD-851,East,Furniture,2023-02-05 10:00:00,2023-02-06 10:00:00,170.89,0.28
CUST-256,ORD-852,South,Furniture,2023-02-05 11:00:00,2023-02-06 11:00:00,960.15,0.22
CUST-940,ORD-853,North,Clothing,2023-02-05 12:00:00,2023-02-06 12:00:00,853.07,0.33
CUST-869,ORD-854,East,Grocery,2023-02-05 13:00:00,2023-02-06 13:00:00,865.15,0.41
CUST-125,ORD-855,East,Furniture,2023-02-05 14:00:00,2023-02-06 14:00:00,412.71,0.18
CUST-468,ORD-856,North,Grocery,2023-02-05 15:00:00,2023-02-06 15:00:00,764.74,0.3
CUST-137,ORD-857,East,Grocery,2023-02-05 16:00:00,2023-02-06 16:00:00,152.44,0.37
CUST-821,ORD-858,East,Clothing,2023-02-05 17:00:00,2023-02-06 17:00:00,18.53,0.11
CUST-476,ORD-859,South,Electronics,2023-02-05 18:00:00,2023-02-06 18:00:00,29.77,0.42
CUST-684,ORD-860,East,Clothing,2023-02-05 19:00:00,2023-02-06 19:00:00,590.74,0.32
CUST-544,ORD-861,West,Electronics,2023-02-05 20:00:00,2023-02-06 20:00:00,460.84,0.48
CUST-573,ORD-862,North,Grocery,2023-02-05 21:00:00,2023-02-06 21:00:00,522.84,0.2
CUST-610,ORD-863,South,Electronics,2023-02-05 22:00:00,2023-02-06 22:00:00,17.39,0.1
CUST-325,ORD-864,South,Grocery,2023-02-05 23:00:00,2023-02-06 23:00:00,428.46,0.28
CUST-973,ORD-865,West,Furniture,2023-02-06 00:00:00,2023-02-07 00:00:00,720.89,0.09
CUST-774,ORD-866,North,Furniture,2023-02-06 01:00:00,2023-02-07 01:00:00,448.27,0.49
CUST-913,ORD-867,North,Furniture,2023-02-06 02:00:00,2023-02-07 02:00:00,734.9,0.07
CUST-454,ORD-868,South,Clothing,2023-02-06 03:00:00,2023-02-07 03:00:00,240.69,0.39
CUST-628,ORD-869,East,Clothing,2023-02-06 04:00:00,2023-02-07 04:00:00,815.01,0.29
CUST-835,ORD-870,South,Grocery,2023-02-06 05:00:00,2023-02-07 05:00:00,592.55,0.22
CUST-737,ORD-871,North,Furniture,2023-02-06 06:00:00,2023-02-07 06:00:00,218.66,0.08
CUST-914,ORD-872,West,Clothing,2023-02-06 07:00:00,2023-02-07 07:00:00,244.35,0.33
CUST-517,ORD-873,South,Furniture,2023-02-06 08:00:00,2023-02-07 08:00:00,631.75,0.31
CUST-437,ORD-874,North,Clothing,2023-02-06 09:00:00,2023-02-07 09:00:00,831.64,0.18
CUST-851,ORD-875,South,Electronics,2023-02-06 10:00:00,2023-02-07 10:00:00,421.47,0.46
CUST-929,ORD-876,East,Electronics,2023-02-06 11:00:00,2023-02-07 11:00:00,265.72,0.19
CUST-562,ORD-877,South,Furniture,2023-02-06 12:00:00,2023-02-07 12:00:00,868.34,0.25
CUST-457,ORD-878,South,Grocery,2023-02-06 13:00:00,2023-02-07 13:00:00,672.58,0.29
CUST-919,ORD-879,North,Clothing,2023-02-06 14:00:00,2023-02-07 14:00:00,453.6,0.1
CUST-163,ORD-880,North,Clothing,2023-02-06 15:00:00,2023-02-07 15:00:00,493.02,0.47
CUST-762,ORD-881,North,Electronics,2023-02-06 16:00:00,2023-02-07 16:00:00,212.21,0.22
CUST-883,ORD-882,South,Electronics,2023-02-06 17:00:00,2023-02-07 17:00:00,630.53,0.09
CUST-487,ORD-883,East,Grocery,2023-02-06 18:00:00,2023-02-07 18:00:00,365.16,0.22
CUST-461,ORD-884,West,Grocery,2023-02-06 19:00:00,2023-02-07 19:00:00,995.69,0.32
CUST-266,ORD-885,West,Grocery,2023-02-06 20:00:00,2023-02-07 20:00:00,485.38,0.28
CUST-770,ORD-886,North,Furniture,2023-02-06 21:00:00,2023-02-07 21:00:00,491.03,0.36
CUST-254,ORD-887,North,Electronics,2023-02-06 22:00:00,2023-02-07 22:00:00,570.19,0.07
CUST-861,ORD-888,South,Furniture,2023-02-06 23:00:00,2023-02-07 23:00:00,917.59,0.18
CUST-653,ORD-889,West,Electronics,2023-02-07 00:00:00,2023-02-08 00:00:00,802.81,0.42
CUST-284,ORD-890,North,Electronics,2023-02-07 01:00:00,2023-02-08 01:00:00,456.62,0.09
CUST-785,ORD-891,East,Clothing,2023-02-07 02:00:00,2023-02-08 02:00:00,721.51,0.43
CUST-797,ORD-892,East,Electronics,2023-02-07 03:00:00,2023-02-08 03:00:00,590.37,0.09
CUST-534,ORD-893,North,Electronics,2023-02-07 04:00:00,2023-02-08 04:00:00,497.44,0.43
CUST-497,ORD-894,North,Furniture,2023-02-07 05:00:00,2023-02-08 05:00:00,200.39,0.21
CUST-642,ORD-895,West,Electronics,2023-02-07 06:00:00,2023-02-08 06:00:00,469.3,0.33
CUST-245,ORD-896,West,Furniture,2023-02-07 07:00:00,2023-02-08 07:00:00,253.36,0.12
CUST-282,ORD-897,South,Grocery,2023-02-07 08:00:00,2023-02-08 08:00:00,915.69,0.08
CUST-451,ORD-898,West,Electronics,2023-02-07 09:00:00,2023-02-08 09:00:00,342.05,0.15
CUST-80,ORD-899,East,Electronics,2023-02-07 10:00:00,2023-02-08 10:00:00,952.74,0.11
CUST-731,ORD-900,East,Furniture,2023-02-07 11:00:00,2023-02-08 11:00:00,537.72,0.19
CUST-293,ORD-901,North,Grocery,2023-02-07 12:00:00,2023-02-08 12:00:00,635.23,0.28
CUST-241,ORD-902,West,Clothing,2023-02-07 13:00:00,2023-02-08 13:00:00,547.51,0.31
CUST-279,ORD-903,South,Grocery,2023-02-07 14:00:00,2023-02-08 14:00:00,138.09,0.41
CUST-344,ORD-904,East,Furniture,2023-02-07 15:00:00,2023-02-08 15:00:00,382.06,0.35
CUST-328,ORD-905,East,Grocery,2023-02-07 16:00:00,2023-02-08 16:00:00,108.15,0.32
CUST-915,ORD-906,South,Furniture,2023-02-07 17:00:00,2023-02-08 17:00:00,626.72,0.24
CUST-554,ORD-907,South,Furniture,2023-02-07 18:00:00,2023-02-08 18:00:00,452.41,0.26
CUST-83,ORD-908,East,Clothing,2023-02-07 19:00:00,2023-02-08 19:00:00,780.21,0.24
CUST-142,ORD-909,East,Electronics,2023-02-07 20:00:00,2023-02-08 20:00:00,228.27,0.43
CUST-155,ORD-910,South,Furniture,2023-02-07 21:00:00,2023-02-08 21:00:00,172.92,0.15
CUST-237,ORD-911,East,Furniture,2023-02-07 22:00:00,2023-02-08 22:00:00,412.27,0.05
CUST-393,ORD-912,North,Clothing,2023-02-07 23:00:00,2023-02-08 23:00:00,927.32,0.34
CUST-711,ORD-913,North,Furniture,2023-02-08 00:00:00,2023-02-09 00:00:00,713.32,0.14
CUST-157,ORD-914,South,Electronics,2023-02-08 01:00:00,2023-02-09 01:00:00,424.73,0.45
CUST-724,ORD-915,West,Clothing,2023-02-08 02:00:00,2023-02-09 02:00:00,522.1,0.44
CUST-220,ORD-916,South,Electronics,2023-02-08 03:00:00,2023-02-09 03:00:00,93.37,0.08
CUST-66,ORD-917,South,Electronics,2023-02-08 04:00:00,2023-02-09 04:00:00,984.73,0.1
CUST-425,ORD-918,West,Clothing,2023-02-08 05:00:00,2023-02-09 05:00:00,669.74,0.27
CUST-418,ORD-919,West,Furniture,2023-02-08 06:00:00,2023-02-09 06:00:00,292.55,0.32
CUST-339,ORD-920,West,Electronics,2023-02-08 07:00:00,2023-02-09 07:00:00,589.95,0.17
CUST-556,ORD-921,North,Electronics,2023-02-08 08:00:00,2023-02-09 08:00:00,118.39,0.37
CUST-478,ORD-922,East,Electronics,2023-02-08 09:00:00,2023-02-09 09:00:00,966.18,0.32
CUST-426,ORD-923,North,Electronics,2023-02-08 10:00:00,2023-02-09 10:00:00,183.04,0.2
CUST-64,ORD-924,East,Clothing,2023-02-08 11:00:00,2023-02-09 11:00:00,,0.06
CUST-212,ORD-925,North,Clothing,2023-02-08 12:00:00,2023-02-09 12:00:00,253.0,0.39
CUST-853,ORD-926,East,Grocery,2023-02-08 13:00:00,2023-02-09 13:00:00,720.39,0.15
CUST-431,ORD-927,North,Grocery,2023-02-08 14:00:00,2023-02-09 14:00:00,779.05,0.43
CUST-399,ORD-928,West,Electronics,2023-02-08 15:00:00,2023-02-09 15:00:00,676.69,0.24
CUST-927,ORD-929,South,Furniture,2023-02-08 16:00:00,2023-02-09 16:00:00,618.35,0.31
CUST-789,ORD-930,North,Electronics,2023-02-08 17:00:00,2023-02-09 17:00:00,893.54,0.44
CUST-599,ORD-931,East,Furniture,2023-02-08 18:00:00,2023-02-09 18:00:00,87.84,0.44
CUST-969,ORD-932,West,Electronics,2023-02-08 19:00:00,2023-02-09 19:00:00,337.61,0.22
CUST-713,ORD-933,North,Grocery,2023-02-08 20:00:00,2023-02-09 20:00:00,255.8,0.14
CUST-21,ORD-934,North,Grocery,2023-02-08 21:00:00,2023-02-09 21:00:00,988.13,0.4
CUST-878,ORD-935,West,Furniture,2023-02-08 22:00:00,2023-02-09 22:00:00,395.5,0.24
CUST-902,ORD-936,North,Electronics,2023-02-08 23:00:00,2023-02-09 23:00:00,735.29,0.14
CUST-784,ORD-937,South,Furniture,2023-02-09 00:00:00,2023-02-10 00:00:00,687.88,0.46
CUST-590,ORD-938,North,Grocery,2023-02-09 01:00:00,2023-02-10 01:00:00,219.96,0.14
CUST-390,ORD-939,South,Electronics,2023-02-09 02:00:00,2023-02-10 02:00:00,246.61,0.06
CUST-489,ORD-940,South,Electronics,2023-02-09 03:00:00,2023-02-10 03:00:00,288.47,0.06
CUST-7,ORD-941,West,Furniture,2023-02-09 04:00:00,2023-02-10 04:00:00,417.02,0.33
CUST-966,ORD-942,North,Clothing,2023-02-09 05:00:00,2023-02-10 05:00:00,241.98,0.35
CUST-361,ORD-943,West,Furniture,2023-02-09 06:00:00,2023-02-10 06:00:00,29.45,0.19
CUST-306,ORD-944,North,Grocery,2023-02-09 07:00:00,2023-02-10 07:00:00,880.6,0.19
CUST-772,ORD-945,North,Grocery,2023-02-09 08:00:00,2023-02-10 08:00:00,965.95,
CUST-400,ORD-946,East,Grocery,2023-02-09 09:00:00,2023-02-10 09:00:00,348.15,0.36
CUST-874,ORD-947,North,Grocery,2023-02-09 10:00:00,2023-02-10 10:00:00,345.12,0.08
CUST-914,ORD-948,West,Grocery,2023-02-09 11:00:00,2023-02-10 11:00:00,17.02,0.47
CUST-977,ORD-949,South,Clothing,2023-02-09 12:00:00,2023-02-10 12:00:00,683.45,0.15
CUST-856,ORD-950,North,Electronics,2023-02-09 13:00:00,2023-02-10 13:00:00,827.19,0.5
CUST-430,ORD-951,East,Furniture,2023-02-09 14:00:00,2023-02-10 14:00:00,155.14,0.195
CUST-552,ORD-952,West,Furniture,2023-02-09 15:00:00,2023-02-10 15:00:00,168.07,0.4
CUST-766,ORD-953,North,Grocery,2023-02-09 16:00:00,2023-02-10 16:00:00,792.18,0.15
CUST-753,ORD-954,West,Furniture,2023-02-09 17:00:00,2023-02-10 17:00:00,620.13,0.09
CUST-560,ORD-955,East,Grocery,2023-02-09 18:00:00,2023-02-10 18:00:00,54.41,0.44
CUST-820,ORD-956,East,Clothing,2023-02-09 19:00:00,2023-02-10 19:00:00,626.32,0.44
CUST-618,ORD-957,West,Clothing,2023-02-09 20:00:00,2023-02-10 20:00:00,315.83,0.23
CUST-920,ORD-958,North,Electronics,2023-02-09 21:00:00,2023-02-10 21:00:00,375.04,0.37
CUST-226,ORD-959,South,Clothing,2023-02-09 22:00:00,2023-02-10 22:00:00,772.03,0.3
CUST-500,ORD-960,East,Clothing,2023-02-09 23:00:00,2023-02-10 23:00:00,812.83,0.43
CUST-225,ORD-961,North,Electronics,2023-02-10 00:00:00,2023-02-11 00:00:00,406.35,0.19
CUST-280,ORD-962,North,Furniture,2023-02-10 01:00:00,2023-02-11 01:00:00,947.68,0.29
CUST-447,ORD-963,South,Grocery,2023-02-10 02:00:00,2023-02-11 02:00:00,412.4,0.27
CUST-498,ORD-964,East,Grocery,2023-02-10 03:00:00,2023-02-11 03:00:00,774.12,0.21
CUST-30,ORD-965,East,Furniture,2023-02-10 04:00:00,2023-02-11 04:00:00,489.04,0.45
CUST-399,ORD-966,North,Electronics,2023-02-10 05:00:00,2023-02-11 05:00:00,898.56,0.12
CUST-345,ORD-967,North,Furniture,2023-02-10 06:00:00,2023-02-11 06:00:00,908.68,0.12
CUST-685,ORD-968,South,Clothing,2023-02-10 07:00:00,2023-02-11 07:00:00,96.54,0.46499999999999997
CUST-696,ORD-969,South,Electronics,2023-02-10 08:00:00,2023-02-11 08:00:00,937.13,0.35
CUST-818,ORD-970,East,Electronics,2023-02-10 09:00:00,2023-02-11 09:00:00,827.28,0.14
CUST-415,ORD-971,West,Electronics,2023-02-10 10:00:00,2023-02-11 10:00:00,793.4,0.23
CUST-742,ORD-972,East,Grocery,2023-02-10 11:00:00,2023-02-11 11:00:00,208.9,0.48
CUST-170,ORD-973,North,Furniture,2023-02-10 12:00:00,2023-02-11 12:00:00,807.07,0.16
CUST-861,ORD-974,East,Electronics,2023-02-10 13:00:00,2023-02-11 13:00:00,851.63,0.35
CUST-479,ORD-975,West,Electronics,2023-02-10 14:00:00,2023-02-11 14:00:00,296.26,0.38
CUST-942,ORD-976,South,Electronics,2023-02-10 15:00:00,2023-02-11 15:00:00,952.74,0.25
CUST-131,ORD-977,West,Furniture,2023-02-10 16:00:00,2023-02-11 16:00:00,59.36,0.47
CUST-638,ORD-978,West,Grocery,2023-02-10 17:00:00,2023-02-11 17:00:00,158.41,0.38
CUST-547,ORD-979,West,Clothing,2023-02-10 18:00:00,2023-02-11 18:00:00,542.21,
CUST-28,ORD-980,South,Grocery,2023-02-10 19:00:00,2023-02-11 19:00:00,580.03,0.31
CUST-929,ORD-981,West,Electronics,2023-02-10 20:00:00,2023-02-11 20:00:00,648.7,0.36
CUST-404,ORD-982,West,Grocery,2023-02-10 21:00:00,2023-02-11 21:00:00,26.8,0.32
CUST-607,ORD-983,West,Grocery,2023-02-10 22:00:00,2023-02-11 22:00:00,960.76,0.45
CUST-578,ORD-984,North,Clothing,2023-02-10 23:00:00,2023-02-11 23:00:00,54.14,0.21
CUST-679,ORD-985,West,Furniture,2023-02-11 00:00:00,2023-02-12 00:00:00,151.63,0.18
CUST-28,ORD-986,South,Furniture,2023-02-11 01:00:00,2023-02-12 01:00:00,23.87,0.15
CUST-86,ORD-987,West,Grocery,2023-02-11 02:00:00,2023-02-12 02:00:00,571.19,0.07
CUST-659,ORD-988,West,Grocery,2023-02-11 03:00:00,2023-02-12 03:00:00,466.47,0.07
CUST-439,ORD-989,South,Furniture,2023-02-11 04:00:00,2023-02-12 04:00:00,669.29,0.44
CUST-139,ORD-990,West,Furniture,2023-02-11 05:00:00,2023-02-12 05:00:00,824.43,0.36
CUST-888,ORD-991,South,Clothing,2023-02-11 06:00:00,2023-02-12 06:00:00,23.15,0.35
CUST-473,ORD-992,West,Electronics,2023-02-11 07:00:00,2023-02-12 07:00:00,546.6,0.33
CUST-187,ORD-993,South,Grocery,2023-02-11 08:00:00,2023-02-12 08:00:00,464.97,0.43
CUST-52,ORD-994,West,Furniture,2023-02-11 09:00:00,2023-02-12 09:00:00,503.98,0.27
CUST-267,ORD-995,West,Grocery,2023-02-11 10:00:00,2023-02-12 10:00:00,81.49,0.44
CUST-389,ORD-996,North,Grocery,2023-02-11 11:00:00,2023-02-12 11:00:00,687.59,0.21
CUST-336,ORD-997,North,Furniture,2023-02-11 12:00:00,2023-02-12 12:00:00,508.19,0.47
CUST-217,ORD-998,West,Clothing,2023-02-11 13:00:00,2023-02-12 13:00:00,767.5,0.36
CUST-466,ORD-999,West,Grocery,2023-02-11 14:00:00,2023-02-12 14:00:00,490.44,0.17
CUST-335,ORD-1000,East,Clothing,2023-02-11 15:00:00,2023-02-12 15:00:00,157.89,0.3
CUST-346,ORD-1001,South,Furniture,2023-02-11 16:00:00,2023-02-12 16:00:00,651.77,0.29
CUST-780,ORD-1002,East,Electronics,2023-02-11 17:00:00,2023-02-12 17:00:00,180.66,0.11
CUST-901,ORD-1003,North,Electronics,2023-02-11 18:00:00,2023-02-12 18:00:00,873.67,0.32
CUST-389,ORD-1004,North,Grocery,2023-02-11 19:00:00,2023-02-12 19:00:00,616.99,0.19
CUST-285,ORD-1005,North,Furniture,2023-02-11 20:00:00,2023-02-12 20:00:00,165.63,0.07
CUST-771,ORD-1006,North,Clothing,2023-02-11 21:00:00,2023-02-12 21:00:00,962.71,0.48
CUST-975,ORD-1007,West,Grocery,2023-02-11 22:00:00,2023-02-12 22:00:00,523.18,0.34
CUST-852,ORD-1008,North,Furniture,2023-02-11 23:00:00,2023-02-12 23:00:00,82.17,0.44
CUST-432,ORD-1009,West,Furniture,2023-02-12 00:00:00,2023-02-13 00:00:00,315.28,0.35
CUST-259,ORD-1010,West,Clothing,2023-02-12 01:00:00,2023-02-13 01:00:00,260.67,0.21
CUST-855,ORD-1011,North,Grocery,2023-02-12 02:00:00,2023-02-13 02:00:00,805.66,0.28
CUST-84,ORD-1012,North,Furniture,2023-02-12 03:00:00,2023-02-13 03:00:00,819.64,0.35
CUST-482,ORD-1013,South,Furniture,2023-02-12 04:00:00,2023-02-13 04:00:00,979.16,0.48
CUST-20,ORD-1014,East,Furniture,2023-02-12 05:00:00,2023-02-13 05:00:00,506.85,0.16
CUST-768,ORD-1015,North,Clothing,2023-02-12 06:00:00,2023-02-13 06:00:00,460.41,0.44
CUST-553,ORD-1016,South,Grocery,2023-02-12 07:00:00,2023-02-13 07:00:00,755.94,0.47
CUST-54,ORD-1017,South,Grocery,2023-02-12 08:00:00,2023-02-13 08:00:00,141.15,0.35
CUST-975,ORD-1018,East,Grocery,2023-02-12 09:00:00,2023-02-13 09:00:00,551.45,0.47
CUST-359,ORD-1019,West,Grocery,2023-02-12 10:00:00,2023-02-13 10:00:00,550.79,0.23
CUST-230,ORD-1020,North,Electronics,2023-02-12 11:00:00,2023-02-13 11:00:00,98.58,0.48
CUST-666,ORD-1021,East,Electronics,2023-02-12 12:00:00,2023-02-13 12:00:00,423.8,0.37
CUST-71,ORD-1022,North,Grocery,2023-02-12 13:00:00,2023-02-13 13:00:00,854.75,0.07
CUST-800,ORD-1023,South,Clothing,2023-02-12 14:00:00,2023-02-13 14:00:00,857.59,0.46
CUST-981,ORD-1024,South,Electronics,2023-02-12 15:00:00,2023-02-13 15:00:00,108.25,0.27
CUST-668,ORD-1025,West,Furniture,2023-02-12 16:00:00,2023-02-13 16:00:00,99.81,0.26
CUST-42,ORD-1026,South,Electronics,2023-02-12 17:00:00,2023-02-13 17:00:00,270.07,0.3
CUST-773,ORD-1027,South,Furniture,2023-02-12 18:00:00,2023-02-13 18:00:00,876.02,0.12
CUST-32,ORD-1028,East,Grocery,2023-02-12 19:00:00,2023-02-13 19:00:00,137.61,0.26
CUST-973,ORD-1029,North,Electronics,2023-02-12 20:00:00,2023-02-13 20:00:00,722.8,0.42
CUST-254,ORD-1030,North,Clothing,2023-02-12 21:00:00,2023-02-13 21:00:00,110.15,0.06
CUST-205,ORD-1031,East,Electronics,2023-02-12 22:00:00,2023-02-13 22:00:00,626.91,0.17
CUST-860,ORD-1032,West,Electronics,2023-02-12 23:00:00,2023-02-13 23:00:00,362.51,0.05
CUST-21,ORD-1033,North,Electronics,2023-02-13 00:00:00,2023-02-14 00:00:00,791.02,0.24
CUST-637,ORD-1034,South,Grocery,2023-02-13 01:00:00,2023-02-14 01:00:00,241.35,0.38
CUST-157,ORD-1035,North,Clothing,2023-02-13 02:00:00,2023-02-14 02:00:00,642.81,0.41
CUST-245,ORD-1036,South,Electronics,2023-02-13 03:00:00,2023-02-14 03:00:00,243.33,0.48
CUST-130,ORD-1037,West,Clothing,2023-02-13 04:00:00,2023-02-14 04:00:00,716.52,0.32
CUST-485,ORD-1038,East,Grocery,2023-02-13 05:00:00,2023-02-14 05:00:00,874.94,0.16
CUST-686,ORD-1039,North,Furniture,2023-02-13 06:00:00,2023-02-14 06:00:00,135.53,0.47
CUST-118,ORD-1040,East,Electronics,2023-02-13 07:00:00,2023-02-14 07:00:00,867.93,0.6000000000000001
CUST-578,ORD-1041,North,Clothing,2023-02-13 08:00:00,2023-02-14 08:00:00,597.64,0.31
CUST-971,ORD-1042,South,Clothing,2023-02-13 09:00:00,2023-02-14 09:00:00,135.84,0.36
CUST-224,ORD-1043,East,Grocery,2023-02-13 10:00:00,2023-02-14 10:00:00,433.27,0.47
CUST-477,ORD-1044,North,Electronics,2023-02-13 11:00:00,2023-02-14 11:00:00,169.25,0.37
CUST-717,ORD-1045,South,Furniture,2023-02-13 12:00:00,2023-02-14 12:00:00,703.34,0.22
CUST-263,ORD-1046,East,Clothing,2023-02-13 13:00:00,2023-02-14 13:00:00,761.28,0.37
CUST-786,ORD-1047,East,Electronics,2023-02-13 14:00:00,2023-02-14 14:00:00,114.74,0.07
CUST-378,ORD-1048,North,Furniture,2023-02-13 15:00:00,2023-02-14 15:00:00,511.08,0.22
CUST-172,ORD-1049,North,Clothing,2023-02-13 16:00:00,2023-02-14 16:00:00,816.48,0.23
CUST-621,ORD-1050,North,Clothing,2023-02-13 17:00:00,2023-02-14 17:00:00,936.8,0.13
CUST-622,ORD-1051,South,Furniture,2023-02-13 18:00:00,2023-02-14 18:00:00,518.38,0.06
CUST-987,ORD-1052,North,Furniture,2023-02-13 19:00:00,2023-02-14 19:00:00,950.78,0.11
CUST-766,ORD-1053,East,Grocery,2023-02-13 20:00:00,2023-02-14 20:00:00,540.33,0.34
CUST-736,ORD-1054,East,Electronics,2023-02-13 21:00:00,2023-02-14 21:00:00,400.25,0.41
CUST-118,ORD-1055,North,Electronics,2023-02-13 22:00:00,2023-02-14 22:00:00,849.72,0.49
CUST-797,ORD-1056,North,Grocery,2023-02-13 23:00:00,2023-02-14 23:00:00,498.05,0.21
CUST-839,ORD-1057,West,Clothing,2023-02-14 00:00:00,2023-02-15 00:00:00,477.18,0.32
CUST-168,ORD-1058,East,Furniture,2023-02-14 01:00:00,2023-02-15 01:00:00,495.41,0.47
CUST-988,ORD-1059,South,Furniture,2023-02-14 02:00:00,2023-02-15 02:00:00,848.32,0.13
CUST-319,ORD-1060,West,Furniture,2023-02-14 03:00:00,2023-02-15 03:00:00,833.62,0.37
CUST-111,ORD-1061,North,Clothing,2023-02-14 04:00:00,2023-02-15 04:00:00,409.48,0.39
CUST-593,ORD-1062,North,Furniture,2023-02-14 05:00:00,2023-02-15 05:00:00,339.97,0.09
CUST-27,ORD-1063,East,Furniture,2023-02-14 06:00:00,2023-02-15 06:00:00,497.01,0.44
CUST-952,ORD-1064,North,Grocery,2023-02-14 07:00:00,2023-02-15 07:00:00,577.04,0.42
CUST-320,ORD-1065,South,Clothing,2023-02-14 08:00:00,2023-02-15 08:00:00,245.95,0.07
CUST-590,ORD-1066,East,Electronics,2023-02-14 09:00:00,2023-02-15 09:00:00,796.02,0.09
CUST-694,ORD-1067,North,Grocery,2023-02-14 10:00:00,2023-02-15 10:00:00,491.62,0.07
CUST-930,ORD-1068,East,Grocery,2023-02-14 11:00:00,2023-02-15 11:00:00,340.71,0.2
CUST-982,ORD-1069,North,Electronics,2023-02-14 12:00:00,2023-02-15 12:00:00,115.75,0.28
CUST-385,ORD-1070,North,Grocery,2023-02-14 13:00:00,2023-02-15 13:00:00,246.46,0.29
CUST-407,ORD-1071,North,Clothing,2023-02-14 14:00:00,2023-02-15 14:00:00,949.79,0.17
CUST-965,ORD-1072,South,Furniture,2023-02-14 15:00:00,2023-02-15 15:00:00,312.05,0.46
CUST-733,ORD-1073,South,Clothing,2023-02-14 16:00:00,2023-02-15 16:00:00,177.17,0.22
CUST-204,ORD-1074,East,Electronics,2023-02-14 17:00:00,2023-02-15 17:00:00,466.07,0.07
CUST-78,ORD-1075,North,Electronics,2023-02-14 18:00:00,2023-02-15 18:00:00,314.02,0.19
CUST-607,ORD-1076,North,Grocery,2023-02-14 19:00:00,2023-02-15 19:00:00,44.81,0.29
CUST-708,ORD-1077,South,Clothing,2023-02-14 20:00:00,2023-02-15 20:00:00,329.91,0.23
CUST-851,ORD-1078,North,Clothing,2023-02-14 21:00:00,2023-02-15 21:00:00,548.67,0.17
CUST-643,ORD-1079,South,Electronics,2023-02-14 22:00:00,2023-02-15 22:00:00,556.2,0.11
CUST-249,ORD-1080,North,Clothing,2023-02-14 23:00:00,2023-02-15 23:00:00,362.99,0.42
CUST-105,ORD-1081,East,Electronics,2023-02-15 00:00:00,2023-02-16 00:00:00,452.83,0.5
CUST-714,ORD-1082,North,Clothing,2023-02-15 01:00:00,2023-02-16 01:00:00,,0.2
CUST-792,ORD-1083,North,Clothing,2023-02-15 02:00:00,2023-02-16 02:00:00,191.785,0.22
CUST-309,ORD-1084,West,Clothing,2023-02-15 03:00:00,2023-02-16 03:00:00,265.64,0.33
CUST-871,ORD-1085,South,Electronics,2023-02-15 04:00:00,2023-02-16 04:00:00,251.03,0.37
CUST-701,ORD-1086,North,Grocery,2023-02-15 05:00:00,2023-02-16 05:00:00,463.19,0.23
CUST-615,ORD-1087,North,Clothing,2023-02-15 06:00:00,2023-02-16 06:00:00,761.92,0.46
CUST-825,ORD-1088,West,Electronics,2023-02-15 07:00:00,2023-02-16 07:00:00,106.965,0.3
CUST-124,ORD-1089,West,Electronics,2023-02-15 08:00:00,2023-02-16 08:00:00,712.2,0.25
CUST-816,ORD-1090,South,Clothing,2023-02-15 09:00:00,2023-02-16 09:00:00,30.94,0.34
CUST-580,ORD-1091,West,Clothing,2023-02-15 10:00:00,2023-02-16 10:00:00,212.37,0.48
CUST-802,ORD-1092,East,Grocery,2023-02-15 11:00:00,2023-02-16 11:00:00,778.11,0.41
CUST-43,ORD-1093,West,Electronics,2023-02-15 12:00:00,2023-02-16 12:00:00,345.35,0.07
CUST-356,ORD-1094,East,Electronics,2023-02-15 13:00:00,2023-02-16 13:00:00,568.1,0.2
CUST-546,ORD-1095,South,Furniture,2023-02-15 14:00:00,2023-02-16 14:00:00,212.93,0.26
CUST-439,ORD-1096,South,Electronics,2023-02-15 15:00:00,2023-02-16 15:00:00,744.58,0.19
CUST-678,ORD-1097,South,Grocery,2023-02-15 16:00:00,2023-02-16 16:00:00,61.76,0.37
CUST-380,ORD-1098,South,Furniture,2023-02-15 17:00:00,2023-02-16 17:00:00,854.02,0.42
CUST-71,ORD-1099,South,Furniture,2023-02-15 18:00:00,2023-02-16 18:00:00,206.21,0.38
CUST-519,ORD-1100,East,Furniture,2023-02-15 19:00:00,2023-02-16 19:00:00,875.65,0.5
CUST-664,ORD-1101,East,Clothing,2023-02-15 20:00:00,2023-02-16 20:00:00,359.0,0.17
CUST-350,ORD-1102,South,Clothing,2023-02-15 21:00:00,2023-02-16 21:00:00,725.46,0.44
CUST-13,ORD-1103,West,Electronics,2023-02-15 22:00:00,2023-02-16 22:00:00,326.03,0.39
CUST-870,ORD-1104,North,Furniture,2023-02-15 23:00:00,2023-02-16 23:00:00,906.85,0.21
CUST-431,ORD-1105,South,Grocery,2023-02-16 00:00:00,2023-02-17 00:00:00,135.37,0.38
CUST-843,ORD-1106,West,Clothing,2023-02-16 01:00:00,2023-02-17 01:00:00,186.73,0.1
CUST-502,ORD-1107,North,Grocery,2023-02-16 02:00:00,2023-02-17 02:00:00,498.1,0.41
CUST-109,ORD-1108,South,Grocery,2023-02-16 03:00:00,2023-02-17 03:00:00,91.12,0.29
CUST-444,ORD-1109,South,Clothing,2023-02-16 04:00:00,2023-02-17 04:00:00,204.02,0.18
CUST-984,ORD-1110,East,Clothing,2023-02-16 05:00:00,2023-02-17 05:00:00,944.33,0.35
CUST-371,ORD-1111,North,Clothing,2023-02-16 06:00:00,2023-02-17 06:00:00,976.72,0.34
CUST-651,ORD-1112,North,Clothing,2023-02-16 07:00:00,2023-02-17 07:00:00,382.5,0.14
CUST-913,ORD-1113,West,Furniture,2023-02-16 08:00:00,2023-02-17 08:00:00,924.05,0.06
CUST-849,ORD-1114,East,Furniture,2023-02-16 09:00:00,2023-02-17 09:00:00,549.38,0.25
CUST-471,ORD-1115,East,Furniture,2023-02-16 10:00:00,2023-02-17 10:00:00,277.05,0.31
CUST-725,ORD-1116,East,Furniture,2023-02-16 11:00:00,2023-02-17 11:00:00,705.37,0.44
CUST-157,ORD-1117,East,Electronics,2023-02-16 12:00:00,2023-02-17 12:00:00,662.31,0.47
CUST-446,ORD-1118,North,Furniture,2023-02-16 13:00:00,2023-02-17 13:00:00,989.23,0.29
CUST-181,ORD-1119,North,Clothing,2023-02-16 14:00:00,2023-02-17 14:00:00,272.4,0.39
CUST-752,ORD-1120,South,Grocery,2023-02-16 15:00:00,2023-02-17 15:00:00,675.34,0.25
CUST-535,ORD-1121,South,Furniture,2023-02-16 16:00:00,2023-02-17 16:00:00,61.5,0.39
CUST-989,ORD-1122,East,Electronics,2023-02-16 17:00:00,2023-02-17 17:00:00,122.51,0.14
CUST-667,ORD-1123,East,Clothing,2023-02-16 18:00:00,2023-02-17 18:00:00,13.88,0.22
CUST-277,ORD-1124,East,Grocery,2023-02-16 19:00:00,2023-02-17 19:00:00,499.735,0.34
CUST-631,ORD-1125,South,Grocery,2023-02-16 20:00:00,2023-02-17 20:00:00,804.25,0.09
CUST-828,ORD-1126,West,Furniture,2023-02-16 21:00:00,2023-02-17 21:00:00,788.86,0.38
CUST-942,ORD-1127,West,Grocery,2023-02-16 22:00:00,2023-02-17 22:00:00,514.63,0.43
CUST-552,ORD-1128,South,Furniture,2023-02-16 23:00:00,2023-02-17 23:00:00,307.07,0.23
CUST-794,ORD-1129,South,Furniture,2023-02-17 00:00:00,2023-02-18 00:00:00,159.75,0.25
CUST-496,ORD-1130,South,Clothing,2023-02-17 01:00:00,2023-02-18 01:00:00,291.83,0.43
CUST-477,ORD-1131,South,Clothing,2023-02-17 02:00:00,2023-02-18 02:00:00,382.21,0.4
CUST-447,ORD-1132,South,Electronics,2023-02-17 03:00:00,2023-02-18 03:00:00,758.75,0.18
CUST-846,ORD-1133,South,Clothing,2023-02-17 04:00:00,2023-02-18 04:00:00,544.27,0.2
CUST-749,ORD-1134,East,Clothing,2023-02-17 05:00:00,2023-02-18 05:00:00,86.71,0.36
CUST-607,ORD-1135,East,Furniture,2023-02-17 06:00:00,2023-02-18 06:00:00,27.85,0.3
CUST-275,ORD-1136,East,Clothing,2023-02-17 07:00:00,2023-02-18 07:00:00,111.31,0.12
CUST-331,ORD-1137,East,Furniture,2023-02-17 08:00:00,2023-02-18 08:00:00,416.39,0.19
CUST-873,ORD-1138,South,Furniture,2023-02-17 09:00:00,2023-02-18 09:00:00,933.86,0.45
CUST-252,ORD-1139,West,Clothing,2023-02-17 10:00:00,2023-02-18 10:00:00,641.03,0.36
CUST-851,ORD-1140,North,Electronics,2023-02-17 11:00:00,2023-02-18 11:00:00,803.81,0.49
CUST-958,ORD-1141,South,Electronics,2023-02-17 12:00:00,2023-02-18 12:00:00,471.71,0.4
CUST-89,ORD-1142,North,Grocery,2023-02-17 13:00:00,2023-02-18 13:00:00,368.05,0.47
CUST-286,ORD-1143,West,Grocery,2023-02-17 14:00:00,2023-02-18 14:00:00,117.32,0.15
CUST-903,ORD-1144,East,Clothing,2023-02-17 15:00:00,2023-02-18 15:00:00,877.17,0.4
CUST-462,ORD-1145,West,Electronics,2023-02-17 16:00:00,2023-02-18 16:00:00,785.33,0.06
CUST-250,ORD-1146,South,Furniture,2023-02-17 17:00:00,2023-02-18 17:00:00,176.44,0.35
CUST-769,ORD-1147,East,Grocery,2023-02-17 18:00:00,2023-02-18 18:00:00,258.57,0.26
CUST-476,ORD-1148,South,Furniture,2023-02-17 19:00:00,2023-02-18 19:00:00,492.5,0.21
CUST-584,ORD-1149,East,Grocery,2023-02-17 20:00:00,2023-02-18 20:00:00,628.84,0.44
CUST-625,ORD-1150,North,Clothing,2023-02-17 21:00:00,2023-02-18 21:00:00,946.73,0.43
CUST-685,ORD-1151,North,Electronics,2023-02-17 22:00:00,2023-02-18 22:00:00,583.97,0.06
CUST-389,ORD-1152,North,Grocery,2023-02-17 23:00:00,2023-02-18 23:00:00,544.82,0.32
CUST-345,ORD-1153,West,Electronics,2023-02-18 00:00:00,2023-02-19 00:00:00,59.82,0.22
CUST-30,ORD-1154,South,Furniture,2023-02-18 01:00:00,2023-02-19 01:00:00,72.28,0.24
CUST-507,ORD-1155,West,Clothing,2023-02-18 02:00:00,2023-02-19 02:00:00,195.47,0.42
CUST-872,ORD-1156,North,Electronics,2023-02-18 03:00:00,2023-02-19 03:00:00,42.15,0.19
CUST-333,ORD-1157,South,Clothing,2023-02-18 04:00:00,2023-02-19 04:00:00,745.92,0.47
CUST-187,ORD-1158,North,Electronics,2023-02-18 05:00:00,2023-02-19 05:00:00,726.1,0.13
CUST-500,ORD-1159,West,Furniture,2023-02-18 06:00:00,2023-02-19 06:00:00,144.7,0.35
CUST-218,ORD-1160,West,Furniture,2023-02-18 07:00:00,2023-02-19 07:00:00,837.72,0.35
CUST-364,ORD-1161,West,Clothing,2023-02-18 08:00:00,2023-02-19 08:00:00,163.24,0.16
CUST-817,ORD-1162,North,Furniture,2023-02-18 09:00:00,2023-02-19 09:00:00,308.16,0.2
CUST-265,ORD-1163,South,Grocery,2023-02-18 10:00:00,2023-02-19 10:00:00,256.49,0.43
CUST-349,ORD-1164,South,Electronics,2023-02-18 11:00:00,2023-02-19 11:00:00,378.58,0.39
CUST-287,ORD-1165,North,Furniture,2023-02-18 12:00:00,2023-02-19 12:00:00,262.12,0.2
CUST-902,ORD-1166,South,Grocery,2023-02-18 13:00:00,2023-02-19 13:00:00,494.06,0.29
CUST-611,ORD-1167,North,Clothing,2023-02-18 14:00:00,2023-02-19 14:00:00,413.33,0.08
CUST-719,ORD-1168,South,Grocery,2023-02-18 15:00:00,2023-02-19 15:00:00,986.7,0.14
CUST-902,ORD-1169,East,Clothing,2023-02-18 16:00:00,2023-02-19 16:00:00,65.37,0.27
CUST-283,ORD-1170,East,Clothing,2023-02-18 17:00:00,2023-02-19 17:00:00,150.76,0.09
CUST-570,ORD-1171,West,Electronics,2023-02-18 18:00:00,2023-02-19 18:00:00,31.15,0.43
CUST-11,ORD-1172,East,Electronics,2023-02-18 19:00:00,2023-02-19 19:00:00,629.58,0.37
CUST-530,ORD-1173,East,Grocery,2023-02-18 20:00:00,2023-02-19 20:00:00,63.96,0.47
CUST-971,ORD-1174,East,Electronics,2023-02-18 21:00:00,2023-02-19 21:00:00,838.08,0.36
CUST-196,ORD-1175,North,Electronics,2023-02-18 22:00:00,2023-02-19 22:00:00,516.82,0.47
CUST-88,ORD-1176,East,Electronics,2023-02-18 23:00:00,2023-02-19 23:00:00,531.74,0.3
CUST-248,ORD-1177,East,Grocery,2023-02-19 00:00:00,2023-02-20 00:00:00,565.98,0.32
CUST-738,ORD-1178,West,Furniture,2023-02-19 01:00:00,2023-02-20 01:00:00,179.11,0.49
CUST-417,ORD-1179,East,Electronics,2023-02-19 02:00:00,2023-02-20 02:00:00,205.71,0.34
CUST-501,ORD-1180,East,Electronics,2023-02-19 03:00:00,2023-02-20 03:00:00,325.63,0.06
CUST-569,ORD-1181,South,Grocery,2023-02-19 04:00:00,2023-02-20 04:00:00,597.56,0.38
CUST-777,ORD-1182,West,Furniture,2023-02-19 05:00:00,2023-02-20 05:00:00,218.02,0.46
CUST-247,ORD-1183,West,Electronics,2023-02-19 06:00:00,2023-02-20 06:00:00,125.17,0.41
CUST-708,ORD-1184,West,Clothing,2023-02-19 07:00:00,2023-02-20 07:00:00,970.42,0.31
CUST-488,ORD-1185,West,Grocery,2023-02-19 08:00:00,2023-02-20 08:00:00,31.76,0.35
CUST-662,ORD-1186,West,Electronics,2023-02-19 09:00:00,2023-02-20 09:00:00,804.67,0.5
CUST-729,ORD-1187,West,Electronics,2023-02-19 10:00:00,2023-02-20 10:00:00,790.15,0.09
CUST-503,ORD-1188,North,Clothing,2023-02-19 11:00:00,2023-02-20 11:00:00,304.24,0.35
CUST-459,ORD-1189,East,Clothing,2023-02-19 12:00:00,2023-02-20 12:00:00,144.27,0.18
CUST-812,ORD-1190,West,Grocery,2023-02-19 13:00:00,2023-02-20 13:00:00,154.17,0.34
CUST-18,ORD-1191,East,Grocery,2023-02-19 14:00:00,2023-02-20 14:00:00,700.46,0.32
CUST-96,ORD-1192,East,Clothing,2023-02-19 15:00:00,2023-02-20 15:00:00,646.38,0.12
CUST-302,ORD-1193,North,Grocery,2023-02-19 16:00:00,2023-02-20 16:00:00,784.92,0.14
CUST-227,ORD-1194,West,Clothing,2023-02-19 17:00:00,2023-02-20 17:00:00,938.11,0.33
CUST-415,ORD-1195,South,Electronics,2023-02-19 18:00:00,2023-02-20 18:00:00,695.01,0.11
CUST-709,ORD-1196,North,Clothing,2023-02-19 19:00:00,2023-02-20 19:00:00,164.29,0.17
CUST-250,ORD-1197,South,Clothing,2023-02-19 20:00:00,2023-02-20 20:00:00,251.01,0.43
CUST-314,ORD-1198,East,Furniture,2023-02-19 21:00:00,2023-02-20 21:00:00,843.77,0.2
CUST-680,ORD-1199,East,Clothing,2023-02-19 22:00:00,2023-02-20 22:00:00,217.21,0.27
CUST-596,ORD-1200,North,Clothing,2023-02-19 23:00:00,2023-02-20 23:00:00,81.8,0.47
CUST-378,ORD-1201,North,Furniture,2023-02-20 00:00:00,2023-02-21 00:00:00,706.25,0.15
CUST-485,ORD-1202,South,Grocery,2023-02-20 01:00:00,2023-02-21 01:00:00,408.5,0.23
CUST-567,ORD-1203,West,Furniture,2023-02-20 02:00:00,2023-02-21 02:00:00,920.84,0.32
CUST-544,ORD-1204,South,Electronics,2023-02-20 03:00:00,2023-02-21 03:00:00,653.75,0.39
CUST-353,ORD-1205,North,Furniture,2023-02-20 04:00:00,2023-02-21 04:00:00,99.51,0.46
CUST-436,ORD-1206,South,Electronics,2023-02-20 05:00:00,2023-02-21 05:00:00,948.38,0.46
CUST-764,ORD-1207,North,Grocery,2023-02-20 06:00:00,2023-02-21 06:00:00,265.97,0.4
CUST-564,ORD-1208,South,Furniture,2023-02-20 07:00:00,2023-02-21 07:00:00,343.84,0.15
CUST-339,ORD-1209,North,Furniture,2023-02-20 08:00:00,2023-02-21 08:00:00,408.24,0.06
CUST-361,ORD-1210,North,Grocery,2023-02-20 09:00:00,2023-02-21 09:00:00,60.71,0.22
CUST-720,ORD-1211,North,Electronics,2023-02-20 10:00:00,2023-02-21 10:00:00,501.55,0.11
CUST-465,ORD-1212,West,Furniture,2023-02-20 11:00:00,2023-02-21 11:00:00,132.09,0.37
CUST-278,ORD-1213,South,Electronics,2023-02-20 12:00:00,2023-02-21 12:00:00,406.96,0.35
CUST-314,ORD-1214,South,Furniture,2023-02-20 13:00:00,2023-02-21 13:00:00,357.2,0.07
CUST-258,ORD-1215,South,Clothing,2023-02-20 14:00:00,2023-02-21 14:00:00,775.11,0.43
CUST-237,ORD-1216,North,Furniture,2023-02-20 15:00:00,2023-02-21 15:00:00,805.14,0.16
CUST-124,ORD-1217,South,Grocery,2023-02-20 16:00:00,2023-02-21 16:00:00,161.88,0.24
CUST-739,ORD-1218,South,Grocery,2023-02-20 17:00:00,2023-02-21 17:00:00,372.89,0.35
CUST-198,ORD-1219,North,Electronics,2023-02-20 18:00:00,2023-02-21 18:00:00,379.62,0.24
CUST-324,ORD-1220,East,Furniture,2023-02-20 19:00:00,2023-02-21 19:00:00,159.9,0.25
CUST-123,ORD-1221,North,Electronics,2023-02-20 20:00:00,2023-02-21 20:00:00,800.47,0.08
CUST-761,ORD-1222,South,Electronics,2023-02-20 21:00:00,2023-02-21 21:00:00,710.16,0.23
CUST-549,ORD-1223,North,Clothing,2023-02-20 22:00:00,2023-02-21 22:00:00,198.48,0.39
CUST-974,ORD-1224,East,Clothing,2023-02-20 23:00:00,2023-02-21 23:00:00,373.05,0.46
CUST-781,ORD-1225,North,Grocery,2023-02-21 00:00:00,2023-02-22 00:00:00,114.75,0.24
CUST-707,ORD-1226,South,Electronics,2023-02-21 01:00:00,2023-02-22 01:00:00,631.92,0.24
CUST-190,ORD-1227,East,Grocery,2023-02-21 02:00:00,2023-02-22 02:00:00,130.16,0.37
CUST-197,ORD-1228,West,Furniture,2023-02-21 03:00:00,2023-02-22 03:00:00,986.07,0.47
CUST-222,ORD-1229,South,Electronics,2023-02-21 04:00:00,2023-02-22 04:00:00,782.88,0.17
CUST-757,ORD-1230,East,Electronics,2023-02-21 05:00:00,2023-02-22 05:00:00,396.34,
CUST-496,ORD-1231,East,Furniture,2023-02-21 06:00:00,2023-02-22 06:00:00,582.78,0.41
CUST-284,ORD-1232,West,Furniture,2023-02-21 07:00:00,2023-02-22 07:00:00,912.23,0.32
CUST-742,ORD-1233,North,Grocery,2023-02-21 08:00:00,2023-02-22 08:00:00,558.56,0.1
CUST-604,ORD-1234,North,Grocery,2023-02-21 09:00:00,2023-02-22 09:00:00,182.75,0.33
CUST-779,ORD-1235,South,Furniture,2023-02-21 10:00:00,2023-02-22 10:00:00,384.92,0.13
CUST-538,ORD-1236,West,Grocery,2023-02-21 11:00:00,2023-02-22 11:00:00,844.71,0.28
CUST-612,ORD-1237,North,Furniture,2023-02-21 12:00:00,2023-02-22 12:00:00,647.77,0.29
CUST-290,ORD-1238,West,Electronics,2023-02-21 13:00:00,2023-02-22 13:00:00,654.22,0.44
CUST-103,ORD-1239,North,Electronics,2023-02-21 14:00:00,2023-02-22 14:00:00,868.15,0.26
CUST-853,ORD-1240,East,Clothing,2023-02-21 15:00:00,2023-02-22 15:00:00,895.03,0.18
CUST-199,ORD-1241,North,Electronics,2023-02-21 16:00:00,2023-02-22 16:00:00,460.295,0.15
CUST-304,ORD-1242,West,Furniture,2023-02-21 17:00:00,2023-02-22 17:00:00,103.9,0.44
CUST-233,ORD-1243,East,Grocery,2023-02-21 18:00:00,2023-02-22 18:00:00,548.68,0.13
CUST-370,ORD-1244,East,Clothing,2023-02-21 19:00:00,2023-02-22 19:00:00,743.1,0.24
CUST-184,ORD-1245,East,Grocery,2023-02-21 20:00:00,2023-02-22 20:00:00,759.36,0.13
CUST-310,ORD-1246,West,Furniture,2023-02-21 21:00:00,2023-02-22 21:00:00,610.65,0.4
CUST-15,ORD-1247,South,Electronics,2023-02-21 22:00:00,2023-02-22 22:00:00,175.12,0.26
CUST-726,ORD-1248,South,Clothing,2023-02-21 23:00:00,2023-02-22 23:00:00,799.45,0.21
CUST-547,ORD-1249,South,Furniture,2023-02-22 00:00:00,2023-02-23 00:00:00,722.91,0.21
CUST-130,ORD-1250,West,Clothing,2023-02-22 01:00:00,2023-02-23 01:00:00,95.27,0.43
CUST-281,ORD-1251,East,Clothing,2023-02-22 02:00:00,2023-02-23 02:00:00,469.17,0.44999999999999996
CUST-47,ORD-1252,South,Electronics,2023-02-22 03:00:00,2023-02-23 03:00:00,182.24,0.37
CUST-998,ORD-1253,West,Furniture,2023-02-22 04:00:00,2023-02-23 04:00:00,344.1,0.45
CUST-56,ORD-1254,South,Grocery,2023-02-22 05:00:00,2023-02-23 05:00:00,27.9,0.46
CUST-567,ORD-1255,North,Clothing,2023-02-22 06:00:00,2023-02-23 06:00:00,406.33,0.2
CUST-300,ORD-1256,South,Clothing,2023-02-22 07:00:00,2023-02-23 07:00:00,554.38,0.48
CUST-715,ORD-1257,South,Grocery,2023-02-22 08:00:00,2023-02-23 08:00:00,623.39,0.06
CUST-967,ORD-1258,East,Furniture,2023-02-22 09:00:00,2023-02-23 09:00:00,666.86,0.22
CUST-130,ORD-1259,West,Clothing,2023-02-22 10:00:00,2023-02-23 10:00:00,837.93,0.45
CUST-654,ORD-1260,East,Clothing,2023-02-22 11:00:00,2023-02-23 11:00:00,223.31,0.17
CUST-890,ORD-1261,East,Clothing,2023-02-22 12:00:00,2023-02-23 12:00:00,129.28,0.17
CUST-771,ORD-1262,East,Furniture,2023-02-22 13:00:00,2023-02-23 13:00:00,853.02,0.19
CUST-503,ORD-1263,East,Furniture,2023-02-22 14:00:00,2023-02-23 14:00:00,165.05,0.33
CUST-106,ORD-1264,East,Grocery,2023-02-22 15:00:00,2023-02-23 15:00:00,975.01,0.25
CUST-894,ORD-1265,South,Furniture,2023-02-22 16:00:00,2023-02-23 16:00:00,844.11,0.38
CUST-13,ORD-1266,East,Furniture,2023-02-22 17:00:00,2023-02-23 17:00:00,505.87,0.45
CUST-588,ORD-1267,East,Electronics,2023-02-22 18:00:00,2023-02-23 18:00:00,981.61,0.35
CUST-292,ORD-1268,West,Grocery,2023-02-22 19:00:00,2023-02-23 19:00:00,106.4,0.14
CUST-481,ORD-1269,North,Clothing,2023-02-22 20:00:00,2023-02-23 20:00:00,310.04,0.47
CUST-491,ORD-1270,South,Furniture,2023-02-22 21:00:00,2023-02-23 21:00:00,641.84,0.17
CUST-452,ORD-1271,South,Clothing,2023-02-22 22:00:00,2023-02-23 22:00:00,356.51,0.12
CUST-349,ORD-1272,South,Clothing,2023-02-22 23:00:00,2023-02-23 23:00:00,929.09,0.09
CUST-189,ORD-1273,East,Electronics,2023-02-23 00:00:00,2023-02-24 00:00:00,74.97,0.44999999999999996
CUST-989,ORD-1274,East,Furniture,2023-02-23 01:00:00,2023-02-24 01:00:00,553.92,0.1
CUST-53,ORD-1275,East,Grocery,2023-02-23 02:00:00,2023-02-24 02:00:00,594.96,0.11
CUST-259,ORD-1276,West,Furniture,2023-02-23 03:00:00,2023-02-24 03:00:00,656.2,0.19
CUST-964,ORD-1277,North,Clothing,2023-02-23 04:00:00,2023-02-24 04:00:00,263.11,0.18
CUST-883,ORD-1278,East,Grocery,2023-02-23 05:00:00,2023-02-24 05:00:00,370.92,0.32
CUST-490,ORD-1279,North,Furniture,2023-02-23 06:00:00,2023-02-24 06:00:00,845.24,0.42
CUST-117,ORD-1280,West,Clothing,2023-02-23 07:00:00,2023-02-24 07:00:00,202.99,0.39
CUST-842,ORD-1281,South,Clothing,2023-02-23 08:00:00,2023-02-24 08:00:00,828.6,0.17
CUST-67,ORD-1282,East,Electronics,2023-02-23 09:00:00,2023-02-24 09:00:00,567.03,0.16
CUST-411,ORD-1283,North,Electronics,2023-02-23 10:00:00,2023-02-24 10:00:00,764.57,0.48
CUST-504,ORD-1284,North,Electronics,2023-02-23 11:00:00,2023-02-24 11:00:00,716.47,0.05
CUST-76,ORD-1285,East,Clothing,2023-02-23 12:00:00,2023-02-24 12:00:00,215.44,0.45
CUST-591,ORD-1286,South,Furniture,2023-02-23 13:00:00,2023-02-24 13:00:00,573.12,0.14
CUST-645,ORD-1287,South,Electronics,2023-02-23 14:00:00,2023-02-24 14:00:00,869.05,0.48
CUST-703,ORD-1288,South,Furniture,2023-02-23 15:00:00,2023-02-24 15:00:00,437.8,0.2
CUST-55,ORD-1289,West,Electronics,2023-02-23 16:00:00,2023-02-24 16:00:00,966.92,
CUST-156,ORD-1290,North,Grocery,2023-02-23 17:00:00,2023-02-24 17:00:00,457.69,0.37
CUST-153,ORD-1291,North,Grocery,2023-02-23 18:00:00,2023-02-24 18:00:00,151.36,0.31
CUST-831,ORD-1292,North,Electronics,2023-02-23 19:00:00,2023-02-24 19:00:00,395.54,0.19
CUST-577,ORD-1293,West,Clothing,2023-02-23 20:00:00,2023-02-24 20:00:00,952.19,0.3
CUST-972,ORD-1294,North,Electronics,2023-02-23 21:00:00,2023-02-24 21:00:00,326.52,0.38
CUST-312,ORD-1295,West,Electronics,2023-02-23 22:00:00,2023-02-24 22:00:00,869.42,0.07
CUST-88,ORD-1296,South,Clothing,2023-02-23 23:00:00,2023-02-24 23:00:00,882.44,0.06
CUST-255,ORD-1297,East,Grocery,2023-02-24 00:00:00,2023-02-25 00:00:00,356.68,0.26
CUST-122,ORD-1298,North,Furniture,2023-02-24 01:00:00,2023-02-25 01:00:00,92.43,0.11
CUST-572,ORD-1299,North,Electronics,2023-02-24 02:00:00,2023-02-25 02:00:00,727.31,0.35
CUST-783,ORD-1300,South,Clothing,2023-02-24 03:00:00,2023-02-25 03:00:00,318.4,0.15
CUST-427,ORD-1301,East,Electronics,2023-02-24 04:00:00,2023-02-25 04:00:00,785.09,0.24
CUST-621,ORD-1302,West,Clothing,2023-02-24 05:00:00,2023-02-25 05:00:00,448.23,0.14
CUST-611,ORD-1303,East,Furniture,2023-02-24 06:00:00,2023-02-25 06:00:00,490.41,0.3
CUST-810,ORD-1304,South,Furniture,2023-02-24 07:00:00,2023-02-25 07:00:00,780.13,0.1
CUST-634,ORD-1305,South,Grocery,2023-02-24 08:00:00,2023-02-25 08:00:00,388.54,0.06
CUST-232,ORD-1306,East,Clothing,2023-02-24 09:00:00,2023-02-25 09:00:00,448.7,0.07
CUST-795,ORD-1307,West,Clothing,2023-02-24 10:00:00,2023-02-25 10:00:00,382.43,0.48
CUST-536,ORD-1308,West,Grocery,2023-02-24 11:00:00,2023-02-25 11:00:00,373.67,0.11
CUST-390,ORD-1309,North,Grocery,2023-02-24 12:00:00,2023-02-25 12:00:00,530.69,0.37
CUST-462,ORD-1310,West,Clothing,2023-02-24 13:00:00,2023-02-25 13:00:00,810.71,0.08
CUST-931,ORD-1311,East,Grocery,2023-02-24 14:00:00,2023-02-25 14:00:00,368.15,0.1
CUST-454,ORD-1312,South,Furniture,2023-02-24 15:00:00,2023-02-25 15:00:00,529.01,0.28
CUST-305,ORD-1313,North,Electronics,2023-02-24 16:00:00,2023-02-25 16:00:00,674.02,0.26
CUST-881,ORD-1314,North,Furniture,2023-02-24 17:00:00,2023-02-25 17:00:00,276.75,0.48
CUST-603,ORD-1315,South,Grocery,2023-02-24 18:00:00,2023-02-25 18:00:00,284.75,0.48
CUST-440,ORD-1316,West,Clothing,2023-02-24 19:00:00,2023-02-25 19:00:00,934.08,0.4
CUST-313,ORD-1317,South,Clothing,2023-02-24 20:00:00,2023-02-25 20:00:00,726.3,0.32
CUST-583,ORD-1318,West,Furniture,2023-02-24 21:00:00,2023-02-25 21:00:00,581.41,0.25
CUST-636,ORD-1319,South,Clothing,2023-02-24 22:00:00,2023-02-25 22:00:00,651.24,0.21
CUST-62,ORD-1320,East,Grocery,2023-02-24 23:00:00,2023-02-25 23:00:00,39.01,0.48
CUST-625,ORD-1321,West,Furniture,2023-02-25 00:00:00,2023-02-26 00:00:00,621.92,0.32
CUST-984,ORD-1322,East,Clothing,2023-02-25 01:00:00,2023-02-26 01:00:00,514.41,0.31
CUST-758,ORD-1323,North,Electronics,2023-02-25 02:00:00,2023-02-26 02:00:00,550.29,0.15
CUST-102,ORD-1324,South,Electronics,2023-02-25 03:00:00,2023-02-26 03:00:00,365.83,0.07
CUST-971,ORD-1325,North,Grocery,2023-02-25 04:00:00,2023-02-26 04:00:00,90.66,0.48
CUST-782,ORD-1326,North,Clothing,2023-02-25 05:00:00,2023-02-26 05:00:00,201.41,0.19
CUST-213,ORD-1327,North,Grocery,2023-02-25 06:00:00,2023-02-26 06:00:00,951.24,0.25
CUST-641,ORD-1328,North,Furniture,2023-02-25 07:00:00,2023-02-26 07:00:00,414.61,0.1
CUST-217,ORD-1329,South,Electronics,2023-02-25 08:00:00,2023-02-26 08:00:00,472.02,0.43
CUST-271,ORD-1330,North,Furniture,2023-02-25 09:00:00,2023-02-26 09:00:00,62.18,0.06
CUST-677,ORD-1331,South,Clothing,2023-02-25 10:00:00,2023-02-26 10:00:00,47.19,0.43
CUST-84,ORD-1332,South,Grocery,2023-02-25 11:00:00,2023-02-26 11:00:00,720.01,0.11
CUST-161,ORD-1333,East,Grocery,2023-02-25 12:00:00,2023-02-26 12:00:00,542.71,0.45
CUST-246,ORD-1334,West,Grocery,2023-02-25 13:00:00,2023-02-26 13:00:00,513.62,0.38
CUST-178,ORD-1335,West,Furniture,2023-02-25 14:00:00,2023-02-26 14:00:00,250.69,0.12
CUST-566,ORD-1336,South,Electronics,2023-02-25 15:00:00,2023-02-26 15:00:00,747.3,0.3
CUST-77,ORD-1337,East,Furniture,2023-02-25 16:00:00,2023-02-26 16:00:00,176.55,0.19
CUST-161,ORD-1338,South,Furniture,2023-02-25 17:00:00,2023-02-26 17:00:00,198.04,0.13
CUST-3,ORD-1339,South,Clothing,2023-02-25 18:00:00,2023-02-26 18:00:00,466.11,0.44
CUST-419,ORD-1340,South,Clothing,2023-02-25 19:00:00,2023-02-26 19:00:00,293.42,0.23
CUST-462,ORD-1341,East,Clothing,2023-02-25 20:00:00,2023-02-26 20:00:00,254.99,0.23
CUST-706,ORD-1342,West,Electronics,2023-02-25 21:00:00,2023-02-26 21:00:00,648.79,0.13
CUST-609,ORD-1343,East,Electronics,2023-02-25 22:00:00,2023-02-26 22:00:00,654.46,0.33
CUST-482,ORD-1344,North,Clothing,2023-02-25 23:00:00,2023-02-26 23:00:00,826.27,0.44
CUST-299,ORD-1345,East,Clothing,2023-02-26 00:00:00,2023-02-27 00:00:00,211.765,0.21
CUST-34,ORD-1346,East,Electronics,2023-02-26 01:00:00,2023-02-27 01:00:00,82.35,0.48
CUST-238,ORD-1347,East,Grocery,2023-02-26 02:00:00,2023-02-27 02:00:00,280.93,0.48
CUST-296,ORD-1348,East,Electronics,2023-02-26 03:00:00,2023-02-27 03:00:00,980.21,0.12
CUST-724,ORD-1349,West,Electronics,2023-02-26 04:00:00,2023-02-27 04:00:00,600.3,0.13
CUST-290,ORD-1350,North,Electronics,2023-02-26 05:00:00,2023-02-27 05:00:00,712.64,0.44
CUST-720,ORD-1351,West,Clothing,2023-02-26 06:00:00,2023-02-27 06:00:00,17.28,0.23
CUST-881,ORD-1352,West,Grocery,2023-02-26 07:00:00,2023-02-27 07:00:00,523.02,0.05
CUST-465,ORD-1353,East,Electronics,2023-02-26 08:00:00,2023-02-27 08:00:00,47.15,0.17
CUST-73,ORD-1354,South,Clothing,2023-02-26 09:00:00,2023-02-27 09:00:00,573.54,0.32
CUST-704,ORD-1355,South,Furniture,2023-02-26 10:00:00,2023-02-27 10:00:00,921.56,0.41
CUST-240,ORD-1356,West,Furniture,2023-02-26 11:00:00,2023-02-27 11:00:00,968.73,0.11
CUST-947,ORD-1357,West,Electronics,2023-02-26 12:00:00,2023-02-27 12:00:00,545.15,0.1
CUST-271,ORD-1358,East,Furniture,2023-02-26 13:00:00,2023-02-27 13:00:00,463.62,0.46
CUST-807,ORD-1359,West,Grocery,2023-02-26 14:00:00,2023-02-27 14:00:00,945.57,0.39
CUST-811,ORD-1360,East,Furniture,2023-02-26 15:00:00,2023-02-27 15:00:00,676.87,0.32
CUST-641,ORD-1361,South,Furniture,2023-02-26 16:00:00,2023-02-27 16:00:00,74.25,0.4
CUST-604,ORD-1362,South,Grocery,2023-02-26 17:00:00,2023-02-27 17:00:00,471.07,0.24
CUST-678,ORD-1363,North,Electronics,2023-02-26 18:00:00,2023-02-27 18:00:00,247.84,0.39
CUST-824,ORD-1364,South,Electronics,2023-02-26 19:00:00,2023-02-27 19:00:00,475.11,0.22
CUST-957,ORD-1365,West,Grocery,2023-02-26 20:00:00,2023-02-27 20:00:00,460.91,0.16
CUST-203,ORD-1366,South,Grocery,2023-02-26 21:00:00,2023-02-27 21:00:00,586.32,0.38
CUST-436,ORD-1367,East,Grocery,2023-02-26 22:00:00,2023-02-27 22:00:00,363.2,0.24
CUST-118,ORD-1368,South,Furniture,2023-02-26 23:00:00,2023-02-27 23:00:00,172.63,
CUST-558,ORD-1369,North,Grocery,2023-02-27 00:00:00,2023-02-28 00:00:00,508.68,0.21
CUST-231,ORD-1370,South,Clothing,2023-02-27 01:00:00,2023-02-28 01:00:00,831.9,0.46
CUST-664,ORD-1371,East,Furniture,2023-02-27 02:00:00,2023-02-28 02:00:00,667.37,0.47
CUST-153,ORD-1372,East,Electronics,2023-02-27 03:00:00,2023-02-28 03:00:00,344.98,0.16
CUST-931,ORD-1373,West,Electronics,2023-02-27 04:00:00,2023-02-28 04:00:00,936.17,0.41
CUST-273,ORD-1374,South,Electronics,2023-02-27 05:00:00,2023-02-28 05:00:00,913.09,0.24
CUST-847,ORD-1375,East,Furniture,2023-02-27 06:00:00,2023-02-28 06:00:00,217.25,0.46
CUST-146,ORD-1376,North,Clothing,2023-02-27 07:00:00,2023-02-28 07:00:00,49.02,0.25
CUST-74,ORD-1377,West,Grocery,2023-02-27 08:00:00,2023-02-28 08:00:00,743.9,0.38
CUST-62,ORD-1378,North,Grocery,2023-02-27 09:00:00,2023-02-28 09:00:00,829.33,0.26
CUST-170,ORD-1379,South,Electronics,2023-02-27 10:00:00,2023-02-28 10:00:00,968.19,0.15
CUST-812,ORD-1380,South,Electronics,2023-02-27 11:00:00,2023-02-28 11:00:00,890.94,0.14
CUST-315,ORD-1381,South,Furniture,2023-02-27 12:00:00,2023-02-28 12:00:00,604.53,0.24
CUST-610,ORD-1382,West,Clothing,2023-02-27 13:00:00,2023-02-28 13:00:00,534.75,0.39
CUST-767,ORD-1383,East,Grocery,2023-02-27 14:00:00,2023-02-28 14:00:00,37.56,0.32
CUST-845,ORD-1384,West,Furniture,2023-02-27 15:00:00,2023-02-28 15:00:00,254.19,0.36
CUST-583,ORD-1385,North,Grocery,2023-02-27 16:00:00,2023-02-28 16:00:00,465.02,0.18
CUST-944,ORD-1386,West,Electronics,2023-02-27 17:00:00,2023-02-28 17:00:00,632.22,0.27
CUST-296,ORD-1387,North,Grocery,2023-02-27 18:00:00,2023-02-28 18:00:00,561.68,0.07
CUST-450,ORD-1388,West,Clothing,2023-02-27 19:00:00,2023-02-28 19:00:00,745.21,0.42
CUST-128,ORD-1389,East,Clothing,2023-02-27 20:00:00,2023-02-28 20:00:00,286.97,0.5
CUST-480,ORD-1390,North,Electronics,2023-02-27 21:00:00,2023-02-28 21:00:00,569.3,0.23
CUST-706,ORD-1391,South,Clothing,2023-02-27 22:00:00,2023-02-28 22:00:00,97.26,0.05
CUST-312,ORD-1392,South,Clothing,2023-02-27 23:00:00,2023-02-28 23:00:00,419.53,0.13
CUST-717,ORD-1393,West,Furniture,2023-02-28 00:00:00,2023-03-01 00:00:00,752.66,0.34
CUST-413,ORD-1394,South,Grocery,2023-02-28 01:00:00,2023-03-01 01:00:00,696.47,0.33
CUST-966,ORD-1395,North,Electronics,2023-02-28 02:00:00,2023-03-01 02:00:00,990.74,0.4
CUST-279,ORD-1396,South,Electronics,2023-02-28 03:00:00,2023-03-01 03:00:00,285.11,0.16
CUST-513,ORD-1397,East,Electronics,2023-02-28 04:00:00,2023-03-01 04:00:00,503.21,0.39
CUST-553,ORD-1398,East,Electronics,2023-02-28 05:00:00,2023-03-01 05:00:00,336.24,0.36
CUST-506,ORD-1399,West,Electronics,2023-02-28 06:00:00,2023-03-01 06:00:00,446.2,0.2
CUST-449,ORD-1400,North,Clothing,2023-02-28 07:00:00,2023-03-01 07:00:00,858.38,0.3
CUST-83,ORD-1401,East,Furniture,2023-02-28 08:00:00,2023-03-01 08:00:00,687.37,0.12
CUST-613,ORD-1402,East,Electronics,2023-02-28 09:00:00,2023-03-01 09:00:00,883.62,0.25
CUST-41,ORD-1403,North,Furniture,2023-02-28 10:00:00,2023-03-01 10:00:00,211.48,0.45
CUST-911,ORD-1404,South,Furniture,2023-02-28 11:00:00,2023-03-01 11:00:00,874.63,0.24
CUST-443,ORD-1405,South,Clothing,2023-02-28 12:00:00,2023-03-01 12:00:00,69.16,0.43
CUST-753,ORD-1406,West,Electronics,2023-02-28 13:00:00,2023-03-01 13:00:00,889.71,0.32
CUST-331,ORD-1407,South,Clothing,2023-02-28 14:00:00,2023-03-01 14:00:00,335.78,0.14
CUST-619,ORD-1408,North,Electronics,2023-02-28 15:00:00,2023-03-01 15:00:00,321.44,0.31
CUST-257,ORD-1409,East,Clothing,2023-02-28 16:00:00,2023-03-01 16:00:00,516.97,0.28
CUST-27,ORD-1410,South,Furniture,2023-02-28 17:00:00,2023-03-01 17:00:00,941.28,0.23
CUST-94,ORD-1411,West,Electronics,2023-02-28 18:00:00,2023-03-01 18:00:00,57.3,0.1
CUST-235,ORD-1412,South,Grocery,2023-02-28 19:00:00,2023-03-01 19:00:00,358.71,0.24
CUST-985,ORD-1413,North,Furniture,2023-02-28 20:00:00,2023-03-01 20:00:00,858.01,0.08
CUST-691,ORD-1414,West,Grocery,2023-02-28 21:00:00,2023-03-01 21:00:00,402.09,0.09
CUST-857,ORD-1415,South,Furniture,2023-02-28 22:00:00,2023-03-01 22:00:00,207.17,0.24
CUST-882,ORD-1416,West,Clothing,2023-02-28 23:00:00,2023-03-01 23:00:00,,0.19
CUST-590,ORD-1417,North,Electronics,2023-03-01 00:00:00,2023-03-02 00:00:00,391.7,0.47
CUST-602,ORD-1418,East,Furniture,2023-03-01 01:00:00,2023-03-02 01:00:00,916.26,0.22
CUST-974,ORD-1419,North,Clothing,2023-03-01 02:00:00,2023-03-02 02:00:00,764.32,0.39
CUST-22,ORD-1420,North,Electronics,2023-03-01 03:00:00,2023-03-02 03:00:00,510.06,0.29
CUST-784,ORD-1421,North,Electronics,2023-03-01 04:00:00,2023-03-02 04:00:00,988.49,0.37
CUST-689,ORD-1422,North,Furniture,2023-03-01 05:00:00,2023-03-02 05:00:00,470.62,0.17
CUST-842,ORD-1423,East,Electronics,2023-03-01 06:00:00,2023-03-02 06:00:00,67.66,0.47
CUST-276,ORD-1424,East,Furniture,2023-03-01 07:00:00,2023-03-02 07:00:00,269.65,0.29
CUST-591,ORD-1425,West,Electronics,2023-03-01 08:00:00,2023-03-02 08:00:00,441.71,0.42
CUST-42,ORD-1426,South,Grocery,2023-03-01 09:00:00,2023-03-02 09:00:00,165.33,0.21
CUST-782,ORD-1427,East,Clothing,2023-03-01 10:00:00,2023-03-02 10:00:00,948.09,0.1
CUST-775,ORD-1428,East,Grocery,2023-03-01 11:00:00,2023-03-02 11:00:00,769.18,0.35
CUST-180,ORD-1429,South,Furniture,2023-03-01 12:00:00,2023-03-02 12:00:00,275.6,0.05
CUST-482,ORD-1430,East,Grocery,2023-03-01 13:00:00,2023-03-02 13:00:00,594.9,0.26
CUST-532,ORD-1431,North,Furniture,2023-03-01 14:00:00,2023-03-02 14:00:00,724.23,0.14
CUST-668,ORD-1432,North,Electronics,2023-03-01 15:00:00,2023-03-02 15:00:00,941.87,0.33
CUST-453,ORD-1433,South,Electronics,2023-03-01 16:00:00,2023-03-02 16:00:00,882.82,0.49
CUST-939,ORD-1434,West,Furniture,2023-03-01 17:00:00,2023-03-02 17:00:00,520.04,0.26
CUST-285,ORD-1435,West,Grocery,2023-03-01 18:00:00,2023-03-02 18:00:00,776.91,0.42
CUST-186,ORD-1436,South,Electronics,2023-03-01 19:00:00,2023-03-02 19:00:00,566.52,0.28
CUST-600,ORD-1437,South,Clothing,2023-03-01 20:00:00,2023-03-02 20:00:00,557.18,0.27
CUST-447,ORD-1438,North,Electronics,2023-03-01 21:00:00,2023-03-02 21:00:00,123.59,0.47
CUST-651,ORD-1439,West,Clothing,2023-03-01 22:00:00,2023-03-02 22:00:00,134.88,0.675
CUST-834,ORD-1440,East,Grocery,2023-03-01 23:00:00,2023-03-02 23:00:00,534.24,0.4
CUST-504,ORD-1441,North,Clothing,2023-03-02 00:00:00,2023-03-03 00:00:00,276.17,0.18
CUST-993,ORD-1442,South,Clothing,2023-03-02 01:00:00,2023-03-03 01:00:00,30.83,0.3
CUST-94,ORD-1443,West,Clothing,2023-03-02 02:00:00,2023-03-03 02:00:00,725.61,0.15
CUST-482,ORD-1444,East,Clothing,2023-03-02 03:00:00,2023-03-03 03:00:00,42.16,0.25
CUST-357,ORD-1445,East,Electronics,2023-03-02 04:00:00,2023-03-03 04:00:00,599.32,0.27
CUST-419,ORD-1446,North,Clothing,2023-03-02 05:00:00,2023-03-03 05:00:00,543.8,0.42
CUST-342,ORD-1447,West,Electronics,2023-03-02 06:00:00,2023-03-03 06:00:00,969.13,0.45
CUST-329,ORD-1448,West,Clothing,2023-03-02 07:00:00,2023-03-03 07:00:00,489.37,0.24
CUST-687,ORD-1449,South,Furniture,2023-03-02 08:00:00,2023-03-03 08:00:00,72.97,0.06
CUST-108,ORD-1450,West,Grocery,2023-03-02 09:00:00,2023-03-03 09:00:00,556.17,0.44
CUST-879,ORD-1451,West,Clothing,2023-03-02 10:00:00,2023-03-03 10:00:00,842.69,0.13
CUST-165,ORD-1452,North,Furniture,2023-03-02 11:00:00,2023-03-03 11:00:00,996.88,0.33
CUST-338,ORD-1453,West,Clothing,2023-03-02 12:00:00,2023-03-03 12:00:00,436.04,0.06
CUST-422,ORD-1454,East,Clothing,2023-03-02 13:00:00,2023-03-03 13:00:00,327.1,0.23
CUST-711,ORD-1455,North,Clothing,2023-03-02 14:00:00,2023-03-03 14:00:00,907.59,0.49
CUST-508,ORD-1456,North,Furniture,2023-03-02 15:00:00,2023-03-03 15:00:00,199.33,0.1
CUST-296,ORD-1457,South,Grocery,2023-03-02 16:00:00,2023-03-03 16:00:00,619.27,0.24
CUST-679,ORD-1458,West,Furniture,2023-03-02 17:00:00,2023-03-03 17:00:00,411.66,0.19
CUST-968,ORD-1459,South,Grocery,2023-03-02 18:00:00,2023-03-03 18:00:00,50.67,0.46
CUST-411,ORD-1460,East,Clothing,2023-03-02 19:00:00,2023-03-03 19:00:00,353.82,0.44
CUST-834,ORD-1461,North,Electronics,2023-03-02 20:00:00,2023-03-03 20:00:00,272.58,0.16
CUST-779,ORD-1462,North,Clothing,2023-03-02 21:00:00,2023-03-03 21:00:00,689.23,0.09
CUST-564,ORD-1463,North,Grocery,2023-03-02 22:00:00,2023-03-03 22:00:00,949.3,0.33
CUST-38,ORD-1464,East,Furniture,2023-03-02 23:00:00,2023-03-03 23:00:00,275.37,0.2
CUST-466,ORD-1465,East,Clothing,2023-03-03 00:00:00,2023-03-04 00:00:00,813.35,0.35
CUST-91,ORD-1466,South,Furniture,2023-03-03 01:00:00,2023-03-04 01:00:00,64.81,0.06
CUST-323,ORD-1467,South,Furniture,2023-03-03 02:00:00,2023-03-04 02:00:00,542.74,
CUST-259,ORD-1468,South,Furniture,2023-03-03 03:00:00,2023-03-04 03:00:00,79.84,0.36
CUST-332,ORD-1469,West,Clothing,2023-03-03 04:00:00,2023-03-04 04:00:00,934.69,0.15
CUST-119,ORD-1470,North,Furniture,2023-03-03 05:00:00,2023-03-04 05:00:00,768.69,
CUST-994,ORD-1471,North,Furniture,2023-03-03 06:00:00,2023-03-04 06:00:00,661.37,0.08
CUST-792,ORD-1472,South,Clothing,2023-03-03 07:00:00,2023-03-04 07:00:00,825.66,0.15
CUST-414,ORD-1473,North,Furniture,2023-03-03 08:00:00,2023-03-04 08:00:00,651.04,0.5
CUST-886,ORD-1474,South,Clothing,2023-03-03 09:00:00,2023-03-04 09:00:00,969.25,0.24
CUST-527,ORD-1475,West,Grocery,2023-03-03 10:00:00,2023-03-04 10:00:00,716.82,0.37
CUST-845,ORD-1476,West,Grocery,2023-03-03 11:00:00,2023-03-04 11:00:00,925.41,0.13
CUST-2,ORD-1477,East,Grocery,2023-03-03 12:00:00,2023-03-04 12:00:00,521.96,0.32
CUST-674,ORD-1478,West,Furniture,2023-03-03 13:00:00,2023-03-04 13:00:00,125.89,0.38
CUST-891,ORD-1479,South,Electronics,2023-03-03 14:00:00,2023-03-04 14:00:00,532.9,0.19
CUST-556,ORD-1480,West,Electronics,2023-03-03 15:00:00,2023-03-04 15:00:00,135.6,0.42
CUST-474,ORD-1481,East,Furniture,2023-03-03 16:00:00,2023-03-04 16:00:00,596.57,0.32
CUST-424,ORD-1482,North,Electronics,2023-03-03 17:00:00,2023-03-04 17:00:00,487.67,0.23
CUST-56,ORD-1483,South,Clothing,2023-03-03 18:00:00,2023-03-04 18:00:00,626.35,0.3
CUST-193,ORD-1484,North,Electronics,2023-03-03 19:00:00,2023-03-04 19:00:00,19.95,0.31
CUST-531,ORD-1485,East,Furniture,2023-03-03 20:00:00,2023-03-04 20:00:00,202.89,0.12
CUST-371,ORD-1486,East,Furniture,2023-03-03 21:00:00,2023-03-04 21:00:00,496.42,0.23
CUST-638,ORD-1487,East,Clothing,2023-03-03 22:00:00,2023-03-04 22:00:00,951.0,0.2
CUST-775,ORD-1488,North,Grocery,2023-03-03 23:00:00,2023-03-04 23:00:00,389.77,0.23
CUST-511,ORD-1489,North,Furniture,2023-03-04 00:00:00,2023-03-05 00:00:00,430.13,0.39
CUST-641,ORD-1490,North,Clothing,2023-03-04 01:00:00,2023-03-05 01:00:00,717.55,0.27
CUST-453,ORD-1491,North,Electronics,2023-03-04 02:00:00,2023-03-05 02:00:00,607.75,0.47
CUST-779,ORD-1492,East,Electronics,2023-03-04 03:00:00,2023-03-05 03:00:00,305.94,0.18
CUST-53,ORD-1493,East,Clothing,2023-03-04 04:00:00,2023-03-05 04:00:00,416.71,0.24
CUST-209,ORD-1494,South,Clothing,2023-03-04 05:00:00,2023-03-05 05:00:00,225.52,0.4
CUST-274,ORD-1495,South,Furniture,2023-03-04 06:00:00,2023-03-05 06:00:00,966.36,0.3
CUST-563,ORD-1496,North,Electronics,2023-03-04 07:00:00,2023-03-05 07:00:00,139.33,0.3
CUST-135,ORD-1497,West,Clothing,2023-03-04 08:00:00,2023-03-05 08:00:00,378.12,0.07
CUST-950,ORD-1498,West,Electronics,2023-03-04 09:00:00,2023-03-05 09:00:00,35.58,0.23
CUST-295,ORD-1499,East,Clothing,2023-03-04 10:00:00,2023-03-05 10:00:00,229.56,0.17
CUST-449,ORD-1500,East,Electronics,2023-03-04 11:00:00,2023-03-05 11:00:00,782.67,0.5
CUST-902,ORD-1501,East,Grocery,2023-03-04 12:00:00,2023-03-05 12:00:00,209.16,0.19
CUST-716,ORD-1502,South,Furniture,2023-03-04 13:00:00,2023-03-05 13:00:00,89.26,0.45
CUST-497,ORD-1503,South,Electronics,2023-03-04 14:00:00,2023-03-05 14:00:00,479.71,0.35
CUST-125,ORD-1504,East,Grocery,2023-03-04 15:00:00,2023-03-05 15:00:00,19.87,0.2
CUST-30,ORD-1505,East,Electronics,2023-03-04 16:00:00,2023-03-05 16:00:00,93.92,0.29
CUST-997,ORD-1506,East,Electronics,2023-03-04 17:00:00,2023-03-05 17:00:00,809.55,0.43
CUST-646,ORD-1507,West,Grocery,2023-03-04 18:00:00,2023-03-05 18:00:00,773.76,0.45
CUST-624,ORD-1508,South,Electronics,2023-03-04 19:00:00,2023-03-05 19:00:00,915.99,0.12
CUST-819,ORD-1509,West,Electronics,2023-03-04 20:00:00,2023-03-05 20:00:00,855.97,0.2
CUST-246,ORD-1510,West,Furniture,2023-03-04 21:00:00,2023-03-05 21:00:00,686.34,0.2
CUST-727,ORD-1511,East,Grocery,2023-03-04 22:00:00,2023-03-05 22:00:00,61.81,0.07
CUST-163,ORD-1512,East,Grocery,2023-03-04 23:00:00,2023-03-05 23:00:00,785.02,0.32
CUST-319,ORD-1513,North,Clothing,2023-03-05 00:00:00,2023-03-06 00:00:00,847.06,0.43
CUST-565,ORD-1514,North,Electronics,2023-03-05 01:00:00,2023-03-06 01:00:00,801.09,0.22
CUST-15,ORD-1515,West,Furniture,2023-03-05 02:00:00,2023-03-06 02:00:00,513.39,0.38
CUST-566,ORD-1516,South,Electronics,2023-03-05 03:00:00,2023-03-06 03:00:00,240.57,0.33
CUST-418,ORD-1517,East,Electronics,2023-03-05 04:00:00,2023-03-06 04:00:00,846.88,0.22
CUST-96,ORD-1518,East,Clothing,2023-03-05 05:00:00,2023-03-06 05:00:00,729.89,0.11
CUST-231,ORD-1519,West,Electronics,2023-03-05 06:00:00,2023-03-06 06:00:00,980.95,0.37
CUST-862,ORD-1520,North,Furniture,2023-03-05 07:00:00,2023-03-06 07:00:00,164.14,0.43
CUST-935,ORD-1521,South,Furniture,2023-03-05 08:00:00,2023-03-06 08:00:00,233.41,0.36
CUST-117,ORD-1522,North,Clothing,2023-03-05 09:00:00,2023-03-06 09:00:00,219.68,0.06
CUST-473,ORD-1523,North,Electronics,2023-03-05 10:00:00,2023-03-06 10:00:00,794.61,0.15
CUST-970,ORD-1524,North,Furniture,2023-03-05 11:00:00,2023-03-06 11:00:00,195.04,0.08
CUST-121,ORD-1525,North,Electronics,2023-03-05 12:00:00,2023-03-06 12:00:00,75.99,0.31
CUST-664,ORD-1526,East,Electronics,2023-03-05 13:00:00,2023-03-06 13:00:00,998.58,0.39
CUST-853,ORD-1527,East,Electronics,2023-03-05 14:00:00,2023-03-06 14:00:00,34.57,0.1
CUST-158,ORD-1528,North,Clothing,2023-03-05 15:00:00,2023-03-06 15:00:00,836.89,0.43
CUST-511,ORD-1529,South,Electronics,2023-03-05 16:00:00,2023-03-06 16:00:00,371.71,0.3
CUST-956,ORD-1530,West,Furniture,2023-03-05 17:00:00,2023-03-06 17:00:00,843.2,0.36
CUST-734,ORD-1531,South,Electronics,2023-03-05 18:00:00,2023-03-06 18:00:00,559.07,0.49
CUST-299,ORD-1532,South,Furniture,2023-03-05 19:00:00,2023-03-06 19:00:00,902.61,0.09
CUST-522,ORD-1533,South,Electronics,2023-03-05 20:00:00,2023-03-06 20:00:00,926.93,0.46
CUST-723,ORD-1534,North,Furniture,2023-03-05 21:00:00,2023-03-06 21:00:00,19.01,0.11
CUST-280,ORD-1535,East,Furniture,2023-03-05 22:00:00,2023-03-06 22:00:00,84.66,0.23
CUST-426,ORD-1536,South,Electronics,2023-03-05 23:00:00,2023-03-06 23:00:00,257.86,0.43
CUST-855,ORD-1537,North,Electronics,2023-03-06 00:00:00,2023-03-07 00:00:00,672.62,0.46
CUST-495,ORD-1538,South,Furniture,2023-03-06 01:00:00,2023-03-07 01:00:00,889.39,0.28
CUST-484,ORD-1539,South,Grocery,2023-03-06 02:00:00,2023-03-07 02:00:00,465.34,0.32
CUST-250,ORD-1540,North,Clothing,2023-03-06 03:00:00,2023-03-07 03:00:00,610.9,0.37
CUST-468,ORD-1541,East,Grocery,2023-03-06 04:00:00,2023-03-07 04:00:00,196.61,0.42
CUST-565,ORD-1542,East,Grocery,2023-03-06 05:00:00,2023-03-07 05:00:00,806.92,0.1
CUST-149,ORD-1543,West,Electronics,2023-03-06 06:00:00,2023-03-07 06:00:00,967.65,0.41
CUST-393,ORD-1544,North,Clothing,2023-03-06 07:00:00,2023-03-07 07:00:00,275.91,0.27
CUST-196,ORD-1545,West,Grocery,2023-03-06 08:00:00,2023-03-07 08:00:00,499.88,0.25
CUST-944,ORD-1546,West,Electronics,2023-03-06 09:00:00,2023-03-07 09:00:00,,0.24
CUST-614,ORD-1547,West,Grocery,2023-03-06 10:00:00,2023-03-07 10:00:00,563.55,0.28
CUST-521,ORD-1548,East,Grocery,2023-03-06 11:00:00,2023-03-07 11:00:00,507.76,0.48
CUST-765,ORD-1549,North,Electronics,2023-03-06 12:00:00,2023-03-07 12:00:00,152.99,0.3
CUST-901,ORD-1550,West,Electronics,2023-03-06 13:00:00,2023-03-07 13:00:00,447.65,0.48
CUST-140,ORD-1551,North,Electronics,2023-03-06 14:00:00,2023-03-07 14:00:00,340.76,0.13
CUST-885,ORD-1552,North,Clothing,2023-03-06 15:00:00,2023-03-07 15:00:00,526.61,0.38
CUST-72,ORD-1553,East,Grocery,2023-03-06 16:00:00,2023-03-07 16:00:00,589.8,0.42
CUST-283,ORD-1554,West,Electronics,2023-03-06 17:00:00,2023-03-07 17:00:00,18.41,0.36
CUST-792,ORD-1555,West,Furniture,2023-03-06 18:00:00,2023-03-07 18:00:00,763.4,0.32
CUST-809,ORD-1556,North,Grocery,2023-03-06 19:00:00,2023-03-07 19:00:00,715.88,0.3
CUST-875,ORD-1557,South,Furniture,2023-03-06 20:00:00,2023-03-07 20:00:00,372.62,0.44
CUST-425,ORD-1558,East,Clothing,2023-03-06 21:00:00,2023-03-07 21:00:00,62.41,0.42
CUST-349,ORD-1559,East,Electronics,2023-03-06 22:00:00,2023-03-07 22:00:00,757.38,0.11
CUST-957,ORD-1560,East,Furniture,2023-03-06 23:00:00,2023-03-07 23:00:00,955.62,0.43
CUST-807,ORD-1561,East,Clothing,2023-03-07 00:00:00,2023-03-08 00:00:00,247.75,0.24
CUST-520,ORD-1562,West,Electronics,2023-03-07 01:00:00,2023-03-08 01:00:00,330.29,0.16
CUST-274,ORD-1563,West,Furniture,2023-03-07 02:00:00,2023-03-08 02:00:00,191.97,0.44
CUST-841,ORD-1564,South,Furniture,2023-03-07 03:00:00,2023-03-08 03:00:00,581.17,0.24
CUST-3,ORD-1565,East,Clothing,2023-03-07 04:00:00,2023-03-08 04:00:00,163.29,0.41
CUST-290,ORD-1566,East,Electronics,2023-03-07 05:00:00,2023-03-08 05:00:00,362.63,0.17
CUST-744,ORD-1567,North,Electronics,2023-03-07 06:00:00,2023-03-08 06:00:00,700.04,0.05
CUST-306,ORD-1568,West,Furniture,2023-03-07 07:00:00,2023-03-08 07:00:00,564.51,0.27
CUST-858,ORD-1569,East,Furniture,2023-03-07 08:00:00,2023-03-08 08:00:00,392.6,0.1
CUST-602,ORD-1570,South,Furniture,2023-03-07 09:00:00,2023-03-08 09:00:00,426.05,0.39
CUST-594,ORD-1571,South,Electronics,2023-03-07 10:00:00,2023-03-08 10:00:00,566.49,0.17
CUST-676,ORD-1572,West,Clothing,2023-03-07 11:00:00,2023-03-08 11:00:00,15.81,0.25
CUST-502,ORD-1573,South,Clothing,2023-03-07 12:00:00,2023-03-08 12:00:00,87.72,0.09
CUST-887,ORD-1574,South,Electronics,2023-03-07 13:00:00,2023-03-08 13:00:00,882.45,0.18
CUST-153,ORD-1575,West,Grocery,2023-03-07 14:00:00,2023-03-08 14:00:00,87.1,0.4
CUST-458,ORD-1576,East,Clothing,2023-03-07 15:00:00,2023-03-08 15:00:00,709.74,0.12
CUST-552,ORD-1577,East,Furniture,2023-03-07 16:00:00,2023-03-08 16:00:00,920.84,0.34
CUST-496,ORD-1578,South,Grocery,2023-03-07 17:00:00,2023-03-08 17:00:00,277.98,0.46
CUST-354,ORD-1579,South,Grocery,2023-03-07 18:00:00,2023-03-08 18:00:00,376.79,0.36
CUST-341,ORD-1580,East,Clothing,2023-03-07 19:00:00,2023-03-08 19:00:00,573.23,0.41
CUST-566,ORD-1581,West,Grocery,2023-03-07 20:00:00,2023-03-08 20:00:00,882.89,0.1
CUST-782,ORD-1582,South,Grocery,2023-03-07 21:00:00,2023-03-08 21:00:00,942.49,0.16
CUST-557,ORD-1583,North,Clothing,2023-03-07 22:00:00,2023-03-08 22:00:00,742.17,0.45
CUST-387,ORD-1584,West,Clothing,2023-03-07 23:00:00,2023-03-08 23:00:00,95.75,0.37
CUST-467,ORD-1585,South,Grocery,2023-03-08 00:00:00,2023-03-09 00:00:00,672.46,0.34
CUST-956,ORD-1586,South,Furniture,2023-03-08 01:00:00,2023-03-09 01:00:00,416.2,0.35
CUST-330,ORD-1587,North,Electronics,2023-03-08 02:00:00,2023-03-09 02:00:00,475.99,0.24
CUST-891,ORD-1588,North,Grocery,2023-03-08 03:00:00,2023-03-09 03:00:00,58.66,0.07
CUST-194,ORD-1589,East,Grocery,2023-03-08 04:00:00,2023-03-09 04:00:00,199.15,0.4
CUST-715,ORD-1590,West,Furniture,2023-03-08 05:00:00,2023-03-09 05:00:00,792.61,0.36
CUST-245,ORD-1591,West,Grocery,2023-03-08 06:00:00,2023-03-09 06:00:00,459.42,0.26
CUST-586,ORD-1592,East,Grocery,2023-03-08 07:00:00,2023-03-09 07:00:00,308.65,0.45
CUST-393,ORD-1593,West,Electronics,2023-03-08 08:00:00,2023-03-09 08:00:00,390.18,0.2
CUST-240,ORD-1594,West,Electronics,2023-03-08 09:00:00,2023-03-09 09:00:00,855.86,0.18
CUST-877,ORD-1595,West,Electronics,2023-03-08 10:00:00,2023-03-09 10:00:00,751.51,0.44
CUST-795,ORD-1596,West,Clothing,2023-03-08 11:00:00,2023-03-09 11:00:00,279.59,0.41
CUST-421,ORD-1597,West,Clothing,2023-03-08 12:00:00,2023-03-09 12:00:00,126.33,0.28
CUST-45,ORD-1598,North,Electronics,2023-03-08 13:00:00,2023-03-09 13:00:00,259.48,0.11
CUST-326,ORD-1599,West,Electronics,2023-03-08 14:00:00,2023-03-09 14:00:00,921.55,0.15
CUST-763,ORD-1600,North,Clothing,2023-03-08 15:00:00,2023-03-09 15:00:00,585.77,0.35
CUST-485,ORD-1601,West,Furniture,2023-03-08 16:00:00,2023-03-09 16:00:00,538.15,0.22
CUST-723,ORD-1602,East,Grocery,2023-03-08 17:00:00,2023-03-09 17:00:00,600.43,0.43
CUST-936,ORD-1603,South,Grocery,2023-03-08 18:00:00,2023-03-09 18:00:00,372.37,0.48
CUST-831,ORD-1604,North,Electronics,2023-03-08 19:00:00,2023-03-09 19:00:00,809.04,0.41
CUST-391,ORD-1605,West,Furniture,2023-03-08 20:00:00,2023-03-09 20:00:00,528.05,0.22
CUST-396,ORD-1606,East,Clothing,2023-03-08 21:00:00,2023-03-09 21:00:00,125.58,0.4
CUST-680,ORD-1607,South,Electronics,2023-03-08 22:00:00,2023-03-09 22:00:00,137.77,0.21
CUST-812,ORD-1608,North,Furniture,2023-03-08 23:00:00,2023-03-09 23:00:00,541.49,0.13
CUST-841,ORD-1609,South,Furniture,2023-03-09 00:00:00,2023-03-10 00:00:00,937.2,0.07
CUST-668,ORD-1610,East,Furniture,2023-03-09 01:00:00,2023-03-10 01:00:00,315.27,0.22
CUST-156,ORD-1611,North,Clothing,2023-03-09 02:00:00,2023-03-10 02:00:00,870.85,0.46
CUST-508,ORD-1612,South,Clothing,2023-03-09 03:00:00,2023-03-10 03:00:00,766.45,0.16
CUST-988,ORD-1613,West,Grocery,2023-03-09 04:00:00,2023-03-10 04:00:00,255.33,0.14
CUST-38,ORD-1614,North,Grocery,2023-03-09 05:00:00,2023-03-10 05:00:00,45.98,0.49
CUST-130,ORD-1615,South,Furniture,2023-03-09 06:00:00,2023-03-10 06:00:00,110.83,0.06
CUST-515,ORD-1616,East,Furniture,2023-03-09 07:00:00,2023-03-10 07:00:00,731.21,0.4
CUST-989,ORD-1617,East,Clothing,2023-03-09 08:00:00,2023-03-10 08:00:00,207.67,0.19
CUST-605,ORD-1618,North,Grocery,2023-03-09 09:00:00,2023-03-10 09:00:00,377.56,0.07
CUST-340,ORD-1619,South,Furniture,2023-03-09 10:00:00,2023-03-10 10:00:00,506.68,0.46
CUST-891,ORD-1620,North,Grocery,2023-03-09 11:00:00,2023-03-10 11:00:00,728.21,0.11
CUST-103,ORD-1621,North,Grocery,2023-03-09 12:00:00,2023-03-10 12:00:00,122.1,0.3
CUST-896,ORD-1622,South,Furniture,2023-03-09 13:00:00,2023-03-10 13:00:00,412.3,0.17
CUST-866,ORD-1623,South,Clothing,2023-03-09 14:00:00,2023-03-10 14:00:00,490.22,0.08
CUST-451,ORD-1624,West,Furniture,2023-03-09 15:00:00,2023-03-10 15:00:00,545.42,0.07
CUST-103,ORD-1625,South,Furniture,2023-03-09 16:00:00,2023-03-10 16:00:00,820.18,0.1
CUST-539,ORD-1626,East,Grocery,2023-03-09 17:00:00,2023-03-10 17:00:00,179.96,0.08
CUST-933,ORD-1627,North,Furniture,2023-03-09 18:00:00,2023-03-10 18:00:00,809.75,0.39
CUST-468,ORD-1628,North,Clothing,2023-03-09 19:00:00,2023-03-10 19:00:00,695.95,0.27
CUST-16,ORD-1629,East,Furniture,2023-03-09 20:00:00,2023-03-10 20:00:00,560.31,0.2
CUST-740,ORD-1630,South,Clothing,2023-03-09 21:00:00,2023-03-10 21:00:00,702.53,0.24
CUST-148,ORD-1631,East,Clothing,2023-03-09 22:00:00,2023-03-10 22:00:00,417.9,0.47
CUST-420,ORD-1632,East,Grocery,2023-03-09 23:00:00,2023-03-10 23:00:00,147.01,0.46
CUST-892,ORD-1633,West,Electronics,2023-03-10 00:00:00,2023-03-11 00:00:00,669.11,0.37
CUST-671,ORD-1634,East,Electronics,2023-03-10 01:00:00,2023-03-11 01:00:00,529.43,0.45
CUST-994,ORD-1635,North,Grocery,2023-03-10 02:00:00,2023-03-11 02:00:00,642.98,0.19
CUST-159,ORD-1636,East,Furniture,2023-03-10 03:00:00,2023-03-11 03:00:00,344.62,0.22
CUST-77,ORD-1637,North,Grocery,2023-03-10 04:00:00,2023-03-11 04:00:00,907.8,0.33
CUST-481,ORD-1638,North,Clothing,2023-03-10 05:00:00,2023-03-11 05:00:00,591.5,0.33
CUST-801,ORD-1639,North,Electronics,2023-03-10 06:00:00,2023-03-11 06:00:00,94.55,0.27
CUST-993,ORD-1640,South,Grocery,2023-03-10 07:00:00,2023-03-11 07:00:00,455.31,0.23
CUST-272,ORD-1641,West,Furniture,2023-03-10 08:00:00,2023-03-11 08:00:00,758.79,0.49
CUST-347,ORD-1642,North,Grocery,2023-03-10 09:00:00,2023-03-11 09:00:00,796.19,0.42
CUST-639,ORD-1643,North,Electronics,2023-03-10 10:00:00,2023-03-11 10:00:00,499.65,0.25
CUST-710,ORD-1644,South,Grocery,2023-03-10 11:00:00,2023-03-11 11:00:00,895.8,0.38
CUST-408,ORD-1645,North,Grocery,2023-03-10 12:00:00,2023-03-11 12:00:00,274.99,0.17
CUST-666,ORD-1646,East,Electronics,2023-03-10 13:00:00,2023-03-11 13:00:00,416.49,0.1
CUST-83,ORD-1647,East,Clothing,2023-03-10 14:00:00,2023-03-11 14:00:00,899.61,0.21
CUST-873,ORD-1648,West,Clothing,2023-03-10 15:00:00,2023-03-11 15:00:00,897.29,0.23
CUST-337,ORD-1649,North,Electronics,2023-03-10 16:00:00,2023-03-11 16:00:00,688.86,0.06
CUST-873,ORD-1650,South,Grocery,2023-03-10 17:00:00,2023-03-11 17:00:00,860.39,0.42
CUST-691,ORD-1651,East,Electronics,2023-03-10 18:00:00,2023-03-11 18:00:00,97.89,0.21
CUST-880,ORD-1652,South,Clothing,2023-03-10 19:00:00,2023-03-11 19:00:00,866.35,0.31
CUST-547,ORD-1653,South,Furniture,2023-03-10 20:00:00,2023-03-11 20:00:00,327.41,0.08
CUST-390,ORD-1654,East,Grocery,2023-03-10 21:00:00,2023-03-11 21:00:00,186.55,0.13
CUST-978,ORD-1655,South,Clothing,2023-03-10 22:00:00,2023-03-11 22:00:00,246.98,0.45
CUST-325,ORD-1656,East,Grocery,2023-03-10 23:00:00,2023-03-11 23:00:00,423.79,0.32
CUST-642,ORD-1657,South,Electronics,2023-03-11 00:00:00,2023-03-12 00:00:00,258.68,0.48
CUST-736,ORD-1658,East,Furniture,2023-03-11 01:00:00,2023-03-12 01:00:00,327.36,0.5
CUST-909,ORD-1659,North,Electronics,2023-03-11 02:00:00,2023-03-12 02:00:00,143.63,0.22
CUST-778,ORD-1660,West,Furniture,2023-03-11 03:00:00,2023-03-12 03:00:00,303.21,0.18
CUST-500,ORD-1661,East,Grocery,2023-03-11 04:00:00,2023-03-12 04:00:00,576.56,0.44
CUST-894,ORD-1662,East,Grocery,2023-03-11 05:00:00,2023-03-12 05:00:00,447.44,0.5
CUST-555,ORD-1663,West,Electronics,2023-03-11 06:00:00,2023-03-12 06:00:00,353.25,0.33
CUST-37,ORD-1664,East,Furniture,2023-03-11 07:00:00,2023-03-12 07:00:00,748.99,0.41
CUST-633,ORD-1665,East,Furniture,2023-03-11 08:00:00,2023-03-12 08:00:00,894.57,0.6000000000000001
CUST-71,ORD-1666,South,Grocery,2023-03-11 09:00:00,2023-03-12 09:00:00,759.22,0.21
CUST-241,ORD-1667,West,Electronics,2023-03-11 10:00:00,2023-03-12 10:00:00,338.68,0.31
CUST-647,ORD-1668,North,Furniture,2023-03-11 11:00:00,2023-03-12 11:00:00,747.0,0.42
CUST-701,ORD-1669,East,Grocery,2023-03-11 12:00:00,2023-03-12 12:00:00,160.46,0.36
CUST-944,ORD-1670,West,Clothing,2023-03-11 13:00:00,2023-03-12 13:00:00,139.01,0.06
CUST-295,ORD-1671,South,Electronics,2023-03-11 14:00:00,2023-03-12 14:00:00,352.17,0.2
CUST-233,ORD-1672,North,Clothing,2023-03-11 15:00:00,2023-03-12 15:00:00,809.63,0.12
CUST-765,ORD-1673,West,Electronics,2023-03-11 16:00:00,2023-03-12 16:00:00,253.88,0.15
CUST-93,ORD-1674,North,Grocery,2023-03-11 17:00:00,2023-03-12 17:00:00,72.62,0.46
CUST-445,ORD-1675,North,Furniture,2023-03-11 18:00:00,2023-03-12 18:00:00,140.39,0.07
CUST-101,ORD-1676,North,Furniture,2023-03-11 19:00:00,2023-03-12 19:00:00,860.16,0.15
CUST-779,ORD-1677,East,Furniture,2023-03-11 20:00:00,2023-03-12 20:00:00,637.45,0.19
CUST-649,ORD-1678,East,Electronics,2023-03-11 21:00:00,2023-03-12 21:00:00,260.67,0.33
CUST-721,ORD-1679,South,Grocery,2023-03-11 22:00:00,2023-03-12 22:00:00,559.74,0.29
CUST-894,ORD-1680,South,Clothing,2023-03-11 23:00:00,2023-03-12 23:00:00,532.3,0.15
CUST-103,ORD-1681,West,Grocery,2023-03-12 00:00:00,2023-03-13 00:00:00,658.88,0.12
CUST-455,ORD-1682,South,Clothing,2023-03-12 01:00:00,2023-03-13 01:00:00,240.86,0.16
CUST-171,ORD-1683,North,Electronics,2023-03-12 02:00:00,2023-03-13 02:00:00,865.76,0.28
CUST-711,ORD-1684,North,Electronics,2023-03-12 03:00:00,2023-03-13 03:00:00,,0.17
CUST-307,ORD-1685,East,Clothing,2023-03-12 04:00:00,2023-03-13 04:00:00,697.19,0.48
CUST-926,ORD-1686,North,Clothing,2023-03-12 05:00:00,2023-03-13 05:00:00,25.96,0.26
CUST-30,ORD-1687,West,Clothing,2023-03-12 06:00:00,2023-03-13 06:00:00,378.93,0.08
CUST-48,ORD-1688,North,Grocery,2023-03-12 07:00:00,2023-03-13 07:00:00,358.19,0.38
CUST-333,ORD-1689,North,Clothing,2023-03-12 08:00:00,2023-03-13 08:00:00,548.05,0.2
CUST-816,ORD-1690,West,Electronics,2023-03-12 09:00:00,2023-03-13 09:00:00,82.01,0.34
CUST-58,ORD-1691,South,Electronics,2023-03-12 10:00:00,2023-03-13 10:00:00,792.23,0.18
CUST-301,ORD-1692,South,Furniture,2023-03-12 11:00:00,2023-03-13 11:00:00,225.6,0.31
CUST-368,ORD-1693,West,Clothing,2023-03-12 12:00:00,2023-03-13 12:00:00,680.27,0.4
CUST-384,ORD-1694,East,Grocery,2023-03-12 13:00:00,2023-03-13 13:00:00,805.18,0.47
CUST-442,ORD-1695,North,Grocery,2023-03-12 14:00:00,2023-03-13 14:00:00,566.26,0.17
CUST-150,ORD-1696,West,Grocery,2023-03-12 15:00:00,2023-03-13 15:00:00,743.47,0.2
CUST-251,ORD-1697,North,Furniture,2023-03-12 16:00:00,2023-03-13 16:00:00,665.24,0.26
CUST-544,ORD-1698,East,Electronics,2023-03-12 17:00:00,2023-03-13 17:00:00,361.97,0.47
CUST-422,ORD-1699,North,Grocery,2023-03-12 18:00:00,2023-03-13 18:00:00,810.77,0.46
CUST-580,ORD-1700,West,Electronics,2023-03-12 19:00:00,2023-03-13 19:00:00,301.75,0.09
CUST-699,ORD-1701,North,Furniture,2023-03-12 20:00:00,2023-03-13 20:00:00,575.5,0.11
CUST-812,ORD-1702,South,Clothing,2023-03-12 21:00:00,2023-03-13 21:00:00,747.94,0.27
CUST-185,ORD-1703,East,Clothing,2023-03-12 22:00:00,2023-03-13 22:00:00,385.17,0.1
CUST-175,ORD-1704,East,Clothing,2023-03-12 23:00:00,2023-03-13 23:00:00,309.74,0.21
CUST-180,ORD-1705,East,Grocery,2023-03-13 00:00:00,2023-03-14 00:00:00,464.75,0.12
CUST-81,ORD-1706,West,Clothing,2023-03-13 01:00:00,2023-03-14 01:00:00,819.78,0.34
CUST-625,ORD-1707,East,Grocery,2023-03-13 02:00:00,2023-03-14 02:00:00,930.62,0.48
CUST-892,ORD-1708,South,Furniture,2023-03-13 03:00:00,2023-03-14 03:00:00,549.63,0.5
CUST-392,ORD-1709,West,Furniture,2023-03-13 04:00:00,2023-03-14 04:00:00,664.85,0.22
CUST-635,ORD-1710,South,Grocery,2023-03-13 05:00:00,2023-03-14 05:00:00,904.24,0.32
CUST-700,ORD-1711,North,Electronics,2023-03-13 06:00:00,2023-03-14 06:00:00,107.56,0.44
CUST-247,ORD-1712,North,Clothing,2023-03-13 07:00:00,2023-03-14 07:00:00,239.76,0.1
CUST-510,ORD-1713,North,Clothing,2023-03-13 08:00:00,2023-03-14 08:00:00,711.81,0.36
CUST-935,ORD-1714,North,Clothing,2023-03-13 09:00:00,2023-03-14 09:00:00,825.51,0.23
CUST-598,ORD-1715,South,Grocery,2023-03-13 10:00:00,2023-03-14 10:00:00,858.46,0.14
CUST-147,ORD-1716,West,Furniture,2023-03-13 11:00:00,2023-03-14 11:00:00,420.96,0.23
CUST-238,ORD-1717,West,Clothing,2023-03-13 12:00:00,2023-03-14 12:00:00,98.45,0.08
CUST-473,ORD-1718,East,Furniture,2023-03-13 13:00:00,2023-03-14 13:00:00,443.4,0.36
CUST-654,ORD-1719,South,Clothing,2023-03-13 14:00:00,2023-03-14 14:00:00,238.43,0.16
CUST-261,ORD-1720,North,Clothing,2023-03-13 15:00:00,2023-03-14 15:00:00,298.28,0.19
CUST-471,ORD-1721,South,Grocery,2023-03-13 16:00:00,2023-03-14 16:00:00,774.54,0.1
CUST-262,ORD-1722,East,Electronics,2023-03-13 17:00:00,2023-03-14 17:00:00,84.77,0.44
CUST-683,ORD-1723,East,Grocery,2023-03-13 18:00:00,2023-03-14 18:00:00,829.31,0.27
CUST-10,ORD-1724,South,Clothing,2023-03-13 19:00:00,2023-03-14 19:00:00,433.39,0.31
CUST-921,ORD-1725,South,Clothing,2023-03-13 20:00:00,2023-03-14 20:00:00,600.1,0.31
CUST-824,ORD-1726,South,Electronics,2023-03-13 21:00:00,2023-03-14 21:00:00,98.76,0.23
CUST-477,ORD-1727,West,Furniture,2023-03-13 22:00:00,2023-03-14 22:00:00,343.99,0.14
CUST-923,ORD-1728,North,Furniture,2023-03-13 23:00:00,2023-03-14 23:00:00,98.8,0.39
CUST-295,ORD-1729,South,Clothing,2023-03-14 00:00:00,2023-03-15 00:00:00,961.93,0.11
CUST-694,ORD-1730,South,Furniture,2023-03-14 01:00:00,2023-03-15 01:00:00,809.19,0.1
CUST-560,ORD-1731,South,Clothing,2023-03-14 02:00:00,2023-03-15 02:00:00,465.04,0.37
CUST-162,ORD-1732,East,Electronics,2023-03-14 03:00:00,2023-03-15 03:00:00,231.37,0.14
CUST-76,ORD-1733,East,Electronics,2023-03-14 04:00:00,2023-03-15 04:00:00,934.12,0.19
CUST-453,ORD-1734,West,Clothing,2023-03-14 05:00:00,2023-03-15 05:00:00,351.15,0.26
CUST-968,ORD-1735,North,Electronics,2023-03-14 06:00:00,2023-03-15 06:00:00,169.37,0.25
CUST-354,ORD-1736,West,Grocery,2023-03-14 07:00:00,2023-03-15 07:00:00,567.53,0.37
CUST-602,ORD-1737,North,Grocery,2023-03-14 08:00:00,2023-03-15 08:00:00,944.34,0.33
CUST-307,ORD-1738,East,Electronics,2023-03-14 09:00:00,2023-03-15 09:00:00,13.79,0.34
CUST-655,ORD-1739,East,Clothing,2023-03-14 10:00:00,2023-03-15 10:00:00,245.74,0.37
CUST-986,ORD-1740,East,Clothing,2023-03-14 11:00:00,2023-03-15 11:00:00,939.06,0.18
CUST-435,ORD-1741,West,Electronics,2023-03-14 12:00:00,2023-03-15 12:00:00,179.38,0.2
CUST-707,ORD-1742,South,Furniture,2023-03-14 13:00:00,2023-03-15 13:00:00,122.11,0.25
CUST-257,ORD-1743,South,Grocery,2023-03-14 14:00:00,2023-03-15 14:00:00,574.49,0.19
CUST-468,ORD-1744,East,Furniture,2023-03-14 15:00:00,2023-03-15 15:00:00,863.23,0.49
CUST-866,ORD-1745,South,Clothing,2023-03-14 16:00:00,2023-03-15 16:00:00,482.34,0.42
CUST-310,ORD-1746,South,Clothing,2023-03-14 17:00:00,2023-03-15 17:00:00,497.31,0.12
CUST-204,ORD-1747,West,Furniture,2023-03-14 18:00:00,2023-03-15 18:00:00,682.38,0.05
CUST-394,ORD-1748,North,Electronics,2023-03-14 19:00:00,2023-03-15 19:00:00,83.33,0.07
CUST-874,ORD-1749,East,Furniture,2023-03-14 20:00:00,2023-03-15 20:00:00,496.45,0.16
CUST-495,ORD-1750,East,Furniture,2023-03-14 21:00:00,2023-03-15 21:00:00,413.82,0.1
CUST-110,ORD-1751,West,Grocery,2023-03-14 22:00:00,2023-03-15 22:00:00,294.53,0.29
CUST-243,ORD-1752,West,Grocery,2023-03-14 23:00:00,2023-03-15 23:00:00,562.3,0.44
CUST-391,ORD-1753,South,Furniture,2023-03-15 00:00:00,2023-03-16 00:00:00,311.26,0.38
CUST-586,ORD-1754,East,Furniture,2023-03-15 01:00:00,2023-03-16 01:00:00,95.59,0.15
CUST-368,ORD-1755,North,Clothing,2023-03-15 02:00:00,2023-03-16 02:00:00,11.41,0.23
CUST-589,ORD-1756,West,Grocery,2023-03-15 03:00:00,2023-03-16 03:00:00,455.09,0.28
CUST-303,ORD-1757,North,Grocery,2023-03-15 04:00:00,2023-03-16 04:00:00,838.49,0.41
CUST-717,ORD-1758,North,Clothing,2023-03-15 05:00:00,2023-03-16 05:00:00,576.59,0.43
CUST-303,ORD-1759,East,Electronics,2023-03-15 06:00:00,2023-03-16 06:00:00,999.22,0.46
CUST-23,ORD-1760,East,Grocery,2023-03-15 07:00:00,2023-03-16 07:00:00,293.98,0.28
CUST-850,ORD-1761,West,Grocery,2023-03-15 08:00:00,2023-03-16 08:00:00,287.65,0.36
CUST-675,ORD-1762,East,Electronics,2023-03-15 09:00:00,2023-03-16 09:00:00,168.15,0.1
CUST-406,ORD-1763,East,Grocery,2023-03-15 10:00:00,2023-03-16 10:00:00,172.42,0.3
CUST-282,ORD-1764,East,Grocery,2023-03-15 11:00:00,2023-03-16 11:00:00,292.33,0.16
CUST-9,ORD-1765,North,Electronics,2023-03-15 12:00:00,2023-03-16 12:00:00,794.91,0.24
CUST-580,ORD-1766,West,Electronics,2023-03-15 13:00:00,2023-03-16 13:00:00,906.7,0.34
CUST-886,ORD-1767,South,Furniture,2023-03-15 14:00:00,2023-03-16 14:00:00,975.34,0.17
CUST-703,ORD-1768,North,Clothing,2023-03-15 15:00:00,2023-03-16 15:00:00,,0.07
CUST-797,ORD-1769,East,Clothing,2023-03-15 16:00:00,2023-03-16 16:00:00,882.48,0.05
CUST-763,ORD-1770,North,Electronics,2023-03-15 17:00:00,2023-03-16 17:00:00,334.97,0.06
CUST-997,ORD-1771,East,Electronics,2023-03-15 18:00:00,2023-03-16 18:00:00,121.71,0.05
CUST-51,ORD-1772,East,Grocery,2023-03-15 19:00:00,2023-03-16 19:00:00,871.32,0.1
CUST-933,ORD-1773,North,Furniture,2023-03-15 20:00:00,2023-03-16 20:00:00,639.74,0.16
CUST-621,ORD-1774,West,Furniture,2023-03-15 21:00:00,2023-03-16 21:00:00,173.08,0.15
CUST-764,ORD-1775,East,Electronics,2023-03-15 22:00:00,2023-03-16 22:00:00,435.53,0.49
CUST-509,ORD-1776,West,Grocery,2023-03-15 23:00:00,2023-03-16 23:00:00,294.39,0.19
CUST-853,ORD-1777,South,Grocery,2023-03-16 00:00:00,2023-03-17 00:00:00,739.43,0.11
CUST-926,ORD-1778,East,Clothing,2023-03-16 01:00:00,2023-03-17 01:00:00,458.88,0.3
CUST-925,ORD-1779,West,Clothing,2023-03-16 02:00:00,2023-03-17 02:00:00,989.39,0.44
CUST-294,ORD-1780,West,Grocery,2023-03-16 03:00:00,2023-03-17 03:00:00,32.1,0.36
CUST-795,ORD-1781,South,Clothing,2023-03-16 04:00:00,2023-03-17 04:00:00,361.47,0.18
CUST-819,ORD-1782,West,Electronics,2023-03-16 05:00:00,2023-03-17 05:00:00,487.08,0.3
CUST-236,ORD-1783,West,Grocery,2023-03-16 06:00:00,2023-03-17 06:00:00,508.1,0.37
CUST-622,ORD-1784,South,Clothing,2023-03-16 07:00:00,2023-03-17 07:00:00,322.78,0.38
CUST-822,ORD-1785,East,Furniture,2023-03-16 08:00:00,2023-03-17 08:00:00,731.95,0.35
CUST-361,ORD-1786,West,Grocery,2023-03-16 09:00:00,2023-03-17 09:00:00,876.0,0.44
CUST-225,ORD-1787,West,Grocery,2023-03-16 10:00:00,2023-03-17 10:00:00,939.33,0.44
CUST-652,ORD-1788,West,Furniture,2023-03-16 11:00:00,2023-03-17 11:00:00,807.04,0.31
CUST-195,ORD-1789,North,Electronics,2023-03-16 12:00:00,2023-03-17 12:00:00,852.07,0.24
CUST-636,ORD-1790,South,Furniture,2023-03-16 13:00:00,2023-03-17 13:00:00,555.04,0.34
CUST-257,ORD-1791,North,Grocery,2023-03-16 14:00:00,2023-03-17 14:00:00,827.63,0.42
CUST-695,ORD-1792,South,Electronics,2023-03-16 15:00:00,2023-03-17 15:00:00,310.47,0.05
CUST-774,ORD-1793,East,Clothing,2023-03-16 16:00:00,2023-03-17 16:00:00,404.49,0.5
CUST-739,ORD-1794,East,Clothing,2023-03-16 17:00:00,2023-03-17 17:00:00,323.74,0.13
CUST-786,ORD-1795,West,Clothing,2023-03-16 18:00:00,2023-03-17 18:00:00,472.71,0.26
CUST-676,ORD-1796,South,Grocery,2023-03-16 19:00:00,2023-03-17 19:00:00,292.72,0.44
CUST-698,ORD-1797,East,Furniture,2023-03-16 20:00:00,2023-03-17 20:00:00,962.0,0.15
CUST-859,ORD-1798,South,Electronics,2023-03-16 21:00:00,2023-03-17 21:00:00,319.72,0.26
CUST-141,ORD-1799,East,Clothing,2023-03-16 22:00:00,2023-03-17 22:00:00,107.06,0.11
CUST-644,ORD-1800,North,Electronics,2023-03-16 23:00:00,2023-03-17 23:00:00,531.55,0.23
CUST-100,ORD-1801,East,Grocery,2023-03-17 00:00:00,2023-03-18 00:00:00,66.53,0.13
CUST-926,ORD-1802,North,Clothing,2023-03-17 01:00:00,2023-03-18 01:00:00,119.44,0.21
CUST-643,ORD-1803,East,Grocery,2023-03-17 02:00:00,2023-03-18 02:00:00,227.2,0.22
CUST-662,ORD-1804,West,Furniture,2023-03-17 03:00:00,2023-03-18 03:00:00,469.71,0.5
CUST-41,ORD-1805,North,Grocery,2023-03-17 04:00:00,2023-03-18 04:00:00,438.92,0.5
CUST-317,ORD-1806,East,Grocery,2023-03-17 05:00:00,2023-03-18 05:00:00,801.69,0.1
CUST-808,ORD-1807,West,Furniture,2023-03-17 06:00:00,2023-03-18 06:00:00,742.08,0.38
CUST-452,ORD-1808,North,Electronics,2023-03-17 07:00:00,2023-03-18 07:00:00,432.06,0.07
CUST-35,ORD-1809,West,Furniture,2023-03-17 08:00:00,2023-03-18 08:00:00,340.37,0.06
CUST-594,ORD-1810,South,Furniture,2023-03-17 09:00:00,2023-03-18 09:00:00,323.3,0.1
CUST-374,ORD-1811,South,Grocery,2023-03-17 10:00:00,2023-03-18 10:00:00,776.26,0.48
CUST-750,ORD-1812,North,Electronics,2023-03-17 11:00:00,2023-03-18 11:00:00,61.55,0.47
CUST-135,ORD-1813,East,Clothing,2023-03-17 12:00:00,2023-03-18 12:00:00,22.69,0.14
CUST-93,ORD-1814,North,Furniture,2023-03-17 13:00:00,2023-03-18 13:00:00,797.59,0.12
CUST-932,ORD-1815,West,Electronics,2023-03-17 14:00:00,2023-03-18 14:00:00,482.37,0.16
CUST-303,ORD-1816,East,Furniture,2023-03-17 15:00:00,2023-03-18 15:00:00,139.57,0.28
CUST-335,ORD-1817,South,Furniture,2023-03-17 16:00:00,2023-03-18 16:00:00,243.21,0.31
CUST-766,ORD-1818,East,Furniture,2023-03-17 17:00:00,2023-03-18 17:00:00,933.18,0.15
CUST-426,ORD-1819,South,Furniture,2023-03-17 18:00:00,2023-03-18 18:00:00,860.91,0.39
CUST-180,ORD-1820,East,Grocery,2023-03-17 19:00:00,2023-03-18 19:00:00,712.69,0.19
CUST-206,ORD-1821,East,Electronics,2023-03-17 20:00:00,2023-03-18 20:00:00,487.4,0.46
CUST-136,ORD-1822,East,Electronics,2023-03-17 21:00:00,2023-03-18 21:00:00,525.12,0.35
CUST-806,ORD-1823,West,Electronics,2023-03-17 22:00:00,2023-03-18 22:00:00,975.49,0.25
CUST-553,ORD-1824,West,Furniture,2023-03-17 23:00:00,2023-03-18 23:00:00,966.11,0.41
CUST-898,ORD-1825,North,Grocery,2023-03-18 00:00:00,2023-03-19 00:00:00,223.12,0.42
CUST-995,ORD-1826,North,Furniture,2023-03-18 01:00:00,2023-03-19 01:00:00,812.99,0.18
CUST-375,ORD-1827,South,Furniture,2023-03-18 02:00:00,2023-03-19 02:00:00,205.27,0.2
CUST-544,ORD-1828,West,Electronics,2023-03-18 03:00:00,2023-03-19 03:00:00,221.4,0.47
CUST-514,ORD-1829,South,Furniture,2023-03-18 04:00:00,2023-03-19 04:00:00,679.33,
CUST-936,ORD-1830,North,Clothing,2023-03-18 05:00:00,2023-03-19 05:00:00,410.95,0.07
CUST-280,ORD-1831,South,Furniture,2023-03-18 06:00:00,2023-03-19 06:00:00,932.23,0.25
CUST-851,ORD-1832,North,Clothing,2023-03-18 07:00:00,2023-03-19 07:00:00,98.12,0.41
CUST-169,ORD-1833,West,Furniture,2023-03-18 08:00:00,2023-03-19 08:00:00,516.41,0.4
CUST-264,ORD-1834,East,Grocery,2023-03-18 09:00:00,2023-03-19 09:00:00,919.34,0.46
CUST-936,ORD-1835,West,Grocery,2023-03-18 10:00:00,2023-03-19 10:00:00,905.07,0.29
CUST-845,ORD-1836,South,Electronics,2023-03-18 11:00:00,2023-03-19 11:00:00,164.96,0.1
CUST-967,ORD-1837,South,Furniture,2023-03-18 12:00:00,2023-03-19 12:00:00,372.97,0.31
CUST-494,ORD-1838,West,Clothing,2023-03-18 13:00:00,2023-03-19 13:00:00,622.93,0.4
CUST-991,ORD-1839,West,Clothing,2023-03-18 14:00:00,2023-03-19 14:00:00,167.8,0.09
CUST-826,ORD-1840,North,Furniture,2023-03-18 15:00:00,2023-03-19 15:00:00,968.34,
CUST-303,ORD-1841,South,Clothing,2023-03-18 16:00:00,2023-03-19 16:00:00,915.6,0.06
CUST-765,ORD-1842,South,Grocery,2023-03-18 17:00:00,2023-03-19 17:00:00,175.28,0.32
CUST-892,ORD-1843,West,Clothing,2023-03-18 18:00:00,2023-03-19 18:00:00,129.94,0.45
CUST-347,ORD-1844,East,Electronics,2023-03-18 19:00:00,2023-03-19 19:00:00,94.55,0.35
CUST-824,ORD-1845,South,Grocery,2023-03-18 20:00:00,2023-03-19 20:00:00,910.35,0.49
CUST-118,ORD-1846,East,Grocery,2023-03-18 21:00:00,2023-03-19 21:00:00,201.69,0.08
CUST-480,ORD-1847,West,Grocery,2023-03-18 22:00:00,2023-03-19 22:00:00,422.12,0.46
CUST-987,ORD-1848,West,Furniture,2023-03-18 23:00:00,2023-03-19 23:00:00,454.36,0.42
CUST-78,ORD-1849,North,Furniture,2023-03-19 00:00:00,2023-03-20 00:00:00,603.02,0.19
CUST-145,ORD-1850,South,Grocery,2023-03-19 01:00:00,2023-03-20 01:00:00,81.02,0.49
CUST-773,ORD-1851,East,Furniture,2023-03-19 02:00:00,2023-03-20 02:00:00,234.49,0.18
CUST-990,ORD-1852,North,Clothing,2023-03-19 03:00:00,2023-03-20 03:00:00,932.18,0.45
CUST-232,ORD-1853,South,Furniture,2023-03-19 04:00:00,2023-03-20 04:00:00,454.665,0.45
CUST-881,ORD-1854,North,Furniture,2023-03-19 05:00:00,2023-03-20 05:00:00,783.48,0.39
CUST-693,ORD-1855,West,Grocery,2023-03-19 06:00:00,2023-03-20 06:00:00,29.21,0.3
CUST-742,ORD-1856,South,Electronics,2023-03-19 07:00:00,2023-03-20 07:00:00,333.74,0.1
CUST-691,ORD-1857,North,Electronics,2023-03-19 08:00:00,2023-03-20 08:00:00,631.68,0.29
CUST-407,ORD-1858,North,Electronics,2023-03-19 09:00:00,2023-03-20 09:00:00,282.44,0.21
CUST-991,ORD-1859,East,Clothing,2023-03-19 10:00:00,2023-03-20 10:00:00,910.49,0.41
CUST-867,ORD-1860,North,Furniture,2023-03-19 11:00:00,2023-03-20 11:00:00,637.55,0.39
CUST-824,ORD-1861,South,Electronics,2023-03-19 12:00:00,2023-03-20 12:00:00,81.19,0.46
CUST-571,ORD-1862,South,Grocery,2023-03-19 13:00:00,2023-03-20 13:00:00,909.92,0.06
CUST-375,ORD-1863,East,Electronics,2023-03-19 14:00:00,2023-03-20 14:00:00,958.19,0.41
CUST-93,ORD-1864,South,Electronics,2023-03-19 15:00:00,2023-03-20 15:00:00,86.94,0.47
CUST-810,ORD-1865,West,Furniture,2023-03-19 16:00:00,2023-03-20 16:00:00,537.04,0.41
CUST-405,ORD-1866,South,Furniture,2023-03-19 17:00:00,2023-03-20 17:00:00,310.33,0.11
CUST-15,ORD-1867,South,Furniture,2023-03-19 18:00:00,2023-03-20 18:00:00,398.91,0.09
CUST-271,ORD-1868,North,Clothing,2023-03-19 19:00:00,2023-03-20 19:00:00,187.85,0.06
CUST-550,ORD-1869,North,Clothing,2023-03-19 20:00:00,2023-03-20 20:00:00,582.29,0.33
CUST-127,ORD-1870,South,Electronics,2023-03-19 21:00:00,2023-03-20 21:00:00,958.4,0.33
CUST-466,ORD-1871,East,Furniture,2023-03-19 22:00:00,2023-03-20 22:00:00,508.04,0.49
CUST-378,ORD-1872,North,Electronics,2023-03-19 23:00:00,2023-03-20 23:00:00,92.09,
CUST-689,ORD-1873,East,Grocery,2023-03-20 00:00:00,2023-03-21 00:00:00,623.8,0.2
CUST-767,ORD-1874,South,Grocery,2023-03-20 01:00:00,2023-03-21 01:00:00,346.82,0.33
CUST-689,ORD-1875,South,Furniture,2023-03-20 02:00:00,2023-03-21 02:00:00,857.37,0.42
CUST-269,ORD-1876,West,Furniture,2023-03-20 03:00:00,2023-03-21 03:00:00,220.165,0.47
CUST-599,ORD-1877,North,Grocery,2023-03-20 04:00:00,2023-03-21 04:00:00,200.91,0.41
CUST-391,ORD-1878,South,Furniture,2023-03-20 05:00:00,2023-03-21 05:00:00,199.19,0.24
CUST-843,ORD-1879,West,Clothing,2023-03-20 06:00:00,2023-03-21 06:00:00,771.08,0.34
CUST-654,ORD-1880,North,Clothing,2023-03-20 07:00:00,2023-03-21 07:00:00,272.93,0.44
CUST-963,ORD-1881,South,Furniture,2023-03-20 08:00:00,2023-03-21 08:00:00,769.56,0.27
CUST-381,ORD-1882,South,Grocery,2023-03-20 09:00:00,2023-03-21 09:00:00,213.83,0.15
CUST-111,ORD-1883,North,Electronics,2023-03-20 10:00:00,2023-03-21 10:00:00,328.47,0.13
CUST-692,ORD-1884,North,Furniture,2023-03-20 11:00:00,2023-03-21 11:00:00,470.83,0.05
CUST-240,ORD-1885,North,Furniture,2023-03-20 12:00:00,2023-03-21 12:00:00,943.76,0.37
CUST-483,ORD-1886,South,Electronics,2023-03-20 13:00:00,2023-03-21 13:00:00,932.41,0.1
CUST-26,ORD-1887,South,Furniture,2023-03-20 14:00:00,2023-03-21 14:00:00,214.8,0.16
CUST-635,ORD-1888,West,Electronics,2023-03-20 15:00:00,2023-03-21 15:00:00,364.64,0.18
CUST-906,ORD-1889,East,Grocery,2023-03-20 16:00:00,2023-03-21 16:00:00,157.91,0.3
CUST-966,ORD-1890,North,Clothing,2023-03-20 17:00:00,2023-03-21 17:00:00,514.89,0.23
CUST-575,ORD-1891,South,Grocery,2023-03-20 18:00:00,2023-03-21 18:00:00,465.98,0.35
CUST-336,ORD-1892,South,Clothing,2023-03-20 19:00:00,2023-03-21 19:00:00,901.75,0.08
CUST-938,ORD-1893,North,Electronics,2023-03-20 20:00:00,2023-03-21 20:00:00,930.71,0.11
CUST-625,ORD-1894,East,Clothing,2023-03-20 21:00:00,2023-03-21 21:00:00,389.73,0.27
CUST-227,ORD-1895,North,Grocery,2023-03-20 22:00:00,2023-03-21 22:00:00,496.82,0.2
CUST-664,ORD-1896,East,Clothing,2023-03-20 23:00:00,2023-03-21 23:00:00,897.27,0.18
CUST-65,ORD-1897,South,Electronics,2023-03-21 00:00:00,2023-03-22 00:00:00,808.64,0.08
CUST-651,ORD-1898,East,Clothing,2023-03-21 01:00:00,2023-03-22 01:00:00,13.62,0.45
CUST-844,ORD-1899,West,Furniture,2023-03-21 02:00:00,2023-03-22 02:00:00,326.86,0.36
CUST-476,ORD-1900,South,Grocery,2023-03-21 03:00:00,2023-03-22 03:00:00,427.56,0.1
CUST-932,ORD-1901,West,Furniture,2023-03-21 04:00:00,2023-03-22 04:00:00,237.42,0.08
CUST-718,ORD-1902,North,Electronics,2023-03-21 05:00:00,2023-03-22 05:00:00,207.58,0.49
CUST-310,ORD-1903,North,Clothing,2023-03-21 06:00:00,2023-03-22 06:00:00,47.41,0.36
CUST-665,ORD-1904,North,Furniture,2023-03-21 07:00:00,2023-03-22 07:00:00,646.94,0.24
CUST-419,ORD-1905,East,Furniture,2023-03-21 08:00:00,2023-03-22 08:00:00,269.89,0.37
CUST-120,ORD-1906,South,Clothing,2023-03-21 09:00:00,2023-03-22 09:00:00,61.82,0.39
CUST-144,ORD-1907,North,Clothing,2023-03-21 10:00:00,2023-03-22 10:00:00,238.67,0.4
CUST-47,ORD-1908,North,Grocery,2023-03-21 11:00:00,2023-03-22 11:00:00,803.89,0.27
CUST-969,ORD-1909,South,Furniture,2023-03-21 12:00:00,2023-03-22 12:00:00,852.97,0.24
CUST-39,ORD-1910,North,Furniture,2023-03-21 13:00:00,2023-03-22 13:00:00,488.24,0.05
CUST-312,ORD-1911,West,Electronics,2023-03-21 14:00:00,2023-03-22 14:00:00,421.91,0.47
CUST-505,ORD-1912,South,Grocery,2023-03-21 15:00:00,2023-03-22 15:00:00,978.08,0.32
CUST-119,ORD-1913,South,Electronics,2023-03-21 16:00:00,2023-03-22 16:00:00,208.56,0.14
CUST-100,ORD-1914,South,Furniture,2023-03-21 17:00:00,2023-03-22 17:00:00,223.21,0.46
CUST-241,ORD-1915,West,Electronics,2023-03-21 18:00:00,2023-03-22 18:00:00,298.95,0.46
CUST-909,ORD-1916,South,Furniture,2023-03-21 19:00:00,2023-03-22 19:00:00,181.03,0.5
CUST-551,ORD-1917,West,Furniture,2023-03-21 20:00:00,2023-03-22 20:00:00,385.57,0.44
CUST-139,ORD-1918,South,Electronics,2023-03-21 21:00:00,2023-03-22 21:00:00,911.73,0.5
CUST-398,ORD-1919,East,Electronics,2023-03-21 22:00:00,2023-03-22 22:00:00,619.19,0.16
CUST-465,ORD-1920,North,Clothing,2023-03-21 23:00:00,2023-03-22 23:00:00,417.83,0.43
CUST-380,ORD-1921,East,Clothing,2023-03-22 00:00:00,2023-03-23 00:00:00,935.07,0.42
CUST-687,ORD-1922,North,Clothing,2023-03-22 01:00:00,2023-03-23 01:00:00,57.98,0.15
CUST-973,ORD-1923,West,Furniture,2023-03-22 02:00:00,2023-03-23 02:00:00,218.17,0.09
CUST-761,ORD-1924,East,Electronics,2023-03-22 03:00:00,2023-03-23 03:00:00,570.23,0.49
CUST-714,ORD-1925,South,Grocery,2023-03-22 04:00:00,2023-03-23 04:00:00,619.4,0.18
CUST-969,ORD-1926,North,Furniture,2023-03-22 05:00:00,2023-03-23 05:00:00,49.16,0.44
CUST-554,ORD-1927,North,Grocery,2023-03-22 06:00:00,2023-03-23 06:00:00,409.01,0.05
CUST-430,ORD-1928,East,Electronics,2023-03-22 07:00:00,2023-03-23 07:00:00,652.66,0.06
CUST-602,ORD-1929,West,Furniture,2023-03-22 08:00:00,2023-03-23 08:00:00,701.09,0.26
CUST-761,ORD-1930,East,Grocery,2023-03-22 09:00:00,2023-03-23 09:00:00,641.76,0.16
CUST-745,ORD-1931,West,Grocery,2023-03-22 10:00:00,2023-03-23 10:00:00,327.36,0.36
CUST-159,ORD-1932,West,Clothing,2023-03-22 11:00:00,2023-03-23 11:00:00,102.58,0.3
CUST-907,ORD-1933,North,Clothing,2023-03-22 12:00:00,2023-03-23 12:00:00,432.84,0.08
CUST-425,ORD-1934,East,Clothing,2023-03-22 13:00:00,2023-03-23 13:00:00,137.47,0.12
CUST-671,ORD-1935,East,Furniture,2023-03-22 14:00:00,2023-03-23 14:00:00,948.15,0.22
CUST-102,ORD-1936,West,Electronics,2023-03-22 15:00:00,2023-03-23 15:00:00,480.42,0.13
CUST-854,ORD-1937,East,Electronics,2023-03-22 16:00:00,2023-03-23 16:00:00,324.09,0.41
CUST-502,ORD-1938,South,Clothing,2023-03-22 17:00:00,2023-03-23 17:00:00,768.64,0.24
CUST-631,ORD-1939,South,Clothing,2023-03-22 18:00:00,2023-03-23 18:00:00,502.97,0.09
CUST-418,ORD-1940,East,Clothing,2023-03-22 19:00:00,2023-03-23 19:00:00,316.93,0.27
CUST-962,ORD-1941,East,Grocery,2023-03-22 20:00:00,2023-03-23 20:00:00,813.85,0.09
CUST-975,ORD-1942,West,Clothing,2023-03-22 21:00:00,2023-03-23 21:00:00,868.48,0.11
CUST-287,ORD-1943,South,Grocery,2023-03-22 22:00:00,2023-03-23 22:00:00,676.28,0.16
CUST-34,ORD-1944,South,Electronics,2023-03-22 23:00:00,2023-03-23 23:00:00,56.49,0.44
CUST-707,ORD-1945,North,Furniture,2023-03-23 00:00:00,2023-03-24 00:00:00,570.66,0.47
CUST-380,ORD-1946,West,Furniture,2023-03-23 01:00:00,2023-03-24 01:00:00,765.66,0.42
CUST-223,ORD-1947,North,Furniture,2023-03-23 02:00:00,2023-03-24 02:00:00,145.14,0.2
CUST-455,ORD-1948,South,Furniture,2023-03-23 03:00:00,2023-03-24 03:00:00,236.38,0.17
CUST-456,ORD-1949,West,Grocery,2023-03-23 04:00:00,2023-03-24 04:00:00,883.67,0.3
CUST-974,ORD-1950,East,Grocery,2023-03-23 05:00:00,2023-03-24 05:00:00,29.92,0.37
CUST-242,ORD-1951,West,Clothing,2023-03-23 06:00:00,2023-03-24 06:00:00,755.2,0.5
CUST-876,ORD-1952,East,Grocery,2023-03-23 07:00:00,2023-03-24 07:00:00,479.04,0.11
CUST-372,ORD-1953,East,Clothing,2023-03-23 08:00:00,2023-03-24 08:00:00,452.3,0.07
CUST-102,ORD-1954,West,Clothing,2023-03-23 09:00:00,2023-03-24 09:00:00,17.03,0.36
CUST-703,ORD-1955,East,Furniture,2023-03-23 10:00:00,2023-03-24 10:00:00,821.2,0.63
CUST-377,ORD-1956,North,Grocery,2023-03-23 11:00:00,2023-03-24 11:00:00,366.23,0.43
CUST-558,ORD-1957,South,Grocery,2023-03-23 12:00:00,2023-03-24 12:00:00,545.36,0.36
CUST-924,ORD-1958,East,Clothing,2023-03-23 13:00:00,2023-03-24 13:00:00,680.53,0.48
CUST-661,ORD-1959,North,Clothing,2023-03-23 14:00:00,2023-03-24 14:00:00,705.6,0.28
CUST-368,ORD-1960,East,Electronics,2023-03-23 15:00:00,2023-03-24 15:00:00,956.42,0.46
CUST-63,ORD-1961,South,Electronics,2023-03-23 16:00:00,2023-03-24 16:00:00,,0.49
CUST-408,ORD-1962,North,Clothing,2023-03-23 17:00:00,2023-03-24 17:00:00,405.72,0.43
CUST-283,ORD-1963,South,Electronics,2023-03-23 18:00:00,2023-03-24 18:00:00,954.17,0.19
CUST-195,ORD-1964,South,Electronics,2023-03-23 19:00:00,2023-03-24 19:00:00,645.69,0.14
CUST-992,ORD-1965,North,Clothing,2023-03-23 20:00:00,2023-03-24 20:00:00,305.17,0.3
CUST-126,ORD-1966,North,Clothing,2023-03-23 21:00:00,2023-03-24 21:00:00,135.2,0.25
CUST-972,ORD-1967,North,Grocery,2023-03-23 22:00:00,2023-03-24 22:00:00,844.13,0.44
CUST-869,ORD-1968,West,Clothing,2023-03-23 23:00:00,2023-03-24 23:00:00,368.56,0.1
CUST-844,ORD-1969,North,Clothing,2023-03-24 00:00:00,2023-03-25 00:00:00,663.87,0.17
CUST-466,ORD-1970,North,Furniture,2023-03-24 01:00:00,2023-03-25 01:00:00,476.11,0.39
CUST-94,ORD-1971,North,Grocery,2023-03-24 02:00:00,2023-03-25 02:00:00,206.94,0.09
CUST-679,ORD-1972,North,Grocery,2023-03-24 03:00:00,2023-03-25 03:00:00,605.67,0.19
CUST-218,ORD-1973,East,Grocery,2023-03-24 04:00:00,2023-03-25 04:00:00,70.08,0.22
CUST-658,ORD-1974,West,Furniture,2023-03-24 05:00:00,2023-03-25 05:00:00,419.21,0.33
CUST-655,ORD-1975,South,Clothing,2023-03-24 06:00:00,2023-03-25 06:00:00,,0.12
CUST-612,ORD-1976,North,Grocery,2023-03-24 07:00:00,2023-03-25 07:00:00,441.69,0.44
CUST-995,ORD-1977,East,Grocery,2023-03-24 08:00:00,2023-03-25 08:00:00,751.19,0.25
CUST-22,ORD-1978,East,Electronics,2023-03-24 09:00:00,2023-03-25 09:00:00,829.65,0.46
CUST-52,ORD-1979,East,Grocery,2023-03-24 10:00:00,2023-03-25 10:00:00,773.53,0.26
CUST-806,ORD-1980,South,Clothing,2023-03-24 11:00:00,2023-03-25 11:00:00,48.42,0.17
CUST-342,ORD-1981,North,Clothing,2023-03-24 12:00:00,2023-03-25 12:00:00,202.19,0.11
CUST-250,ORD-1982,West,Electronics,2023-03-24 13:00:00,2023-03-25 13:00:00,541.24,0.05
CUST-129,ORD-1983,West,Grocery,2023-03-24 14:00:00,2023-03-25 14:00:00,935.47,0.29
CUST-806,ORD-1984,East,Grocery,2023-03-24 15:00:00,2023-03-25 15:00:00,836.61,0.1
CUST-579,ORD-1985,South,Grocery,2023-03-24 16:00:00,2023-03-25 16:00:00,844.11,0.23
CUST-211,ORD-1986,South,Furniture,2023-03-24 17:00:00,2023-03-25 17:00:00,310.18,0.32
CUST-71,ORD-1987,South,Grocery,2023-03-24 18:00:00,2023-03-25 18:00:00,435.15,0.17
CUST-850,ORD-1988,West,Clothing,2023-03-24 19:00:00,2023-03-25 19:00:00,476.0,0.13
CUST-784,ORD-1989,East,Clothing,2023-03-24 20:00:00,2023-03-25 20:00:00,165.8,0.4
CUST-568,ORD-1990,North,Furniture,2023-03-24 21:00:00,2023-03-25 21:00:00,40.76,0.48
CUST-213,ORD-1991,West,Furniture,2023-03-24 22:00:00,2023-03-25 22:00:00,947.43,0.1
CUST-601,ORD-1992,East,Grocery,2023-03-24 23:00:00,2023-03-25 23:00:00,248.31,0.12
CUST-222,ORD-1993,East,Electronics,2023-03-25 00:00:00,2023-03-26 00:00:00,247.55,0.48
CUST-833,ORD-1994,North,Furniture,2023-03-25 01:00:00,2023-03-26 01:00:00,92.55,0.07
CUST-891,ORD-1995,North,Furniture,2023-03-25 02:00:00,2023-03-26 02:00:00,929.22,0.49
CUST-239,ORD-1996,North,Grocery,2023-03-25 03:00:00,2023-03-26 03:00:00,583.94,0.05
CUST-337,ORD-1997,South,Grocery,2023-03-25 04:00:00,2023-03-26 04:00:00,670.37,0.44
CUST-793,ORD-1998,North,Furniture,2023-03-25 05:00:00,2023-03-26 05:00:00,912.46,0.19
CUST-152,ORD-1999,East,Electronics,2023-03-25 06:00:00,2023-03-26 06:00:00,352.16,0.47
CUST-808,ORD-2000,North,Furniture,2023-03-25 07:00:00,2023-03-26 07:00:00,625.29,0.19
CUST-923,ORD-2001,East,Grocery,2023-03-25 08:00:00,2023-03-26 08:00:00,48.41,0.34
CUST-611,ORD-2002,West,Grocery,2023-03-25 09:00:00,2023-03-26 09:00:00,194.9,0.09
CUST-3,ORD-2003,South,Furniture,2023-03-25 10:00:00,2023-03-26 10:00:00,832.93,0.24
CUST-284,ORD-2004,West,Electronics,2023-03-25 11:00:00,2023-03-26 11:00:00,769.1,
CUST-880,ORD-2005,West,Furniture,2023-03-25 12:00:00,2023-03-26 12:00:00,357.14,0.29
CUST-149,ORD-2006,East,Furniture,2023-03-25 13:00:00,2023-03-26 13:00:00,383.04,0.47
CUST-134,ORD-2007,West,Grocery,2023-03-25 14:00:00,2023-03-26 14:00:00,538.22,0.24
CUST-554,ORD-2008,East,Electronics,2023-03-25 15:00:00,2023-03-26 15:00:00,10.24,0.44
CUST-257,ORD-2009,North,Clothing,2023-03-25 16:00:00,2023-03-26 16:00:00,248.83,0.25
CUST-818,ORD-2010,North,Electronics,2023-03-25 17:00:00,2023-03-26 17:00:00,216.15,0.49
CUST-179,ORD-2011,East,Furniture,2023-03-25 18:00:00,2023-03-26 18:00:00,257.98,0.48
CUST-113,ORD-2012,North,Furniture,2023-03-25 19:00:00,2023-03-26 19:00:00,807.85,0.2
CUST-677,ORD-2013,South,Furniture,2023-03-25 20:00:00,2023-03-26 20:00:00,286.88,0.45
CUST-888,ORD-2014,West,Electronics,2023-03-25 21:00:00,2023-03-26 21:00:00,199.61,0.43
CUST-27,ORD-2015,South,Grocery,2023-03-25 22:00:00,2023-03-26 22:00:00,509.22,0.14
CUST-135,ORD-2016,West,Furniture,2023-03-25 23:00:00,2023-03-26 23:00:00,866.99,0.33
CUST-16,ORD-2017,North,Furniture,2023-03-26 00:00:00,2023-03-27 00:00:00,248.94,0.08
CUST-367,ORD-2018,South,Electronics,2023-03-26 01:00:00,2023-03-27 01:00:00,87.75,0.43
CUST-809,ORD-2019,North,Clothing,2023-03-26 02:00:00,2023-03-27 02:00:00,362.84,0.13
CUST-808,ORD-2020,West,Clothing,2023-03-26 03:00:00,2023-03-27 03:00:00,750.18,0.08
CUST-244,ORD-2021,East,Grocery,2023-03-26 04:00:00,2023-03-27 04:00:00,555.18,0.23
CUST-603,ORD-2022,East,Grocery,2023-03-26 05:00:00,2023-03-27 05:00:00,818.63,0.31
CUST-332,ORD-2023,South,Furniture,2023-03-26 06:00:00,2023-03-27 06:00:00,960.0,0.43
CUST-17,ORD-2024,North,Electronics,2023-03-26 07:00:00,2023-03-27 07:00:00,794.74,0.49
CUST-179,ORD-2025,North,Furniture,2023-03-26 08:00:00,2023-03-27 08:00:00,607.77,0.25
CUST-272,ORD-2026,South,Grocery,2023-03-26 09:00:00,2023-03-27 09:00:00,498.41,0.08
CUST-54,ORD-2027,East,Electronics,2023-03-26 10:00:00,2023-03-27 10:00:00,49.67,0.39
CUST-130,ORD-2028,West,Electronics,2023-03-26 11:00:00,2023-03-27 11:00:00,984.48,0.3
CUST-760,ORD-2029,South,Grocery,2023-03-26 12:00:00,2023-03-27 12:00:00,389.65,0.25
CUST-432,ORD-2030,West,Clothing,2023-03-26 13:00:00,2023-03-27 13:00:00,,0.19
CUST-539,ORD-2031,East,Clothing,2023-03-26 14:00:00,2023-03-27 14:00:00,670.04,0.28
CUST-117,ORD-2032,North,Electronics,2023-03-26 15:00:00,2023-03-27 15:00:00,291.45,0.2
CUST-764,ORD-2033,East,Furniture,2023-03-26 16:00:00,2023-03-27 16:00:00,,0.39
CUST-66,ORD-2034,South,Clothing,2023-03-26 17:00:00,2023-03-27 17:00:00,590.9,
CUST-488,ORD-2035,North,Furniture,2023-03-26 18:00:00,2023-03-27 18:00:00,451.27,0.44
CUST-460,ORD-2036,South,Clothing,2023-03-26 19:00:00,2023-03-27 19:00:00,837.76,0.29
CUST-797,ORD-2037,South,Clothing,2023-03-26 20:00:00,2023-03-27 20:00:00,272.32,0.16
CUST-371,ORD-2038,East,Furniture,2023-03-26 21:00:00,2023-03-27 21:00:00,454.15,0.43
CUST-526,ORD-2039,South,Grocery,2023-03-26 22:00:00,2023-03-27 22:00:00,542.32,0.3
CUST-608,ORD-2040,East,Clothing,2023-03-26 23:00:00,2023-03-27 23:00:00,666.99,0.14
CUST-112,ORD-2041,North,Clothing,2023-03-27 00:00:00,2023-03-28 00:00:00,786.13,0.33
CUST-463,ORD-2042,East,Furniture,2023-03-27 01:00:00,2023-03-28 01:00:00,400.86,0.21
CUST-516,ORD-2043,North,Grocery,2023-03-27 02:00:00,2023-03-28 02:00:00,649.59,0.43
CUST-227,ORD-2044,East,Clothing,2023-03-27 03:00:00,2023-03-28 03:00:00,159.1,0.25
CUST-969,ORD-2045,West,Clothing,2023-03-27 04:00:00,2023-03-28 04:00:00,933.32,0.38
CUST-630,ORD-2046,West,Grocery,2023-03-27 05:00:00,2023-03-28 05:00:00,389.23,0.09
CUST-45,ORD-2047,South,Clothing,2023-03-27 06:00:00,2023-03-28 06:00:00,732.23,0.23
CUST-745,ORD-2048,East,Grocery,2023-03-27 07:00:00,2023-03-28 07:00:00,30.14,0.49
CUST-803,ORD-2049,East,Grocery,2023-03-27 08:00:00,2023-03-28 08:00:00,213.14,0.41
CUST-931,ORD-2050,North,Furniture,2023-03-27 09:00:00,2023-03-28 09:00:00,492.21,0.12
CUST-888,ORD-2051,South,Electronics,2023-03-27 10:00:00,2023-03-28 10:00:00,879.47,0.17
CUST-675,ORD-2052,East,Grocery,2023-03-27 11:00:00,2023-03-28 11:00:00,531.98,0.2
CUST-534,ORD-2053,South,Furniture,2023-03-27 12:00:00,2023-03-28 12:00:00,930.57,0.34
CUST-309,ORD-2054,West,Electronics,2023-03-27 13:00:00,2023-03-28 13:00:00,488.96,0.39
CUST-470,ORD-2055,East,Clothing,2023-03-27 14:00:00,2023-03-28 14:00:00,495.54,0.39
CUST-659,ORD-2056,East,Electronics,2023-03-27 15:00:00,2023-03-28 15:00:00,128.55,0.28
CUST-988,ORD-2057,South,Grocery,2023-03-27 16:00:00,2023-03-28 16:00:00,804.63,0.41
CUST-32,ORD-2058,East,Grocery,2023-03-27 17:00:00,2023-03-28 17:00:00,254.5,0.25
CUST-63,ORD-2059,South,Grocery,2023-03-27 18:00:00,2023-03-28 18:00:00,900.62,0.11
CUST-491,ORD-2060,East,Grocery,2023-03-27 19:00:00,2023-03-28 19:00:00,911.72,0.3
CUST-868,ORD-2061,North,Grocery,2023-03-27 20:00:00,2023-03-28 20:00:00,943.88,0.48
CUST-412,ORD-2062,South,Furniture,2023-03-27 21:00:00,2023-03-28 21:00:00,525.03,0.41
CUST-437,ORD-2063,East,Grocery,2023-03-27 22:00:00,2023-03-28 22:00:00,680.32,0.31
CUST-703,ORD-2064,West,Furniture,2023-03-27 23:00:00,2023-03-28 23:00:00,780.73,0.34
CUST-111,ORD-2065,East,Clothing,2023-03-28 00:00:00,2023-03-29 00:00:00,139.7,0.47
CUST-503,ORD-2066,West,Grocery,2023-03-28 01:00:00,2023-03-29 01:00:00,604.95,0.24
CUST-730,ORD-2067,West,Grocery,2023-03-28 02:00:00,2023-03-29 02:00:00,43.95,0.2
CUST-932,ORD-2068,North,Electronics,2023-03-28 03:00:00,2023-03-29 03:00:00,502.59,0.49
CUST-455,ORD-2069,South,Clothing,2023-03-28 04:00:00,2023-03-29 04:00:00,163.29,0.44
CUST-76,ORD-2070,East,Grocery,2023-03-28 05:00:00,2023-03-29 05:00:00,191.09,0.2
CUST-921,ORD-2071,North,Grocery,2023-03-28 06:00:00,2023-03-29 06:00:00,371.4,0.26
CUST-83,ORD-2072,East,Clothing,2023-03-28 07:00:00,2023-03-29 07:00:00,438.11,0.24
CUST-330,ORD-2073,West,Furniture,2023-03-28 08:00:00,2023-03-29 08:00:00,626.94,0.12
CUST-623,ORD-2074,South,Grocery,2023-03-28 09:00:00,2023-03-29 09:00:00,83.68,0.48
CUST-152,ORD-2075,East,Electronics,2023-03-28 10:00:00,2023-03-29 10:00:00,508.65,0.23
CUST-68,ORD-2076,East,Grocery,2023-03-28 11:00:00,2023-03-29 11:00:00,190.8,0.44
CUST-130,ORD-2077,West,Electronics,2023-03-28 12:00:00,2023-03-29 12:00:00,578.24,0.14
CUST-282,ORD-2078,East,Electronics,2023-03-28 13:00:00,2023-03-29 13:00:00,641.03,0.3
CUST-640,ORD-2079,East,Grocery,2023-03-28 14:00:00,2023-03-29 14:00:00,561.14,0.06
CUST-649,ORD-2080,West,Grocery,2023-03-28 15:00:00,2023-03-29 15:00:00,740.91,0.39
CUST-600,ORD-2081,North,Electronics,2023-03-28 16:00:00,2023-03-29 16:00:00,342.25,0.31
CUST-562,ORD-2082,West,Clothing,2023-03-28 17:00:00,2023-03-29 17:00:00,767.46,0.33
CUST-730,ORD-2083,North,Clothing,2023-03-28 18:00:00,2023-03-29 18:00:00,438.44,0.07
CUST-333,ORD-2084,South,Grocery,2023-03-28 19:00:00,2023-03-29 19:00:00,489.34,0.14
CUST-391,ORD-2085,North,Furniture,2023-03-28 20:00:00,2023-03-29 20:00:00,651.62,0.08
CUST-612,ORD-2086,North,Clothing,2023-03-28 21:00:00,2023-03-29 21:00:00,28.17,0.18
CUST-544,ORD-2087,South,Grocery,2023-03-28 22:00:00,2023-03-29 22:00:00,657.45,0.33
CUST-302,ORD-2088,North,Clothing,2023-03-28 23:00:00,2023-03-29 23:00:00,622.4,0.3
CUST-465,ORD-2089,West,Furniture,2023-03-29 00:00:00,2023-03-30 00:00:00,316.75,0.33
CUST-518,ORD-2090,North,Grocery,2023-03-29 01:00:00,2023-03-30 01:00:00,94.94,
CUST-620,ORD-2091,South,Furniture,2023-03-29 02:00:00,2023-03-30 02:00:00,100.03,0.17
CUST-441,ORD-2092,West,Grocery,2023-03-29 03:00:00,2023-03-30 03:00:00,923.99,0.16
CUST-102,ORD-2093,South,Furniture,2023-03-29 04:00:00,2023-03-30 04:00:00,692.39,0.11
CUST-813,ORD-2094,South,Clothing,2023-03-29 05:00:00,2023-03-30 05:00:00,135.83,0.43
CUST-719,ORD-2095,East,Clothing,2023-03-29 06:00:00,2023-03-30 06:00:00,363.16,0.33
CUST-118,ORD-2096,East,Furniture,2023-03-29 07:00:00,2023-03-30 07:00:00,596.56,0.13
CUST-874,ORD-2097,South,Furniture,2023-03-29 08:00:00,2023-03-30 08:00:00,837.22,0.13
CUST-671,ORD-2098,South,Furniture,2023-03-29 09:00:00,2023-03-30 09:00:00,53.22,0.44
CUST-667,ORD-2099,South,Grocery,2023-03-29 10:00:00,2023-03-30 10:00:00,244.27,0.38
CUST-899,ORD-2100,East,Clothing,2023-03-29 11:00:00,2023-03-30 11:00:00,890.85,0.35
CUST-788,ORD-2101,East,Grocery,2023-03-29 12:00:00,2023-03-30 12:00:00,19.07,0.23
CUST-565,ORD-2102,North,Clothing,2023-03-29 13:00:00,2023-03-30 13:00:00,209.39,0.17
CUST-739,ORD-2103,North,Electronics,2023-03-29 14:00:00,2023-03-30 14:00:00,959.43,0.49
CUST-887,ORD-2104,South,Grocery,2023-03-29 15:00:00,2023-03-30 15:00:00,617.27,0.41
CUST-221,ORD-2105,West,Clothing,2023-03-29 16:00:00,2023-03-30 16:00:00,269.05,0.19
CUST-441,ORD-2106,West,Clothing,2023-03-29 17:00:00,2023-03-30 17:00:00,76.32,0.43
CUST-463,ORD-2107,East,Grocery,2023-03-29 18:00:00,2023-03-30 18:00:00,37.91,0.39
CUST-910,ORD-2108,East,Grocery,2023-03-29 19:00:00,2023-03-30 19:00:00,252.3,0.18
CUST-234,ORD-2109,East,Clothing,2023-03-29 20:00:00,2023-03-30 20:00:00,882.67,0.24
CUST-424,ORD-2110,South,Grocery,2023-03-29 21:00:00,2023-03-30 21:00:00,421.75,0.13
CUST-348,ORD-2111,West,Furniture,2023-03-29 22:00:00,2023-03-30 22:00:00,723.13,0.1
CUST-848,ORD-2112,North,Grocery,2023-03-29 23:00:00,2023-03-30 23:00:00,919.1,0.38
CUST-465,ORD-2113,South,Grocery,2023-03-30 00:00:00,2023-03-31 00:00:00,413.96,0.17
CUST-409,ORD-2114,North,Grocery,2023-03-30 01:00:00,2023-03-31 01:00:00,199.36,0.42
CUST-426,ORD-2115,North,Clothing,2023-03-30 02:00:00,2023-03-31 02:00:00,521.95,0.5
CUST-748,ORD-2116,South,Furniture,2023-03-30 03:00:00,2023-03-31 03:00:00,909.0,0.08
CUST-98,ORD-2117,North,Electronics,2023-03-30 04:00:00,2023-03-31 04:00:00,806.33,0.26
CUST-321,ORD-2118,West,Electronics,2023-03-30 05:00:00,2023-03-31 05:00:00,75.17,0.41
CUST-438,ORD-2119,North,Furniture,2023-03-30 06:00:00,2023-03-31 06:00:00,695.65,0.41
CUST-321,ORD-2120,West,Furniture,2023-03-30 07:00:00,2023-03-31 07:00:00,576.18,0.39
CUST-682,ORD-2121,West,Furniture,2023-03-30 08:00:00,2023-03-31 08:00:00,908.39,0.21
CUST-262,ORD-2122,West,Clothing,2023-03-30 09:00:00,2023-03-31 09:00:00,131.26,0.25
CUST-384,ORD-2123,East,Electronics,2023-03-30 10:00:00,2023-03-31 10:00:00,538.7,0.32
CUST-977,ORD-2124,North,Furniture,2023-03-30 11:00:00,2023-03-31 11:00:00,880.67,0.735
CUST-157,ORD-2125,South,Clothing,2023-03-30 12:00:00,2023-03-31 12:00:00,415.92,0.2
CUST-704,ORD-2126,South,Electronics,2023-03-30 13:00:00,2023-03-31 13:00:00,487.17,0.47
CUST-946,ORD-2127,North,Grocery,2023-03-30 14:00:00,2023-03-31 14:00:00,79.76,0.17
CUST-486,ORD-2128,East,Clothing,2023-03-30 15:00:00,2023-03-31 15:00:00,285.36,0.5
CUST-69,ORD-2129,East,Electronics,2023-03-30 16:00:00,2023-03-31 16:00:00,331.26,0.35
CUST-94,ORD-2130,West,Clothing,2023-03-30 17:00:00,2023-03-31 17:00:00,945.67,0.26
CUST-852,ORD-2131,North,Electronics,2023-03-30 18:00:00,2023-03-31 18:00:00,289.84,0.33
CUST-88,ORD-2132,North,Electronics,2023-03-30 19:00:00,2023-03-31 19:00:00,466.26,0.17
CUST-96,ORD-2133,South,Grocery,2023-03-30 20:00:00,2023-03-31 20:00:00,674.59,0.17
CUST-443,ORD-2134,North,Clothing,2023-03-30 21:00:00,2023-03-31 21:00:00,170.56,0.1
CUST-99,ORD-2135,East,Furniture,2023-03-30 22:00:00,2023-03-31 22:00:00,491.58,0.1
CUST-763,ORD-2136,North,Grocery,2023-03-30 23:00:00,2023-03-31 23:00:00,741.15,0.21
CUST-757,ORD-2137,South,Grocery,2023-03-31 00:00:00,2023-04-01 00:00:00,868.19,0.39
CUST-382,ORD-2138,West,Electronics,2023-03-31 01:00:00,2023-04-01 01:00:00,630.0,0.32
CUST-832,ORD-2139,South,Furniture,2023-03-31 02:00:00,2023-04-01 02:00:00,672.36,0.1
CUST-134,ORD-2140,South,Clothing,2023-03-31 03:00:00,2023-04-01 03:00:00,135.02,0.43
CUST-570,ORD-2141,West,Furniture,2023-03-31 04:00:00,2023-04-01 04:00:00,946.32,0.32
CUST-62,ORD-2142,South,Furniture,2023-03-31 05:00:00,2023-04-01 05:00:00,141.25,0.48
CUST-601,ORD-2143,South,Furniture,2023-03-31 06:00:00,2023-04-01 06:00:00,776.93,0.35
CUST-980,ORD-2144,North,Furniture,2023-03-31 07:00:00,2023-04-01 07:00:00,272.17,0.13
CUST-576,ORD-2145,North,Furniture,2023-03-31 08:00:00,2023-04-01 08:00:00,934.26,0.26
CUST-576,ORD-2146,West,Electronics,2023-03-31 09:00:00,2023-04-01 09:00:00,722.76,0.34
CUST-338,ORD-2147,North,Electronics,2023-03-31 10:00:00,2023-04-01 10:00:00,756.28,0.06
CUST-687,ORD-2148,North,Grocery,2023-03-31 11:00:00,2023-04-01 11:00:00,,0.06
CUST-126,ORD-2149,South,Electronics,2023-03-31 12:00:00,2023-04-01 12:00:00,448.61,0.11
CUST-421,ORD-2150,East,Grocery,2023-03-31 13:00:00,2023-04-01 13:00:00,621.64,0.16
CUST-363,ORD-2151,North,Grocery,2023-03-31 14:00:00,2023-04-01 14:00:00,772.27,0.24
CUST-895,ORD-2152,East,Clothing,2023-03-31 15:00:00,2023-04-01 15:00:00,112.92,0.27
CUST-682,ORD-2153,North,Furniture,2023-03-31 16:00:00,2023-04-01 16:00:00,962.74,0.11
CUST-964,ORD-2154,North,Electronics,2023-03-31 17:00:00,2023-04-01 17:00:00,891.32,0.35
CUST-769,ORD-2155,West,Clothing,2023-03-31 18:00:00,2023-04-01 18:00:00,277.65,
CUST-434,ORD-2156,West,Electronics,2023-03-31 19:00:00,2023-04-01 19:00:00,824.53,0.18
CUST-889,ORD-2157,West,Grocery,2023-03-31 20:00:00,2023-04-01 20:00:00,523.14,0.06
CUST-938,ORD-2158,East,Electronics,2023-03-31 21:00:00,2023-04-01 21:00:00,467.19,0.08
CUST-739,ORD-2159,South,Furniture,2023-03-31 22:00:00,2023-04-01 22:00:00,321.29,0.23
CUST-53,ORD-2160,North,Grocery,2023-03-31 23:00:00,2023-04-01 23:00:00,585.16,0.12
CUST-992,ORD-2161,North,Grocery,2023-04-01 00:00:00,2023-04-02 00:00:00,732.59,0.22
CUST-295,ORD-2162,North,Clothing,2023-04-01 01:00:00,2023-04-02 01:00:00,416.82,0.33
CUST-615,ORD-2163,East,Furniture,2023-04-01 02:00:00,2023-04-02 02:00:00,632.93,0.3
CUST-320,ORD-2164,West,Grocery,2023-04-01 03:00:00,2023-04-02 03:00:00,702.32,0.15
CUST-361,ORD-2165,South,Furniture,2023-04-01 04:00:00,2023-04-02 04:00:00,714.01,0.2
CUST-107,ORD-2166,East,Electronics,2023-04-01 05:00:00,2023-04-02 05:00:00,61.45,0.33
CUST-592,ORD-2167,West,Furniture,2023-04-01 06:00:00,2023-04-02 06:00:00,861.15,0.44
CUST-520,ORD-2168,East,Grocery,2023-04-01 07:00:00,2023-04-02 07:00:00,463.67,0.39
CUST-218,ORD-2169,South,Clothing,2023-04-01 08:00:00,2023-04-02 08:00:00,269.79,0.3
CUST-159,ORD-2170,West,Grocery,2023-04-01 09:00:00,2023-04-02 09:00:00,249.35,0.21
CUST-673,ORD-2171,East,Furniture,2023-04-01 10:00:00,2023-04-02 10:00:00,488.18,0.21
CUST-494,ORD-2172,South,Furniture,2023-04-01 11:00:00,2023-04-02 11:00:00,887.96,0.45
CUST-230,ORD-2173,North,Grocery,2023-04-01 12:00:00,2023-04-02 12:00:00,384.56,0.07
CUST-868,ORD-2174,South,Furniture,2023-04-01 13:00:00,2023-04-02 13:00:00,752.23,0.49
CUST-111,ORD-2175,North,Electronics,2023-04-01 14:00:00,2023-04-02 14:00:00,105.85,0.35
CUST-359,ORD-2176,East,Grocery,2023-04-01 15:00:00,2023-04-02 15:00:00,481.3,0.36
CUST-866,ORD-2177,West,Clothing,2023-04-01 16:00:00,2023-04-02 16:00:00,991.77,0.07
CUST-570,ORD-2178,West,Grocery,2023-04-01 17:00:00,2023-04-02 17:00:00,772.73,0.32
CUST-377,ORD-2179,East,Electronics,2023-04-01 18:00:00,2023-04-02 18:00:00,218.42,0.27
CUST-118,ORD-2180,West,Electronics,2023-04-01 19:00:00,2023-04-02 19:00:00,506.43,0.1
CUST-781,ORD-2181,West,Electronics,2023-04-01 20:00:00,2023-04-02 20:00:00,241.29,0.18
CUST-286,ORD-2182,North,Electronics,2023-04-01 21:00:00,2023-04-02 21:00:00,415.47,0.45
CUST-588,ORD-2183,East,Electronics,2023-04-01 22:00:00,2023-04-02 22:00:00,782.28,0.3
CUST-232,ORD-2184,South,Clothing,2023-04-01 23:00:00,2023-04-02 23:00:00,773.51,0.24
CUST-827,ORD-2185,North,Furniture,2023-04-02 00:00:00,2023-04-03 00:00:00,235.82,0.08
CUST-440,ORD-2186,East,Electronics,2023-04-02 01:00:00,2023-04-03 01:00:00,923.0,0.37
CUST-866,ORD-2187,North,Electronics,2023-04-02 02:00:00,2023-04-03 02:00:00,596.64,0.37
CUST-575,ORD-2188,South,Grocery,2023-04-02 03:00:00,2023-04-03 03:00:00,386.13,0.33
CUST-998,ORD-2189,South,Clothing,2023-04-02 04:00:00,2023-04-03 04:00:00,506.92,0.28
CUST-786,ORD-2190,East,Clothing,2023-04-02 05:00:00,2023-04-03 05:00:00,609.02,0.25
CUST-839,ORD-2191,South,Furniture,2023-04-02 06:00:00,2023-04-03 06:00:00,564.29,0.32
CUST-637,ORD-2192,North,Clothing,2023-04-02 07:00:00,2023-04-03 07:00:00,491.54,0.16
CUST-629,ORD-2193,South,Grocery,2023-04-02 08:00:00,2023-04-03 08:00:00,509.88,0.47
CUST-692,ORD-2194,North,Grocery,2023-04-02 09:00:00,2023-04-03 09:00:00,184.65,0.31
CUST-659,ORD-2195,North,Furniture,2023-04-02 10:00:00,2023-04-03 10:00:00,814.61,0.19
CUST-571,ORD-2196,South,Grocery,2023-04-02 11:00:00,2023-04-03 11:00:00,546.34,0.25
CUST-27,ORD-2197,East,Electronics,2023-04-02 12:00:00,2023-04-03 12:00:00,139.77,0.41
CUST-624,ORD-2198,West,Electronics,2023-04-02 13:00:00,2023-04-03 13:00:00,768.5,0.12
CUST-952,ORD-2199,South,Grocery,2023-04-02 14:00:00,2023-04-03 14:00:00,933.12,0.18
CUST-674,ORD-2200,North,Furniture,2023-04-02 15:00:00,2023-04-03 15:00:00,947.83,0.36
CUST-850,ORD-2201,North,Clothing,2023-04-02 16:00:00,2023-04-03 16:00:00,375.33,0.19
CUST-711,ORD-2202,South,Furniture,2023-04-02 17:00:00,2023-04-03 17:00:00,144.16,0.615
CUST-274,ORD-2203,East,Clothing,2023-04-02 18:00:00,2023-04-03 18:00:00,523.22,0.11
CUST-30,ORD-2204,East,Grocery,2023-04-02 19:00:00,2023-04-03 19:00:00,121.48,0.39
CUST-185,ORD-2205,North,Grocery,2023-04-02 20:00:00,2023-04-03 20:00:00,934.65,0.08
CUST-280,ORD-2206,North,Electronics,2023-04-02 21:00:00,2023-04-03 21:00:00,191.74,0.06
CUST-720,ORD-2207,East,Clothing,2023-04-02 22:00:00,2023-04-03 22:00:00,260.24,0.45
CUST-781,ORD-2208,West,Furniture,2023-04-02 23:00:00,2023-04-03 23:00:00,412.57,0.31
CUST-317,ORD-2209,South,Grocery,2023-04-03 00:00:00,2023-04-04 00:00:00,389.33,0.21
CUST-944,ORD-2210,North,Furniture,2023-04-03 01:00:00,2023-04-04 01:00:00,796.72,0.15
CUST-348,ORD-2211,North,Electronics,2023-04-03 02:00:00,2023-04-04 02:00:00,461.75,0.33
CUST-360,ORD-2212,East,Clothing,2023-04-03 03:00:00,2023-04-04 03:00:00,179.06,0.28
CUST-7,ORD-2213,South,Clothing,2023-04-03 04:00:00,2023-04-04 04:00:00,274.54,0.5
CUST-186,ORD-2214,East,Grocery,2023-04-03 05:00:00,2023-04-04 05:00:00,514.02,0.49
CUST-891,ORD-2215,South,Clothing,2023-04-03 06:00:00,2023-04-04 06:00:00,155.98,0.34
CUST-147,ORD-2216,South,Grocery,2023-04-03 07:00:00,2023-04-04 07:00:00,615.54,0.25
CUST-580,ORD-2217,South,Electronics,2023-04-03 08:00:00,2023-04-04 08:00:00,570.09,0.27
CUST-674,ORD-2218,North,Clothing,2023-04-03 09:00:00,2023-04-04 09:00:00,717.56,0.36
CUST-411,ORD-2219,West,Grocery,2023-04-03 10:00:00,2023-04-04 10:00:00,938.33,0.1
CUST-72,ORD-2220,East,Furniture,2023-04-03 11:00:00,2023-04-04 11:00:00,913.13,0.2
CUST-146,ORD-2221,West,Grocery,2023-04-03 12:00:00,2023-04-04 12:00:00,946.61,0.08
CUST-759,ORD-2222,East,Clothing,2023-04-03 13:00:00,2023-04-04 13:00:00,252.27,0.08
CUST-649,ORD-2223,South,Electronics,2023-04-03 14:00:00,2023-04-04 14:00:00,140.25,
CUST-996,ORD-2224,North,Clothing,2023-04-03 15:00:00,2023-04-04 15:00:00,309.25,0.27
CUST-32,ORD-2225,West,Clothing,2023-04-03 16:00:00,2023-04-04 16:00:00,896.13,0.4
CUST-94,ORD-2226,North,Grocery,2023-04-03 17:00:00,2023-04-04 17:00:00,972.33,0.27
CUST-765,ORD-2227,East,Furniture,2023-04-03 18:00:00,2023-04-04 18:00:00,860.73,0.2
CUST-544,ORD-2228,North,Clothing,2023-04-03 19:00:00,2023-04-04 19:00:00,118.92,0.09
CUST-221,ORD-2229,North,Furniture,2023-04-03 20:00:00,2023-04-04 20:00:00,947.95,
CUST-386,ORD-2230,West,Grocery,2023-04-03 21:00:00,2023-04-04 21:00:00,429.12,0.17
CUST-430,ORD-2231,South,Furniture,2023-04-03 22:00:00,2023-04-04 22:00:00,19.22,0.33
CUST-465,ORD-2232,North,Grocery,2023-04-03 23:00:00,2023-04-04 23:00:00,447.97,0.49
CUST-350,ORD-2233,South,Electronics,2023-04-04 00:00:00,2023-04-05 00:00:00,55.61,0.1
CUST-162,ORD-2234,East,Furniture,2023-04-04 01:00:00,2023-04-05 01:00:00,548.44,0.15
CUST-379,ORD-2235,North,Furniture,2023-04-04 02:00:00,2023-04-05 02:00:00,345.17,0.26
CUST-320,ORD-2236,West,Electronics,2023-04-04 03:00:00,2023-04-05 03:00:00,478.7,0.49
CUST-739,ORD-2237,East,Furniture,2023-04-04 04:00:00,2023-04-05 04:00:00,617.04,0.4
CUST-333,ORD-2238,East,Electronics,2023-04-04 05:00:00,2023-04-05 05:00:00,870.11,0.45
CUST-796,ORD-2239,West,Clothing,2023-04-04 06:00:00,2023-04-05 06:00:00,665.28,0.2
CUST-965,ORD-2240,North,Grocery,2023-04-04 07:00:00,2023-04-05 07:00:00,439.71,0.5
CUST-582,ORD-2241,North,Electronics,2023-04-04 08:00:00,2023-04-05 08:00:00,821.23,0.1
CUST-611,ORD-2242,East,Furniture,2023-04-04 09:00:00,2023-04-05 09:00:00,906.53,0.07
CUST-87,ORD-2243,North,Electronics,2023-04-04 10:00:00,2023-04-05 10:00:00,128.56,0.44
CUST-905,ORD-2244,South,Furniture,2023-04-04 11:00:00,2023-04-05 11:00:00,536.61,0.47
CUST-54,ORD-2245,West,Clothing,2023-04-04 12:00:00,2023-04-05 12:00:00,291.67,0.09
CUST-160,ORD-2246,South,Electronics,2023-04-04 13:00:00,2023-04-05 13:00:00,56.59,0.1
CUST-162,ORD-2247,North,Clothing,2023-04-04 14:00:00,2023-04-05 14:00:00,671.86,0.06
CUST-773,ORD-2248,East,Grocery,2023-04-04 15:00:00,2023-04-05 15:00:00,864.14,0.1
CUST-633,ORD-2249,West,Furniture,2023-04-04 16:00:00,2023-04-05 16:00:00,171.27,0.14
CUST-51,ORD-2250,North,Furniture,2023-04-04 17:00:00,2023-04-05 17:00:00,814.29,0.49
CUST-691,ORD-2251,North,Clothing,2023-04-04 18:00:00,2023-04-05 18:00:00,854.86,0.35
CUST-84,ORD-2252,East,Grocery,2023-04-04 19:00:00,2023-04-05 19:00:00,915.2,0.4
CUST-279,ORD-2253,East,Electronics,2023-04-04 20:00:00,2023-04-05 20:00:00,272.63,0.4
CUST-454,ORD-2254,South,Electronics,2023-04-04 21:00:00,2023-04-05 21:00:00,904.91,0.29
CUST-678,ORD-2255,West,Furniture,2023-04-04 22:00:00,2023-04-05 22:00:00,327.46,0.41
CUST-435,ORD-2256,West,Clothing,2023-04-04 23:00:00,2023-04-05 23:00:00,556.81,0.32
CUST-498,ORD-2257,East,Clothing,2023-04-05 00:00:00,2023-04-06 00:00:00,60.0,0.19
CUST-622,ORD-2258,South,Electronics,2023-04-05 01:00:00,2023-04-06 01:00:00,53.44,0.3
CUST-453,ORD-2259,West,Grocery,2023-04-05 02:00:00,2023-04-06 02:00:00,723.17,0.29
CUST-425,ORD-2260,East,Grocery,2023-04-05 03:00:00,2023-04-06 03:00:00,450.04,0.42
CUST-280,ORD-2261,North,Electronics,2023-04-05 04:00:00,2023-04-06 04:00:00,263.73,0.49
CUST-221,ORD-2262,West,Electronics,2023-04-05 05:00:00,2023-04-06 05:00:00,198.51,0.23
CUST-774,ORD-2263,South,Clothing,2023-04-05 06:00:00,2023-04-06 06:00:00,673.25,0.39
CUST-525,ORD-2264,South,Grocery,2023-04-05 07:00:00,2023-04-06 07:00:00,10.4,0.09
CUST-117,ORD-2265,South,Electronics,2023-04-05 08:00:00,2023-04-06 08:00:00,807.83,0.4
CUST-354,ORD-2266,North,Electronics,2023-04-05 09:00:00,2023-04-06 09:00:00,88.46,0.22
CUST-441,ORD-2267,West,Furniture,2023-04-05 10:00:00,2023-04-06 10:00:00,199.57,0.07
CUST-114,ORD-2268,West,Electronics,2023-04-05 11:00:00,2023-04-06 11:00:00,392.37,0.21
CUST-291,ORD-2269,North,Electronics,2023-04-05 12:00:00,2023-04-06 12:00:00,,0.32
CUST-695,ORD-2270,West,Grocery,2023-04-05 13:00:00,2023-04-06 13:00:00,361.45,0.1
CUST-695,ORD-2271,North,Clothing,2023-04-05 14:00:00,2023-04-06 14:00:00,327.51,0.47
CUST-608,ORD-2272,North,Grocery,2023-04-05 15:00:00,2023-04-06 15:00:00,964.28,0.08
CUST-499,ORD-2273,North,Clothing,2023-04-05 16:00:00,2023-04-06 16:00:00,645.16,0.47
CUST-540,ORD-2274,South,Furniture,2023-04-05 17:00:00,2023-04-06 17:00:00,33.2,0.5549999999999999
CUST-684,ORD-2275,West,Electronics,2023-04-05 18:00:00,2023-04-06 18:00:00,435.87,0.2
CUST-316,ORD-2276,North,Furniture,2023-04-05 19:00:00,2023-04-06 19:00:00,876.26,0.23
CUST-47,ORD-2277,West,Clothing,2023-04-05 20:00:00,2023-04-06 20:00:00,308.44,0.38
CUST-226,ORD-2278,South,Grocery,2023-04-05 21:00:00,2023-04-06 21:00:00,103.61,0.32
CUST-405,ORD-2279,North,Grocery,2023-04-05 22:00:00,2023-04-06 22:00:00,760.8,0.35
CUST-614,ORD-2280,East,Furniture,2023-04-05 23:00:00,2023-04-06 23:00:00,609.95,0.23
CUST-57,ORD-2281,South,Clothing,2023-04-06 00:00:00,2023-04-07 00:00:00,574.61,0.27
CUST-8,ORD-2282,East,Furniture,2023-04-06 01:00:00,2023-04-07 01:00:00,63.04,0.5
CUST-210,ORD-2283,West,Furniture,2023-04-06 02:00:00,2023-04-07 02:00:00,149.09,0.15
CUST-309,ORD-2284,West,Electronics,2023-04-06 03:00:00,2023-04-07 03:00:00,626.32,0.24
CUST-969,ORD-2285,South,Furniture,2023-04-06 04:00:00,2023-04-07 04:00:00,215.75,0.18
CUST-217,ORD-2286,West,Electronics,2023-04-06 05:00:00,2023-04-07 05:00:00,509.03,0.39
CUST-786,ORD-2287,East,Electronics,2023-04-06 06:00:00,2023-04-07 06:00:00,549.43,0.39
CUST-141,ORD-2288,North,Grocery,2023-04-06 07:00:00,2023-04-07 07:00:00,290.67,0.18
CUST-783,ORD-2289,North,Electronics,2023-04-06 08:00:00,2023-04-07 08:00:00,948.94,0.09
CUST-262,ORD-2290,North,Electronics,2023-04-06 09:00:00,2023-04-07 09:00:00,844.04,0.06
CUST-297,ORD-2291,South,Grocery,2023-04-06 10:00:00,2023-04-07 10:00:00,725.15,0.24
CUST-336,ORD-2292,West,Furniture,2023-04-06 11:00:00,2023-04-07 11:00:00,87.21,0.23
CUST-123,ORD-2293,East,Clothing,2023-04-06 12:00:00,2023-04-07 12:00:00,115.07,0.49
CUST-8,ORD-2294,West,Clothing,2023-04-06 13:00:00,2023-04-07 13:00:00,497.85,0.26
CUST-510,ORD-2295,West,Clothing,2023-04-06 14:00:00,2023-04-07 14:00:00,169.11,0.17
CUST-765,ORD-2296,West,Furniture,2023-04-06 15:00:00,2023-04-07 15:00:00,978.48,0.45
CUST-441,ORD-2297,North,Electronics,2023-04-06 16:00:00,2023-04-07 16:00:00,166.94,0.27
CUST-180,ORD-2298,East,Clothing,2023-04-06 17:00:00,2023-04-07 17:00:00,492.59,0.32
CUST-133,ORD-2299,East,Furniture,2023-04-06 18:00:00,2023-04-07 18:00:00,370.48,0.09
CUST-390,ORD-2300,West,Electronics,2023-04-06 19:00:00,2023-04-07 19:00:00,642.99,0.22
CUST-546,ORD-2301,North,Grocery,2023-04-06 20:00:00,2023-04-07 20:00:00,137.75,0.47
CUST-721,ORD-2302,North,Clothing,2023-04-06 21:00:00,2023-04-07 21:00:00,436.01,0.32
CUST-236,ORD-2303,East,Electronics,2023-04-06 22:00:00,2023-04-07 22:00:00,281.96,0.21
CUST-513,ORD-2304,North,Clothing,2023-04-06 23:00:00,2023-04-07 23:00:00,888.87,0.33
CUST-573,ORD-2305,North,Clothing,2023-04-07 00:00:00,2023-04-08 00:00:00,50.18,0.46
CUST-854,ORD-2306,North,Clothing,2023-04-07 01:00:00,2023-04-08 01:00:00,914.59,0.17
CUST-685,ORD-2307,South,Electronics,2023-04-07 02:00:00,2023-04-08 02:00:00,834.66,0.28
CUST-826,ORD-2308,West,Furniture,2023-04-07 03:00:00,2023-04-08 03:00:00,304.6,0.48
CUST-363,ORD-2309,East,Electronics,2023-04-07 04:00:00,2023-04-08 04:00:00,791.4,0.13
CUST-74,ORD-2310,East,Clothing,2023-04-07 05:00:00,2023-04-08 05:00:00,40.9,0.37
CUST-407,ORD-2311,South,Electronics,2023-04-07 06:00:00,2023-04-08 06:00:00,967.2,0.33
CUST-883,ORD-2312,West,Grocery,2023-04-07 07:00:00,2023-04-08 07:00:00,531.33,0.36
CUST-760,ORD-2313,East,Furniture,2023-04-07 08:00:00,2023-04-08 08:00:00,310.25,0.21
CUST-44,ORD-2314,North,Electronics,2023-04-07 09:00:00,2023-04-08 09:00:00,368.96,0.19
CUST-447,ORD-2315,East,Grocery,2023-04-07 10:00:00,2023-04-08 10:00:00,75.74,0.36
CUST-20,ORD-2316,North,Furniture,2023-04-07 11:00:00,2023-04-08 11:00:00,989.46,0.15
CUST-471,ORD-2317,South,Grocery,2023-04-07 12:00:00,2023-04-08 12:00:00,48.9,0.24
CUST-944,ORD-2318,North,Furniture,2023-04-07 13:00:00,2023-04-08 13:00:00,658.36,0.13
CUST-80,ORD-2319,East,Electronics,2023-04-07 14:00:00,2023-04-08 14:00:00,448.31,0.05
CUST-883,ORD-2320,East,Grocery,2023-04-07 15:00:00,2023-04-08 15:00:00,949.43,0.49
CUST-321,ORD-2321,East,Clothing,2023-04-07 16:00:00,2023-04-08 16:00:00,253.54,0.24
CUST-590,ORD-2322,South,Grocery,2023-04-07 17:00:00,2023-04-08 17:00:00,536.77,0.49
CUST-440,ORD-2323,South,Furniture,2023-04-07 18:00:00,2023-04-08 18:00:00,487.53,0.11
CUST-588,ORD-2324,West,Electronics,2023-04-07 19:00:00,2023-04-08 19:00:00,705.84,0.31
CUST-415,ORD-2325,East,Furniture,2023-04-07 20:00:00,2023-04-08 20:00:00,77.33,0.14
CUST-727,ORD-2326,North,Grocery,2023-04-07 21:00:00,2023-04-08 21:00:00,201.85,0.41
CUST-656,ORD-2327,South,Grocery,2023-04-07 22:00:00,2023-04-08 22:00:00,222.42,0.4
CUST-428,ORD-2328,East,Clothing,2023-04-07 23:00:00,2023-04-08 23:00:00,740.77,0.1
CUST-297,ORD-2329,East,Electronics,2023-04-08 00:00:00,2023-04-09 00:00:00,197.25,0.46
CUST-118,ORD-2330,South,Electronics,2023-04-08 01:00:00,2023-04-09 01:00:00,577.76,0.14
CUST-415,ORD-2331,West,Grocery,2023-04-08 02:00:00,2023-04-09 02:00:00,223.09,0.33
CUST-22,ORD-2332,South,Electronics,2023-04-08 03:00:00,2023-04-09 03:00:00,863.01,0.49
CUST-990,ORD-2333,South,Clothing,2023-04-08 04:00:00,2023-04-09 04:00:00,942.76,0.45
CUST-333,ORD-2334,North,Furniture,2023-04-08 05:00:00,2023-04-09 05:00:00,523.31,0.48
CUST-176,ORD-2335,North,Electronics,2023-04-08 06:00:00,2023-04-09 06:00:00,,0.2
CUST-821,ORD-2336,West,Grocery,2023-04-08 07:00:00,2023-04-09 07:00:00,241.72,0.1
CUST-971,ORD-2337,East,Furniture,2023-04-08 08:00:00,2023-04-09 08:00:00,59.28,0.13
CUST-633,ORD-2338,South,Furniture,2023-04-08 09:00:00,2023-04-09 09:00:00,275.82,0.28
CUST-472,ORD-2339,West,Clothing,2023-04-08 10:00:00,2023-04-09 10:00:00,657.69,0.41
CUST-852,ORD-2340,North,Grocery,2023-04-08 11:00:00,2023-04-09 11:00:00,538.28,0.12
CUST-707,ORD-2341,South,Electronics,2023-04-08 12:00:00,2023-04-09 12:00:00,944.6,0.35
CUST-942,ORD-2342,East,Grocery,2023-04-08 13:00:00,2023-04-09 13:00:00,402.31,0.2
CUST-371,ORD-2343,North,Furniture,2023-04-08 14:00:00,2023-04-09 14:00:00,696.92,0.2
CUST-91,ORD-2344,North,Grocery,2023-04-08 15:00:00,2023-04-09 15:00:00,494.43,0.35
CUST-448,ORD-2345,North,Electronics,2023-04-08 16:00:00,2023-04-09 16:00:00,517.45,0.26
CUST-865,ORD-2346,West,Electronics,2023-04-08 17:00:00,2023-04-09 17:00:00,275.1,0.42
CUST-109,ORD-2347,East,Clothing,2023-04-08 18:00:00,2023-04-09 18:00:00,460.4,0.18
CUST-250,ORD-2348,South,Electronics,2023-04-08 19:00:00,2023-04-09 19:00:00,476.08,0.41
CUST-447,ORD-2349,West,Electronics,2023-04-08 20:00:00,2023-04-09 20:00:00,709.58,0.08
CUST-604,ORD-2350,West,Grocery,2023-04-08 21:00:00,2023-04-09 21:00:00,941.23,0.14
CUST-411,ORD-2351,West,Grocery,2023-04-08 22:00:00,2023-04-09 22:00:00,336.03,0.35
CUST-537,ORD-2352,North,Furniture,2023-04-08 23:00:00,2023-04-09 23:00:00,51.78,0.43
CUST-81,ORD-2353,East,Clothing,2023-04-09 00:00:00,2023-04-10 00:00:00,501.33,0.16
CUST-406,ORD-2354,West,Grocery,2023-04-09 01:00:00,2023-04-10 01:00:00,549.02,0.2
CUST-892,ORD-2355,South,Electronics,2023-04-09 02:00:00,2023-04-10 02:00:00,176.76,0.29
CUST-318,ORD-2356,East,Furniture,2023-04-09 03:00:00,2023-04-10 03:00:00,762.86,0.15
CUST-764,ORD-2357,South,Grocery,2023-04-09 04:00:00,2023-04-10 04:00:00,985.08,0.42
CUST-348,ORD-2358,East,Clothing,2023-04-09 05:00:00,2023-04-10 05:00:00,946.32,0.4
CUST-227,ORD-2359,South,Clothing,2023-04-09 06:00:00,2023-04-10 06:00:00,205.13,0.12
CUST-342,ORD-2360,North,Furniture,2023-04-09 07:00:00,2023-04-10 07:00:00,876.61,0.26
CUST-798,ORD-2361,West,Furniture,2023-04-09 08:00:00,2023-04-10 08:00:00,707.45,0.4
CUST-173,ORD-2362,South,Furniture,2023-04-09 09:00:00,2023-04-10 09:00:00,459.31,0.2
CUST-79,ORD-2363,East,Furniture,2023-04-09 10:00:00,2023-04-10 10:00:00,545.2,0.33
CUST-523,ORD-2364,West,Furniture,2023-04-09 11:00:00,2023-04-10 11:00:00,851.1,0.07
CUST-649,ORD-2365,West,Electronics,2023-04-09 12:00:00,2023-04-10 12:00:00,485.33,0.32
CUST-117,ORD-2366,East,Electronics,2023-04-09 13:00:00,2023-04-10 13:00:00,379.48,0.12
CUST-544,ORD-2367,South,Grocery,2023-04-09 14:00:00,2023-04-10 14:00:00,498.32,0.42
CUST-523,ORD-2368,North,Clothing,2023-04-09 15:00:00,2023-04-10 15:00:00,583.34,0.21
CUST-199,ORD-2369,North,Electronics,2023-04-09 16:00:00,2023-04-10 16:00:00,197.19,0.18
CUST-928,ORD-2370,South,Electronics,2023-04-09 17:00:00,2023-04-10 17:00:00,901.9,0.43
CUST-795,ORD-2371,West,Electronics,2023-04-09 18:00:00,2023-04-10 18:00:00,677.45,0.07
CUST-358,ORD-2372,West,Grocery,2023-04-09 19:00:00,2023-04-10 19:00:00,636.94,0.23
CUST-360,ORD-2373,West,Furniture,2023-04-09 20:00:00,2023-04-10 20:00:00,108.5,0.22
CUST-745,ORD-2374,West,Grocery,2023-04-09 21:00:00,2023-04-10 21:00:00,608.13,0.18
CUST-982,ORD-2375,South,Clothing,2023-04-09 22:00:00,2023-04-10 22:00:00,129.75,0.46
CUST-839,ORD-2376,West,Clothing,2023-04-09 23:00:00,2023-04-10 23:00:00,87.91,0.39
CUST-661,ORD-2377,East,Clothing,2023-04-10 00:00:00,2023-04-11 00:00:00,532.04,0.08
CUST-835,ORD-2378,West,Clothing,2023-04-10 01:00:00,2023-04-11 01:00:00,408.76,0.37
CUST-152,ORD-2379,North,Electronics,2023-04-10 02:00:00,2023-04-11 02:00:00,592.92,0.29
CUST-242,ORD-2380,West,Electronics,2023-04-10 03:00:00,2023-04-11 03:00:00,98.33,0.46
CUST-106,ORD-2381,South,Grocery,2023-04-10 04:00:00,2023-04-11 04:00:00,436.67,0.19
CUST-150,ORD-2382,North,Furniture,2023-04-10 05:00:00,2023-04-11 05:00:00,183.04,0.31
CUST-263,ORD-2383,South,Clothing,2023-04-10 06:00:00,2023-04-11 06:00:00,987.23,0.28
CUST-203,ORD-2384,South,Grocery,2023-04-10 07:00:00,2023-04-11 07:00:00,565.54,0.27
CUST-178,ORD-2385,North,Electronics,2023-04-10 08:00:00,2023-04-11 08:00:00,690.56,0.26
CUST-617,ORD-2386,South,Electronics,2023-04-10 09:00:00,2023-04-11 09:00:00,332.16,0.14
CUST-157,ORD-2387,South,Furniture,2023-04-10 10:00:00,2023-04-11 10:00:00,103.79,0.39
CUST-779,ORD-2388,West,Furniture,2023-04-10 11:00:00,2023-04-11 11:00:00,976.11,0.25
CUST-778,ORD-2389,East,Furniture,2023-04-10 12:00:00,2023-04-11 12:00:00,293.4,0.48
CUST-672,ORD-2390,South,Grocery,2023-04-10 13:00:00,2023-04-11 13:00:00,429.57,0.17
CUST-78,ORD-2391,South,Electronics,2023-04-10 14:00:00,2023-04-11 14:00:00,653.37,0.36
CUST-182,ORD-2392,South,Electronics,2023-04-10 15:00:00,2023-04-11 15:00:00,34.45,0.47
CUST-975,ORD-2393,West,Furniture,2023-04-10 16:00:00,2023-04-11 16:00:00,812.16,0.35
CUST-792,ORD-2394,East,Clothing,2023-04-10 17:00:00,2023-04-11 17:00:00,541.21,0.44
CUST-644,ORD-2395,North,Furniture,2023-04-10 18:00:00,2023-04-11 18:00:00,285.44,0.42
CUST-506,ORD-2396,West,Grocery,2023-04-10 19:00:00,2023-04-11 19:00:00,70.99,0.21
CUST-476,ORD-2397,West,Furniture,2023-04-10 20:00:00,2023-04-11 20:00:00,170.87,0.32
CUST-773,ORD-2398,East,Furniture,2023-04-10 21:00:00,2023-04-11 21:00:00,896.08,0.12
CUST-578,ORD-2399,East,Grocery,2023-04-10 22:00:00,2023-04-11 22:00:00,689.16,0.29
CUST-779,ORD-2400,West,Furniture,2023-04-10 23:00:00,2023-04-11 23:00:00,257.4,0.15
CUST-594,ORD-2401,North,Electronics,2023-04-11 00:00:00,2023-04-12 00:00:00,74.94,0.38
CUST-460,ORD-2402,West,Clothing,2023-04-11 01:00:00,2023-04-12 01:00:00,693.71,0.29
CUST-698,ORD-2403,East,Furniture,2023-04-11 02:00:00,2023-04-12 02:00:00,576.68,0.24
CUST-947,ORD-2404,North,Grocery,2023-04-11 03:00:00,2023-04-12 03:00:00,410.47,0.17
CUST-904,ORD-2405,East,Clothing,2023-04-11 04:00:00,2023-04-12 04:00:00,369.98,0.5
CUST-579,ORD-2406,North,Grocery,2023-04-11 05:00:00,2023-04-12 05:00:00,224.65,0.08
CUST-659,ORD-2407,South,Clothing,2023-04-11 06:00:00,2023-04-12 06:00:00,672.92,0.07
CUST-651,ORD-2408,East,Clothing,2023-04-11 07:00:00,2023-04-12 07:00:00,970.96,0.15
CUST-640,ORD-2409,East,Furniture,2023-04-11 08:00:00,2023-04-12 08:00:00,183.96,0.49
CUST-331,ORD-2410,West,Electronics,2023-04-11 09:00:00,2023-04-12 09:00:00,601.15,0.49
CUST-885,ORD-2411,East,Furniture,2023-04-11 10:00:00,2023-04-12 10:00:00,429.94,0.34
CUST-995,ORD-2412,East,Grocery,2023-04-11 11:00:00,2023-04-12 11:00:00,452.22,0.45
CUST-643,ORD-2413,South,Grocery,2023-04-11 12:00:00,2023-04-12 12:00:00,261.61,0.15
CUST-324,ORD-2414,East,Clothing,2023-04-11 13:00:00,2023-04-12 13:00:00,826.88,0.49
CUST-155,ORD-2415,South,Clothing,2023-04-11 14:00:00,2023-04-12 14:00:00,490.4,0.11
CUST-451,ORD-2416,South,Electronics,2023-04-11 15:00:00,2023-04-12 15:00:00,547.97,0.1
CUST-70,ORD-2417,South,Furniture,2023-04-11 16:00:00,2023-04-12 16:00:00,311.71,0.1
CUST-481,ORD-2418,South,Grocery,2023-04-11 17:00:00,2023-04-12 17:00:00,189.99,0.31
CUST-453,ORD-2419,North,Clothing,2023-04-11 18:00:00,2023-04-12 18:00:00,95.05,0.4
CUST-647,ORD-2420,West,Electronics,2023-04-11 19:00:00,2023-04-12 19:00:00,716.98,0.22
CUST-311,ORD-2421,North,Grocery,2023-04-11 20:00:00,2023-04-12 20:00:00,204.27,0.49
CUST-816,ORD-2422,East,Clothing,2023-04-11 21:00:00,2023-04-12 21:00:00,,0.25
CUST-282,ORD-2423,North,Grocery,2023-04-11 22:00:00,2023-04-12 22:00:00,396.47,0.12
CUST-606,ORD-2424,North,Electronics,2023-04-11 23:00:00,2023-04-12 23:00:00,421.62,0.26
CUST-58,ORD-2425,East,Electronics,2023-04-12 00:00:00,2023-04-13 00:00:00,474.49,0.36
CUST-361,ORD-2426,East,Grocery,2023-04-12 01:00:00,2023-04-13 01:00:00,374.03,0.42
CUST-520,ORD-2427,East,Furniture,2023-04-12 02:00:00,2023-04-13 02:00:00,109.61,0.26
CUST-76,ORD-2428,North,Grocery,2023-04-12 03:00:00,2023-04-13 03:00:00,316.54,0.32
CUST-318,ORD-2429,North,Clothing,2023-04-12 04:00:00,2023-04-13 04:00:00,667.1,0.17
CUST-473,ORD-2430,East,Furniture,2023-04-12 05:00:00,2023-04-13 05:00:00,669.13,0.34
CUST-463,ORD-2431,West,Clothing,2023-04-12 06:00:00,2023-04-13 06:00:00,293.36,0.49
CUST-39,ORD-2432,West,Grocery,2023-04-12 07:00:00,2023-04-13 07:00:00,465.5,0.07
CUST-59,ORD-2433,South,Furniture,2023-04-12 08:00:00,2023-04-13 08:00:00,201.51,0.45
CUST-378,ORD-2434,East,Clothing,2023-04-12 09:00:00,2023-04-13 09:00:00,218.27,0.3
CUST-852,ORD-2435,South,Grocery,2023-04-12 10:00:00,2023-04-13 10:00:00,32.82,0.16
CUST-294,ORD-2436,West,Grocery,2023-04-12 11:00:00,2023-04-13 11:00:00,897.78,0.48
CUST-79,ORD-2437,South,Furniture,2023-04-12 12:00:00,2023-04-13 12:00:00,218.6,0.27
CUST-661,ORD-2438,East,Grocery,2023-04-12 13:00:00,2023-04-13 13:00:00,235.26,0.2
CUST-885,ORD-2439,East,Electronics,2023-04-12 14:00:00,2023-04-13 14:00:00,286.81,0.13
CUST-876,ORD-2440,East,Clothing,2023-04-12 15:00:00,2023-04-13 15:00:00,136.13,0.16
CUST-93,ORD-2441,North,Clothing,2023-04-12 16:00:00,2023-04-13 16:00:00,642.87,0.42
CUST-630,ORD-2442,South,Grocery,2023-04-12 17:00:00,2023-04-13 17:00:00,84.39,0.33
CUST-609,ORD-2443,West,Grocery,2023-04-12 18:00:00,2023-04-13 18:00:00,142.86,0.46
CUST-520,ORD-2444,West,Electronics,2023-04-12 19:00:00,2023-04-13 19:00:00,648.31,0.15
CUST-394,ORD-2445,West,Furniture,2023-04-12 20:00:00,2023-04-13 20:00:00,346.26,0.1
CUST-474,ORD-2446,North,Grocery,2023-04-12 21:00:00,2023-04-13 21:00:00,710.87,0.05
CUST-595,ORD-2447,North,Grocery,2023-04-12 22:00:00,2023-04-13 22:00:00,561.85,0.28
CUST-568,ORD-2448,East,Grocery,2023-04-12 23:00:00,2023-04-13 23:00:00,263.46,0.5
CUST-978,ORD-2449,West,Grocery,2023-04-13 00:00:00,2023-04-14 00:00:00,654.32,0.36
CUST-811,ORD-2450,North,Clothing,2023-04-13 01:00:00,2023-04-14 01:00:00,125.11,0.19
CUST-757,ORD-2451,East,Grocery,2023-04-13 02:00:00,2023-04-14 02:00:00,541.05,0.44
CUST-918,ORD-2452,West,Clothing,2023-04-13 03:00:00,2023-04-14 03:00:00,221.39,0.4
CUST-43,ORD-2453,South,Grocery,2023-04-13 04:00:00,2023-04-14 04:00:00,275.19,0.06
CUST-461,ORD-2454,East,Furniture,2023-04-13 05:00:00,2023-04-14 05:00:00,607.96,0.42
CUST-931,ORD-2455,North,Electronics,2023-04-13 06:00:00,2023-04-14 06:00:00,872.62,0.19
CUST-830,ORD-2456,North,Furniture,2023-04-13 07:00:00,2023-04-14 07:00:00,998.92,0.12
CUST-586,ORD-2457,East,Grocery,2023-04-13 08:00:00,2023-04-14 08:00:00,611.69,0.15
CUST-668,ORD-2458,East,Grocery,2023-04-13 09:00:00,2023-04-14 09:00:00,410.66,0.26
CUST-193,ORD-2459,North,Grocery,2023-04-13 10:00:00,2023-04-14 10:00:00,232.96,0.24
CUST-330,ORD-2460,South,Furniture,2023-04-13 11:00:00,2023-04-14 11:00:00,264.53,0.18
CUST-620,ORD-2461,West,Grocery,2023-04-13 12:00:00,2023-04-14 12:00:00,484.66,0.13
CUST-488,ORD-2462,South,Furniture,2023-04-13 13:00:00,2023-04-14 13:00:00,373.6,0.39
CUST-514,ORD-2463,East,Clothing,2023-04-13 14:00:00,2023-04-14 14:00:00,914.68,0.5
CUST-155,ORD-2464,South,Electronics,2023-04-13 15:00:00,2023-04-14 15:00:00,374.61,0.4
CUST-981,ORD-2465,North,Electronics,2023-04-13 16:00:00,2023-04-14 16:00:00,379.71,0.18
CUST-64,ORD-2466,East,Furniture,2023-04-13 17:00:00,2023-04-14 17:00:00,389.7,0.16
CUST-462,ORD-2467,West,Clothing,2023-04-13 18:00:00,2023-04-14 18:00:00,838.25,0.15
CUST-106,ORD-2468,North,Furniture,2023-04-13 19:00:00,2023-04-14 19:00:00,654.28,0.11
CUST-831,ORD-2469,North,Clothing,2023-04-13 20:00:00,2023-04-14 20:00:00,618.03,0.3
CUST-921,ORD-2470,West,Grocery,2023-04-13 21:00:00,2023-04-14 21:00:00,340.8,0.32
CUST-858,ORD-2471,West,Clothing,2023-04-13 22:00:00,2023-04-14 22:00:00,819.73,0.37
CUST-352,ORD-2472,South,Clothing,2023-04-13 23:00:00,2023-04-14 23:00:00,,0.36
CUST-732,ORD-2473,East,Clothing,2023-04-14 00:00:00,2023-04-15 00:00:00,872.09,0.18
CUST-87,ORD-2474,West,Electronics,2023-04-14 01:00:00,2023-04-15 01:00:00,517.62,0.2
CUST-517,ORD-2475,West,Clothing,2023-04-14 02:00:00,2023-04-15 02:00:00,404.27,0.36
CUST-662,ORD-2476,East,Grocery,2023-04-14 03:00:00,2023-04-15 03:00:00,502.2,0.21
CUST-177,ORD-2477,West,Grocery,2023-04-14 04:00:00,2023-04-15 04:00:00,670.74,0.15
CUST-41,ORD-2478,West,Grocery,2023-04-14 05:00:00,2023-04-15 05:00:00,22.64,0.22
CUST-254,ORD-2479,South,Clothing,2023-04-14 06:00:00,2023-04-15 06:00:00,872.84,0.17
CUST-725,ORD-2480,North,Furniture,2023-04-14 07:00:00,2023-04-15 07:00:00,452.27,0.09
CUST-449,ORD-2481,North,Furniture,2023-04-14 08:00:00,2023-04-15 08:00:00,349.54,0.42
CUST-450,ORD-2482,North,Grocery,2023-04-14 09:00:00,2023-04-15 09:00:00,146.86,0.43
CUST-537,ORD-2483,North,Electronics,2023-04-14 10:00:00,2023-04-15 10:00:00,445.07,0.15
CUST-536,ORD-2484,West,Furniture,2023-04-14 11:00:00,2023-04-15 11:00:00,501.36,0.08
CUST-625,ORD-2485,East,Clothing,2023-04-14 12:00:00,2023-04-15 12:00:00,409.61,0.38
CUST-163,ORD-2486,East,Furniture,2023-04-14 13:00:00,2023-04-15 13:00:00,681.87,0.15
CUST-373,ORD-2487,South,Grocery,2023-04-14 14:00:00,2023-04-15 14:00:00,426.69,0.23
CUST-382,ORD-2488,South,Electronics,2023-04-14 15:00:00,2023-04-15 15:00:00,961.8,0.08
CUST-940,ORD-2489,West,Furniture,2023-04-14 16:00:00,2023-04-15 16:00:00,603.28,0.15
CUST-290,ORD-2490,East,Furniture,2023-04-14 17:00:00,2023-04-15 17:00:00,809.4,0.41
CUST-397,ORD-2491,East,Grocery,2023-04-14 18:00:00,2023-04-15 18:00:00,118.26,0.41
CUST-419,ORD-2492,North,Electronics,2023-04-14 19:00:00,2023-04-15 19:00:00,403.32,0.14
CUST-794,ORD-2493,West,Electronics,2023-04-14 20:00:00,2023-04-15 20:00:00,343.48,0.2
CUST-347,ORD-2494,West,Grocery,2023-04-14 21:00:00,2023-04-15 21:00:00,573.79,0.11
CUST-696,ORD-2495,North,Clothing,2023-04-14 22:00:00,2023-04-15 22:00:00,862.5,0.08
CUST-613,ORD-2496,West,Furniture,2023-04-14 23:00:00,2023-04-15 23:00:00,87.55,0.5
CUST-54,ORD-2497,West,Clothing,2023-04-15 00:00:00,2023-04-16 00:00:00,81.85,0.35
CUST-809,ORD-2498,South,Furniture,2023-04-15 01:00:00,2023-04-16 01:00:00,851.81,0.29
CUST-647,ORD-2499,East,Furniture,2023-04-15 02:00:00,2023-04-16 02:00:00,220.72,0.39
CUST-663,ORD-2500,West,Clothing,2023-04-15 03:00:00,2023-04-16 03:00:00,672.07,0.43
CUST-343,ORD-2501,South,Grocery,2023-04-15 04:00:00,2023-04-16 04:00:00,547.45,0.41
CUST-68,ORD-2502,East,Grocery,2023-04-15 05:00:00,2023-04-16 05:00:00,834.56,0.06
CUST-338,ORD-2503,North,Furniture,2023-04-15 06:00:00,2023-04-16 06:00:00,133.84,0.13
CUST-97,ORD-2504,South,Grocery,2023-04-15 07:00:00,2023-04-16 07:00:00,138.49,0.34
CUST-572,ORD-2505,South,Furniture,2023-04-15 08:00:00,2023-04-16 08:00:00,561.25,0.22
CUST-695,ORD-2506,East,Grocery,2023-04-15 09:00:00,2023-04-16 09:00:00,946.91,0.49
CUST-396,ORD-2507,North,Furniture,2023-04-15 10:00:00,2023-04-16 10:00:00,420.85,0.35
CUST-291,ORD-2508,South,Grocery,2023-04-15 11:00:00,2023-04-16 11:00:00,333.67,0.48
CUST-259,ORD-2509,West,Electronics,2023-04-15 12:00:00,2023-04-16 12:00:00,610.62,0.14
CUST-742,ORD-2510,West,Clothing,2023-04-15 13:00:00,2023-04-16 13:00:00,931.14,0.44
CUST-873,ORD-2511,West,Electronics,2023-04-15 14:00:00,2023-04-16 14:00:00,838.56,0.19
CUST-673,ORD-2512,North,Clothing,2023-04-15 15:00:00,2023-04-16 15:00:00,995.53,0.5
CUST-988,ORD-2513,South,Clothing,2023-04-15 16:00:00,2023-04-16 16:00:00,32.34,0.12
CUST-929,ORD-2514,West,Furniture,2023-04-15 17:00:00,2023-04-16 17:00:00,121.73,0.28
CUST-618,ORD-2515,North,Clothing,2023-04-15 18:00:00,2023-04-16 18:00:00,613.37,0.41
CUST-895,ORD-2516,West,Electronics,2023-04-15 19:00:00,2023-04-16 19:00:00,822.37,0.24
CUST-154,ORD-2517,East,Electronics,2023-04-15 20:00:00,2023-04-16 20:00:00,292.39,0.26
CUST-342,ORD-2518,South,Grocery,2023-04-15 21:00:00,2023-04-16 21:00:00,246.82,0.49
CUST-84,ORD-2519,South,Electronics,2023-04-15 22:00:00,2023-04-16 22:00:00,789.11,0.24
CUST-597,ORD-2520,North,Grocery,2023-04-15 23:00:00,2023-04-16 23:00:00,65.82,0.32
CUST-680,ORD-2521,North,Clothing,2023-04-16 00:00:00,2023-04-17 00:00:00,375.69,0.07
CUST-145,ORD-2522,South,Electronics,2023-04-16 01:00:00,2023-04-17 01:00:00,510.75,0.43
CUST-939,ORD-2523,West,Clothing,2023-04-16 02:00:00,2023-04-17 02:00:00,564.75,0.34
CUST-359,ORD-2524,West,Electronics,2023-04-16 03:00:00,2023-04-17 03:00:00,731.33,0.23
CUST-318,ORD-2525,East,Electronics,2023-04-16 04:00:00,2023-04-17 04:00:00,361.3,0.06
CUST-991,ORD-2526,West,Grocery,2023-04-16 05:00:00,2023-04-17 05:00:00,616.56,0.32
CUST-672,ORD-2527,North,Clothing,2023-04-16 06:00:00,2023-04-17 06:00:00,589.52,0.06
CUST-716,ORD-2528,North,Electronics,2023-04-16 07:00:00,2023-04-17 07:00:00,552.14,0.05
CUST-679,ORD-2529,West,Furniture,2023-04-16 08:00:00,2023-04-17 08:00:00,644.08,0.33
CUST-402,ORD-2530,North,Clothing,2023-04-16 09:00:00,2023-04-17 09:00:00,266.85,0.14
CUST-133,ORD-2531,South,Clothing,2023-04-16 10:00:00,2023-04-17 10:00:00,93.8,0.14
CUST-610,ORD-2532,South,Clothing,2023-04-16 11:00:00,2023-04-17 11:00:00,128.08,0.34
CUST-726,ORD-2533,West,Grocery,2023-04-16 12:00:00,2023-04-17 12:00:00,232.34,0.07
CUST-961,ORD-2534,South,Furniture,2023-04-16 13:00:00,2023-04-17 13:00:00,505.2,0.28500000000000003
CUST-87,ORD-2535,South,Clothing,2023-04-16 14:00:00,2023-04-17 14:00:00,842.04,0.12
CUST-318,ORD-2536,East,Electronics,2023-04-16 15:00:00,2023-04-17 15:00:00,704.28,0.31
CUST-573,ORD-2537,East,Electronics,2023-04-16 16:00:00,2023-04-17 16:00:00,791.15,0.35
CUST-386,ORD-2538,South,Grocery,2023-04-16 17:00:00,2023-04-17 17:00:00,357.47,0.37
CUST-659,ORD-2539,West,Electronics,2023-04-16 18:00:00,2023-04-17 18:00:00,410.61,0.24
CUST-811,ORD-2540,East,Clothing,2023-04-16 19:00:00,2023-04-17 19:00:00,399.75,0.09
CUST-337,ORD-2541,North,Electronics,2023-04-16 20:00:00,2023-04-17 20:00:00,199.95,0.135
CUST-833,ORD-2542,North,Clothing,2023-04-16 21:00:00,2023-04-17 21:00:00,70.6,0.24
CUST-131,ORD-2543,North,Electronics,2023-04-16 22:00:00,2023-04-17 22:00:00,595.01,0.48
CUST-687,ORD-2544,West,Furniture,2023-04-16 23:00:00,2023-04-17 23:00:00,989.32,0.15
CUST-720,ORD-2545,South,Grocery,2023-04-17 00:00:00,2023-04-18 00:00:00,175.16,0.17
CUST-849,ORD-2546,North,Grocery,2023-04-17 01:00:00,2023-04-18 01:00:00,56.22,0.1
CUST-970,ORD-2547,West,Furniture,2023-04-17 02:00:00,2023-04-18 02:00:00,781.74,0.32
CUST-757,ORD-2548,East,Furniture,2023-04-17 03:00:00,2023-04-18 03:00:00,260.06,0.36
CUST-702,ORD-2549,South,Grocery,2023-04-17 04:00:00,2023-04-18 04:00:00,831.35,0.34
CUST-935,ORD-2550,East,Furniture,2023-04-17 05:00:00,2023-04-18 05:00:00,706.9,0.44
CUST-540,ORD-2551,West,Clothing,2023-04-17 06:00:00,2023-04-18 06:00:00,946.22,0.27
CUST-96,ORD-2552,North,Electronics,2023-04-17 07:00:00,2023-04-18 07:00:00,414.84,0.11
CUST-662,ORD-2553,North,Grocery,2023-04-17 08:00:00,2023-04-18 08:00:00,665.35,0.18
CUST-687,ORD-2554,West,Furniture,2023-04-17 09:00:00,2023-04-18 09:00:00,470.21,0.35
CUST-434,ORD-2555,North,Clothing,2023-04-17 10:00:00,2023-04-18 10:00:00,634.28,0.33
CUST-521,ORD-2556,South,Grocery,2023-04-17 11:00:00,2023-04-18 11:00:00,455.1,0.29
CUST-371,ORD-2557,West,Furniture,2023-04-17 12:00:00,2023-04-18 12:00:00,196.75,0.36
CUST-19,ORD-2558,East,Grocery,2023-04-17 13:00:00,2023-04-18 13:00:00,512.82,0.34
CUST-372,ORD-2559,West,Furniture,2023-04-17 14:00:00,2023-04-18 14:00:00,533.3,0.45
CUST-317,ORD-2560,South,Grocery,2023-04-17 15:00:00,2023-04-18 15:00:00,812.5,0.31
CUST-185,ORD-2561,South,Clothing,2023-04-17 16:00:00,2023-04-18 16:00:00,738.17,0.4
CUST-974,ORD-2562,West,Clothing,2023-04-17 17:00:00,2023-04-18 17:00:00,667.15,0.16
CUST-220,ORD-2563,West,Electronics,2023-04-17 18:00:00,2023-04-18 18:00:00,122.25,0.36
CUST-350,ORD-2564,North,Grocery,2023-04-17 19:00:00,2023-04-18 19:00:00,723.41,0.46
CUST-971,ORD-2565,South,Electronics,2023-04-17 20:00:00,2023-04-18 20:00:00,505.3,0.22
CUST-785,ORD-2566,West,Grocery,2023-04-17 21:00:00,2023-04-18 21:00:00,895.16,0.4
CUST-498,ORD-2567,West,Furniture,2023-04-17 22:00:00,2023-04-18 22:00:00,460.335,0.38
CUST-197,ORD-2568,South,Furniture,2023-04-17 23:00:00,2023-04-18 23:00:00,64.61,0.08
CUST-232,ORD-2569,West,Electronics,2023-04-18 00:00:00,2023-04-19 00:00:00,822.44,0.31
CUST-141,ORD-2570,North,Grocery,2023-04-18 01:00:00,2023-04-19 01:00:00,47.32,0.11
CUST-159,ORD-2571,South,Electronics,2023-04-18 02:00:00,2023-04-19 02:00:00,373.5,0.49
CUST-80,ORD-2572,North,Clothing,2023-04-18 03:00:00,2023-04-19 03:00:00,546.88,0.42
CUST-303,ORD-2573,North,Electronics,2023-04-18 04:00:00,2023-04-19 04:00:00,156.62,0.1
CUST-865,ORD-2574,North,Electronics,2023-04-18 05:00:00,2023-04-19 05:00:00,748.85,0.1
CUST-808,ORD-2575,North,Furniture,2023-04-18 06:00:00,2023-04-19 06:00:00,18.27,0.32
CUST-104,ORD-2576,South,Electronics,2023-04-18 07:00:00,2023-04-19 07:00:00,176.91,0.21
CUST-520,ORD-2577,North,Grocery,2023-04-18 08:00:00,2023-04-19 08:00:00,292.495,0.07
CUST-790,ORD-2578,North,Furniture,2023-04-18 09:00:00,2023-04-19 09:00:00,717.24,0.29
CUST-553,ORD-2579,West,Electronics,2023-04-18 10:00:00,2023-04-19 10:00:00,917.48,0.22
CUST-856,ORD-2580,South,Clothing,2023-04-18 11:00:00,2023-04-19 11:00:00,708.44,0.1
CUST-757,ORD-2581,South,Electronics,2023-04-18 12:00:00,2023-04-19 12:00:00,675.06,0.41
CUST-905,ORD-2582,East,Electronics,2023-04-18 13:00:00,2023-04-19 13:00:00,400.4,0.46
CUST-540,ORD-2583,South,Electronics,2023-04-18 14:00:00,2023-04-19 14:00:00,11.27,0.39
CUST-39,ORD-2584,South,Furniture,2023-04-18 15:00:00,2023-04-19 15:00:00,128.96,0.42
CUST-678,ORD-2585,East,Grocery,2023-04-18 16:00:00,2023-04-19 16:00:00,539.21,0.15
CUST-345,ORD-2586,South,Clothing,2023-04-18 17:00:00,2023-04-19 17:00:00,678.38,0.17
CUST-898,ORD-2587,South,Electronics,2023-04-18 18:00:00,2023-04-19 18:00:00,423.27,0.14
CUST-785,ORD-2588,South,Grocery,2023-04-18 19:00:00,2023-04-19 19:00:00,733.37,0.39
CUST-633,ORD-2589,South,Grocery,2023-04-18 20:00:00,2023-04-19 20:00:00,526.64,0.48
CUST-135,ORD-2590,East,Furniture,2023-04-18 21:00:00,2023-04-19 21:00:00,83.43,0.37
CUST-612,ORD-2591,South,Clothing,2023-04-18 22:00:00,2023-04-19 22:00:00,200.1,0.45
CUST-386,ORD-2592,South,Furniture,2023-04-18 23:00:00,2023-04-19 23:00:00,841.6,0.34
CUST-158,ORD-2593,East,Grocery,2023-04-19 00:00:00,2023-04-20 00:00:00,,0.22
CUST-167,ORD-2594,West,Grocery,2023-04-19 01:00:00,2023-04-20 01:00:00,895.81,0.24
CUST-186,ORD-2595,North,Grocery,2023-04-19 02:00:00,2023-04-20 02:00:00,126.38,0.08
CUST-852,ORD-2596,West,Furniture,2023-04-19 03:00:00,2023-04-20 03:00:00,990.32,0.06
CUST-710,ORD-2597,East,Clothing,2023-04-19 04:00:00,2023-04-20 04:00:00,217.31,0.36
CUST-790,ORD-2598,North,Electronics,2023-04-19 05:00:00,2023-04-20 05:00:00,21.66,0.25
CUST-640,ORD-2599,East,Furniture,2023-04-19 06:00:00,2023-04-20 06:00:00,997.45,0.3
CUST-829,ORD-2600,East,Grocery,2023-04-19 07:00:00,2023-04-20 07:00:00,288.26,0.3
CUST-925,ORD-2601,South,Furniture,2023-04-19 08:00:00,2023-04-20 08:00:00,671.34,0.17
CUST-170,ORD-2602,North,Grocery,2023-04-19 09:00:00,2023-04-20 09:00:00,184.92,0.26
CUST-739,ORD-2603,South,Electronics,2023-04-19 10:00:00,2023-04-20 10:00:00,584.43,0.26
CUST-449,ORD-2604,North,Electronics,2023-04-19 11:00:00,2023-04-20 11:00:00,904.99,0.22
CUST-45,ORD-2605,East,Clothing,2023-04-19 12:00:00,2023-04-20 12:00:00,326.98,0.42
CUST-421,ORD-2606,East,Grocery,2023-04-19 13:00:00,2023-04-20 13:00:00,673.55,0.25
CUST-374,ORD-2607,West,Clothing,2023-04-19 14:00:00,2023-04-20 14:00:00,196.02,0.32
CUST-693,ORD-2608,North,Clothing,2023-04-19 15:00:00,2023-04-20 15:00:00,628.55,0.45
CUST-737,ORD-2609,South,Electronics,2023-04-19 16:00:00,2023-04-20 16:00:00,343.09,0.44
CUST-244,ORD-2610,West,Furniture,2023-04-19 17:00:00,2023-04-20 17:00:00,219.1,0.45
CUST-993,ORD-2611,West,Furniture,2023-04-19 18:00:00,2023-04-20 18:00:00,320.05,0.17
CUST-455,ORD-2612,West,Clothing,2023-04-19 19:00:00,2023-04-20 19:00:00,187.05,0.07
CUST-626,ORD-2613,South,Electronics,2023-04-19 20:00:00,2023-04-20 20:00:00,902.9,0.17
CUST-292,ORD-2614,West,Grocery,2023-04-19 21:00:00,2023-04-20 21:00:00,403.22,0.18
CUST-771,ORD-2615,South,Furniture,2023-04-19 22:00:00,2023-04-20 22:00:00,252.83,0.46
CUST-767,ORD-2616,West,Clothing,2023-04-19 23:00:00,2023-04-20 23:00:00,453.92,0.34
CUST-803,ORD-2617,South,Furniture,2023-04-20 00:00:00,2023-04-21 00:00:00,327.33,0.09
CUST-460,ORD-2618,East,Furniture,2023-04-20 01:00:00,2023-04-21 01:00:00,746.98,0.11
CUST-240,ORD-2619,East,Grocery,2023-04-20 02:00:00,2023-04-21 02:00:00,971.51,0.12
CUST-547,ORD-2620,East,Electronics,2023-04-20 03:00:00,2023-04-21 03:00:00,443.65,0.33
CUST-245,ORD-2621,East,Grocery,2023-04-20 04:00:00,2023-04-21 04:00:00,862.42,
CUST-317,ORD-2622,East,Electronics,2023-04-20 05:00:00,2023-04-21 05:00:00,570.2,0.44
CUST-989,ORD-2623,West,Furniture,2023-04-20 06:00:00,2023-04-21 06:00:00,165.66,0.47
CUST-829,ORD-2624,West,Clothing,2023-04-20 07:00:00,2023-04-21 07:00:00,693.72,0.14
CUST-804,ORD-2625,West,Grocery,2023-04-20 08:00:00,2023-04-21 08:00:00,518.3,0.19
CUST-481,ORD-2626,South,Electronics,2023-04-20 09:00:00,2023-04-21 09:00:00,654.1,0.16
CUST-926,ORD-2627,South,Furniture,2023-04-20 10:00:00,2023-04-21 10:00:00,890.79,0.21
CUST-856,ORD-2628,South,Electronics,2023-04-20 11:00:00,2023-04-21 11:00:00,446.03,0.46
CUST-199,ORD-2629,South,Electronics,2023-04-20 12:00:00,2023-04-21 12:00:00,902.17,0.31
CUST-377,ORD-2630,East,Electronics,2023-04-20 13:00:00,2023-04-21 13:00:00,753.16,0.38
CUST-695,ORD-2631,East,Furniture,2023-04-20 14:00:00,2023-04-21 14:00:00,493.72,0.27
CUST-970,ORD-2632,East,Clothing,2023-04-20 15:00:00,2023-04-21 15:00:00,607.19,0.06
CUST-585,ORD-2633,North,Clothing,2023-04-20 16:00:00,2023-04-21 16:00:00,332.33,0.08
CUST-452,ORD-2634,West,Clothing,2023-04-20 17:00:00,2023-04-21 17:00:00,983.76,0.29
CUST-473,ORD-2635,South,Electronics,2023-04-20 18:00:00,2023-04-21 18:00:00,670.68,0.37
CUST-788,ORD-2636,South,Furniture,2023-04-20 19:00:00,2023-04-21 19:00:00,53.41,0.15
CUST-289,ORD-2637,East,Electronics,2023-04-20 20:00:00,2023-04-21 20:00:00,333.36,
CUST-797,ORD-2638,South,Clothing,2023-04-20 21:00:00,2023-04-21 21:00:00,627.08,0.41
CUST-392,ORD-2639,South,Clothing,2023-04-20 22:00:00,2023-04-21 22:00:00,65.77,0.24
CUST-515,ORD-2640,West,Furniture,2023-04-20 23:00:00,2023-04-21 23:00:00,33.65,0.39
CUST-541,ORD-2641,East,Electronics,2023-04-21 00:00:00,2023-04-22 00:00:00,455.52,0.23
CUST-429,ORD-2642,West,Grocery,2023-04-21 01:00:00,2023-04-22 01:00:00,339.36,0.36
CUST-990,ORD-2643,North,Grocery,2023-04-21 02:00:00,2023-04-22 02:00:00,443.92,0.39
CUST-166,ORD-2644,North,Clothing,2023-04-21 03:00:00,2023-04-22 03:00:00,270.07,0.5
CUST-837,ORD-2645,North,Furniture,2023-04-21 04:00:00,2023-04-22 04:00:00,173.07,0.21
CUST-205,ORD-2646,East,Electronics,2023-04-21 05:00:00,2023-04-22 05:00:00,692.25,0.23
CUST-821,ORD-2647,South,Electronics,2023-04-21 06:00:00,2023-04-22 06:00:00,519.43,0.12
CUST-620,ORD-2648,East,Clothing,2023-04-21 07:00:00,2023-04-22 07:00:00,208.15,0.14
CUST-142,ORD-2649,East,Clothing,2023-04-21 08:00:00,2023-04-22 08:00:00,326.39,0.36
CUST-894,ORD-2650,South,Electronics,2023-04-21 09:00:00,2023-04-22 09:00:00,595.89,0.46
CUST-257,ORD-2651,West,Electronics,2023-04-21 10:00:00,2023-04-22 10:00:00,81.51,0.23
CUST-54,ORD-2652,North,Clothing,2023-04-21 11:00:00,2023-04-22 11:00:00,155.98,0.13
CUST-657,ORD-2653,West,Electronics,2023-04-21 12:00:00,2023-04-22 12:00:00,82.51,0.18
CUST-493,ORD-2654,North,Grocery,2023-04-21 13:00:00,2023-04-22 13:00:00,814.19,0.25
CUST-896,ORD-2655,East,Clothing,2023-04-21 14:00:00,2023-04-22 14:00:00,754.89,0.18
CUST-381,ORD-2656,North,Electronics,2023-04-21 15:00:00,2023-04-22 15:00:00,755.78,0.16
CUST-568,ORD-2657,East,Clothing,2023-04-21 16:00:00,2023-04-22 16:00:00,719.16,0.38
CUST-957,ORD-2658,West,Furniture,2023-04-21 17:00:00,2023-04-22 17:00:00,672.69,0.05
CUST-106,ORD-2659,East,Clothing,2023-04-21 18:00:00,2023-04-22 18:00:00,482.22,0.29
CUST-729,ORD-2660,West,Clothing,2023-04-21 19:00:00,2023-04-22 19:00:00,645.86,0.41
CUST-867,ORD-2661,South,Furniture,2023-04-21 20:00:00,2023-04-22 20:00:00,47.98,0.17
CUST-529,ORD-2662,South,Grocery,2023-04-21 21:00:00,2023-04-22 21:00:00,625.25,0.32
CUST-872,ORD-2663,South,Electronics,2023-04-21 22:00:00,2023-04-22 22:00:00,780.1,0.35
CUST-128,ORD-2664,East,Furniture,2023-04-21 23:00:00,2023-04-22 23:00:00,505.35,0.34
CUST-292,ORD-2665,South,Clothing,2023-04-22 00:00:00,2023-04-23 00:00:00,363.94,0.25
CUST-86,ORD-2666,North,Electronics,2023-04-22 01:00:00,2023-04-23 01:00:00,284.65,0.21
CUST-782,ORD-2667,West,Furniture,2023-04-22 02:00:00,2023-04-23 02:00:00,646.37,0.43
CUST-165,ORD-2668,West,Electronics,2023-04-22 03:00:00,2023-04-23 03:00:00,695.87,0.39
CUST-280,ORD-2669,North,Electronics,2023-04-22 04:00:00,2023-04-23 04:00:00,872.26,0.19
CUST-461,ORD-2670,East,Furniture,2023-04-22 05:00:00,2023-04-23 05:00:00,348.91,0.1
CUST-928,ORD-2671,East,Electronics,2023-04-22 06:00:00,2023-04-23 06:00:00,772.07,0.08
CUST-526,ORD-2672,West,Grocery,2023-04-22 07:00:00,2023-04-23 07:00:00,565.74,0.09
CUST-151,ORD-2673,South,Furniture,2023-04-22 08:00:00,2023-04-23 08:00:00,884.01,0.31
CUST-851,ORD-2674,East,Grocery,2023-04-22 09:00:00,2023-04-23 09:00:00,532.53,0.07
CUST-448,ORD-2675,East,Clothing,2023-04-22 10:00:00,2023-04-23 10:00:00,522.45,0.2
CUST-94,ORD-2676,North,Electronics,2023-04-22 11:00:00,2023-04-23 11:00:00,582.1,0.39
CUST-970,ORD-2677,North,Clothing,2023-04-22 12:00:00,2023-04-23 12:00:00,751.82,0.27
CUST-933,ORD-2678,South,Clothing,2023-04-22 13:00:00,2023-04-23 13:00:00,965.04,0.39
CUST-228,ORD-2679,East,Electronics,2023-04-22 14:00:00,2023-04-23 14:00:00,82.83,0.39
CUST-837,ORD-2680,East,Furniture,2023-04-22 15:00:00,2023-04-23 15:00:00,62.9,0.16
CUST-462,ORD-2681,North,Electronics,2023-04-22 16:00:00,2023-04-23 16:00:00,938.17,0.38
CUST-906,ORD-2682,East,Clothing,2023-04-22 17:00:00,2023-04-23 17:00:00,534.58,0.39
CUST-358,ORD-2683,West,Clothing,2023-04-22 18:00:00,2023-04-23 18:00:00,618.75,0.23
CUST-953,ORD-2684,North,Furniture,2023-04-22 19:00:00,2023-04-23 19:00:00,487.6,0.14
CUST-28,ORD-2685,South,Electronics,2023-04-22 20:00:00,2023-04-23 20:00:00,102.72,0.28
CUST-425,ORD-2686,North,Clothing,2023-04-22 21:00:00,2023-04-23 21:00:00,770.41,0.46
CUST-55,ORD-2687,East,Grocery,2023-04-22 22:00:00,2023-04-23 22:00:00,749.75,0.34
CUST-406,ORD-2688,South,Clothing,2023-04-22 23:00:00,2023-04-23 23:00:00,318.59,0.13
CUST-515,ORD-2689,North,Clothing,2023-04-23 00:00:00,2023-04-24 00:00:00,313.18,0.36
CUST-383,ORD-2690,West,Furniture,2023-04-23 01:00:00,2023-04-24 01:00:00,839.46,0.24
CUST-242,ORD-2691,West,Grocery,2023-04-23 02:00:00,2023-04-24 02:00:00,81.63,0.32
CUST-396,ORD-2692,North,Clothing,2023-04-23 03:00:00,2023-04-24 03:00:00,882.29,0.38
CUST-84,ORD-2693,West,Clothing,2023-04-23 04:00:00,2023-04-24 04:00:00,264.1,0.28
CUST-384,ORD-2694,West,Grocery,2023-04-23 05:00:00,2023-04-24 05:00:00,597.05,0.42
CUST-230,ORD-2695,West,Electronics,2023-04-23 06:00:00,2023-04-24 06:00:00,936.63,0.37
CUST-29,ORD-2696,South,Electronics,2023-04-23 07:00:00,2023-04-24 07:00:00,681.34,0.33
CUST-327,ORD-2697,West,Clothing,2023-04-23 08:00:00,2023-04-24 08:00:00,420.29,0.12
CUST-954,ORD-2698,West,Clothing,2023-04-23 09:00:00,2023-04-24 09:00:00,692.64,0.43
CUST-102,ORD-2699,West,Electronics,2023-04-23 10:00:00,2023-04-24 10:00:00,350.54,0.47
CUST-860,ORD-2700,South,Furniture,2023-04-23 11:00:00,2023-04-24 11:00:00,284.49,0.11
CUST-732,ORD-2701,North,Grocery,2023-04-23 12:00:00,2023-04-24 12:00:00,996.72,0.27
CUST-666,ORD-2702,East,Grocery,2023-04-23 13:00:00,2023-04-24 13:00:00,753.28,0.17
CUST-344,ORD-2703,West,Furniture,2023-04-23 14:00:00,2023-04-24 14:00:00,648.27,0.39
CUST-811,ORD-2704,North,Furniture,2023-04-23 15:00:00,2023-04-24 15:00:00,361.74,0.37
CUST-150,ORD-2705,West,Furniture,2023-04-23 16:00:00,2023-04-24 16:00:00,58.67,0.11
CUST-141,ORD-2706,South,Furniture,2023-04-23 17:00:00,2023-04-24 17:00:00,40.75,0.44
CUST-40,ORD-2707,North,Furniture,2023-04-23 18:00:00,2023-04-24 18:00:00,558.64,0.13
CUST-294,ORD-2708,South,Furniture,2023-04-23 19:00:00,2023-04-24 19:00:00,764.41,0.41
CUST-940,ORD-2709,West,Grocery,2023-04-23 20:00:00,2023-04-24 20:00:00,542.01,0.26
CUST-850,ORD-2710,West,Furniture,2023-04-23 21:00:00,2023-04-24 21:00:00,842.38,0.2
CUST-484,ORD-2711,South,Electronics,2023-04-23 22:00:00,2023-04-24 22:00:00,43.09,0.12
CUST-713,ORD-2712,East,Furniture,2023-04-23 23:00:00,2023-04-24 23:00:00,373.08,0.13
CUST-852,ORD-2713,South,Furniture,2023-04-24 00:00:00,2023-04-25 00:00:00,244.7,0.35
CUST-143,ORD-2714,West,Grocery,2023-04-24 01:00:00,2023-04-25 01:00:00,452.8,0.3
CUST-778,ORD-2715,South,Grocery,2023-04-24 02:00:00,2023-04-25 02:00:00,81.65,0.1
CUST-723,ORD-2716,East,Furniture,2023-04-24 03:00:00,2023-04-25 03:00:00,954.59,0.1
CUST-481,ORD-2717,South,Grocery,2023-04-24 04:00:00,2023-04-25 04:00:00,231.02,0.08
CUST-460,ORD-2718,East,Clothing,2023-04-24 05:00:00,2023-04-25 05:00:00,923.08,0.38
CUST-631,ORD-2719,East,Grocery,2023-04-24 06:00:00,2023-04-25 06:00:00,431.63,0.37
CUST-6,ORD-2720,South,Grocery,2023-04-24 07:00:00,2023-04-25 07:00:00,985.67,0.08
CUST-928,ORD-2721,South,Grocery,2023-04-24 08:00:00,2023-04-25 08:00:00,558.52,0.3
CUST-82,ORD-2722,North,Grocery,2023-04-24 09:00:00,2023-04-25 09:00:00,931.52,0.09
CUST-20,ORD-2723,West,Electronics,2023-04-24 10:00:00,2023-04-25 10:00:00,15.3,0.46
CUST-263,ORD-2724,East,Electronics,2023-04-24 11:00:00,2023-04-25 11:00:00,750.76,0.46
CUST-221,ORD-2725,North,Electronics,2023-04-24 12:00:00,2023-04-25 12:00:00,904.02,0.36
CUST-856,ORD-2726,South,Furniture,2023-04-24 13:00:00,2023-04-25 13:00:00,148.32,0.47
CUST-154,ORD-2727,West,Furniture,2023-04-24 14:00:00,2023-04-25 14:00:00,105.16,0.42
CUST-562,ORD-2728,North,Clothing,2023-04-24 15:00:00,2023-04-25 15:00:00,430.33,0.42
CUST-963,ORD-2729,East,Electronics,2023-04-24 16:00:00,2023-04-25 16:00:00,934.34,0.31
CUST-745,ORD-2730,North,Furniture,2023-04-24 17:00:00,2023-04-25 17:00:00,546.96,0.19
CUST-624,ORD-2731,East,Grocery,2023-04-24 18:00:00,2023-04-25 18:00:00,532.18,0.15
CUST-541,ORD-2732,South,Grocery,2023-04-24 19:00:00,2023-04-25 19:00:00,149.71,0.2
CUST-434,ORD-2733,West,Electronics,2023-04-24 20:00:00,2023-04-25 20:00:00,10.78,0.33
CUST-114,ORD-2734,West,Clothing,2023-04-24 21:00:00,2023-04-25 21:00:00,812.04,0.13
CUST-795,ORD-2735,West,Clothing,2023-04-24 22:00:00,2023-04-25 22:00:00,96.7,0.17
CUST-296,ORD-2736,South,Grocery,2023-04-24 23:00:00,2023-04-25 23:00:00,637.51,0.26
CUST-244,ORD-2737,East,Clothing,2023-04-25 00:00:00,2023-04-26 00:00:00,915.47,0.15
CUST-309,ORD-2738,South,Electronics,2023-04-25 01:00:00,2023-04-26 01:00:00,216.57,0.31
CUST-125,ORD-2739,West,Grocery,2023-04-25 02:00:00,2023-04-26 02:00:00,668.62,0.47
CUST-49,ORD-2740,South,Furniture,2023-04-25 03:00:00,2023-04-26 03:00:00,87.91,0.39
CUST-245,ORD-2741,South,Furniture,2023-04-25 04:00:00,2023-04-26 04:00:00,607.72,0.35
CUST-430,ORD-2742,South,Clothing,2023-04-25 05:00:00,2023-04-26 05:00:00,172.29,0.31
CUST-655,ORD-2743,East,Grocery,2023-04-25 06:00:00,2023-04-26 06:00:00,738.59,0.27
CUST-813,ORD-2744,North,Grocery,2023-04-25 07:00:00,2023-04-26 07:00:00,308.22,0.13
CUST-638,ORD-2745,North,Furniture,2023-04-25 08:00:00,2023-04-26 08:00:00,468.76,0.45
CUST-469,ORD-2746,South,Grocery,2023-04-25 09:00:00,2023-04-26 09:00:00,603.44,0.16
CUST-65,ORD-2747,North,Grocery,2023-04-25 10:00:00,2023-04-26 10:00:00,179.56,0.09
CUST-114,ORD-2748,North,Grocery,2023-04-25 11:00:00,2023-04-26 11:00:00,744.22,0.39
CUST-857,ORD-2749,South,Clothing,2023-04-25 12:00:00,2023-04-26 12:00:00,309.61,0.13
CUST-927,ORD-2750,South,Grocery,2023-04-25 13:00:00,2023-04-26 13:00:00,665.75,0.22
CUST-512,ORD-2751,West,Electronics,2023-04-25 14:00:00,2023-04-26 14:00:00,166.7,0.06
CUST-612,ORD-2752,North,Clothing,2023-04-25 15:00:00,2023-04-26 15:00:00,691.24,0.11
CUST-549,ORD-2753,East,Grocery,2023-04-25 16:00:00,2023-04-26 16:00:00,136.91,0.13
CUST-17,ORD-2754,South,Grocery,2023-04-25 17:00:00,2023-04-26 17:00:00,431.1,0.07
CUST-648,ORD-2755,West,Electronics,2023-04-25 18:00:00,2023-04-26 18:00:00,254.73,0.35
CUST-528,ORD-2756,East,Clothing,2023-04-25 19:00:00,2023-04-26 19:00:00,750.89,0.43
CUST-589,ORD-2757,North,Furniture,2023-04-25 20:00:00,2023-04-26 20:00:00,269.41,0.22
CUST-248,ORD-2758,West,Furniture,2023-04-25 21:00:00,2023-04-26 21:00:00,882.9,0.44
CUST-736,ORD-2759,South,Clothing,2023-04-25 22:00:00,2023-04-26 22:00:00,892.9,0.15
CUST-148,ORD-2760,East,Grocery,2023-04-25 23:00:00,2023-04-26 23:00:00,204.48,0.2
CUST-299,ORD-2761,South,Grocery,2023-04-26 00:00:00,2023-04-27 00:00:00,617.71,0.12
CUST-440,ORD-2762,North,Furniture,2023-04-26 01:00:00,2023-04-27 01:00:00,96.84,0.33
CUST-2,ORD-2763,East,Furniture,2023-04-26 02:00:00,2023-04-27 02:00:00,397.62,0.24
CUST-630,ORD-2764,North,Furniture,2023-04-26 03:00:00,2023-04-27 03:00:00,716.19,0.33
CUST-362,ORD-2765,North,Electronics,2023-04-26 04:00:00,2023-04-27 04:00:00,662.83,0.39
CUST-247,ORD-2766,West,Furniture,2023-04-26 05:00:00,2023-04-27 05:00:00,628.45,0.3
CUST-585,ORD-2767,South,Electronics,2023-04-26 06:00:00,2023-04-27 06:00:00,289.72,0.33
CUST-427,ORD-2768,East,Clothing,2023-04-26 07:00:00,2023-04-27 07:00:00,384.24,0.47
CUST-192,ORD-2769,North,Grocery,2023-04-26 08:00:00,2023-04-27 08:00:00,111.92,0.18
CUST-681,ORD-2770,North,Furniture,2023-04-26 09:00:00,2023-04-27 09:00:00,721.83,0.21
CUST-685,ORD-2771,East,Grocery,2023-04-26 10:00:00,2023-04-27 10:00:00,508.85,0.37
CUST-88,ORD-2772,North,Grocery,2023-04-26 11:00:00,2023-04-27 11:00:00,711.68,0.33
CUST-537,ORD-2773,West,Furniture,2023-04-26 12:00:00,2023-04-27 12:00:00,256.45,0.13
CUST-999,ORD-2774,West,Furniture,2023-04-26 13:00:00,2023-04-27 13:00:00,331.19,0.22
CUST-370,ORD-2775,West,Clothing,2023-04-26 14:00:00,2023-04-27 14:00:00,340.87,0.26
CUST-70,ORD-2776,West,Electronics,2023-04-26 15:00:00,2023-04-27 15:00:00,35.48,0.24
CUST-977,ORD-2777,North,Electronics,2023-04-26 16:00:00,2023-04-27 16:00:00,347.64,0.13
CUST-539,ORD-2778,East,Grocery,2023-04-26 17:00:00,2023-04-27 17:00:00,805.27,0.47
CUST-558,ORD-2779,East,Furniture,2023-04-26 18:00:00,2023-04-27 18:00:00,898.33,0.39
CUST-520,ORD-2780,East,Clothing,2023-04-26 19:00:00,2023-04-27 19:00:00,523.04,0.27
CUST-806,ORD-2781,East,Clothing,2023-04-26 20:00:00,2023-04-27 20:00:00,460.95,0.36
CUST-520,ORD-2782,South,Clothing,2023-04-26 21:00:00,2023-04-27 21:00:00,40.52,0.45
CUST-568,ORD-2783,East,Clothing,2023-04-26 22:00:00,2023-04-27 22:00:00,880.41,0.11
CUST-21,ORD-2784,South,Clothing,2023-04-26 23:00:00,2023-04-27 23:00:00,22.88,0.16
CUST-400,ORD-2785,South,Electronics,2023-04-27 00:00:00,2023-04-28 00:00:00,945.3,0.29
CUST-895,ORD-2786,West,Electronics,2023-04-27 01:00:00,2023-04-28 01:00:00,494.32,0.41
CUST-482,ORD-2787,South,Electronics,2023-04-27 02:00:00,2023-04-28 02:00:00,348.52,0.07
CUST-45,ORD-2788,North,Furniture,2023-04-27 03:00:00,2023-04-28 03:00:00,924.98,0.49
CUST-651,ORD-2789,South,Grocery,2023-04-27 04:00:00,2023-04-28 04:00:00,34.15,0.25
CUST-397,ORD-2790,West,Clothing,2023-04-27 05:00:00,2023-04-28 05:00:00,585.61,0.21
CUST-383,ORD-2791,South,Furniture,2023-04-27 06:00:00,2023-04-28 06:00:00,553.44,0.18
CUST-260,ORD-2792,North,Clothing,2023-04-27 07:00:00,2023-04-28 07:00:00,227.13,0.13
CUST-766,ORD-2793,North,Electronics,2023-04-27 08:00:00,2023-04-28 08:00:00,434.6,0.41
CUST-17,ORD-2794,North,Furniture,2023-04-27 09:00:00,2023-04-28 09:00:00,655.74,0.48
CUST-366,ORD-2795,West,Electronics,2023-04-27 10:00:00,2023-04-28 10:00:00,729.86,0.24
CUST-808,ORD-2796,West,Clothing,2023-04-27 11:00:00,2023-04-28 11:00:00,10.71,0.48
CUST-70,ORD-2797,East,Clothing,2023-04-27 12:00:00,2023-04-28 12:00:00,937.48,0.42
CUST-354,ORD-2798,West,Grocery,2023-04-27 13:00:00,2023-04-28 13:00:00,172.88,0.27
CUST-247,ORD-2799,North,Clothing,2023-04-27 14:00:00,2023-04-28 14:00:00,241.24,0.35
CUST-751,ORD-2800,North,Electronics,2023-04-27 15:00:00,2023-04-28 15:00:00,270.84,0.25
CUST-673,ORD-2801,West,Clothing,2023-04-27 16:00:00,2023-04-28 16:00:00,47.44,0.3
CUST-644,ORD-2802,South,Grocery,2023-04-27 17:00:00,2023-04-28 17:00:00,131.82,0.08
CUST-107,ORD-2803,West,Grocery,2023-04-27 18:00:00,2023-04-28 18:00:00,986.49,0.36
CUST-791,ORD-2804,West,Electronics,2023-04-27 19:00:00,2023-04-28 19:00:00,322.06,0.07
CUST-596,ORD-2805,North,Furniture,2023-04-27 20:00:00,2023-04-28 20:00:00,124.15,0.42
CUST-753,ORD-2806,East,Clothing,2023-04-27 21:00:00,2023-04-28 21:00:00,115.92,0.42
CUST-775,ORD-2807,North,Grocery,2023-04-27 22:00:00,2023-04-28 22:00:00,722.27,0.16
CUST-341,ORD-2808,East,Clothing,2023-04-27 23:00:00,2023-04-28 23:00:00,856.02,0.2
CUST-137,ORD-2809,North,Clothing,2023-04-28 00:00:00,2023-04-29 00:00:00,264.38,0.27
CUST-46,ORD-2810,West,Furniture,2023-04-28 01:00:00,2023-04-29 01:00:00,30.7,0.32
CUST-361,ORD-2811,North,Grocery,2023-04-28 02:00:00,2023-04-29 02:00:00,230.86,0.18
CUST-560,ORD-2812,North,Clothing,2023-04-28 03:00:00,2023-04-29 03:00:00,65.95,0.32
CUST-347,ORD-2813,North,Grocery,2023-04-28 04:00:00,2023-04-29 04:00:00,112.36,0.18
CUST-834,ORD-2814,West,Electronics,2023-04-28 05:00:00,2023-04-29 05:00:00,437.19,0.07
CUST-659,ORD-2815,West,Electronics,2023-04-28 06:00:00,2023-04-29 06:00:00,118.81,0.05
CUST-180,ORD-2816,West,Clothing,2023-04-28 07:00:00,2023-04-29 07:00:00,520.79,0.1
CUST-851,ORD-2817,West,Grocery,2023-04-28 08:00:00,2023-04-29 08:00:00,260.96,0.41
CUST-798,ORD-2818,East,Clothing,2023-04-28 09:00:00,2023-04-29 09:00:00,941.13,0.48
CUST-702,ORD-2819,East,Grocery,2023-04-28 10:00:00,2023-04-29 10:00:00,906.88,0.24
CUST-476,ORD-2820,South,Grocery,2023-04-28 11:00:00,2023-04-29 11:00:00,571.14,0.28
CUST-713,ORD-2821,West,Furniture,2023-04-28 12:00:00,2023-04-29 12:00:00,360.88,0.12
CUST-491,ORD-2822,East,Furniture,2023-04-28 13:00:00,2023-04-29 13:00:00,387.34,0.3
CUST-647,ORD-2823,North,Furniture,2023-04-28 14:00:00,2023-04-29 14:00:00,417.73,0.12
CUST-187,ORD-2824,West,Clothing,2023-04-28 15:00:00,2023-04-29 15:00:00,730.3,0.33
CUST-831,ORD-2825,South,Furniture,2023-04-28 16:00:00,2023-04-29 16:00:00,457.12,0.47
CUST-139,ORD-2826,South,Furniture,2023-04-28 17:00:00,2023-04-29 17:00:00,858.16,0.14
CUST-65,ORD-2827,South,Electronics,2023-04-28 18:00:00,2023-04-29 18:00:00,944.65,0.39
CUST-734,ORD-2828,North,Grocery,2023-04-28 19:00:00,2023-04-29 19:00:00,342.59,0.06
CUST-795,ORD-2829,East,Grocery,2023-04-28 20:00:00,2023-04-29 20:00:00,565.09,0.22
CUST-967,ORD-2830,North,Furniture,2023-04-28 21:00:00,2023-04-29 21:00:00,104.11,0.1
CUST-469,ORD-2831,West,Grocery,2023-04-28 22:00:00,2023-04-29 22:00:00,208.46,0.21
CUST-38,ORD-2832,South,Electronics,2023-04-28 23:00:00,2023-04-29 23:00:00,419.33,0.13
CUST-301,ORD-2833,North,Electronics,2023-04-29 00:00:00,2023-04-30 00:00:00,214.14,0.22
CUST-207,ORD-2834,North,Furniture,2023-04-29 01:00:00,2023-04-30 01:00:00,877.79,0.24
CUST-45,ORD-2835,East,Electronics,2023-04-29 02:00:00,2023-04-30 02:00:00,166.7,0.19
CUST-811,ORD-2836,East,Grocery,2023-04-29 03:00:00,2023-04-30 03:00:00,461.1,0.35
CUST-205,ORD-2837,South,Clothing,2023-04-29 04:00:00,2023-04-30 04:00:00,609.64,0.46
CUST-908,ORD-2838,North,Grocery,2023-04-29 05:00:00,2023-04-30 05:00:00,694.95,0.23
CUST-43,ORD-2839,North,Clothing,2023-04-29 06:00:00,2023-04-30 06:00:00,389.24,0.14
CUST-324,ORD-2840,East,Furniture,2023-04-29 07:00:00,2023-04-30 07:00:00,870.41,0.17
CUST-956,ORD-2841,North,Clothing,2023-04-29 08:00:00,2023-04-30 08:00:00,572.64,0.645
CUST-318,ORD-2842,North,Electronics,2023-04-29 09:00:00,2023-04-30 09:00:00,445.11,0.31
CUST-528,ORD-2843,North,Grocery,2023-04-29 10:00:00,2023-04-30 10:00:00,76.57,0.25
CUST-408,ORD-2844,East,Clothing,2023-04-29 11:00:00,2023-04-30 11:00:00,470.04,0.12
CUST-835,ORD-2845,South,Grocery,2023-04-29 12:00:00,2023-04-30 12:00:00,822.53,0.25
CUST-557,ORD-2846,West,Furniture,2023-04-29 13:00:00,2023-04-30 13:00:00,618.4,0.18
CUST-485,ORD-2847,South,Furniture,2023-04-29 14:00:00,2023-04-30 14:00:00,833.84,0.47
CUST-260,ORD-2848,West,Electronics,2023-04-29 15:00:00,2023-04-30 15:00:00,499.07,0.45
CUST-38,ORD-2849,North,Furniture,2023-04-29 16:00:00,2023-04-30 16:00:00,127.28,0.09
CUST-772,ORD-2850,South,Clothing,2023-04-29 17:00:00,2023-04-30 17:00:00,23.5,0.28
CUST-663,ORD-2851,West,Furniture,2023-04-29 18:00:00,2023-04-30 18:00:00,310.19,0.15
CUST-196,ORD-2852,East,Electronics,2023-04-29 19:00:00,2023-04-30 19:00:00,701.01,0.23
CUST-293,ORD-2853,East,Grocery,2023-04-29 20:00:00,2023-04-30 20:00:00,792.36,0.44
CUST-366,ORD-2854,South,Grocery,2023-04-29 21:00:00,2023-04-30 21:00:00,302.8,0.29
CUST-883,ORD-2855,South,Furniture,2023-04-29 22:00:00,2023-04-30 22:00:00,500.7,0.2
CUST-800,ORD-2856,North,Clothing,2023-04-29 23:00:00,2023-04-30 23:00:00,426.91,0.14
CUST-49,ORD-2857,South,Electronics,2023-04-30 00:00:00,2023-05-01 00:00:00,416.42,0.41
CUST-887,ORD-2858,North,Clothing,2023-04-30 01:00:00,2023-05-01 01:00:00,239.04,0.33
CUST-672,ORD-2859,North,Electronics,2023-04-30 02:00:00,2023-05-01 02:00:00,145.01,0.26
CUST-340,ORD-2860,East,Furniture,2023-04-30 03:00:00,2023-05-01 03:00:00,204.72,0.15
CUST-280,ORD-2861,East,Electronics,2023-04-30 04:00:00,2023-05-01 04:00:00,64.78,0.2
CUST-128,ORD-2862,West,Electronics,2023-04-30 05:00:00,2023-05-01 05:00:00,206.15,0.48
CUST-819,ORD-2863,East,Furniture,2023-04-30 06:00:00,2023-05-01 06:00:00,19.11,0.28
CUST-377,ORD-2864,East,Clothing,2023-04-30 07:00:00,2023-05-01 07:00:00,630.99,0.23
CUST-448,ORD-2865,South,Furniture,2023-04-30 08:00:00,2023-05-01 08:00:00,323.21,0.28
CUST-911,ORD-2866,East,Electronics,2023-04-30 09:00:00,2023-05-01 09:00:00,973.41,0.4
CUST-410,ORD-2867,West,Furniture,2023-04-30 10:00:00,2023-05-01 10:00:00,201.78,0.2
CUST-762,ORD-2868,South,Electronics,2023-04-30 11:00:00,2023-05-01 11:00:00,352.37,0.13
CUST-451,ORD-2869,West,Furniture,2023-04-30 12:00:00,2023-05-01 12:00:00,364.26,0.31
CUST-917,ORD-2870,East,Grocery,2023-04-30 13:00:00,2023-05-01 13:00:00,18.37,0.35
CUST-980,ORD-2871,West,Grocery,2023-04-30 14:00:00,2023-05-01 14:00:00,840.82,0.37
CUST-396,ORD-2872,South,Furniture,2023-04-30 15:00:00,2023-05-01 15:00:00,41.67,0.45
CUST-348,ORD-2873,North,Clothing,2023-04-30 16:00:00,2023-05-01 16:00:00,940.78,0.22
CUST-998,ORD-2874,West,Electronics,2023-04-30 17:00:00,2023-05-01 17:00:00,893.15,0.08
CUST-192,ORD-2875,West,Grocery,2023-04-30 18:00:00,2023-05-01 18:00:00,540.17,0.48
CUST-509,ORD-2876,South,Clothing,2023-04-30 19:00:00,2023-05-01 19:00:00,548.16,0.25
CUST-709,ORD-2877,South,Electronics,2023-04-30 20:00:00,2023-05-01 20:00:00,328.62,0.33
CUST-510,ORD-2878,West,Grocery,2023-04-30 21:00:00,2023-05-01 21:00:00,393.18,0.35
CUST-377,ORD-2879,East,Grocery,2023-04-30 22:00:00,2023-05-01 22:00:00,650.75,0.3
CUST-947,ORD-2880,West,Furniture,2023-04-30 23:00:00,2023-05-01 23:00:00,27.16,0.14
CUST-817,ORD-2881,South,Electronics,2023-05-01 00:00:00,2023-05-02 00:00:00,63.51,0.39
CUST-532,ORD-2882,North,Clothing,2023-05-01 01:00:00,2023-05-02 01:00:00,462.66,0.41
CUST-274,ORD-2883,North,Clothing,2023-05-01 02:00:00,2023-05-02 02:00:00,554.13,0.3
CUST-821,ORD-2884,East,Clothing,2023-05-01 03:00:00,2023-05-02 03:00:00,888.94,0.27
CUST-85,ORD-2885,West,Electronics,2023-05-01 04:00:00,2023-05-02 04:00:00,113.61,0.1
CUST-745,ORD-2886,North,Clothing,2023-05-01 05:00:00,2023-05-02 05:00:00,824.42,0.09
CUST-435,ORD-2887,West,Clothing,2023-05-01 06:00:00,2023-05-02 06:00:00,217.95,0.2
CUST-81,ORD-2888,South,Clothing,2023-05-01 07:00:00,2023-05-02 07:00:00,400.14,0.19
CUST-441,ORD-2889,North,Furniture,2023-05-01 08:00:00,2023-05-02 08:00:00,323.44,0.48
CUST-617,ORD-2890,East,Furniture,2023-05-01 09:00:00,2023-05-02 09:00:00,406.15,0.4
CUST-843,ORD-2891,South,Electronics,2023-05-01 10:00:00,2023-05-02 10:00:00,158.99,0.35
CUST-185,ORD-2892,East,Electronics,2023-05-01 11:00:00,2023-05-02 11:00:00,508.53,0.28
CUST-559,ORD-2893,South,Clothing,2023-05-01 12:00:00,2023-05-02 12:00:00,803.63,0.13
CUST-301,ORD-2894,North,Furniture,2023-05-01 13:00:00,2023-05-02 13:00:00,447.12,0.49
CUST-329,ORD-2895,East,Grocery,2023-05-01 14:00:00,2023-05-02 14:00:00,495.71,0.22
CUST-106,ORD-2896,East,Grocery,2023-05-01 15:00:00,2023-05-02 15:00:00,850.28,0.1
CUST-82,ORD-2897,South,Clothing,2023-05-01 16:00:00,2023-05-02 16:00:00,709.0,0.27
CUST-336,ORD-2898,East,Clothing,2023-05-01 17:00:00,2023-05-02 17:00:00,495.55,0.44
CUST-677,ORD-2899,South,Furniture,2023-05-01 18:00:00,2023-05-02 18:00:00,265.12,0.45
CUST-303,ORD-2900,South,Furniture,2023-05-01 19:00:00,2023-05-02 19:00:00,886.08,0.05
CUST-314,ORD-2901,South,Furniture,2023-05-01 20:00:00,2023-05-02 20:00:00,581.25,0.45
CUST-457,ORD-2902,South,Electronics,2023-05-01 21:00:00,2023-05-02 21:00:00,228.94,0.17
CUST-618,ORD-2903,North,Electronics,2023-05-01 22:00:00,2023-05-02 22:00:00,276.43,0.07
CUST-735,ORD-2904,South,Clothing,2023-05-01 23:00:00,2023-05-02 23:00:00,805.1,0.43
CUST-437,ORD-2905,West,Electronics,2023-05-02 00:00:00,2023-05-03 00:00:00,53.7,0.44
CUST-171,ORD-2906,East,Furniture,2023-05-02 01:00:00,2023-05-03 01:00:00,992.17,0.32
CUST-707,ORD-2907,West,Furniture,2023-05-02 02:00:00,2023-05-03 02:00:00,139.05,0.31
CUST-455,ORD-2908,North,Electronics,2023-05-02 03:00:00,2023-05-03 03:00:00,798.11,0.42
CUST-360,ORD-2909,West,Grocery,2023-05-02 04:00:00,2023-05-03 04:00:00,400.83,0.4
CUST-458,ORD-2910,East,Clothing,2023-05-02 05:00:00,2023-05-03 05:00:00,497.29,0.45
CUST-44,ORD-2911,West,Grocery,2023-05-02 06:00:00,2023-05-03 06:00:00,881.84,0.3
CUST-745,ORD-2912,North,Clothing,2023-05-02 07:00:00,2023-05-03 07:00:00,418.78,0.49
CUST-891,ORD-2913,South,Grocery,2023-05-02 08:00:00,2023-05-03 08:00:00,542.12,0.5
CUST-934,ORD-2914,West,Electronics,2023-05-02 09:00:00,2023-05-03 09:00:00,58.81,0.1
CUST-362,ORD-2915,North,Clothing,2023-05-02 10:00:00,2023-05-03 10:00:00,12.32,0.43
CUST-630,ORD-2916,North,Clothing,2023-05-02 11:00:00,2023-05-03 11:00:00,252.35,0.27
CUST-446,ORD-2917,East,Clothing,2023-05-02 12:00:00,2023-05-03 12:00:00,683.78,0.22
CUST-282,ORD-2918,East,Furniture,2023-05-02 13:00:00,2023-05-03 13:00:00,130.05,0.33
CUST-655,ORD-2919,West,Furniture,2023-05-02 14:00:00,2023-05-03 14:00:00,122.62,0.08
CUST-811,ORD-2920,South,Grocery,2023-05-02 15:00:00,2023-05-03 15:00:00,416.85,0.28
CUST-971,ORD-2921,North,Electronics,2023-05-02 16:00:00,2023-05-03 16:00:00,651.36,0.44
CUST-59,ORD-2922,West,Furniture,2023-05-02 17:00:00,2023-05-03 17:00:00,714.95,0.15
CUST-77,ORD-2923,North,Clothing,2023-05-02 18:00:00,2023-05-03 18:00:00,186.67,0.24
CUST-688,ORD-2924,North,Furniture,2023-05-02 19:00:00,2023-05-03 19:00:00,88.79,0.47
CUST-653,ORD-2925,South,Electronics,2023-05-02 20:00:00,2023-05-03 20:00:00,940.99,0.24
CUST-416,ORD-2926,South,Furniture,2023-05-02 21:00:00,2023-05-03 21:00:00,268.06,0.21
CUST-373,ORD-2927,West,Clothing,2023-05-02 22:00:00,2023-05-03 22:00:00,854.81,0.25
CUST-526,ORD-2928,South,Grocery,2023-05-02 23:00:00,2023-05-03 23:00:00,864.86,0.28
CUST-821,ORD-2929,South,Clothing,2023-05-03 00:00:00,2023-05-04 00:00:00,774.8,0.33
CUST-768,ORD-2930,West,Electronics,2023-05-03 01:00:00,2023-05-04 01:00:00,177.15,0.41
CUST-696,ORD-2931,South,Grocery,2023-05-03 02:00:00,2023-05-04 02:00:00,823.58,0.25
CUST-164,ORD-2932,East,Furniture,2023-05-03 03:00:00,2023-05-04 03:00:00,771.56,0.42
CUST-976,ORD-2933,North,Furniture,2023-05-03 04:00:00,2023-05-04 04:00:00,600.76,0.29
CUST-32,ORD-2934,North,Furniture,2023-05-03 05:00:00,2023-05-04 05:00:00,343.83,0.2
CUST-147,ORD-2935,North,Grocery,2023-05-03 06:00:00,2023-05-04 06:00:00,269.88,0.35
CUST-870,ORD-2936,North,Clothing,2023-05-03 07:00:00,2023-05-04 07:00:00,130.67,0.37
CUST-623,ORD-2937,West,Grocery,2023-05-03 08:00:00,2023-05-04 08:00:00,514.66,0.3
CUST-695,ORD-2938,North,Grocery,2023-05-03 09:00:00,2023-05-04 09:00:00,589.41,0.08
CUST-801,ORD-2939,North,Electronics,2023-05-03 10:00:00,2023-05-04 10:00:00,365.75,0.13
CUST-449,ORD-2940,North,Grocery,2023-05-03 11:00:00,2023-05-04 11:00:00,480.61,0.18
CUST-36,ORD-2941,North,Furniture,2023-05-03 12:00:00,2023-05-04 12:00:00,369.88,0.18
CUST-130,ORD-2942,East,Clothing,2023-05-03 13:00:00,2023-05-04 13:00:00,644.6,0.35
CUST-69,ORD-2943,North,Clothing,2023-05-03 14:00:00,2023-05-04 14:00:00,902.25,0.06
CUST-242,ORD-2944,East,Clothing,2023-05-03 15:00:00,2023-05-04 15:00:00,172.28,0.39
CUST-798,ORD-2945,West,Furniture,2023-05-03 16:00:00,2023-05-04 16:00:00,387.59,0.17
CUST-661,ORD-2946,South,Furniture,2023-05-03 17:00:00,2023-05-04 17:00:00,149.46,0.19
CUST-376,ORD-2947,North,Furniture,2023-05-03 18:00:00,2023-05-04 18:00:00,628.69,0.29
CUST-371,ORD-2948,South,Furniture,2023-05-03 19:00:00,2023-05-04 19:00:00,731.58,0.15
CUST-393,ORD-2949,South,Furniture,2023-05-03 20:00:00,2023-05-04 20:00:00,932.59,0.45
CUST-973,ORD-2950,West,Grocery,2023-05-03 21:00:00,2023-05-04 21:00:00,286.08,0.09
CUST-581,ORD-2951,South,Furniture,2023-05-03 22:00:00,2023-05-04 22:00:00,950.71,
CUST-34,ORD-2952,East,Furniture,2023-05-03 23:00:00,2023-05-04 23:00:00,72.63,0.43
CUST-620,ORD-2953,South,Furniture,2023-05-04 00:00:00,2023-05-05 00:00:00,606.98,0.33
CUST-158,ORD-2954,South,Furniture,2023-05-04 01:00:00,2023-05-05 01:00:00,66.56,0.18
CUST-696,ORD-2955,South,Clothing,2023-05-04 02:00:00,2023-05-05 02:00:00,894.84,0.24
CUST-461,ORD-2956,North,Furniture,2023-05-04 03:00:00,2023-05-05 03:00:00,534.51,0.37
CUST-972,ORD-2957,North,Grocery,2023-05-04 04:00:00,2023-05-05 04:00:00,672.65,0.49
CUST-380,ORD-2958,East,Grocery,2023-05-04 05:00:00,2023-05-05 05:00:00,833.26,0.45
CUST-381,ORD-2959,East,Grocery,2023-05-04 06:00:00,2023-05-05 06:00:00,,0.2
CUST-455,ORD-2960,North,Electronics,2023-05-04 07:00:00,2023-05-05 07:00:00,48.21,0.5
CUST-782,ORD-2961,East,Clothing,2023-05-04 08:00:00,2023-05-05 08:00:00,880.09,0.05
CUST-79,ORD-2962,North,Furniture,2023-05-04 09:00:00,2023-05-05 09:00:00,321.78,0.06
CUST-588,ORD-2963,West,Electronics,2023-05-04 10:00:00,2023-05-05 10:00:00,137.69,0.42
CUST-141,ORD-2964,South,Furniture,2023-05-04 11:00:00,2023-05-05 11:00:00,473.78,0.14
CUST-543,ORD-2965,South,Electronics,2023-05-04 12:00:00,2023-05-05 12:00:00,602.32,0.08
CUST-376,ORD-2966,East,Electronics,2023-05-04 13:00:00,2023-05-05 13:00:00,40.66,0.16
CUST-408,ORD-2967,North,Grocery,2023-05-04 14:00:00,2023-05-05 14:00:00,282.15,0.24
CUST-322,ORD-2968,North,Grocery,2023-05-04 15:00:00,2023-05-05 15:00:00,42.47,0.38
CUST-666,ORD-2969,East,Electronics,2023-05-04 16:00:00,2023-05-05 16:00:00,426.13,0.33
CUST-286,ORD-2970,North,Grocery,2023-05-04 17:00:00,2023-05-05 17:00:00,896.15,0.16
CUST-256,ORD-2971,West,Electronics,2023-05-04 18:00:00,2023-05-05 18:00:00,982.83,0.28
CUST-984,ORD-2972,South,Clothing,2023-05-04 19:00:00,2023-05-05 19:00:00,640.68,0.47
CUST-117,ORD-2973,East,Grocery,2023-05-04 20:00:00,2023-05-05 20:00:00,170.02,0.42
CUST-27,ORD-2974,East,Grocery,2023-05-04 21:00:00,2023-05-05 21:00:00,906.79,0.2
CUST-754,ORD-2975,North,Grocery,2023-05-04 22:00:00,2023-05-05 22:00:00,521.09,0.49
CUST-191,ORD-2976,East,Clothing,2023-05-04 23:00:00,2023-05-05 23:00:00,162.21,0.37
CUST-512,ORD-2977,West,Electronics,2023-05-05 00:00:00,2023-05-06 00:00:00,922.51,0.08
CUST-531,ORD-2978,North,Furniture,2023-05-05 01:00:00,2023-05-06 01:00:00,759.89,0.07
CUST-397,ORD-2979,North,Grocery,2023-05-05 02:00:00,2023-05-06 02:00:00,734.39,0.13
CUST-936,ORD-2980,North,Electronics,2023-05-05 03:00:00,2023-05-06 03:00:00,712.09,0.38
CUST-576,ORD-2981,North,Clothing,2023-05-05 04:00:00,2023-05-06 04:00:00,208.34,0.13
CUST-121,ORD-2982,West,Furniture,2023-05-05 05:00:00,2023-05-06 05:00:00,218.9,
CUST-269,ORD-2983,North,Grocery,2023-05-05 06:00:00,2023-05-06 06:00:00,691.41,0.09
CUST-794,ORD-2984,East,Clothing,2023-05-05 07:00:00,2023-05-06 07:00:00,227.53,0.46
CUST-267,ORD-2985,West,Clothing,2023-05-05 08:00:00,2023-05-06 08:00:00,444.28,0.2
CUST-721,ORD-2986,South,Furniture,2023-05-05 09:00:00,2023-05-06 09:00:00,784.18,0.46
CUST-457,ORD-2987,South,Electronics,2023-05-05 10:00:00,2023-05-06 10:00:00,786.11,0.48
CUST-220,ORD-2988,East,Grocery,2023-05-05 11:00:00,2023-05-06 11:00:00,458.73,0.05
CUST-627,ORD-2989,East,Grocery,2023-05-05 12:00:00,2023-05-06 12:00:00,794.27,0.26
CUST-293,ORD-2990,West,Electronics,2023-05-05 13:00:00,2023-05-06 13:00:00,840.24,0.06
CUST-711,ORD-2991,South,Electronics,2023-05-05 14:00:00,2023-05-06 14:00:00,658.23,0.46
CUST-939,ORD-2992,South,Electronics,2023-05-05 15:00:00,2023-05-06 15:00:00,236.14,0.28
CUST-503,ORD-2993,South,Furniture,2023-05-05 16:00:00,2023-05-06 16:00:00,281.27,0.08
CUST-205,ORD-2994,South,Furniture,2023-05-05 17:00:00,2023-05-06 17:00:00,,0.1
CUST-126,ORD-2995,South,Grocery,2023-05-05 18:00:00,2023-05-06 18:00:00,125.64,0.22
CUST-139,ORD-2996,North,Furniture,2023-05-05 19:00:00,2023-05-06 19:00:00,280.43,0.47
CUST-874,ORD-2997,East,Clothing,2023-05-05 20:00:00,2023-05-06 20:00:00,217.42,0.36
CUST-76,ORD-2998,North,Grocery,2023-05-05 21:00:00,2023-05-06 21:00:00,460.78,0.44
CUST-463,ORD-2999,South,Furniture,2023-05-05 22:00:00,2023-05-06 22:00:00,909.35,0.21
CUST-177,ORD-3000,West,Electronics,2023-05-05 23:00:00,2023-05-06 23:00:00,113.44,0.07
CUST-921,ORD-3001,West,Clothing,2023-05-06 00:00:00,2023-05-07 00:00:00,723.07,0.49
CUST-731,ORD-3002,South,Electronics,2023-05-06 01:00:00,2023-05-07 01:00:00,690.41,0.06
CUST-456,ORD-3003,South,Grocery,2023-05-06 02:00:00,2023-05-07 02:00:00,104.8,0.48
CUST-90,ORD-3004,West,Electronics,2023-05-06 03:00:00,2023-05-07 03:00:00,923.35,0.22
CUST-830,ORD-3005,North,Furniture,2023-05-06 04:00:00,2023-05-07 04:00:00,572.79,0.05
CUST-699,ORD-3006,North,Furniture,2023-05-06 05:00:00,2023-05-07 05:00:00,370.09,0.36
CUST-991,ORD-3007,South,Grocery,2023-05-06 06:00:00,2023-05-07 06:00:00,758.97,0.49
CUST-866,ORD-3008,North,Electronics,2023-05-06 07:00:00,2023-05-07 07:00:00,264.79,0.48
CUST-328,ORD-3009,West,Grocery,2023-05-06 08:00:00,2023-05-07 08:00:00,696.57,0.12
CUST-684,ORD-3010,North,Electronics,2023-05-06 09:00:00,2023-05-07 09:00:00,49.31,0.13
CUST-356,ORD-3011,South,Clothing,2023-05-06 10:00:00,2023-05-07 10:00:00,841.01,0.3
CUST-727,ORD-3012,West,Furniture,2023-05-06 11:00:00,2023-05-07 11:00:00,226.845,0.34
CUST-67,ORD-3013,North,Grocery,2023-05-06 12:00:00,2023-05-07 12:00:00,640.33,
CUST-564,ORD-3014,East,Clothing,2023-05-06 13:00:00,2023-05-07 13:00:00,229.03,0.13
CUST-556,ORD-3015,West,Clothing,2023-05-06 14:00:00,2023-05-07 14:00:00,680.3,0.48
CUST-298,ORD-3016,West,Grocery,2023-05-06 15:00:00,2023-05-07 15:00:00,774.52,0.34
CUST-913,ORD-3017,East,Grocery,2023-05-06 16:00:00,2023-05-07 16:00:00,478.48,0.43
CUST-308,ORD-3018,East,Clothing,2023-05-06 17:00:00,2023-05-07 17:00:00,621.55,0.29
CUST-872,ORD-3019,West,Electronics,2023-05-06 18:00:00,2023-05-07 18:00:00,461.76,0.24
CUST-162,ORD-3020,East,Clothing,2023-05-06 19:00:00,2023-05-07 19:00:00,895.15,0.49
CUST-729,ORD-3021,South,Grocery,2023-05-06 20:00:00,2023-05-07 20:00:00,502.89,0.31
CUST-727,ORD-3022,South,Clothing,2023-05-06 21:00:00,2023-05-07 21:00:00,843.39,0.44
CUST-950,ORD-3023,South,Electronics,2023-05-06 22:00:00,2023-05-07 22:00:00,803.34,0.48
CUST-718,ORD-3024,West,Furniture,2023-05-06 23:00:00,2023-05-07 23:00:00,416.4,0.35
CUST-654,ORD-3025,East,Furniture,2023-05-07 00:00:00,2023-05-08 00:00:00,237.78,0.3
CUST-179,ORD-3026,East,Clothing,2023-05-07 01:00:00,2023-05-08 01:00:00,412.02,0.05
CUST-813,ORD-3027,North,Electronics,2023-05-07 02:00:00,2023-05-08 02:00:00,827.96,0.07
CUST-371,ORD-3028,North,Furniture,2023-05-07 03:00:00,2023-05-08 03:00:00,235.36,0.14
CUST-521,ORD-3029,East,Clothing,2023-05-07 04:00:00,2023-05-08 04:00:00,529.19,0.13
CUST-230,ORD-3030,East,Clothing,2023-05-07 05:00:00,2023-05-08 05:00:00,808.04,0.16
CUST-125,ORD-3031,East,Electronics,2023-05-07 06:00:00,2023-05-08 06:00:00,359.94,0.19
CUST-206,ORD-3032,West,Grocery,2023-05-07 07:00:00,2023-05-08 07:00:00,645.79,0.21
CUST-812,ORD-3033,East,Clothing,2023-05-07 08:00:00,2023-05-08 08:00:00,253.18,0.24
CUST-143,ORD-3034,North,Grocery,2023-05-07 09:00:00,2023-05-08 09:00:00,118.19,0.09
CUST-243,ORD-3035,West,Grocery,2023-05-07 10:00:00,2023-05-08 10:00:00,796.44,0.07
CUST-810,ORD-3036,East,Furniture,2023-05-07 11:00:00,2023-05-08 11:00:00,107.98,0.35
CUST-506,ORD-3037,North,Grocery,2023-05-07 12:00:00,2023-05-08 12:00:00,278.67,0.29
CUST-27,ORD-3038,West,Electronics,2023-05-07 13:00:00,2023-05-08 13:00:00,856.56,0.25
CUST-370,ORD-3039,East,Furniture,2023-05-07 14:00:00,2023-05-08 14:00:00,353.0,0.34
CUST-568,ORD-3040,East,Furniture,2023-05-07 15:00:00,2023-05-08 15:00:00,973.31,0.42
CUST-587,ORD-3041,East,Furniture,2023-05-07 16:00:00,2023-05-08 16:00:00,979.94,0.24
CUST-378,ORD-3042,West,Clothing,2023-05-07 17:00:00,2023-05-08 17:00:00,275.59,0.34
CUST-479,ORD-3043,North,Clothing,2023-05-07 18:00:00,2023-05-08 18:00:00,50.57,0.48
CUST-823,ORD-3044,North,Grocery,2023-05-07 19:00:00,2023-05-08 19:00:00,708.01,0.43
CUST-565,ORD-3045,South,Furniture,2023-05-07 20:00:00,2023-05-08 20:00:00,456.48,0.24
CUST-133,ORD-3046,East,Furniture,2023-05-07 21:00:00,2023-05-08 21:00:00,109.75,0.34
CUST-627,ORD-3047,South,Electronics,2023-05-07 22:00:00,2023-05-08 22:00:00,710.45,0.195
CUST-906,ORD-3048,South,Grocery,2023-05-07 23:00:00,2023-05-08 23:00:00,40.86,0.3
CUST-89,ORD-3049,North,Electronics,2023-05-08 00:00:00,2023-05-09 00:00:00,871.49,0.49
CUST-68,ORD-3050,West,Grocery,2023-05-08 01:00:00,2023-05-09 01:00:00,147.27,0.28
CUST-317,ORD-3051,West,Grocery,2023-05-08 02:00:00,2023-05-09 02:00:00,136.04,0.47
CUST-408,ORD-3052,North,Clothing,2023-05-08 03:00:00,2023-05-09 03:00:00,183.92,0.23
CUST-735,ORD-3053,West,Clothing,2023-05-08 04:00:00,2023-05-09 04:00:00,960.66,0.5
CUST-737,ORD-3054,South,Electronics,2023-05-08 05:00:00,2023-05-09 05:00:00,696.24,0.31
CUST-491,ORD-3055,East,Grocery,2023-05-08 06:00:00,2023-05-09 06:00:00,803.36,
CUST-539,ORD-3056,North,Furniture,2023-05-08 07:00:00,2023-05-09 07:00:00,403.66,0.31
CUST-421,ORD-3057,East,Clothing,2023-05-08 08:00:00,2023-05-09 08:00:00,342.95,0.17
CUST-788,ORD-3058,West,Furniture,2023-05-08 09:00:00,2023-05-09 09:00:00,242.14,0.06
CUST-420,ORD-3059,East,Electronics,2023-05-08 10:00:00,2023-05-09 10:00:00,485.84,0.42
CUST-844,ORD-3060,West,Clothing,2023-05-08 11:00:00,2023-05-09 11:00:00,556.31,0.17
CUST-589,ORD-3061,West,Clothing,2023-05-08 12:00:00,2023-05-09 12:00:00,635.46,0.41
CUST-76,ORD-3062,South,Grocery,2023-05-08 13:00:00,2023-05-09 13:00:00,264.55,0.18
CUST-129,ORD-3063,West,Electronics,2023-05-08 14:00:00,2023-05-09 14:00:00,949.17,0.14
CUST-996,ORD-3064,South,Grocery,2023-05-08 15:00:00,2023-05-09 15:00:00,178.06,0.49
CUST-325,ORD-3065,South,Clothing,2023-05-08 16:00:00,2023-05-09 16:00:00,966.0,0.21
CUST-658,ORD-3066,South,Electronics,2023-05-08 17:00:00,2023-05-09 17:00:00,24.71,0.32
CUST-76,ORD-3067,North,Clothing,2023-05-08 18:00:00,2023-05-09 18:00:00,486.31,0.32
CUST-461,ORD-3068,North,Electronics,2023-05-08 19:00:00,2023-05-09 19:00:00,340.03,0.3
CUST-478,ORD-3069,West,Clothing,2023-05-08 20:00:00,2023-05-09 20:00:00,454.63,0.46
CUST-697,ORD-3070,South,Furniture,2023-05-08 21:00:00,2023-05-09 21:00:00,574.96,0.35
CUST-530,ORD-3071,North,Furniture,2023-05-08 22:00:00,2023-05-09 22:00:00,441.23,0.23
CUST-353,ORD-3072,South,Grocery,2023-05-08 23:00:00,2023-05-09 23:00:00,420.7,0.44
CUST-132,ORD-3073,East,Furniture,2023-05-09 00:00:00,2023-05-10 00:00:00,735.4,0.13
CUST-900,ORD-3074,East,Clothing,2023-05-09 01:00:00,2023-05-10 01:00:00,689.02,0.29
CUST-849,ORD-3075,East,Clothing,2023-05-09 02:00:00,2023-05-10 02:00:00,834.94,0.48
CUST-799,ORD-3076,West,Furniture,2023-05-09 03:00:00,2023-05-10 03:00:00,257.46,0.33
CUST-565,ORD-3077,South,Grocery,2023-05-09 04:00:00,2023-05-10 04:00:00,613.43,0.42
CUST-656,ORD-3078,East,Furniture,2023-05-09 05:00:00,2023-05-10 05:00:00,589.34,0.34
CUST-602,ORD-3079,North,Electronics,2023-05-09 06:00:00,2023-05-10 06:00:00,376.04,0.43
CUST-187,ORD-3080,East,Electronics,2023-05-09 07:00:00,2023-05-10 07:00:00,491.2,0.48
CUST-787,ORD-3081,East,Electronics,2023-05-09 08:00:00,2023-05-10 08:00:00,320.64,0.17
CUST-990,ORD-3082,East,Furniture,2023-05-09 09:00:00,2023-05-10 09:00:00,150.43,0.13
CUST-133,ORD-3083,West,Furniture,2023-05-09 10:00:00,2023-05-10 10:00:00,221.66,0.27
CUST-444,ORD-3084,North,Furniture,2023-05-09 11:00:00,2023-05-10 11:00:00,114.46,0.37
CUST-515,ORD-3085,South,Electronics,2023-05-09 12:00:00,2023-05-10 12:00:00,686.24,0.15
CUST-933,ORD-3086,North,Grocery,2023-05-09 13:00:00,2023-05-10 13:00:00,664.12,0.05
CUST-890,ORD-3087,South,Clothing,2023-05-09 14:00:00,2023-05-10 14:00:00,951.1,0.2
CUST-57,ORD-3088,West,Furniture,2023-05-09 15:00:00,2023-05-10 15:00:00,732.38,0.49
CUST-852,ORD-3089,West,Grocery,2023-05-09 16:00:00,2023-05-10 16:00:00,61.53,0.36
CUST-128,ORD-3090,West,Clothing,2023-05-09 17:00:00,2023-05-10 17:00:00,885.4,0.23
CUST-531,ORD-3091,West,Clothing,2023-05-09 18:00:00,2023-05-10 18:00:00,864.05,0.14
CUST-157,ORD-3092,South,Clothing,2023-05-09 19:00:00,2023-05-10 19:00:00,448.89,0.21
CUST-312,ORD-3093,East,Grocery,2023-05-09 20:00:00,2023-05-10 20:00:00,590.0,0.13
CUST-169,ORD-3094,South,Grocery,2023-05-09 21:00:00,2023-05-10 21:00:00,976.32,0.1
CUST-166,ORD-3095,North,Electronics,2023-05-09 22:00:00,2023-05-10 22:00:00,536.98,0.46
CUST-331,ORD-3096,West,Grocery,2023-05-09 23:00:00,2023-05-10 23:00:00,906.27,0.5
CUST-958,ORD-3097,West,Grocery,2023-05-10 00:00:00,2023-05-11 00:00:00,92.21,0.12
CUST-727,ORD-3098,North,Grocery,2023-05-10 01:00:00,2023-05-11 01:00:00,199.14,0.07
CUST-231,ORD-3099,South,Clothing,2023-05-10 02:00:00,2023-05-11 02:00:00,446.35,0.2
CUST-355,ORD-3100,East,Furniture,2023-05-10 03:00:00,2023-05-11 03:00:00,588.91,0.26
CUST-971,ORD-3101,East,Electronics,2023-05-10 04:00:00,2023-05-11 04:00:00,818.07,0.14
CUST-964,ORD-3102,North,Furniture,2023-05-10 05:00:00,2023-05-11 05:00:00,988.38,0.19
CUST-532,ORD-3103,East,Furniture,2023-05-10 06:00:00,2023-05-11 06:00:00,394.96,0.14
CUST-917,ORD-3104,South,Grocery,2023-05-10 07:00:00,2023-05-11 07:00:00,56.94,0.4
CUST-291,ORD-3105,South,Electronics,2023-05-10 08:00:00,2023-05-11 08:00:00,803.16,0.37
CUST-867,ORD-3106,North,Furniture,2023-05-10 09:00:00,2023-05-11 09:00:00,608.34,0.34
CUST-81,ORD-3107,South,Furniture,2023-05-10 10:00:00,2023-05-11 10:00:00,206.56,0.22
CUST-257,ORD-3108,West,Electronics,2023-05-10 11:00:00,2023-05-11 11:00:00,499.88,0.46
CUST-202,ORD-3109,North,Grocery,2023-05-10 12:00:00,2023-05-11 12:00:00,744.89,0.49
CUST-651,ORD-3110,South,Furniture,2023-05-10 13:00:00,2023-05-11 13:00:00,772.71,0.13
CUST-980,ORD-3111,North,Clothing,2023-05-10 14:00:00,2023-05-11 14:00:00,504.62,0.15
CUST-565,ORD-3112,East,Furniture,2023-05-10 15:00:00,2023-05-11 15:00:00,312.16,0.29
CUST-282,ORD-3113,South,Clothing,2023-05-10 16:00:00,2023-05-11 16:00:00,974.01,0.09
CUST-129,ORD-3114,West,Grocery,2023-05-10 17:00:00,2023-05-11 17:00:00,666.73,0.25
CUST-641,ORD-3115,South,Furniture,2023-05-10 18:00:00,2023-05-11 18:00:00,414.16,0.31
CUST-311,ORD-3116,North,Electronics,2023-05-10 19:00:00,2023-05-11 19:00:00,287.66,0.28
CUST-630,ORD-3117,North,Electronics,2023-05-10 20:00:00,2023-05-11 20:00:00,733.79,0.2
CUST-547,ORD-3118,South,Furniture,2023-05-10 21:00:00,2023-05-11 21:00:00,249.76,0.29
CUST-96,ORD-3119,West,Grocery,2023-05-10 22:00:00,2023-05-11 22:00:00,179.99,0.48
CUST-515,ORD-3120,West,Grocery,2023-05-10 23:00:00,2023-05-11 23:00:00,534.54,0.14
CUST-657,ORD-3121,West,Electronics,2023-05-11 00:00:00,2023-05-12 00:00:00,297.09,0.34
CUST-173,ORD-3122,North,Furniture,2023-05-11 01:00:00,2023-05-12 01:00:00,632.62,0.07
CUST-607,ORD-3123,South,Grocery,2023-05-11 02:00:00,2023-05-12 02:00:00,126.76,0.08
CUST-965,ORD-3124,East,Electronics,2023-05-11 03:00:00,2023-05-12 03:00:00,658.39,0.3
CUST-595,ORD-3125,North,Clothing,2023-05-11 04:00:00,2023-05-12 04:00:00,290.46,0.1
CUST-158,ORD-3126,West,Furniture,2023-05-11 05:00:00,2023-05-12 05:00:00,10.24,0.06
CUST-176,ORD-3127,South,Clothing,2023-05-11 06:00:00,2023-05-12 06:00:00,135.67,0.13
CUST-675,ORD-3128,West,Clothing,2023-05-11 07:00:00,2023-05-12 07:00:00,934.28,0.3
CUST-640,ORD-3129,East,Grocery,2023-05-11 08:00:00,2023-05-12 08:00:00,868.68,0.37
CUST-738,ORD-3130,West,Grocery,2023-05-11 09:00:00,2023-05-12 09:00:00,241.27,0.14
CUST-924,ORD-3131,West,Grocery,2023-05-11 10:00:00,2023-05-12 10:00:00,780.59,0.35
CUST-620,ORD-3132,East,Furniture,2023-05-11 11:00:00,2023-05-12 11:00:00,612.49,0.13
CUST-346,ORD-3133,South,Clothing,2023-05-11 12:00:00,2023-05-12 12:00:00,971.2,0.33
CUST-863,ORD-3134,North,Furniture,2023-05-11 13:00:00,2023-05-12 13:00:00,379.87,0.24
CUST-947,ORD-3135,South,Grocery,2023-05-11 14:00:00,2023-05-12 14:00:00,684.65,0.34
CUST-578,ORD-3136,East,Clothing,2023-05-11 15:00:00,2023-05-12 15:00:00,36.45,0.5
CUST-43,ORD-3137,West,Furniture,2023-05-11 16:00:00,2023-05-12 16:00:00,402.28,0.47
CUST-846,ORD-3138,South,Furniture,2023-05-11 17:00:00,2023-05-12 17:00:00,964.18,
CUST-885,ORD-3139,North,Electronics,2023-05-11 18:00:00,2023-05-12 18:00:00,271.795,0.45
CUST-30,ORD-3140,East,Furniture,2023-05-11 19:00:00,2023-05-12 19:00:00,295.0,0.08
CUST-84,ORD-3141,South,Grocery,2023-05-11 20:00:00,2023-05-12 20:00:00,129.07,0.48
CUST-47,ORD-3142,North,Furniture,2023-05-11 21:00:00,2023-05-12 21:00:00,706.49,0.18
CUST-972,ORD-3143,East,Clothing,2023-05-11 22:00:00,2023-05-12 22:00:00,648.41,0.22
CUST-657,ORD-3144,North,Furniture,2023-05-11 23:00:00,2023-05-12 23:00:00,380.2,0.09
CUST-790,ORD-3145,East,Electronics,2023-05-12 00:00:00,2023-05-13 00:00:00,951.43,0.1
CUST-591,ORD-3146,West,Clothing,2023-05-12 01:00:00,2023-05-13 01:00:00,15.99,0.38
CUST-272,ORD-3147,South,Clothing,2023-05-12 02:00:00,2023-05-13 02:00:00,310.69,0.47
CUST-667,ORD-3148,North,Electronics,2023-05-12 03:00:00,2023-05-13 03:00:00,921.86,0.32
CUST-216,ORD-3149,East,Grocery,2023-05-12 04:00:00,2023-05-13 04:00:00,327.73,0.37
CUST-786,ORD-3150,North,Clothing,2023-05-12 05:00:00,2023-05-13 05:00:00,259.73,0.39
CUST-586,ORD-3151,North,Grocery,2023-05-12 06:00:00,2023-05-13 06:00:00,538.88,0.17
CUST-427,ORD-3152,South,Clothing,2023-05-12 07:00:00,2023-05-13 07:00:00,825.56,0.07
CUST-633,ORD-3153,West,Clothing,2023-05-12 08:00:00,2023-05-13 08:00:00,112.12,0.05
CUST-655,ORD-3154,North,Grocery,2023-05-12 09:00:00,2023-05-13 09:00:00,943.59,0.21
CUST-32,ORD-3155,East,Clothing,2023-05-12 10:00:00,2023-05-13 10:00:00,797.12,0.16
CUST-510,ORD-3156,East,Grocery,2023-05-12 11:00:00,2023-05-13 11:00:00,189.44,0.08
CUST-911,ORD-3157,West,Electronics,2023-05-12 12:00:00,2023-05-13 12:00:00,714.89,0.13
CUST-643,ORD-3158,East,Grocery,2023-05-12 13:00:00,2023-05-13 13:00:00,391.11,0.11
CUST-559,ORD-3159,West,Electronics,2023-05-12 14:00:00,2023-05-13 14:00:00,408.27,0.46
CUST-297,ORD-3160,East,Clothing,2023-05-12 15:00:00,2023-05-13 15:00:00,785.46,0.11
CUST-658,ORD-3161,South,Grocery,2023-05-12 16:00:00,2023-05-13 16:00:00,963.16,0.29
CUST-980,ORD-3162,North,Clothing,2023-05-12 17:00:00,2023-05-13 17:00:00,,0.32
CUST-310,ORD-3163,South,Grocery,2023-05-12 18:00:00,2023-05-13 18:00:00,426.42,0.29
CUST-495,ORD-3164,North,Electronics,2023-05-12 19:00:00,2023-05-13 19:00:00,486.13,0.09
CUST-251,ORD-3165,North,Electronics,2023-05-12 20:00:00,2023-05-13 20:00:00,382.55,0.19
CUST-825,ORD-3166,North,Grocery,2023-05-12 21:00:00,2023-05-13 21:00:00,369.56,0.07
CUST-827,ORD-3167,South,Electronics,2023-05-12 22:00:00,2023-05-13 22:00:00,61.75,0.23
CUST-702,ORD-3168,North,Clothing,2023-05-12 23:00:00,2023-05-13 23:00:00,688.68,0.13
CUST-416,ORD-3169,South,Clothing,2023-05-13 00:00:00,2023-05-14 00:00:00,,0.3
CUST-305,ORD-3170,West,Furniture,2023-05-13 01:00:00,2023-05-14 01:00:00,202.85,0.36
CUST-465,ORD-3171,East,Electronics,2023-05-13 02:00:00,2023-05-14 02:00:00,817.87,0.29
CUST-75,ORD-3172,East,Clothing,2023-05-13 03:00:00,2023-05-14 03:00:00,804.54,0.25
CUST-706,ORD-3173,North,Grocery,2023-05-13 04:00:00,2023-05-14 04:00:00,491.53,0.22
CUST-62,ORD-3174,South,Electronics,2023-05-13 05:00:00,2023-05-14 05:00:00,305.47,0.43
CUST-162,ORD-3175,East,Clothing,2023-05-13 06:00:00,2023-05-14 06:00:00,641.71,0.15
CUST-451,ORD-3176,South,Electronics,2023-05-13 07:00:00,2023-05-14 07:00:00,295.27,0.38
CUST-426,ORD-3177,South,Grocery,2023-05-13 08:00:00,2023-05-14 08:00:00,243.65,0.39
CUST-496,ORD-3178,North,Clothing,2023-05-13 09:00:00,2023-05-14 09:00:00,733.21,0.24
CUST-476,ORD-3179,East,Furniture,2023-05-13 10:00:00,2023-05-14 10:00:00,49.92,0.18
CUST-209,ORD-3180,North,Furniture,2023-05-13 11:00:00,2023-05-14 11:00:00,103.82,0.26
CUST-349,ORD-3181,North,Electronics,2023-05-13 12:00:00,2023-05-14 12:00:00,16.72,0.09
CUST-622,ORD-3182,East,Grocery,2023-05-13 13:00:00,2023-05-14 13:00:00,161.41,0.07
CUST-148,ORD-3183,East,Clothing,2023-05-13 14:00:00,2023-05-14 14:00:00,78.3,0.1
CUST-321,ORD-3184,West,Grocery,2023-05-13 15:00:00,2023-05-14 15:00:00,995.84,0.13
CUST-883,ORD-3185,West,Clothing,2023-05-13 16:00:00,2023-05-14 16:00:00,295.92,0.28
CUST-736,ORD-3186,South,Electronics,2023-05-13 17:00:00,2023-05-14 17:00:00,157.78,0.43
CUST-327,ORD-3187,East,Clothing,2023-05-13 18:00:00,2023-05-14 18:00:00,248.59,0.16
CUST-752,ORD-3188,West,Grocery,2023-05-13 19:00:00,2023-05-14 19:00:00,936.76,0.47
CUST-882,ORD-3189,South,Grocery,2023-05-13 20:00:00,2023-05-14 20:00:00,524.96,0.48
CUST-354,ORD-3190,South,Electronics,2023-05-13 21:00:00,2023-05-14 21:00:00,371.17,0.48
CUST-999,ORD-3191,South,Grocery,2023-05-13 22:00:00,2023-05-14 22:00:00,874.66,0.43
CUST-409,ORD-3192,West,Clothing,2023-05-13 23:00:00,2023-05-14 23:00:00,401.04,0.21
CUST-134,ORD-3193,East,Electronics,2023-05-14 00:00:00,2023-05-15 00:00:00,341.66,0.08
CUST-779,ORD-3194,North,Clothing,2023-05-14 01:00:00,2023-05-15 01:00:00,215.21,0.31
CUST-380,ORD-3195,South,Grocery,2023-05-14 02:00:00,2023-05-15 02:00:00,384.02,0.3
CUST-528,ORD-3196,West,Electronics,2023-05-14 03:00:00,2023-05-15 03:00:00,323.52,0.43
CUST-576,ORD-3197,West,Clothing,2023-05-14 04:00:00,2023-05-15 04:00:00,680.53,0.5
CUST-109,ORD-3198,North,Grocery,2023-05-14 05:00:00,2023-05-15 05:00:00,296.69,0.28
CUST-327,ORD-3199,North,Grocery,2023-05-14 06:00:00,2023-05-15 06:00:00,581.43,0.21
CUST-248,ORD-3200,West,Furniture,2023-05-14 07:00:00,2023-05-15 07:00:00,75.23,0.13
CUST-478,ORD-3201,East,Grocery,2023-05-14 08:00:00,2023-05-15 08:00:00,199.38,0.07500000000000001
CUST-126,ORD-3202,North,Clothing,2023-05-14 09:00:00,2023-05-15 09:00:00,413.33,0.28
CUST-274,ORD-3203,West,Electronics,2023-05-14 10:00:00,2023-05-15 10:00:00,937.58,0.3
CUST-461,ORD-3204,North,Furniture,2023-05-14 11:00:00,2023-05-15 11:00:00,383.48,0.42
CUST-254,ORD-3205,East,Grocery,2023-05-14 12:00:00,2023-05-15 12:00:00,667.43,0.28
CUST-145,ORD-3206,South,Grocery,2023-05-14 13:00:00,2023-05-15 13:00:00,262.54,0.46
CUST-100,ORD-3207,North,Grocery,2023-05-14 14:00:00,2023-05-15 14:00:00,135.76,0.33
CUST-52,ORD-3208,East,Clothing,2023-05-14 15:00:00,2023-05-15 15:00:00,67.95,0.43
CUST-298,ORD-3209,West,Furniture,2023-05-14 16:00:00,2023-05-15 16:00:00,312.36,0.12
CUST-969,ORD-3210,North,Clothing,2023-05-14 17:00:00,2023-05-15 17:00:00,,0.43
CUST-394,ORD-3211,North,Furniture,2023-05-14 18:00:00,2023-05-15 18:00:00,182.27,0.35
CUST-885,ORD-3212,West,Electronics,2023-05-14 19:00:00,2023-05-15 19:00:00,763.15,0.13
CUST-631,ORD-3213,South,Clothing,2023-05-14 20:00:00,2023-05-15 20:00:00,25.68,0.14
CUST-429,ORD-3214,West,Clothing,2023-05-14 21:00:00,2023-05-15 21:00:00,562.23,0.47
CUST-255,ORD-3215,North,Electronics,2023-05-14 22:00:00,2023-05-15 22:00:00,385.67,0.06
CUST-986,ORD-3216,West,Furniture,2023-05-14 23:00:00,2023-05-15 23:00:00,511.48,0.26
CUST-887,ORD-3217,East,Grocery,2023-05-15 00:00:00,2023-05-16 00:00:00,567.2,0.19
CUST-924,ORD-3218,West,Electronics,2023-05-15 01:00:00,2023-05-16 01:00:00,320.23,0.35
CUST-164,ORD-3219,North,Grocery,2023-05-15 02:00:00,2023-05-16 02:00:00,302.16,0.43
CUST-834,ORD-3220,West,Grocery,2023-05-15 03:00:00,2023-05-16 03:00:00,736.07,0.21
CUST-336,ORD-3221,South,Electronics,2023-05-15 04:00:00,2023-05-16 04:00:00,872.56,0.24
CUST-957,ORD-3222,West,Furniture,2023-05-15 05:00:00,2023-05-16 05:00:00,200.66,0.49
CUST-592,ORD-3223,South,Grocery,2023-05-15 06:00:00,2023-05-16 06:00:00,106.64,0.4
CUST-739,ORD-3224,East,Electronics,2023-05-15 07:00:00,2023-05-16 07:00:00,898.82,0.45
CUST-321,ORD-3225,South,Clothing,2023-05-15 08:00:00,2023-05-16 08:00:00,356.4,0.25
CUST-195,ORD-3226,West,Clothing,2023-05-15 09:00:00,2023-05-16 09:00:00,555.8,0.16
CUST-782,ORD-3227,North,Clothing,2023-05-15 10:00:00,2023-05-16 10:00:00,365.95,0.24
CUST-164,ORD-3228,South,Electronics,2023-05-15 11:00:00,2023-05-16 11:00:00,134.54,0.37
CUST-511,ORD-3229,East,Clothing,2023-05-15 12:00:00,2023-05-16 12:00:00,593.44,0.1
CUST-528,ORD-3230,South,Grocery,2023-05-15 13:00:00,2023-05-16 13:00:00,529.89,0.17
CUST-479,ORD-3231,South,Clothing,2023-05-15 14:00:00,2023-05-16 14:00:00,210.96,0.07
CUST-511,ORD-3232,South,Clothing,2023-05-15 15:00:00,2023-05-16 15:00:00,457.35,0.24
CUST-901,ORD-3233,East,Grocery,2023-05-15 16:00:00,2023-05-16 16:00:00,798.98,0.42
CUST-316,ORD-3234,West,Clothing,2023-05-15 17:00:00,2023-05-16 17:00:00,594.52,0.06
CUST-510,ORD-3235,South,Grocery,2023-05-15 18:00:00,2023-05-16 18:00:00,105.95,0.35
CUST-24,ORD-3236,South,Clothing,2023-05-15 19:00:00,2023-05-16 19:00:00,552.54,0.47
CUST-93,ORD-3237,North,Grocery,2023-05-15 20:00:00,2023-05-16 20:00:00,705.71,0.16
CUST-968,ORD-3238,East,Clothing,2023-05-15 21:00:00,2023-05-16 21:00:00,794.78,0.36
CUST-403,ORD-3239,South,Grocery,2023-05-15 22:00:00,2023-05-16 22:00:00,632.83,0.49
CUST-518,ORD-3240,East,Electronics,2023-05-15 23:00:00,2023-05-16 23:00:00,161.13,0.48
CUST-469,ORD-3241,South,Grocery,2023-05-16 00:00:00,2023-05-17 00:00:00,713.07,0.16
CUST-990,ORD-3242,West,Clothing,2023-05-16 01:00:00,2023-05-17 01:00:00,680.57,0.1
CUST-247,ORD-3243,West,Clothing,2023-05-16 02:00:00,2023-05-17 02:00:00,34.18,0.12
CUST-221,ORD-3244,South,Furniture,2023-05-16 03:00:00,2023-05-17 03:00:00,417.63,0.37
CUST-598,ORD-3245,West,Grocery,2023-05-16 04:00:00,2023-05-17 04:00:00,339.62,0.38
CUST-362,ORD-3246,South,Electronics,2023-05-16 05:00:00,2023-05-17 05:00:00,672.72,0.35
CUST-50,ORD-3247,West,Grocery,2023-05-16 06:00:00,2023-05-17 06:00:00,223.97,0.2
CUST-52,ORD-3248,North,Grocery,2023-05-16 07:00:00,2023-05-17 07:00:00,594.96,0.13
CUST-289,ORD-3249,North,Electronics,2023-05-16 08:00:00,2023-05-17 08:00:00,914.07,0.31
CUST-507,ORD-3250,North,Grocery,2023-05-16 09:00:00,2023-05-17 09:00:00,799.82,0.27
CUST-612,ORD-3251,East,Electronics,2023-05-16 10:00:00,2023-05-17 10:00:00,922.24,0.38
CUST-904,ORD-3252,East,Electronics,2023-05-16 11:00:00,2023-05-17 11:00:00,978.72,0.25
CUST-864,ORD-3253,North,Grocery,2023-05-16 12:00:00,2023-05-17 12:00:00,20.56,0.2
CUST-670,ORD-3254,East,Grocery,2023-05-16 13:00:00,2023-05-17 13:00:00,626.51,0.18
CUST-689,ORD-3255,West,Clothing,2023-05-16 14:00:00,2023-05-17 14:00:00,418.71,0.15
CUST-482,ORD-3256,South,Clothing,2023-05-16 15:00:00,2023-05-17 15:00:00,861.26,0.17
CUST-293,ORD-3257,South,Furniture,2023-05-16 16:00:00,2023-05-17 16:00:00,259.3,0.09
CUST-550,ORD-3258,South,Furniture,2023-05-16 17:00:00,2023-05-17 17:00:00,981.22,0.21
CUST-9,ORD-3259,North,Grocery,2023-05-16 18:00:00,2023-05-17 18:00:00,617.57,0.07
CUST-868,ORD-3260,East,Electronics,2023-05-16 19:00:00,2023-05-17 19:00:00,795.6,0.13
CUST-111,ORD-3261,West,Furniture,2023-05-16 20:00:00,2023-05-17 20:00:00,,0.39
CUST-442,ORD-3262,West,Grocery,2023-05-16 21:00:00,2023-05-17 21:00:00,191.62,0.2
CUST-138,ORD-3263,North,Furniture,2023-05-16 22:00:00,2023-05-17 22:00:00,760.82,0.35
CUST-904,ORD-3264,West,Electronics,2023-05-16 23:00:00,2023-05-17 23:00:00,31.77,0.37
CUST-271,ORD-3265,West,Grocery,2023-05-17 00:00:00,2023-05-18 00:00:00,818.71,0.31
CUST-745,ORD-3266,West,Electronics,2023-05-17 01:00:00,2023-05-18 01:00:00,23.81,0.48
CUST-375,ORD-3267,West,Grocery,2023-05-17 02:00:00,2023-05-18 02:00:00,660.55,0.06
CUST-783,ORD-3268,East,Furniture,2023-05-17 03:00:00,2023-05-18 03:00:00,371.44,0.38
CUST-413,ORD-3269,West,Clothing,2023-05-17 04:00:00,2023-05-18 04:00:00,615.38,0.48
CUST-375,ORD-3270,South,Furniture,2023-05-17 05:00:00,2023-05-18 05:00:00,699.07,0.44
CUST-47,ORD-3271,North,Furniture,2023-05-17 06:00:00,2023-05-18 06:00:00,349.05,0.13
CUST-411,ORD-3272,East,Clothing,2023-05-17 07:00:00,2023-05-18 07:00:00,116.88,0.2
CUST-53,ORD-3273,West,Clothing,2023-05-17 08:00:00,2023-05-18 08:00:00,78.95,0.13
CUST-584,ORD-3274,East,Grocery,2023-05-17 09:00:00,2023-05-18 09:00:00,593.05,0.32
CUST-576,ORD-3275,West,Grocery,2023-05-17 10:00:00,2023-05-18 10:00:00,525.45,0.37
CUST-200,ORD-3276,South,Electronics,2023-05-17 11:00:00,2023-05-18 11:00:00,744.78,0.19
CUST-372,ORD-3277,North,Electronics,2023-05-17 12:00:00,2023-05-18 12:00:00,514.64,0.29
CUST-567,ORD-3278,West,Furniture,2023-05-17 13:00:00,2023-05-18 13:00:00,428.22,0.36
CUST-296,ORD-3279,West,Clothing,2023-05-17 14:00:00,2023-05-18 14:00:00,404.11,0.24
CUST-76,ORD-3280,West,Electronics,2023-05-17 15:00:00,2023-05-18 15:00:00,36.18,0.43
CUST-396,ORD-3281,West,Furniture,2023-05-17 16:00:00,2023-05-18 16:00:00,342.2,0.4
CUST-517,ORD-3282,North,Clothing,2023-05-17 17:00:00,2023-05-18 17:00:00,976.26,0.08
CUST-462,ORD-3283,North,Grocery,2023-05-17 18:00:00,2023-05-18 18:00:00,874.82,0.33
CUST-783,ORD-3284,South,Furniture,2023-05-17 19:00:00,2023-05-18 19:00:00,336.08,0.16
CUST-564,ORD-3285,North,Grocery,2023-05-17 20:00:00,2023-05-18 20:00:00,591.92,0.3
CUST-287,ORD-3286,West,Electronics,2023-05-17 21:00:00,2023-05-18 21:00:00,848.82,0.48
CUST-846,ORD-3287,South,Electronics,2023-05-17 22:00:00,2023-05-18 22:00:00,446.86,0.45
CUST-639,ORD-3288,South,Clothing,2023-05-17 23:00:00,2023-05-18 23:00:00,27.78,0.23
CUST-697,ORD-3289,South,Furniture,2023-05-18 00:00:00,2023-05-19 00:00:00,83.77,0.18
CUST-626,ORD-3290,West,Grocery,2023-05-18 01:00:00,2023-05-19 01:00:00,515.29,0.16
CUST-122,ORD-3291,East,Clothing,2023-05-18 02:00:00,2023-05-19 02:00:00,969.74,0.29
CUST-132,ORD-3292,West,Electronics,2023-05-18 03:00:00,2023-05-19 03:00:00,696.28,0.1
CUST-999,ORD-3293,North,Electronics,2023-05-18 04:00:00,2023-05-19 04:00:00,80.21,0.3
CUST-100,ORD-3294,North,Furniture,2023-05-18 05:00:00,2023-05-19 05:00:00,197.47,0.05
CUST-404,ORD-3295,West,Grocery,2023-05-18 06:00:00,2023-05-19 06:00:00,773.61,0.2
CUST-383,ORD-3296,West,Furniture,2023-05-18 07:00:00,2023-05-19 07:00:00,843.03,0.22499999999999998
CUST-814,ORD-3297,South,Grocery,2023-05-18 08:00:00,2023-05-19 08:00:00,621.52,0.49
CUST-348,ORD-3298,West,Grocery,2023-05-18 09:00:00,2023-05-19 09:00:00,647.98,0.38
CUST-572,ORD-3299,South,Furniture,2023-05-18 10:00:00,2023-05-19 10:00:00,38.05,0.21
CUST-962,ORD-3300,North,Clothing,2023-05-18 11:00:00,2023-05-19 11:00:00,830.24,0.09
CUST-375,ORD-3301,South,Furniture,2023-05-18 12:00:00,2023-05-19 12:00:00,790.39,0.28
CUST-774,ORD-3302,West,Furniture,2023-05-18 13:00:00,2023-05-19 13:00:00,266.44,0.15
CUST-148,ORD-3303,North,Electronics,2023-05-18 14:00:00,2023-05-19 14:00:00,711.59,0.29
CUST-204,ORD-3304,East,Electronics,2023-05-18 15:00:00,2023-05-19 15:00:00,222.71,0.43
CUST-617,ORD-3305,South,Furniture,2023-05-18 16:00:00,2023-05-19 16:00:00,49.93,0.33
CUST-522,ORD-3306,North,Furniture,2023-05-18 17:00:00,2023-05-19 17:00:00,209.13,0.34
CUST-412,ORD-3307,South,Electronics,2023-05-18 18:00:00,2023-05-19 18:00:00,186.84,0.29
CUST-513,ORD-3308,North,Grocery,2023-05-18 19:00:00,2023-05-19 19:00:00,344.37,0.47
CUST-42,ORD-3309,North,Furniture,2023-05-18 20:00:00,2023-05-19 20:00:00,424.27,0.47
CUST-47,ORD-3310,South,Clothing,2023-05-18 21:00:00,2023-05-19 21:00:00,513.45,0.28
CUST-40,ORD-3311,East,Clothing,2023-05-18 22:00:00,2023-05-19 22:00:00,481.99,0.19
CUST-141,ORD-3312,North,Clothing,2023-05-18 23:00:00,2023-05-19 23:00:00,277.97,0.26
CUST-731,ORD-3313,North,Furniture,2023-05-19 00:00:00,2023-05-20 00:00:00,38.88,0.13
CUST-342,ORD-3314,North,Grocery,2023-05-19 01:00:00,2023-05-20 01:00:00,609.05,0.34
CUST-824,ORD-3315,East,Grocery,2023-05-19 02:00:00,2023-05-20 02:00:00,401.79,0.28
CUST-486,ORD-3316,East,Electronics,2023-05-19 03:00:00,2023-05-20 03:00:00,305.69,0.1
CUST-532,ORD-3317,West,Furniture,2023-05-19 04:00:00,2023-05-20 04:00:00,868.27,0.14
CUST-468,ORD-3318,South,Grocery,2023-05-19 05:00:00,2023-05-20 05:00:00,749.28,0.27
CUST-153,ORD-3319,East,Furniture,2023-05-19 06:00:00,2023-05-20 06:00:00,859.19,0.45
CUST-621,ORD-3320,South,Electronics,2023-05-19 07:00:00,2023-05-20 07:00:00,500.03,0.3
CUST-915,ORD-3321,West,Electronics,2023-05-19 08:00:00,2023-05-20 08:00:00,139.62,0.36
CUST-528,ORD-3322,South,Electronics,2023-05-19 09:00:00,2023-05-20 09:00:00,699.26,0.2
CUST-144,ORD-3323,East,Clothing,2023-05-19 10:00:00,2023-05-20 10:00:00,214.01,0.31
CUST-336,ORD-3324,South,Furniture,2023-05-19 11:00:00,2023-05-20 11:00:00,446.82,0.25
CUST-954,ORD-3325,East,Electronics,2023-05-19 12:00:00,2023-05-20 12:00:00,74.35,0.35
CUST-628,ORD-3326,South,Furniture,2023-05-19 13:00:00,2023-05-20 13:00:00,827.06,0.07
CUST-327,ORD-3327,East,Clothing,2023-05-19 14:00:00,2023-05-20 14:00:00,134.68,0.27
CUST-167,ORD-3328,East,Clothing,2023-05-19 15:00:00,2023-05-20 15:00:00,904.07,0.18
CUST-403,ORD-3329,South,Electronics,2023-05-19 16:00:00,2023-05-20 16:00:00,865.59,0.2
CUST-632,ORD-3330,West,Electronics,2023-05-19 17:00:00,2023-05-20 17:00:00,469.94,0.48
CUST-758,ORD-3331,North,Grocery,2023-05-19 18:00:00,2023-05-20 18:00:00,746.92,0.13
CUST-863,ORD-3332,West,Furniture,2023-05-19 19:00:00,2023-05-20 19:00:00,623.25,0.19
CUST-307,ORD-3333,South,Electronics,2023-05-19 20:00:00,2023-05-20 20:00:00,805.04,0.28
CUST-608,ORD-3334,West,Grocery,2023-05-19 21:00:00,2023-05-20 21:00:00,437.49,0.44
CUST-345,ORD-3335,East,Furniture,2023-05-19 22:00:00,2023-05-20 22:00:00,787.95,0.24
CUST-520,ORD-3336,North,Electronics,2023-05-19 23:00:00,2023-05-20 23:00:00,467.83,0.38
CUST-849,ORD-3337,South,Grocery,2023-05-20 00:00:00,2023-05-21 00:00:00,941.56,0.44
CUST-522,ORD-3338,South,Grocery,2023-05-20 01:00:00,2023-05-21 01:00:00,491.51,0.19
CUST-546,ORD-3339,South,Furniture,2023-05-20 02:00:00,2023-05-21 02:00:00,467.99,0.23
CUST-502,ORD-3340,North,Grocery,2023-05-20 03:00:00,2023-05-21 03:00:00,787.22,0.21
CUST-726,ORD-3341,East,Furniture,2023-05-20 04:00:00,2023-05-21 04:00:00,823.36,0.42
CUST-577,ORD-3342,South,Furniture,2023-05-20 05:00:00,2023-05-21 05:00:00,558.94,0.07
CUST-307,ORD-3343,West,Furniture,2023-05-20 06:00:00,2023-05-21 06:00:00,188.0,0.19
CUST-487,ORD-3344,South,Clothing,2023-05-20 07:00:00,2023-05-21 07:00:00,473.08,0.36
CUST-836,ORD-3345,South,Grocery,2023-05-20 08:00:00,2023-05-21 08:00:00,968.39,0.3
CUST-18,ORD-3346,South,Furniture,2023-05-20 09:00:00,2023-05-21 09:00:00,755.46,0.25
CUST-378,ORD-3347,South,Electronics,2023-05-20 10:00:00,2023-05-21 10:00:00,813.05,0.29
CUST-340,ORD-3348,East,Clothing,2023-05-20 11:00:00,2023-05-21 11:00:00,42.5,0.14
CUST-690,ORD-3349,West,Clothing,2023-05-20 12:00:00,2023-05-21 12:00:00,473.18,0.24
CUST-113,ORD-3350,East,Grocery,2023-05-20 13:00:00,2023-05-21 13:00:00,650.15,0.28
CUST-427,ORD-3351,West,Furniture,2023-05-20 14:00:00,2023-05-21 14:00:00,831.73,0.46
CUST-598,ORD-3352,South,Grocery,2023-05-20 15:00:00,2023-05-21 15:00:00,58.78,0.17
CUST-316,ORD-3353,North,Clothing,2023-05-20 16:00:00,2023-05-21 16:00:00,853.91,0.44
CUST-816,ORD-3354,East,Furniture,2023-05-20 17:00:00,2023-05-21 17:00:00,552.92,0.34
CUST-921,ORD-3355,North,Electronics,2023-05-20 18:00:00,2023-05-21 18:00:00,205.34,0.06
CUST-743,ORD-3356,East,Furniture,2023-05-20 19:00:00,2023-05-21 19:00:00,324.08,0.38
CUST-894,ORD-3357,South,Clothing,2023-05-20 20:00:00,2023-05-21 20:00:00,289.11,0.07
CUST-705,ORD-3358,East,Electronics,2023-05-20 21:00:00,2023-05-21 21:00:00,535.55,0.5
CUST-645,ORD-3359,South,Furniture,2023-05-20 22:00:00,2023-05-21 22:00:00,61.17,0.44
CUST-28,ORD-3360,East,Electronics,2023-05-20 23:00:00,2023-05-21 23:00:00,166.95,0.18
CUST-612,ORD-3361,South,Electronics,2023-05-21 00:00:00,2023-05-22 00:00:00,814.57,0.17
CUST-486,ORD-3362,South,Clothing,2023-05-21 01:00:00,2023-05-22 01:00:00,141.28,0.22
CUST-272,ORD-3363,West,Electronics,2023-05-21 02:00:00,2023-05-22 02:00:00,241.06,0.21
CUST-991,ORD-3364,South,Grocery,2023-05-21 03:00:00,2023-05-22 03:00:00,458.84,0.22
CUST-672,ORD-3365,West,Clothing,2023-05-21 04:00:00,2023-05-22 04:00:00,521.95,0.19
CUST-802,ORD-3366,South,Grocery,2023-05-21 05:00:00,2023-05-22 05:00:00,765.97,0.33
CUST-996,ORD-3367,North,Electronics,2023-05-21 06:00:00,2023-05-22 06:00:00,452.86,0.12
CUST-795,ORD-3368,South,Grocery,2023-05-21 07:00:00,2023-05-22 07:00:00,791.97,0.43
CUST-593,ORD-3369,North,Furniture,2023-05-21 08:00:00,2023-05-22 08:00:00,622.16,0.42
CUST-592,ORD-3370,North,Electronics,2023-05-21 09:00:00,2023-05-22 09:00:00,121.97,0.26
CUST-234,ORD-3371,South,Furniture,2023-05-21 10:00:00,2023-05-22 10:00:00,164.77,0.43
CUST-739,ORD-3372,North,Grocery,2023-05-21 11:00:00,2023-05-22 11:00:00,442.66,0.16
CUST-53,ORD-3373,West,Furniture,2023-05-21 12:00:00,2023-05-22 12:00:00,201.46,0.06
CUST-598,ORD-3374,East,Electronics,2023-05-21 13:00:00,2023-05-22 13:00:00,746.11,0.33
CUST-492,ORD-3375,South,Furniture,2023-05-21 14:00:00,2023-05-22 14:00:00,584.93,0.26
CUST-175,ORD-3376,North,Grocery,2023-05-21 15:00:00,2023-05-22 15:00:00,394.25,0.31
CUST-537,ORD-3377,South,Grocery,2023-05-21 16:00:00,2023-05-22 16:00:00,179.05,0.45
CUST-645,ORD-3378,West,Grocery,2023-05-21 17:00:00,2023-05-22 17:00:00,234.57,0.49
CUST-739,ORD-3379,South,Electronics,2023-05-21 18:00:00,2023-05-22 18:00:00,579.75,0.34
CUST-635,ORD-3380,South,Grocery,2023-05-21 19:00:00,2023-05-22 19:00:00,429.2,0.39
CUST-794,ORD-3381,North,Electronics,2023-05-21 20:00:00,2023-05-22 20:00:00,519.78,0.09
CUST-862,ORD-3382,West,Furniture,2023-05-21 21:00:00,2023-05-22 21:00:00,178.97,0.12
CUST-390,ORD-3383,East,Grocery,2023-05-21 22:00:00,2023-05-22 22:00:00,666.28,0.38
CUST-152,ORD-3384,East,Furniture,2023-05-21 23:00:00,2023-05-22 23:00:00,854.01,0.24
CUST-842,ORD-3385,North,Clothing,2023-05-22 00:00:00,2023-05-23 00:00:00,265.36,0.25
CUST-698,ORD-3386,South,Furniture,2023-05-22 01:00:00,2023-05-23 01:00:00,496.6,0.19
CUST-249,ORD-3387,North,Clothing,2023-05-22 02:00:00,2023-05-23 02:00:00,975.77,0.32
CUST-33,ORD-3388,North,Furniture,2023-05-22 03:00:00,2023-05-23 03:00:00,339.91,0.13
CUST-587,ORD-3389,North,Electronics,2023-05-22 04:00:00,2023-05-23 04:00:00,599.1,0.33
CUST-971,ORD-3390,South,Furniture,2023-05-22 05:00:00,2023-05-23 05:00:00,99.29,0.13
CUST-718,ORD-3391,West,Electronics,2023-05-22 06:00:00,2023-05-23 06:00:00,609.95,0.08
CUST-113,ORD-3392,North,Electronics,2023-05-22 07:00:00,2023-05-23 07:00:00,98.74,0.2
CUST-196,ORD-3393,South,Grocery,2023-05-22 08:00:00,2023-05-23 08:00:00,959.64,0.15
CUST-20,ORD-3394,West,Electronics,2023-05-22 09:00:00,2023-05-23 09:00:00,718.51,0.45
CUST-452,ORD-3395,North,Clothing,2023-05-22 10:00:00,2023-05-23 10:00:00,790.28,0.07
CUST-322,ORD-3396,East,Grocery,2023-05-22 11:00:00,2023-05-23 11:00:00,707.06,0.13
CUST-429,ORD-3397,West,Grocery,2023-05-22 12:00:00,2023-05-23 12:00:00,593.83,0.3
CUST-156,ORD-3398,North,Furniture,2023-05-22 13:00:00,2023-05-23 13:00:00,455.41,0.27
CUST-423,ORD-3399,West,Electronics,2023-05-22 14:00:00,2023-05-23 14:00:00,859.79,0.07
CUST-708,ORD-3400,West,Electronics,2023-05-22 15:00:00,2023-05-23 15:00:00,957.27,0.05
CUST-209,ORD-3401,West,Clothing,2023-05-22 16:00:00,2023-05-23 16:00:00,504.05,0.49
CUST-421,ORD-3402,West,Furniture,2023-05-22 17:00:00,2023-05-23 17:00:00,932.22,0.35
CUST-514,ORD-3403,West,Furniture,2023-05-22 18:00:00,2023-05-23 18:00:00,587.5,0.21
CUST-794,ORD-3404,West,Grocery,2023-05-22 19:00:00,2023-05-23 19:00:00,543.0,0.39
CUST-627,ORD-3405,North,Grocery,2023-05-22 20:00:00,2023-05-23 20:00:00,459.94,0.17
CUST-943,ORD-3406,East,Grocery,2023-05-22 21:00:00,2023-05-23 21:00:00,217.19,0.21
CUST-483,ORD-3407,South,Clothing,2023-05-22 22:00:00,2023-05-23 22:00:00,13.68,0.34
CUST-894,ORD-3408,West,Clothing,2023-05-22 23:00:00,2023-05-23 23:00:00,249.09,0.45
CUST-869,ORD-3409,South,Grocery,2023-05-23 00:00:00,2023-05-24 00:00:00,514.63,0.13
CUST-754,ORD-3410,North,Furniture,2023-05-23 01:00:00,2023-05-24 01:00:00,386.16,
CUST-745,ORD-3411,West,Clothing,2023-05-23 02:00:00,2023-05-24 02:00:00,454.0,0.1
CUST-64,ORD-3412,East,Furniture,2023-05-23 03:00:00,2023-05-24 03:00:00,980.84,0.15
CUST-723,ORD-3413,South,Furniture,2023-05-23 04:00:00,2023-05-24 04:00:00,356.77,0.07
CUST-142,ORD-3414,West,Electronics,2023-05-23 05:00:00,2023-05-24 05:00:00,457.66,0.11
CUST-532,ORD-3415,North,Grocery,2023-05-23 06:00:00,2023-05-24 06:00:00,142.18,0.46
CUST-213,ORD-3416,East,Electronics,2023-05-23 07:00:00,2023-05-24 07:00:00,57.48,0.26
CUST-575,ORD-3417,South,Grocery,2023-05-23 08:00:00,2023-05-24 08:00:00,777.66,0.08
CUST-333,ORD-3418,South,Grocery,2023-05-23 09:00:00,2023-05-24 09:00:00,574.98,0.48
CUST-679,ORD-3419,West,Furniture,2023-05-23 10:00:00,2023-05-24 10:00:00,763.1,0.45
CUST-490,ORD-3420,East,Grocery,2023-05-23 11:00:00,2023-05-24 11:00:00,158.36,0.39
CUST-539,ORD-3421,East,Furniture,2023-05-23 12:00:00,2023-05-24 12:00:00,576.11,0.47
CUST-386,ORD-3422,East,Furniture,2023-05-23 13:00:00,2023-05-24 13:00:00,261.11,0.15
CUST-322,ORD-3423,East,Grocery,2023-05-23 14:00:00,2023-05-24 14:00:00,235.78,0.43
CUST-980,ORD-3424,North,Furniture,2023-05-23 15:00:00,2023-05-24 15:00:00,21.41,0.36
CUST-178,ORD-3425,East,Furniture,2023-05-23 16:00:00,2023-05-24 16:00:00,139.04,0.44
CUST-471,ORD-3426,South,Furniture,2023-05-23 17:00:00,2023-05-24 17:00:00,316.18,0.41
CUST-935,ORD-3427,South,Clothing,2023-05-23 18:00:00,2023-05-24 18:00:00,125.71,0.21
CUST-546,ORD-3428,North,Furniture,2023-05-23 19:00:00,2023-05-24 19:00:00,986.0,0.4
CUST-351,ORD-3429,South,Clothing,2023-05-23 20:00:00,2023-05-24 20:00:00,315.55,0.17
CUST-560,ORD-3430,South,Clothing,2023-05-23 21:00:00,2023-05-24 21:00:00,139.02,0.2
CUST-363,ORD-3431,East,Furniture,2023-05-23 22:00:00,2023-05-24 22:00:00,207.09,0.1
CUST-693,ORD-3432,South,Furniture,2023-05-23 23:00:00,2023-05-24 23:00:00,591.83,0.47
CUST-791,ORD-3433,North,Clothing,2023-05-24 00:00:00,2023-05-25 00:00:00,73.4,0.18
CUST-889,ORD-3434,East,Clothing,2023-05-24 01:00:00,2023-05-25 01:00:00,863.81,0.28
CUST-739,ORD-3435,West,Furniture,2023-05-24 02:00:00,2023-05-25 02:00:00,961.88,0.23
CUST-698,ORD-3436,East,Furniture,2023-05-24 03:00:00,2023-05-25 03:00:00,254.28,
CUST-659,ORD-3437,North,Grocery,2023-05-24 04:00:00,2023-05-25 04:00:00,455.59,0.2
CUST-823,ORD-3438,East,Clothing,2023-05-24 05:00:00,2023-05-25 05:00:00,31.91,0.4
CUST-710,ORD-3439,East,Clothing,2023-05-24 06:00:00,2023-05-25 06:00:00,644.3,0.43
CUST-271,ORD-3440,North,Grocery,2023-05-24 07:00:00,2023-05-25 07:00:00,419.79,0.25
CUST-625,ORD-3441,East,Clothing,2023-05-24 08:00:00,2023-05-25 08:00:00,277.36,0.22
CUST-496,ORD-3442,North,Electronics,2023-05-24 09:00:00,2023-05-25 09:00:00,214.77,0.39
CUST-197,ORD-3443,North,Clothing,2023-05-24 10:00:00,2023-05-25 10:00:00,657.48,0.46
CUST-981,ORD-3444,West,Grocery,2023-05-24 11:00:00,2023-05-25 11:00:00,422.05,0.39
CUST-253,ORD-3445,South,Electronics,2023-05-24 12:00:00,2023-05-25 12:00:00,187.86,0.15
CUST-286,ORD-3446,South,Furniture,2023-05-24 13:00:00,2023-05-25 13:00:00,692.22,0.45
CUST-572,ORD-3447,East,Grocery,2023-05-24 14:00:00,2023-05-25 14:00:00,569.42,0.22
CUST-306,ORD-3448,East,Grocery,2023-05-24 15:00:00,2023-05-25 15:00:00,,0.31
CUST-231,ORD-3449,West,Furniture,2023-05-24 16:00:00,2023-05-25 16:00:00,126.3,0.42
CUST-965,ORD-3450,West,Grocery,2023-05-24 17:00:00,2023-05-25 17:00:00,787.81,0.13
CUST-997,ORD-3451,West,Clothing,2023-05-24 18:00:00,2023-05-25 18:00:00,676.78,0.4
CUST-305,ORD-3452,North,Furniture,2023-05-24 19:00:00,2023-05-25 19:00:00,123.86,0.32
CUST-790,ORD-3453,West,Grocery,2023-05-24 20:00:00,2023-05-25 20:00:00,697.87,0.45
CUST-296,ORD-3454,West,Furniture,2023-05-24 21:00:00,2023-05-25 21:00:00,447.13,0.13
CUST-722,ORD-3455,East,Furniture,2023-05-24 22:00:00,2023-05-25 22:00:00,945.53,0.24
CUST-213,ORD-3456,West,Furniture,2023-05-24 23:00:00,2023-05-25 23:00:00,150.2,0.42
CUST-707,ORD-3457,North,Electronics,2023-05-25 00:00:00,2023-05-26 00:00:00,646.41,0.06
CUST-722,ORD-3458,North,Grocery,2023-05-25 01:00:00,2023-05-26 01:00:00,388.16,0.1
CUST-501,ORD-3459,East,Electronics,2023-05-25 02:00:00,2023-05-26 02:00:00,957.25,0.5
CUST-325,ORD-3460,West,Grocery,2023-05-25 03:00:00,2023-05-26 03:00:00,168.34,0.18
CUST-492,ORD-3461,West,Clothing,2023-05-25 04:00:00,2023-05-26 04:00:00,962.56,0.49
CUST-358,ORD-3462,North,Clothing,2023-05-25 05:00:00,2023-05-26 05:00:00,902.47,0.13
CUST-574,ORD-3463,West,Clothing,2023-05-25 06:00:00,2023-05-26 06:00:00,277.68,0.21
CUST-957,ORD-3464,West,Grocery,2023-05-25 07:00:00,2023-05-26 07:00:00,805.51,0.39
CUST-957,ORD-3465,West,Furniture,2023-05-25 08:00:00,2023-05-26 08:00:00,995.65,0.35
CUST-815,ORD-3466,South,Furniture,2023-05-25 09:00:00,2023-05-26 09:00:00,260.14,0.31
CUST-739,ORD-3467,East,Electronics,2023-05-25 10:00:00,2023-05-26 10:00:00,442.41,0.29
CUST-281,ORD-3468,South,Electronics,2023-05-25 11:00:00,2023-05-26 11:00:00,524.98,0.43
CUST-295,ORD-3469,East,Clothing,2023-05-25 12:00:00,2023-05-26 12:00:00,301.98,0.16
CUST-125,ORD-3470,North,Electronics,2023-05-25 13:00:00,2023-05-26 13:00:00,25.11,0.375
CUST-588,ORD-3471,West,Grocery,2023-05-25 14:00:00,2023-05-26 14:00:00,227.93,0.12
CUST-693,ORD-3472,East,Grocery,2023-05-25 15:00:00,2023-05-26 15:00:00,289.12,0.32
CUST-557,ORD-3473,South,Electronics,2023-05-25 16:00:00,2023-05-26 16:00:00,449.16,0.16
CUST-389,ORD-3474,West,Electronics,2023-05-25 17:00:00,2023-05-26 17:00:00,179.39,0.2
CUST-918,ORD-3475,North,Electronics,2023-05-25 18:00:00,2023-05-26 18:00:00,874.52,0.26
CUST-405,ORD-3476,East,Electronics,2023-05-25 19:00:00,2023-05-26 19:00:00,707.86,0.06
CUST-839,ORD-3477,East,Clothing,2023-05-25 20:00:00,2023-05-26 20:00:00,94.35,0.09
CUST-354,ORD-3478,East,Clothing,2023-05-25 21:00:00,2023-05-26 21:00:00,653.59,0.36
CUST-978,ORD-3479,West,Electronics,2023-05-25 22:00:00,2023-05-26 22:00:00,657.12,0.24
CUST-792,ORD-3480,South,Grocery,2023-05-25 23:00:00,2023-05-26 23:00:00,956.66,0.44
CUST-824,ORD-3481,South,Clothing,2023-05-26 00:00:00,2023-05-27 00:00:00,12.99,0.36
CUST-150,ORD-3482,East,Grocery,2023-05-26 01:00:00,2023-05-27 01:00:00,255.45,0.05
CUST-298,ORD-3483,North,Furniture,2023-05-26 02:00:00,2023-05-27 02:00:00,928.51,0.33
CUST-44,ORD-3484,North,Grocery,2023-05-26 03:00:00,2023-05-27 03:00:00,932.81,0.09
CUST-295,ORD-3485,South,Electronics,2023-05-26 04:00:00,2023-05-27 04:00:00,723.38,0.4
CUST-979,ORD-3486,North,Furniture,2023-05-26 05:00:00,2023-05-27 05:00:00,768.11,0.5
CUST-732,ORD-3487,South,Clothing,2023-05-26 06:00:00,2023-05-27 06:00:00,100.57,0.29
CUST-81,ORD-3488,East,Clothing,2023-05-26 07:00:00,2023-05-27 07:00:00,518.74,0.36
CUST-355,ORD-3489,South,Furniture,2023-05-26 08:00:00,2023-05-27 08:00:00,239.27,0.16
CUST-947,ORD-3490,South,Grocery,2023-05-26 09:00:00,2023-05-27 09:00:00,189.41,0.25
CUST-453,ORD-3491,East,Clothing,2023-05-26 10:00:00,2023-05-27 10:00:00,812.2,0.44
CUST-672,ORD-3492,North,Electronics,2023-05-26 11:00:00,2023-05-27 11:00:00,143.69,0.13
CUST-263,ORD-3493,South,Furniture,2023-05-26 12:00:00,2023-05-27 12:00:00,473.97,0.17
CUST-766,ORD-3494,South,Electronics,2023-05-26 13:00:00,2023-05-27 13:00:00,939.19,0.25
CUST-491,ORD-3495,East,Furniture,2023-05-26 14:00:00,2023-05-27 14:00:00,193.97,0.37
CUST-220,ORD-3496,North,Clothing,2023-05-26 15:00:00,2023-05-27 15:00:00,978.21,0.22
CUST-207,ORD-3497,South,Grocery,2023-05-26 16:00:00,2023-05-27 16:00:00,994.35,0.47
CUST-848,ORD-3498,East,Furniture,2023-05-26 17:00:00,2023-05-27 17:00:00,560.06,0.09
CUST-552,ORD-3499,South,Furniture,2023-05-26 18:00:00,2023-05-27 18:00:00,178.44,0.22
CUST-278,ORD-3500,West,Electronics,2023-05-26 19:00:00,2023-05-27 19:00:00,322.94,0.37
CUST-956,ORD-3501,East,Clothing,2023-05-26 20:00:00,2023-05-27 20:00:00,430.25,0.15
CUST-576,ORD-3502,North,Electronics,2023-05-26 21:00:00,2023-05-27 21:00:00,316.23,0.35
CUST-713,ORD-3503,North,Clothing,2023-05-26 22:00:00,2023-05-27 22:00:00,287.83,0.12
CUST-279,ORD-3504,North,Electronics,2023-05-26 23:00:00,2023-05-27 23:00:00,972.51,0.08
CUST-141,ORD-3505,North,Furniture,2023-05-27 00:00:00,2023-05-28 00:00:00,161.83,0.1
CUST-112,ORD-3506,South,Electronics,2023-05-27 01:00:00,2023-05-28 01:00:00,735.99,0.47
CUST-631,ORD-3507,South,Grocery,2023-05-27 02:00:00,2023-05-28 02:00:00,10.41,0.3
CUST-759,ORD-3508,North,Clothing,2023-05-27 03:00:00,2023-05-28 03:00:00,600.22,0.41
CUST-601,ORD-3509,North,Clothing,2023-05-27 04:00:00,2023-05-28 04:00:00,916.78,0.2
CUST-246,ORD-3510,North,Furniture,2023-05-27 05:00:00,2023-05-28 05:00:00,295.05,0.32
CUST-249,ORD-3511,South,Clothing,2023-05-27 06:00:00,2023-05-28 06:00:00,193.67,0.27
CUST-52,ORD-3512,North,Grocery,2023-05-27 07:00:00,2023-05-28 07:00:00,655.16,0.48
CUST-686,ORD-3513,North,Electronics,2023-05-27 08:00:00,2023-05-28 08:00:00,715.48,0.39
CUST-927,ORD-3514,West,Furniture,2023-05-27 09:00:00,2023-05-28 09:00:00,691.15,0.38
CUST-544,ORD-3515,West,Grocery,2023-05-27 10:00:00,2023-05-28 10:00:00,326.12,0.07
CUST-232,ORD-3516,North,Clothing,2023-05-27 11:00:00,2023-05-28 11:00:00,259.68,0.3
CUST-654,ORD-3517,East,Clothing,2023-05-27 12:00:00,2023-05-28 12:00:00,956.36,0.26
CUST-239,ORD-3518,North,Grocery,2023-05-27 13:00:00,2023-05-28 13:00:00,462.035,
CUST-54,ORD-3519,West,Electronics,2023-05-27 14:00:00,2023-05-28 14:00:00,462.74,0.17
CUST-103,ORD-3520,East,Electronics,2023-05-27 15:00:00,2023-05-28 15:00:00,847.73,0.17
CUST-424,ORD-3521,East,Furniture,2023-05-27 16:00:00,2023-05-28 16:00:00,457.8,0.24
CUST-339,ORD-3522,North,Clothing,2023-05-27 17:00:00,2023-05-28 17:00:00,430.15,0.16
CUST-735,ORD-3523,West,Grocery,2023-05-27 18:00:00,2023-05-28 18:00:00,165.2,0.11
CUST-484,ORD-3524,West,Electronics,2023-05-27 19:00:00,2023-05-28 19:00:00,432.14,0.44
CUST-103,ORD-3525,East,Furniture,2023-05-27 20:00:00,2023-05-28 20:00:00,542.04,0.3
CUST-698,ORD-3526,North,Clothing,2023-05-27 21:00:00,2023-05-28 21:00:00,32.28,0.44
CUST-790,ORD-3527,South,Clothing,2023-05-27 22:00:00,2023-05-28 22:00:00,449.67,0.42
CUST-141,ORD-3528,South,Furniture,2023-05-27 23:00:00,2023-05-28 23:00:00,783.54,0.18
CUST-6,ORD-3529,West,Furniture,2023-05-28 00:00:00,2023-05-29 00:00:00,683.25,0.3
CUST-988,ORD-3530,South,Electronics,2023-05-28 01:00:00,2023-05-29 01:00:00,638.81,0.09
CUST-564,ORD-3531,West,Grocery,2023-05-28 02:00:00,2023-05-29 02:00:00,910.46,0.46
CUST-952,ORD-3532,West,Clothing,2023-05-28 03:00:00,2023-05-29 03:00:00,27.85,0.23
CUST-162,ORD-3533,West,Grocery,2023-05-28 04:00:00,2023-05-29 04:00:00,561.48,0.23
CUST-417,ORD-3534,South,Clothing,2023-05-28 05:00:00,2023-05-29 05:00:00,789.48,0.19
CUST-669,ORD-3535,West,Clothing,2023-05-28 06:00:00,2023-05-29 06:00:00,545.92,0.26
CUST-958,ORD-3536,East,Grocery,2023-05-28 07:00:00,2023-05-29 07:00:00,330.66,0.16
CUST-902,ORD-3537,North,Furniture,2023-05-28 08:00:00,2023-05-29 08:00:00,144.89,0.22
CUST-900,ORD-3538,North,Electronics,2023-05-28 09:00:00,2023-05-29 09:00:00,888.69,0.41
CUST-488,ORD-3539,West,Clothing,2023-05-28 10:00:00,2023-05-29 10:00:00,476.05,0.43
CUST-489,ORD-3540,North,Furniture,2023-05-28 11:00:00,2023-05-29 11:00:00,879.33,0.19
CUST-667,ORD-3541,South,Clothing,2023-05-28 12:00:00,2023-05-29 12:00:00,589.99,0.26
CUST-205,ORD-3542,South,Electronics,2023-05-28 13:00:00,2023-05-29 13:00:00,677.45,0.44
CUST-775,ORD-3543,North,Clothing,2023-05-28 14:00:00,2023-05-29 14:00:00,806.22,0.07
CUST-988,ORD-3544,South,Electronics,2023-05-28 15:00:00,2023-05-29 15:00:00,662.56,0.45
CUST-295,ORD-3545,North,Electronics,2023-05-28 16:00:00,2023-05-29 16:00:00,404.07,0.15
CUST-329,ORD-3546,North,Clothing,2023-05-28 17:00:00,2023-05-29 17:00:00,518.5,0.36
CUST-293,ORD-3547,North,Clothing,2023-05-28 18:00:00,2023-05-29 18:00:00,805.02,0.31
CUST-662,ORD-3548,West,Electronics,2023-05-28 19:00:00,2023-05-29 19:00:00,379.91,0.3
CUST-61,ORD-3549,North,Furniture,2023-05-28 20:00:00,2023-05-29 20:00:00,394.24,0.44
CUST-930,ORD-3550,West,Grocery,2023-05-28 21:00:00,2023-05-29 21:00:00,104.73,0.1
CUST-788,ORD-3551,North,Electronics,2023-05-28 22:00:00,2023-05-29 22:00:00,915.44,0.21
CUST-92,ORD-3552,North,Clothing,2023-05-28 23:00:00,2023-05-29 23:00:00,100.13,0.29
CUST-668,ORD-3553,North,Clothing,2023-05-29 00:00:00,2023-05-30 00:00:00,651.73,0.42
CUST-588,ORD-3554,South,Furniture,2023-05-29 01:00:00,2023-05-30 01:00:00,419.06,0.15
CUST-238,ORD-3555,West,Grocery,2023-05-29 02:00:00,2023-05-30 02:00:00,411.56,0.41
CUST-548,ORD-3556,West,Electronics,2023-05-29 03:00:00,2023-05-30 03:00:00,682.76,0.23
CUST-757,ORD-3557,North,Electronics,2023-05-29 04:00:00,2023-05-30 04:00:00,76.42,0.14
CUST-741,ORD-3558,North,Grocery,2023-05-29 05:00:00,2023-05-30 05:00:00,597.77,0.39
CUST-871,ORD-3559,South,Electronics,2023-05-29 06:00:00,2023-05-30 06:00:00,774.31,0.09
CUST-960,ORD-3560,South,Grocery,2023-05-29 07:00:00,2023-05-30 07:00:00,829.93,0.42000000000000004
CUST-39,ORD-3561,South,Clothing,2023-05-29 08:00:00,2023-05-30 08:00:00,178.83,0.08
CUST-936,ORD-3562,West,Grocery,2023-05-29 09:00:00,2023-05-30 09:00:00,898.44,0.21
CUST-944,ORD-3563,West,Electronics,2023-05-29 10:00:00,2023-05-30 10:00:00,659.58,0.32
CUST-180,ORD-3564,West,Grocery,2023-05-29 11:00:00,2023-05-30 11:00:00,883.04,0.3
CUST-428,ORD-3565,North,Furniture,2023-05-29 12:00:00,2023-05-30 12:00:00,490.43,0.23
CUST-904,ORD-3566,West,Clothing,2023-05-29 13:00:00,2023-05-30 13:00:00,546.61,0.24
CUST-858,ORD-3567,East,Clothing,2023-05-29 14:00:00,2023-05-30 14:00:00,919.85,0.15
CUST-181,ORD-3568,East,Grocery,2023-05-29 15:00:00,2023-05-30 15:00:00,900.91,0.26
CUST-957,ORD-3569,South,Electronics,2023-05-29 16:00:00,2023-05-30 16:00:00,453.68,0.48
CUST-942,ORD-3570,West,Furniture,2023-05-29 17:00:00,2023-05-30 17:00:00,281.67,0.43
CUST-38,ORD-3571,East,Clothing,2023-05-29 18:00:00,2023-05-30 18:00:00,399.24,0.12
CUST-857,ORD-3572,South,Clothing,2023-05-29 19:00:00,2023-05-30 19:00:00,393.89,0.06
CUST-407,ORD-3573,West,Electronics,2023-05-29 20:00:00,2023-05-30 20:00:00,294.0,0.47
CUST-807,ORD-3574,North,Electronics,2023-05-29 21:00:00,2023-05-30 21:00:00,275.89,0.29
CUST-508,ORD-3575,East,Furniture,2023-05-29 22:00:00,2023-05-30 22:00:00,862.45,0.29
CUST-191,ORD-3576,North,Grocery,2023-05-29 23:00:00,2023-05-30 23:00:00,79.16,0.4
CUST-960,ORD-3577,West,Electronics,2023-05-30 00:00:00,2023-05-31 00:00:00,680.84,0.19
CUST-767,ORD-3578,East,Grocery,2023-05-30 01:00:00,2023-05-31 01:00:00,181.09,0.27
CUST-986,ORD-3579,West,Furniture,2023-05-30 02:00:00,2023-05-31 02:00:00,351.06,0.49
CUST-894,ORD-3580,North,Grocery,2023-05-30 03:00:00,2023-05-31 03:00:00,70.93,0.35
CUST-949,ORD-3581,East,Clothing,2023-05-30 04:00:00,2023-05-31 04:00:00,277.27,0.12
CUST-297,ORD-3582,North,Grocery,2023-05-30 05:00:00,2023-05-31 05:00:00,770.74,0.11
CUST-898,ORD-3583,West,Furniture,2023-05-30 06:00:00,2023-05-31 06:00:00,886.17,0.14
CUST-39,ORD-3584,West,Furniture,2023-05-30 07:00:00,2023-05-31 07:00:00,229.31,0.6000000000000001
CUST-10,ORD-3585,North,Furniture,2023-05-30 08:00:00,2023-05-31 08:00:00,468.91,0.18
CUST-306,ORD-3586,East,Grocery,2023-05-30 09:00:00,2023-05-31 09:00:00,475.62,0.06
CUST-582,ORD-3587,North,Clothing,2023-05-30 10:00:00,2023-05-31 10:00:00,874.84,0.47
CUST-618,ORD-3588,West,Electronics,2023-05-30 11:00:00,2023-05-31 11:00:00,765.17,0.13
CUST-110,ORD-3589,North,Clothing,2023-05-30 12:00:00,2023-05-31 12:00:00,517.95,0.05
CUST-951,ORD-3590,West,Grocery,2023-05-30 13:00:00,2023-05-31 13:00:00,674.04,0.16
CUST-344,ORD-3591,North,Grocery,2023-05-30 14:00:00,2023-05-31 14:00:00,848.88,0.16
CUST-292,ORD-3592,East,Electronics,2023-05-30 15:00:00,2023-05-31 15:00:00,19.44,0.24
CUST-466,ORD-3593,East,Grocery,2023-05-30 16:00:00,2023-05-31 16:00:00,408.86,0.46
CUST-657,ORD-3594,North,Furniture,2023-05-30 17:00:00,2023-05-31 17:00:00,908.17,0.45
CUST-557,ORD-3595,North,Furniture,2023-05-30 18:00:00,2023-05-31 18:00:00,742.91,0.26
CUST-537,ORD-3596,East,Furniture,2023-05-30 19:00:00,2023-05-31 19:00:00,547.41,0.23
CUST-506,ORD-3597,West,Furniture,2023-05-30 20:00:00,2023-05-31 20:00:00,534.35,0.3
CUST-911,ORD-3598,East,Furniture,2023-05-30 21:00:00,2023-05-31 21:00:00,354.29,0.16
CUST-962,ORD-3599,West,Grocery,2023-05-30 22:00:00,2023-05-31 22:00:00,525.32,0.07
CUST-138,ORD-3600,North,Electronics,2023-05-30 23:00:00,2023-05-31 23:00:00,658.83,0.47
CUST-872,ORD-3601,North,Electronics,2023-05-31 00:00:00,2023-06-01 00:00:00,424.18,0.13
CUST-517,ORD-3602,West,Furniture,2023-05-31 01:00:00,2023-06-01 01:00:00,717.01,0.14
CUST-480,ORD-3603,North,Grocery,2023-05-31 02:00:00,2023-06-01 02:00:00,862.62,0.26
CUST-280,ORD-3604,West,Clothing,2023-05-31 03:00:00,2023-06-01 03:00:00,163.14,0.27
CUST-198,ORD-3605,South,Clothing,2023-05-31 04:00:00,2023-06-01 04:00:00,457.03,0.06
CUST-829,ORD-3606,East,Grocery,2023-05-31 05:00:00,2023-06-01 05:00:00,206.97,0.12
CUST-116,ORD-3607,South,Furniture,2023-05-31 06:00:00,2023-06-01 06:00:00,690.59,0.22
CUST-339,ORD-3608,West,Electronics,2023-05-31 07:00:00,2023-06-01 07:00:00,257.37,0.36
CUST-167,ORD-3609,East,Grocery,2023-05-31 08:00:00,2023-06-01 08:00:00,643.85,0.15
CUST-749,ORD-3610,West,Clothing,2023-05-31 09:00:00,2023-06-01 09:00:00,878.71,0.24
CUST-470,ORD-3611,East,Clothing,2023-05-31 10:00:00,2023-06-01 10:00:00,423.95,0.3
CUST-664,ORD-3612,East,Clothing,2023-05-31 11:00:00,2023-06-01 11:00:00,911.91,0.45
CUST-264,ORD-3613,East,Furniture,2023-05-31 12:00:00,2023-06-01 12:00:00,993.23,0.2
CUST-736,ORD-3614,East,Clothing,2023-05-31 13:00:00,2023-06-01 13:00:00,115.03,0.11
CUST-191,ORD-3615,West,Grocery,2023-05-31 14:00:00,2023-06-01 14:00:00,240.72,0.27
CUST-15,ORD-3616,East,Grocery,2023-05-31 15:00:00,2023-06-01 15:00:00,950.88,0.39
CUST-755,ORD-3617,East,Clothing,2023-05-31 16:00:00,2023-06-01 16:00:00,958.74,0.1
CUST-346,ORD-3618,South,Grocery,2023-05-31 17:00:00,2023-06-01 17:00:00,106.73,0.24
CUST-810,ORD-3619,North,Clothing,2023-05-31 18:00:00,2023-06-01 18:00:00,24.85,0.06
CUST-303,ORD-3620,North,Clothing,2023-05-31 19:00:00,2023-06-01 19:00:00,169.49,0.07
CUST-582,ORD-3621,South,Electronics,2023-05-31 20:00:00,2023-06-01 20:00:00,996.05,0.27
CUST-691,ORD-3622,South,Furniture,2023-05-31 21:00:00,2023-06-01 21:00:00,188.2,0.18
CUST-776,ORD-3623,West,Furniture,2023-05-31 22:00:00,2023-06-01 22:00:00,507.52,0.43
CUST-198,ORD-3624,West,Electronics,2023-05-31 23:00:00,2023-06-01 23:00:00,849.93,0.32
CUST-180,ORD-3625,West,Electronics,2023-06-01 00:00:00,2023-06-02 00:00:00,15.1,0.25
CUST-626,ORD-3626,South,Furniture,2023-06-01 01:00:00,2023-06-02 01:00:00,608.44,0.23
CUST-877,ORD-3627,South,Clothing,2023-06-01 02:00:00,2023-06-02 02:00:00,284.26,0.27
CUST-655,ORD-3628,East,Clothing,2023-06-01 03:00:00,2023-06-02 03:00:00,863.71,0.07
CUST-919,ORD-3629,West,Furniture,2023-06-01 04:00:00,2023-06-02 04:00:00,290.63,0.45
CUST-416,ORD-3630,West,Clothing,2023-06-01 05:00:00,2023-06-02 05:00:00,689.89,0.5
CUST-847,ORD-3631,West,Electronics,2023-06-01 06:00:00,2023-06-02 06:00:00,677.48,0.13
CUST-438,ORD-3632,North,Clothing,2023-06-01 07:00:00,2023-06-02 07:00:00,229.28,0.1
CUST-528,ORD-3633,East,Clothing,2023-06-01 08:00:00,2023-06-02 08:00:00,44.45,0.11
CUST-336,ORD-3634,West,Grocery,2023-06-01 09:00:00,2023-06-02 09:00:00,415.16,0.35
CUST-89,ORD-3635,West,Grocery,2023-06-01 10:00:00,2023-06-02 10:00:00,296.3,0.35
CUST-411,ORD-3636,West,Grocery,2023-06-01 11:00:00,2023-06-02 11:00:00,810.89,0.43
CUST-686,ORD-3637,North,Clothing,2023-06-01 12:00:00,2023-06-02 12:00:00,802.36,0.39
CUST-98,ORD-3638,North,Furniture,2023-06-01 13:00:00,2023-06-02 13:00:00,462.45,0.25
CUST-190,ORD-3639,South,Electronics,2023-06-01 14:00:00,2023-06-02 14:00:00,610.45,0.33
CUST-144,ORD-3640,East,Clothing,2023-06-01 15:00:00,2023-06-02 15:00:00,608.22,0.36
CUST-489,ORD-3641,South,Furniture,2023-06-01 16:00:00,2023-06-02 16:00:00,828.89,0.28
CUST-332,ORD-3642,East,Clothing,2023-06-01 17:00:00,2023-06-02 17:00:00,430.75,0.26
CUST-959,ORD-3643,North,Electronics,2023-06-01 18:00:00,2023-06-02 18:00:00,282.69,0.34
CUST-255,ORD-3644,West,Clothing,2023-06-01 19:00:00,2023-06-02 19:00:00,272.38,0.3
CUST-7,ORD-3645,South,Electronics,2023-06-01 20:00:00,2023-06-02 20:00:00,540.83,0.34
CUST-268,ORD-3646,West,Clothing,2023-06-01 21:00:00,2023-06-02 21:00:00,227.33,0.33
CUST-393,ORD-3647,South,Electronics,2023-06-01 22:00:00,2023-06-02 22:00:00,445.72,0.37
CUST-242,ORD-3648,North,Clothing,2023-06-01 23:00:00,2023-06-02 23:00:00,100.23,0.34
CUST-458,ORD-3649,North,Electronics,2023-06-02 00:00:00,2023-06-03 00:00:00,721.42,0.28
CUST-772,ORD-3650,North,Grocery,2023-06-02 01:00:00,2023-06-03 01:00:00,221.6,0.36
CUST-274,ORD-3651,South,Clothing,2023-06-02 02:00:00,2023-06-03 02:00:00,204.98,0.25
CUST-977,ORD-3652,East,Clothing,2023-06-02 03:00:00,2023-06-03 03:00:00,418.63,0.16
CUST-338,ORD-3653,South,Furniture,2023-06-02 04:00:00,2023-06-03 04:00:00,235.5,0.05
CUST-310,ORD-3654,East,Furniture,2023-06-02 05:00:00,2023-06-03 05:00:00,588.02,0.3
CUST-597,ORD-3655,South,Electronics,2023-06-02 06:00:00,2023-06-03 06:00:00,377.75,0.32
CUST-741,ORD-3656,South,Clothing,2023-06-02 07:00:00,2023-06-03 07:00:00,454.42,0.49
CUST-587,ORD-3657,North,Electronics,2023-06-02 08:00:00,2023-06-03 08:00:00,541.8,0.21
CUST-12,ORD-3658,West,Grocery,2023-06-02 09:00:00,2023-06-03 09:00:00,211.5,0.23
CUST-268,ORD-3659,West,Furniture,2023-06-02 10:00:00,2023-06-03 10:00:00,164.19,0.14
CUST-670,ORD-3660,East,Electronics,2023-06-02 11:00:00,2023-06-03 11:00:00,881.62,0.08
CUST-369,ORD-3661,West,Electronics,2023-06-02 12:00:00,2023-06-03 12:00:00,439.39,0.4
CUST-710,ORD-3662,South,Furniture,2023-06-02 13:00:00,2023-06-03 13:00:00,417.97,0.16
CUST-242,ORD-3663,South,Clothing,2023-06-02 14:00:00,2023-06-03 14:00:00,45.26,0.32
CUST-64,ORD-3664,North,Electronics,2023-06-02 15:00:00,2023-06-03 15:00:00,503.0,0.36
CUST-684,ORD-3665,North,Furniture,2023-06-02 16:00:00,2023-06-03 16:00:00,558.63,0.26
CUST-122,ORD-3666,West,Clothing,2023-06-02 17:00:00,2023-06-03 17:00:00,563.25,0.44
CUST-477,ORD-3667,East,Grocery,2023-06-02 18:00:00,2023-06-03 18:00:00,709.96,0.25
CUST-315,ORD-3668,West,Furniture,2023-06-02 19:00:00,2023-06-03 19:00:00,185.71,0.18
CUST-164,ORD-3669,West,Electronics,2023-06-02 20:00:00,2023-06-03 20:00:00,259.7,0.45
CUST-416,ORD-3670,West,Grocery,2023-06-02 21:00:00,2023-06-03 21:00:00,812.62,0.44
CUST-703,ORD-3671,West,Clothing,2023-06-02 22:00:00,2023-06-03 22:00:00,947.7,0.12
CUST-515,ORD-3672,South,Clothing,2023-06-02 23:00:00,2023-06-03 23:00:00,144.57,0.06
CUST-946,ORD-3673,East,Furniture,2023-06-03 00:00:00,2023-06-04 00:00:00,502.67,0.09
CUST-917,ORD-3674,South,Furniture,2023-06-03 01:00:00,2023-06-04 01:00:00,222.03,0.18
CUST-910,ORD-3675,East,Furniture,2023-06-03 02:00:00,2023-06-04 02:00:00,69.47,0.49
CUST-721,ORD-3676,North,Clothing,2023-06-03 03:00:00,2023-06-04 03:00:00,332.25,0.3
CUST-789,ORD-3677,West,Grocery,2023-06-03 04:00:00,2023-06-04 04:00:00,152.25,0.22
CUST-319,ORD-3678,South,Clothing,2023-06-03 05:00:00,2023-06-04 05:00:00,712.83,0.45
CUST-707,ORD-3679,East,Electronics,2023-06-03 06:00:00,2023-06-04 06:00:00,538.39,0.25
CUST-121,ORD-3680,North,Clothing,2023-06-03 07:00:00,2023-06-04 07:00:00,152.4,0.19
CUST-655,ORD-3681,North,Electronics,2023-06-03 08:00:00,2023-06-04 08:00:00,19.15,0.47
CUST-939,ORD-3682,West,Grocery,2023-06-03 09:00:00,2023-06-04 09:00:00,810.08,0.43
CUST-964,ORD-3683,East,Furniture,2023-06-03 10:00:00,2023-06-04 10:00:00,184.43,0.43
CUST-303,ORD-3684,South,Furniture,2023-06-03 11:00:00,2023-06-04 11:00:00,610.15,0.28
CUST-377,ORD-3685,West,Clothing,2023-06-03 12:00:00,2023-06-04 12:00:00,343.55,0.41
CUST-630,ORD-3686,South,Furniture,2023-06-03 13:00:00,2023-06-04 13:00:00,589.63,0.13
CUST-227,ORD-3687,North,Grocery,2023-06-03 14:00:00,2023-06-04 14:00:00,322.5,0.31
CUST-225,ORD-3688,South,Furniture,2023-06-03 15:00:00,2023-06-04 15:00:00,96.07,0.49
CUST-981,ORD-3689,South,Clothing,2023-06-03 16:00:00,2023-06-04 16:00:00,230.72,0.18
CUST-137,ORD-3690,West,Grocery,2023-06-03 17:00:00,2023-06-04 17:00:00,196.18,0.41
CUST-490,ORD-3691,South,Electronics,2023-06-03 18:00:00,2023-06-04 18:00:00,433.74,0.27
CUST-157,ORD-3692,West,Clothing,2023-06-03 19:00:00,2023-06-04 19:00:00,661.7,0.07
CUST-466,ORD-3693,North,Electronics,2023-06-03 20:00:00,2023-06-04 20:00:00,271.17,0.39
CUST-766,ORD-3694,West,Grocery,2023-06-03 21:00:00,2023-06-04 21:00:00,21.95,0.13
CUST-621,ORD-3695,West,Clothing,2023-06-03 22:00:00,2023-06-04 22:00:00,523.75,0.33
CUST-383,ORD-3696,East,Clothing,2023-06-03 23:00:00,2023-06-04 23:00:00,609.7,0.09
CUST-426,ORD-3697,South,Grocery,2023-06-04 00:00:00,2023-06-05 00:00:00,963.24,0.48
CUST-719,ORD-3698,North,Furniture,2023-06-04 01:00:00,2023-06-05 01:00:00,593.58,0.18
CUST-563,ORD-3699,West,Clothing,2023-06-04 02:00:00,2023-06-05 02:00:00,476.46,0.15
CUST-935,ORD-3700,North,Clothing,2023-06-04 03:00:00,2023-06-05 03:00:00,577.67,0.11
CUST-483,ORD-3701,East,Electronics,2023-06-04 04:00:00,2023-06-05 04:00:00,928.62,0.48
CUST-776,ORD-3702,South,Furniture,2023-06-04 05:00:00,2023-06-05 05:00:00,830.09,0.37
CUST-551,ORD-3703,West,Electronics,2023-06-04 06:00:00,2023-06-05 06:00:00,329.75,0.38
CUST-822,ORD-3704,South,Electronics,2023-06-04 07:00:00,2023-06-05 07:00:00,244.88,0.27
CUST-681,ORD-3705,East,Furniture,2023-06-04 08:00:00,2023-06-05 08:00:00,270.01,0.26
CUST-846,ORD-3706,East,Furniture,2023-06-04 09:00:00,2023-06-05 09:00:00,509.38,0.1
CUST-224,ORD-3707,North,Grocery,2023-06-04 10:00:00,2023-06-05 10:00:00,746.61,0.3
CUST-781,ORD-3708,West,Furniture,2023-06-04 11:00:00,2023-06-05 11:00:00,508.19,0.16
CUST-254,ORD-3709,North,Clothing,2023-06-04 12:00:00,2023-06-05 12:00:00,77.12,0.49
CUST-697,ORD-3710,East,Furniture,2023-06-04 13:00:00,2023-06-05 13:00:00,726.34,0.41
CUST-773,ORD-3711,South,Grocery,2023-06-04 14:00:00,2023-06-05 14:00:00,807.91,0.24
CUST-611,ORD-3712,North,Grocery,2023-06-04 15:00:00,2023-06-05 15:00:00,296.6,0.12
CUST-895,ORD-3713,North,Grocery,2023-06-04 16:00:00,2023-06-05 16:00:00,667.48,0.4
CUST-807,ORD-3714,South,Furniture,2023-06-04 17:00:00,2023-06-05 17:00:00,432.33,0.1
CUST-84,ORD-3715,North,Furniture,2023-06-04 18:00:00,2023-06-05 18:00:00,890.23,0.21000000000000002
CUST-539,ORD-3716,South,Electronics,2023-06-04 19:00:00,2023-06-05 19:00:00,846.77,0.15
CUST-458,ORD-3717,West,Electronics,2023-06-04 20:00:00,2023-06-05 20:00:00,530.18,0.3
CUST-541,ORD-3718,South,Clothing,2023-06-04 21:00:00,2023-06-05 21:00:00,694.59,0.4
CUST-721,ORD-3719,West,Electronics,2023-06-04 22:00:00,2023-06-05 22:00:00,884.52,0.19
CUST-371,ORD-3720,South,Clothing,2023-06-04 23:00:00,2023-06-05 23:00:00,500.76,0.09
CUST-80,ORD-3721,East,Grocery,2023-06-05 00:00:00,2023-06-06 00:00:00,320.12,0.26
CUST-940,ORD-3722,East,Electronics,2023-06-05 01:00:00,2023-06-06 01:00:00,756.13,0.39
CUST-578,ORD-3723,West,Furniture,2023-06-05 02:00:00,2023-06-06 02:00:00,227.87,0.15
CUST-115,ORD-3724,West,Electronics,2023-06-05 03:00:00,2023-06-06 03:00:00,394.65,0.15
CUST-64,ORD-3725,East,Clothing,2023-06-05 04:00:00,2023-06-06 04:00:00,867.07,0.48
CUST-849,ORD-3726,West,Electronics,2023-06-05 05:00:00,2023-06-06 05:00:00,727.18,0.48
CUST-561,ORD-3727,South,Grocery,2023-06-05 06:00:00,2023-06-06 06:00:00,409.77,0.5
CUST-925,ORD-3728,South,Furniture,2023-06-05 07:00:00,2023-06-06 07:00:00,222.6,0.41
CUST-518,ORD-3729,East,Clothing,2023-06-05 08:00:00,2023-06-06 08:00:00,362.41,
CUST-208,ORD-3730,North,Furniture,2023-06-05 09:00:00,2023-06-06 09:00:00,291.26,0.15
CUST-587,ORD-3731,South,Furniture,2023-06-05 10:00:00,2023-06-06 10:00:00,184.33,0.2
CUST-550,ORD-3732,West,Clothing,2023-06-05 11:00:00,2023-06-06 11:00:00,745.9,0.19
CUST-154,ORD-3733,North,Furniture,2023-06-05 12:00:00,2023-06-06 12:00:00,259.55,0.48
CUST-169,ORD-3734,North,Furniture,2023-06-05 13:00:00,2023-06-06 13:00:00,459.63,0.41
CUST-336,ORD-3735,South,Electronics,2023-06-05 14:00:00,2023-06-06 14:00:00,392.0,0.38
CUST-875,ORD-3736,South,Furniture,2023-06-05 15:00:00,2023-06-06 15:00:00,982.26,0.13
CUST-533,ORD-3737,North,Furniture,2023-06-05 16:00:00,2023-06-06 16:00:00,397.18,0.46
CUST-453,ORD-3738,North,Furniture,2023-06-05 17:00:00,2023-06-06 17:00:00,89.18,0.42
CUST-120,ORD-3739,East,Furniture,2023-06-05 18:00:00,2023-06-06 18:00:00,98.93,0.12
CUST-697,ORD-3740,West,Clothing,2023-06-05 19:00:00,2023-06-06 19:00:00,594.85,0.44
CUST-211,ORD-3741,East,Grocery,2023-06-05 20:00:00,2023-06-06 20:00:00,603.37,0.17
CUST-735,ORD-3742,South,Electronics,2023-06-05 21:00:00,2023-06-06 21:00:00,424.57,0.09
CUST-598,ORD-3743,East,Furniture,2023-06-05 22:00:00,2023-06-06 22:00:00,437.53,0.35
CUST-501,ORD-3744,East,Furniture,2023-06-05 23:00:00,2023-06-06 23:00:00,63.39,0.34
CUST-94,ORD-3745,East,Clothing,2023-06-06 00:00:00,2023-06-07 00:00:00,521.38,0.09
CUST-921,ORD-3746,East,Grocery,2023-06-06 01:00:00,2023-06-07 01:00:00,509.69,0.19
CUST-523,ORD-3747,West,Furniture,2023-06-06 02:00:00,2023-06-07 02:00:00,158.05,0.5
CUST-457,ORD-3748,West,Clothing,2023-06-06 03:00:00,2023-06-07 03:00:00,112.8,0.36
CUST-829,ORD-3749,North,Electronics,2023-06-06 04:00:00,2023-06-07 04:00:00,132.34,0.38
CUST-57,ORD-3750,South,Electronics,2023-06-06 05:00:00,2023-06-07 05:00:00,110.02,0.15
CUST-465,ORD-3751,East,Furniture,2023-06-06 06:00:00,2023-06-07 06:00:00,613.61,0.09
CUST-136,ORD-3752,North,Furniture,2023-06-06 07:00:00,2023-06-07 07:00:00,204.52,0.17
CUST-526,ORD-3753,North,Grocery,2023-06-06 08:00:00,2023-06-07 08:00:00,258.92,0.16
CUST-426,ORD-3754,North,Grocery,2023-06-06 09:00:00,2023-06-07 09:00:00,181.84,0.16
CUST-468,ORD-3755,West,Furniture,2023-06-06 10:00:00,2023-06-07 10:00:00,958.26,0.14
CUST-578,ORD-3756,East,Clothing,2023-06-06 11:00:00,2023-06-07 11:00:00,856.07,0.31
CUST-60,ORD-3757,East,Grocery,2023-06-06 12:00:00,2023-06-07 12:00:00,238.19,0.2
CUST-573,ORD-3758,South,Furniture,2023-06-06 13:00:00,2023-06-07 13:00:00,334.29,0.42
CUST-474,ORD-3759,East,Grocery,2023-06-06 14:00:00,2023-06-07 14:00:00,217.79,0.13
CUST-689,ORD-3760,East,Furniture,2023-06-06 15:00:00,2023-06-07 15:00:00,496.96,0.26
CUST-827,ORD-3761,North,Electronics,2023-06-06 16:00:00,2023-06-07 16:00:00,29.41,0.06
CUST-316,ORD-3762,South,Furniture,2023-06-06 17:00:00,2023-06-07 17:00:00,674.65,0.27
CUST-741,ORD-3763,East,Electronics,2023-06-06 18:00:00,2023-06-07 18:00:00,527.93,0.08
CUST-23,ORD-3764,West,Grocery,2023-06-06 19:00:00,2023-06-07 19:00:00,899.65,0.49
CUST-406,ORD-3765,East,Furniture,2023-06-06 20:00:00,2023-06-07 20:00:00,172.75,0.41
CUST-261,ORD-3766,North,Grocery,2023-06-06 21:00:00,2023-06-07 21:00:00,806.07,0.27
CUST-837,ORD-3767,West,Electronics,2023-06-06 22:00:00,2023-06-07 22:00:00,794.04,0.09
CUST-4,ORD-3768,North,Furniture,2023-06-06 23:00:00,2023-06-07 23:00:00,135.91,0.32
CUST-764,ORD-3769,East,Grocery,2023-06-07 00:00:00,2023-06-08 00:00:00,404.57,0.39
CUST-224,ORD-3770,West,Electronics,2023-06-07 01:00:00,2023-06-08 01:00:00,178.45,0.14
CUST-593,ORD-3771,South,Grocery,2023-06-07 02:00:00,2023-06-08 02:00:00,262.17,0.31
CUST-75,ORD-3772,South,Clothing,2023-06-07 03:00:00,2023-06-08 03:00:00,270.61,0.42
CUST-47,ORD-3773,West,Electronics,2023-06-07 04:00:00,2023-06-08 04:00:00,560.67,0.4
CUST-434,ORD-3774,West,Electronics,2023-06-07 05:00:00,2023-06-08 05:00:00,417.3,0.41
CUST-353,ORD-3775,North,Electronics,2023-06-07 06:00:00,2023-06-08 06:00:00,948.26,0.45
CUST-718,ORD-3776,West,Furniture,2023-06-07 07:00:00,2023-06-08 07:00:00,135.11,0.47
CUST-66,ORD-3777,North,Furniture,2023-06-07 08:00:00,2023-06-08 08:00:00,973.96,0.23
CUST-555,ORD-3778,East,Furniture,2023-06-07 09:00:00,2023-06-08 09:00:00,238.33,0.31
CUST-62,ORD-3779,North,Clothing,2023-06-07 10:00:00,2023-06-08 10:00:00,775.15,0.41
CUST-958,ORD-3780,West,Clothing,2023-06-07 11:00:00,2023-06-08 11:00:00,345.58,0.36
CUST-916,ORD-3781,West,Electronics,2023-06-07 12:00:00,2023-06-08 12:00:00,151.65,0.5
CUST-71,ORD-3782,East,Clothing,2023-06-07 13:00:00,2023-06-08 13:00:00,859.31,0.06
CUST-957,ORD-3783,West,Grocery,2023-06-07 14:00:00,2023-06-08 14:00:00,315.77,0.21
CUST-484,ORD-3784,West,Electronics,2023-06-07 15:00:00,2023-06-08 15:00:00,662.27,0.18
CUST-33,ORD-3785,South,Electronics,2023-06-07 16:00:00,2023-06-08 16:00:00,570.78,0.17
CUST-294,ORD-3786,South,Grocery,2023-06-07 17:00:00,2023-06-08 17:00:00,477.04,0.15
CUST-419,ORD-3787,East,Electronics,2023-06-07 18:00:00,2023-06-08 18:00:00,500.86,0.37
CUST-185,ORD-3788,North,Clothing,2023-06-07 19:00:00,2023-06-08 19:00:00,734.92,0.09
CUST-788,ORD-3789,South,Furniture,2023-06-07 20:00:00,2023-06-08 20:00:00,96.9,0.38
CUST-139,ORD-3790,North,Grocery,2023-06-07 21:00:00,2023-06-08 21:00:00,671.5,0.36
CUST-785,ORD-3791,West,Clothing,2023-06-07 22:00:00,2023-06-08 22:00:00,896.85,0.16
CUST-657,ORD-3792,South,Grocery,2023-06-07 23:00:00,2023-06-08 23:00:00,67.21,0.16
CUST-747,ORD-3793,East,Grocery,2023-06-08 00:00:00,2023-06-09 00:00:00,149.25,0.33
CUST-662,ORD-3794,East,Electronics,2023-06-08 01:00:00,2023-06-09 01:00:00,719.47,0.39
CUST-987,ORD-3795,East,Electronics,2023-06-08 02:00:00,2023-06-09 02:00:00,442.91,0.44
CUST-431,ORD-3796,South,Clothing,2023-06-08 03:00:00,2023-06-09 03:00:00,409.51,0.43
CUST-384,ORD-3797,North,Grocery,2023-06-08 04:00:00,2023-06-09 04:00:00,145.6,0.48
CUST-913,ORD-3798,West,Electronics,2023-06-08 05:00:00,2023-06-09 05:00:00,511.7,0.31
CUST-392,ORD-3799,North,Electronics,2023-06-08 06:00:00,2023-06-09 06:00:00,135.28,0.46
CUST-460,ORD-3800,North,Grocery,2023-06-08 07:00:00,2023-06-09 07:00:00,481.85,0.41
CUST-891,ORD-3801,West,Clothing,2023-06-08 08:00:00,2023-06-09 08:00:00,765.98,0.45
CUST-940,ORD-3802,West,Clothing,2023-06-08 09:00:00,2023-06-09 09:00:00,265.68,0.06
CUST-929,ORD-3803,South,Grocery,2023-06-08 10:00:00,2023-06-09 10:00:00,485.98,0.48
CUST-387,ORD-3804,South,Clothing,2023-06-08 11:00:00,2023-06-09 11:00:00,992.1,0.26
CUST-385,ORD-3805,South,Electronics,2023-06-08 12:00:00,2023-06-09 12:00:00,689.78,0.41
CUST-83,ORD-3806,South,Grocery,2023-06-08 13:00:00,2023-06-09 13:00:00,842.94,0.11
CUST-700,ORD-3807,South,Electronics,2023-06-08 14:00:00,2023-06-09 14:00:00,420.7,0.23
CUST-988,ORD-3808,West,Furniture,2023-06-08 15:00:00,2023-06-09 15:00:00,770.18,0.17
CUST-678,ORD-3809,North,Furniture,2023-06-08 16:00:00,2023-06-09 16:00:00,50.1,0.18
CUST-896,ORD-3810,South,Clothing,2023-06-08 17:00:00,2023-06-09 17:00:00,131.68,0.11
CUST-553,ORD-3811,South,Furniture,2023-06-08 18:00:00,2023-06-09 18:00:00,211.04,0.41
CUST-137,ORD-3812,North,Electronics,2023-06-08 19:00:00,2023-06-09 19:00:00,407.93,0.05
CUST-670,ORD-3813,South,Furniture,2023-06-08 20:00:00,2023-06-09 20:00:00,847.29,0.19
CUST-881,ORD-3814,North,Electronics,2023-06-08 21:00:00,2023-06-09 21:00:00,352.8,0.13
CUST-357,ORD-3815,North,Clothing,2023-06-08 22:00:00,2023-06-09 22:00:00,658.07,0.32
CUST-122,ORD-3816,West,Clothing,2023-06-08 23:00:00,2023-06-09 23:00:00,712.22,0.16
CUST-183,ORD-3817,East,Electronics,2023-06-09 00:00:00,2023-06-10 00:00:00,590.32,0.17
CUST-551,ORD-3818,West,Furniture,2023-06-09 01:00:00,2023-06-10 01:00:00,363.67,0.27
CUST-403,ORD-3819,East,Clothing,2023-06-09 02:00:00,2023-06-10 02:00:00,581.28,0.34
CUST-542,ORD-3820,East,Grocery,2023-06-09 03:00:00,2023-06-10 03:00:00,348.84,0.1
CUST-131,ORD-3821,East,Clothing,2023-06-09 04:00:00,2023-06-10 04:00:00,93.04,0.13
CUST-746,ORD-3822,South,Furniture,2023-06-09 05:00:00,2023-06-10 05:00:00,992.88,0.16
CUST-229,ORD-3823,West,Grocery,2023-06-09 06:00:00,2023-06-10 06:00:00,135.91,0.49
CUST-855,ORD-3824,East,Furniture,2023-06-09 07:00:00,2023-06-10 07:00:00,81.62,0.23
CUST-4,ORD-3825,North,Electronics,2023-06-09 08:00:00,2023-06-10 08:00:00,879.75,0.32
CUST-775,ORD-3826,South,Grocery,2023-06-09 09:00:00,2023-06-10 09:00:00,308.82,0.16
CUST-24,ORD-3827,West,Furniture,2023-06-09 10:00:00,2023-06-10 10:00:00,653.79,0.27
CUST-306,ORD-3828,East,Grocery,2023-06-09 11:00:00,2023-06-10 11:00:00,335.72,0.08
CUST-475,ORD-3829,North,Furniture,2023-06-09 12:00:00,2023-06-10 12:00:00,397.54,0.07
CUST-690,ORD-3830,West,Grocery,2023-06-09 13:00:00,2023-06-10 13:00:00,269.49,0.26
CUST-737,ORD-3831,West,Furniture,2023-06-09 14:00:00,2023-06-10 14:00:00,349.61,0.23
CUST-558,ORD-3832,South,Electronics,2023-06-09 15:00:00,2023-06-10 15:00:00,416.59,0.11
CUST-435,ORD-3833,West,Grocery,2023-06-09 16:00:00,2023-06-10 16:00:00,723.21,0.36
CUST-545,ORD-3834,South,Grocery,2023-06-09 17:00:00,2023-06-10 17:00:00,516.42,0.5
CUST-389,ORD-3835,East,Grocery,2023-06-09 18:00:00,2023-06-10 18:00:00,944.13,0.23
CUST-844,ORD-3836,South,Grocery,2023-06-09 19:00:00,2023-06-10 19:00:00,51.46,0.33
CUST-236,ORD-3837,North,Electronics,2023-06-09 20:00:00,2023-06-10 20:00:00,508.04,0.48
CUST-254,ORD-3838,South,Grocery,2023-06-09 21:00:00,2023-06-10 21:00:00,588.38,0.42
CUST-472,ORD-3839,North,Clothing,2023-06-09 22:00:00,2023-06-10 22:00:00,921.0,0.26
CUST-355,ORD-3840,South,Electronics,2023-06-09 23:00:00,2023-06-10 23:00:00,58.67,0.38
CUST-159,ORD-3841,West,Clothing,2023-06-10 00:00:00,2023-06-11 00:00:00,577.76,0.11
CUST-283,ORD-3842,East,Grocery,2023-06-10 01:00:00,2023-06-11 01:00:00,855.09,0.28
CUST-194,ORD-3843,North,Furniture,2023-06-10 02:00:00,2023-06-11 02:00:00,249.51,0.18
CUST-960,ORD-3844,South,Clothing,2023-06-10 03:00:00,2023-06-11 03:00:00,877.53,0.12
CUST-897,ORD-3845,South,Grocery,2023-06-10 04:00:00,2023-06-11 04:00:00,28.85,0.24
CUST-743,ORD-3846,South,Clothing,2023-06-10 05:00:00,2023-06-11 05:00:00,735.13,0.11
CUST-784,ORD-3847,West,Grocery,2023-06-10 06:00:00,2023-06-11 06:00:00,933.78,0.36
CUST-116,ORD-3848,West,Grocery,2023-06-10 07:00:00,2023-06-11 07:00:00,660.63,0.26
CUST-33,ORD-3849,North,Grocery,2023-06-10 08:00:00,2023-06-11 08:00:00,444.64,0.29
CUST-829,ORD-3850,North,Furniture,2023-06-10 09:00:00,2023-06-11 09:00:00,54.43,0.12
CUST-677,ORD-3851,West,Clothing,2023-06-10 10:00:00,2023-06-11 10:00:00,920.91,0.11
CUST-430,ORD-3852,North,Electronics,2023-06-10 11:00:00,2023-06-11 11:00:00,475.59,0.31
CUST-630,ORD-3853,East,Electronics,2023-06-10 12:00:00,2023-06-11 12:00:00,38.71,0.49
CUST-785,ORD-3854,East,Electronics,2023-06-10 13:00:00,2023-06-11 13:00:00,692.92,0.09
CUST-959,ORD-3855,West,Electronics,2023-06-10 14:00:00,2023-06-11 14:00:00,487.02,0.18
CUST-905,ORD-3856,North,Grocery,2023-06-10 15:00:00,2023-06-11 15:00:00,133.1,0.44
CUST-911,ORD-3857,South,Clothing,2023-06-10 16:00:00,2023-06-11 16:00:00,222.13,0.08
CUST-17,ORD-3858,East,Clothing,2023-06-10 17:00:00,2023-06-11 17:00:00,73.85,0.44
CUST-247,ORD-3859,West,Furniture,2023-06-10 18:00:00,2023-06-11 18:00:00,,0.29
CUST-212,ORD-3860,North,Clothing,2023-06-10 19:00:00,2023-06-11 19:00:00,625.81,0.23
CUST-69,ORD-3861,West,Clothing,2023-06-10 20:00:00,2023-06-11 20:00:00,510.68,0.19
CUST-104,ORD-3862,South,Clothing,2023-06-10 21:00:00,2023-06-11 21:00:00,818.93,0.18
CUST-609,ORD-3863,East,Furniture,2023-06-10 22:00:00,2023-06-11 22:00:00,862.4,0.19
CUST-35,ORD-3864,West,Electronics,2023-06-10 23:00:00,2023-06-11 23:00:00,619.47,0.45
CUST-458,ORD-3865,West,Clothing,2023-06-11 00:00:00,2023-06-12 00:00:00,22.63,
CUST-613,ORD-3866,West,Furniture,2023-06-11 01:00:00,2023-06-12 01:00:00,698.28,0.35
CUST-689,ORD-3867,South,Furniture,2023-06-11 02:00:00,2023-06-12 02:00:00,423.82,0.41
CUST-721,ORD-3868,West,Grocery,2023-06-11 03:00:00,2023-06-12 03:00:00,569.9,0.17
CUST-894,ORD-3869,South,Furniture,2023-06-11 04:00:00,2023-06-12 04:00:00,652.59,0.33
CUST-50,ORD-3870,South,Electronics,2023-06-11 05:00:00,2023-06-12 05:00:00,356.73,0.26
CUST-251,ORD-3871,South,Clothing,2023-06-11 06:00:00,2023-06-12 06:00:00,917.93,0.4
CUST-759,ORD-3872,East,Furniture,2023-06-11 07:00:00,2023-06-12 07:00:00,142.64,0.19
CUST-46,ORD-3873,East,Electronics,2023-06-11 08:00:00,2023-06-12 08:00:00,674.8,0.34
CUST-412,ORD-3874,West,Furniture,2023-06-11 09:00:00,2023-06-12 09:00:00,14.32,0.45
CUST-450,ORD-3875,West,Furniture,2023-06-11 10:00:00,2023-06-12 10:00:00,925.4,0.23
CUST-240,ORD-3876,East,Furniture,2023-06-11 11:00:00,2023-06-12 11:00:00,121.38,0.08
CUST-553,ORD-3877,North,Furniture,2023-06-11 12:00:00,2023-06-12 12:00:00,103.94,0.28
CUST-223,ORD-3878,East,Furniture,2023-06-11 13:00:00,2023-06-12 13:00:00,339.68,0.21
CUST-773,ORD-3879,South,Electronics,2023-06-11 14:00:00,2023-06-12 14:00:00,379.83,0.35
CUST-885,ORD-3880,East,Clothing,2023-06-11 15:00:00,2023-06-12 15:00:00,222.16,0.48
CUST-795,ORD-3881,South,Clothing,2023-06-11 16:00:00,2023-06-12 16:00:00,589.27,0.27
CUST-58,ORD-3882,West,Clothing,2023-06-11 17:00:00,2023-06-12 17:00:00,448.48,0.26
CUST-144,ORD-3883,North,Clothing,2023-06-11 18:00:00,2023-06-12 18:00:00,43.83,0.34
CUST-516,ORD-3884,West,Electronics,2023-06-11 19:00:00,2023-06-12 19:00:00,326.46,0.1
CUST-297,ORD-3885,South,Grocery,2023-06-11 20:00:00,2023-06-12 20:00:00,812.33,0.16
CUST-240,ORD-3886,South,Grocery,2023-06-11 21:00:00,2023-06-12 21:00:00,692.8,0.46
CUST-836,ORD-3887,South,Electronics,2023-06-11 22:00:00,2023-06-12 22:00:00,727.62,0.35
CUST-939,ORD-3888,North,Electronics,2023-06-11 23:00:00,2023-06-12 23:00:00,701.14,0.06
CUST-750,ORD-3889,East,Furniture,2023-06-12 00:00:00,2023-06-13 00:00:00,317.86,0.14
CUST-590,ORD-3890,West,Furniture,2023-06-12 01:00:00,2023-06-13 01:00:00,108.67,0.36
CUST-327,ORD-3891,West,Furniture,2023-06-12 02:00:00,2023-06-13 02:00:00,279.74,0.39
CUST-592,ORD-3892,East,Clothing,2023-06-12 03:00:00,2023-06-13 03:00:00,833.47,0.43
CUST-613,ORD-3893,West,Furniture,2023-06-12 04:00:00,2023-06-13 04:00:00,980.67,0.18
CUST-792,ORD-3894,North,Grocery,2023-06-12 05:00:00,2023-06-13 05:00:00,498.91,0.47
CUST-689,ORD-3895,West,Clothing,2023-06-12 06:00:00,2023-06-13 06:00:00,19.6,0.3
CUST-839,ORD-3896,South,Furniture,2023-06-12 07:00:00,2023-06-13 07:00:00,148.64,0.36
CUST-329,ORD-3897,East,Clothing,2023-06-12 08:00:00,2023-06-13 08:00:00,328.86,0.32
CUST-243,ORD-3898,North,Grocery,2023-06-12 09:00:00,2023-06-13 09:00:00,582.8,0.11
CUST-310,ORD-3899,East,Furniture,2023-06-12 10:00:00,2023-06-13 10:00:00,84.34,0.48
CUST-898,ORD-3900,North,Grocery,2023-06-12 11:00:00,2023-06-13 11:00:00,943.92,0.11
CUST-147,ORD-3901,South,Grocery,2023-06-12 12:00:00,2023-06-13 12:00:00,371.43,0.16
CUST-677,ORD-3902,East,Grocery,2023-06-12 13:00:00,2023-06-13 13:00:00,913.46,0.42
CUST-534,ORD-3903,West,Furniture,2023-06-12 14:00:00,2023-06-13 14:00:00,782.72,0.33
CUST-227,ORD-3904,North,Electronics,2023-06-12 15:00:00,2023-06-13 15:00:00,757.88,0.43
CUST-424,ORD-3905,East,Furniture,2023-06-12 16:00:00,2023-06-13 16:00:00,610.65,0.28
CUST-308,ORD-3906,West,Grocery,2023-06-12 17:00:00,2023-06-13 17:00:00,630.52,0.22
CUST-282,ORD-3907,East,Furniture,2023-06-12 18:00:00,2023-06-13 18:00:00,320.81,0.46
CUST-63,ORD-3908,East,Grocery,2023-06-12 19:00:00,2023-06-13 19:00:00,632.43,0.07
CUST-571,ORD-3909,East,Electronics,2023-06-12 20:00:00,2023-06-13 20:00:00,558.19,0.44
CUST-972,ORD-3910,North,Clothing,2023-06-12 21:00:00,2023-06-13 21:00:00,986.55,0.15
CUST-606,ORD-3911,West,Electronics,2023-06-12 22:00:00,2023-06-13 22:00:00,734.97,0.43
CUST-901,ORD-3912,South,Electronics,2023-06-12 23:00:00,2023-06-13 23:00:00,779.18,0.11
CUST-753,ORD-3913,North,Clothing,2023-06-13 00:00:00,2023-06-14 00:00:00,873.74,0.31
CUST-934,ORD-3914,North,Furniture,2023-06-13 01:00:00,2023-06-14 01:00:00,111.74,0.45
CUST-180,ORD-3915,North,Clothing,2023-06-13 02:00:00,2023-06-14 02:00:00,92.97,0.26
CUST-642,ORD-3916,South,Furniture,2023-06-13 03:00:00,2023-06-14 03:00:00,488.07,0.39
CUST-696,ORD-3917,West,Furniture,2023-06-13 04:00:00,2023-06-14 04:00:00,518.94,0.41
CUST-438,ORD-3918,West,Grocery,2023-06-13 05:00:00,2023-06-14 05:00:00,830.89,0.38
CUST-570,ORD-3919,West,Grocery,2023-06-13 06:00:00,2023-06-14 06:00:00,449.35,0.47
CUST-508,ORD-3920,East,Clothing,2023-06-13 07:00:00,2023-06-14 07:00:00,575.14,0.25
CUST-49,ORD-3921,East,Electronics,2023-06-13 08:00:00,2023-06-14 08:00:00,531.8,0.13
CUST-996,ORD-3922,East,Clothing,2023-06-13 09:00:00,2023-06-14 09:00:00,47.82,0.07
CUST-353,ORD-3923,South,Furniture,2023-06-13 10:00:00,2023-06-14 10:00:00,619.06,0.16
CUST-965,ORD-3924,East,Grocery,2023-06-13 11:00:00,2023-06-14 11:00:00,829.76,0.11
CUST-659,ORD-3925,South,Clothing,2023-06-13 12:00:00,2023-06-14 12:00:00,165.93,0.3
CUST-688,ORD-3926,West,Clothing,2023-06-13 13:00:00,2023-06-14 13:00:00,598.39,0.13
CUST-391,ORD-3927,East,Grocery,2023-06-13 14:00:00,2023-06-14 14:00:00,597.67,0.07
CUST-805,ORD-3928,East,Grocery,2023-06-13 15:00:00,2023-06-14 15:00:00,172.54,0.07
CUST-538,ORD-3929,North,Grocery,2023-06-13 16:00:00,2023-06-14 16:00:00,132.23,0.42
CUST-327,ORD-3930,South,Furniture,2023-06-13 17:00:00,2023-06-14 17:00:00,980.25,0.32
CUST-714,ORD-3931,West,Grocery,2023-06-13 18:00:00,2023-06-14 18:00:00,399.78,0.21
CUST-427,ORD-3932,North,Electronics,2023-06-13 19:00:00,2023-06-14 19:00:00,235.15,0.45
CUST-419,ORD-3933,North,Clothing,2023-06-13 20:00:00,2023-06-14 20:00:00,179.61,0.08
CUST-153,ORD-3934,West,Grocery,2023-06-13 21:00:00,2023-06-14 21:00:00,670.93,0.49
CUST-308,ORD-3935,North,Grocery,2023-06-13 22:00:00,2023-06-14 22:00:00,613.35,0.33
CUST-386,ORD-3936,South,Furniture,2023-06-13 23:00:00,2023-06-14 23:00:00,647.12,0.13
CUST-189,ORD-3937,South,Furniture,2023-06-14 00:00:00,2023-06-15 00:00:00,97.13,0.36
CUST-773,ORD-3938,East,Clothing,2023-06-14 01:00:00,2023-06-15 01:00:00,894.6,0.39
CUST-551,ORD-3939,North,Electronics,2023-06-14 02:00:00,2023-06-15 02:00:00,395.37,0.24
CUST-485,ORD-3940,East,Clothing,2023-06-14 03:00:00,2023-06-15 03:00:00,320.24,0.44
CUST-247,ORD-3941,North,Grocery,2023-06-14 04:00:00,2023-06-15 04:00:00,467.74,0.12
CUST-870,ORD-3942,South,Electronics,2023-06-14 05:00:00,2023-06-15 05:00:00,396.17,0.18
CUST-231,ORD-3943,South,Electronics,2023-06-14 06:00:00,2023-06-15 06:00:00,864.94,0.09
CUST-308,ORD-3944,South,Electronics,2023-06-14 07:00:00,2023-06-15 07:00:00,929.97,0.14
CUST-879,ORD-3945,North,Electronics,2023-06-14 08:00:00,2023-06-15 08:00:00,310.42,0.16
CUST-725,ORD-3946,South,Clothing,2023-06-14 09:00:00,2023-06-15 09:00:00,865.3,0.46
CUST-148,ORD-3947,North,Furniture,2023-06-14 10:00:00,2023-06-15 10:00:00,783.71,0.09
CUST-826,ORD-3948,East,Furniture,2023-06-14 11:00:00,2023-06-15 11:00:00,931.5,0.24
CUST-475,ORD-3949,North,Grocery,2023-06-14 12:00:00,2023-06-15 12:00:00,253.29,0.29
CUST-937,ORD-3950,East,Furniture,2023-06-14 13:00:00,2023-06-15 13:00:00,581.19,0.45
CUST-60,ORD-3951,North,Furniture,2023-06-14 14:00:00,2023-06-15 14:00:00,281.8,0.5
CUST-576,ORD-3952,East,Furniture,2023-06-14 15:00:00,2023-06-15 15:00:00,825.85,0.39
CUST-423,ORD-3953,South,Furniture,2023-06-14 16:00:00,2023-06-15 16:00:00,15.27,0.49
CUST-992,ORD-3954,East,Grocery,2023-06-14 17:00:00,2023-06-15 17:00:00,569.17,0.4
CUST-427,ORD-3955,South,Clothing,2023-06-14 18:00:00,2023-06-15 18:00:00,345.81,0.48
CUST-571,ORD-3956,South,Electronics,2023-06-14 19:00:00,2023-06-15 19:00:00,329.46,0.37
CUST-543,ORD-3957,East,Furniture,2023-06-14 20:00:00,2023-06-15 20:00:00,648.46,0.09
CUST-138,ORD-3958,North,Clothing,2023-06-14 21:00:00,2023-06-15 21:00:00,852.97,0.23
CUST-398,ORD-3959,North,Furniture,2023-06-14 22:00:00,2023-06-15 22:00:00,613.1,0.34
CUST-249,ORD-3960,West,Furniture,2023-06-14 23:00:00,2023-06-15 23:00:00,854.64,0.21
CUST-262,ORD-3961,North,Electronics,2023-06-15 00:00:00,2023-06-16 00:00:00,271.95,0.17
CUST-209,ORD-3962,West,Electronics,2023-06-15 01:00:00,2023-06-16 01:00:00,524.31,0.31
CUST-339,ORD-3963,North,Electronics,2023-06-15 02:00:00,2023-06-16 02:00:00,456.03,0.47
CUST-663,ORD-3964,North,Furniture,2023-06-15 03:00:00,2023-06-16 03:00:00,21.53,0.07
CUST-81,ORD-3965,South,Furniture,2023-06-15 04:00:00,2023-06-16 04:00:00,561.24,0.4
CUST-945,ORD-3966,West,Furniture,2023-06-15 05:00:00,2023-06-16 05:00:00,664.91,0.38
CUST-461,ORD-3967,North,Electronics,2023-06-15 06:00:00,2023-06-16 06:00:00,596.0,0.48
CUST-868,ORD-3968,West,Grocery,2023-06-15 07:00:00,2023-06-16 07:00:00,738.92,0.47
CUST-380,ORD-3969,South,Clothing,2023-06-15 08:00:00,2023-06-16 08:00:00,575.63,0.39
CUST-95,ORD-3970,South,Grocery,2023-06-15 09:00:00,2023-06-16 09:00:00,76.08,0.28
CUST-549,ORD-3971,West,Furniture,2023-06-15 10:00:00,2023-06-16 10:00:00,125.28,0.14
CUST-742,ORD-3972,South,Furniture,2023-06-15 11:00:00,2023-06-16 11:00:00,600.51,0.3
CUST-850,ORD-3973,East,Grocery,2023-06-15 12:00:00,2023-06-16 12:00:00,282.23,0.39
CUST-196,ORD-3974,East,Furniture,2023-06-15 13:00:00,2023-06-16 13:00:00,88.85,0.45
CUST-53,ORD-3975,South,Clothing,2023-06-15 14:00:00,2023-06-16 14:00:00,435.31,0.41
CUST-275,ORD-3976,East,Furniture,2023-06-15 15:00:00,2023-06-16 15:00:00,558.78,0.14
CUST-387,ORD-3977,North,Clothing,2023-06-15 16:00:00,2023-06-16 16:00:00,335.46,0.32
CUST-690,ORD-3978,West,Grocery,2023-06-15 17:00:00,2023-06-16 17:00:00,723.23,0.2
CUST-620,ORD-3979,North,Grocery,2023-06-15 18:00:00,2023-06-16 18:00:00,647.33,0.05
CUST-618,ORD-3980,West,Furniture,2023-06-15 19:00:00,2023-06-16 19:00:00,339.49,0.14
CUST-41,ORD-3981,South,Clothing,2023-06-15 20:00:00,2023-06-16 20:00:00,757.32,0.1
CUST-895,ORD-3982,North,Furniture,2023-06-15 21:00:00,2023-06-16 21:00:00,652.21,0.43
CUST-75,ORD-3983,South,Electronics,2023-06-15 22:00:00,2023-06-16 22:00:00,641.07,0.17
CUST-193,ORD-3984,South,Electronics,2023-06-15 23:00:00,2023-06-16 23:00:00,557.89,0.18
CUST-824,ORD-3985,West,Electronics,2023-06-16 00:00:00,2023-06-17 00:00:00,21.28,0.48
CUST-780,ORD-3986,West,Electronics,2023-06-16 01:00:00,2023-06-17 01:00:00,699.54,0.22
CUST-602,ORD-3987,West,Furniture,2023-06-16 02:00:00,2023-06-17 02:00:00,382.28,0.05
CUST-742,ORD-3988,North,Electronics,2023-06-16 03:00:00,2023-06-17 03:00:00,943.18,0.18
CUST-688,ORD-3989,East,Clothing,2023-06-16 04:00:00,2023-06-17 04:00:00,819.8,0.1
CUST-573,ORD-3990,West,Grocery,2023-06-16 05:00:00,2023-06-17 05:00:00,591.82,0.1
CUST-223,ORD-3991,West,Grocery,2023-06-16 06:00:00,2023-06-17 06:00:00,259.66,0.08
CUST-491,ORD-3992,North,Electronics,2023-06-16 07:00:00,2023-06-17 07:00:00,211.68,0.32
CUST-214,ORD-3993,West,Electronics,2023-06-16 08:00:00,2023-06-17 08:00:00,346.98,0.14
CUST-891,ORD-3994,North,Electronics,2023-06-16 09:00:00,2023-06-17 09:00:00,481.8,0.21
CUST-929,ORD-3995,South,Furniture,2023-06-16 10:00:00,2023-06-17 10:00:00,303.1,0.44
CUST-341,ORD-3996,West,Grocery,2023-06-16 11:00:00,2023-06-17 11:00:00,519.78,0.24
CUST-311,ORD-3997,West,Electronics,2023-06-16 12:00:00,2023-06-17 12:00:00,173.72,0.46
CUST-980,ORD-3998,South,Clothing,2023-06-16 13:00:00,2023-06-17 13:00:00,977.94,0.27
CUST-931,ORD-3999,South,Electronics,2023-06-16 14:00:00,2023-06-17 14:00:00,116.85,0.23
CUST-16,ORD-4000,South,Grocery,2023-06-16 15:00:00,2023-06-17 15:00:00,932.62,0.39
CUST-217,ORD-4001,West,Electronics,2023-06-16 16:00:00,2023-06-17 16:00:00,914.44,0.08
CUST-960,ORD-4002,East,Grocery,2023-06-16 17:00:00,2023-06-17 17:00:00,530.11,0.09
CUST-195,ORD-4003,East,Electronics,2023-06-16 18:00:00,2023-06-17 18:00:00,727.66,0.34
CUST-986,ORD-4004,East,Clothing,2023-06-16 19:00:00,2023-06-17 19:00:00,441.69,0.27
CUST-760,ORD-4005,West,Electronics,2023-06-16 20:00:00,2023-06-17 20:00:00,633.73,0.41
CUST-121,ORD-4006,South,Clothing,2023-06-16 21:00:00,2023-06-17 21:00:00,347.17,0.46
CUST-765,ORD-4007,West,Clothing,2023-06-16 22:00:00,2023-06-17 22:00:00,308.15,0.22
CUST-773,ORD-4008,South,Electronics,2023-06-16 23:00:00,2023-06-17 23:00:00,582.45,0.32
CUST-491,ORD-4009,West,Clothing,2023-06-17 00:00:00,2023-06-18 00:00:00,503.15,0.28
CUST-937,ORD-4010,West,Furniture,2023-06-17 01:00:00,2023-06-18 01:00:00,583.74,0.49
CUST-249,ORD-4011,South,Electronics,2023-06-17 02:00:00,2023-06-18 02:00:00,293.79,0.42
CUST-713,ORD-4012,East,Electronics,2023-06-17 03:00:00,2023-06-18 03:00:00,373.29,0.46
CUST-619,ORD-4013,South,Clothing,2023-06-17 04:00:00,2023-06-18 04:00:00,93.06,0.16
CUST-721,ORD-4014,North,Clothing,2023-06-17 05:00:00,2023-06-18 05:00:00,61.75,0.4
CUST-210,ORD-4015,North,Electronics,2023-06-17 06:00:00,2023-06-18 06:00:00,260.92,0.17
CUST-407,ORD-4016,South,Furniture,2023-06-17 07:00:00,2023-06-18 07:00:00,83.5,0.14
CUST-938,ORD-4017,West,Clothing,2023-06-17 08:00:00,2023-06-18 08:00:00,112.74,0.47
CUST-246,ORD-4018,North,Clothing,2023-06-17 09:00:00,2023-06-18 09:00:00,814.8,0.06
CUST-566,ORD-4019,North,Grocery,2023-06-17 10:00:00,2023-06-18 10:00:00,48.48,0.48
CUST-330,ORD-4020,West,Furniture,2023-06-17 11:00:00,2023-06-18 11:00:00,662.35,0.12
CUST-795,ORD-4021,West,Furniture,2023-06-17 12:00:00,2023-06-18 12:00:00,279.83,0.42
CUST-290,ORD-4022,East,Electronics,2023-06-17 13:00:00,2023-06-18 13:00:00,872.83,0.17
CUST-390,ORD-4023,West,Furniture,2023-06-17 14:00:00,2023-06-18 14:00:00,490.14,0.21
CUST-478,ORD-4024,South,Electronics,2023-06-17 15:00:00,2023-06-18 15:00:00,312.52,0.15
CUST-547,ORD-4025,South,Grocery,2023-06-17 16:00:00,2023-06-18 16:00:00,522.46,0.31
CUST-665,ORD-4026,East,Furniture,2023-06-17 17:00:00,2023-06-18 17:00:00,388.14,0.21
CUST-368,ORD-4027,North,Clothing,2023-06-17 18:00:00,2023-06-18 18:00:00,568.66,0.35
CUST-316,ORD-4028,North,Grocery,2023-06-17 19:00:00,2023-06-18 19:00:00,123.39,0.06
CUST-268,ORD-4029,West,Electronics,2023-06-17 20:00:00,2023-06-18 20:00:00,997.02,0.08
CUST-369,ORD-4030,South,Grocery,2023-06-17 21:00:00,2023-06-18 21:00:00,431.3,0.09
CUST-526,ORD-4031,North,Electronics,2023-06-17 22:00:00,2023-06-18 22:00:00,354.75,0.24
CUST-904,ORD-4032,East,Grocery,2023-06-17 23:00:00,2023-06-18 23:00:00,713.11,0.42
CUST-510,ORD-4033,East,Electronics,2023-06-18 00:00:00,2023-06-19 00:00:00,370.26,0.45
CUST-478,ORD-4034,South,Furniture,2023-06-18 01:00:00,2023-06-19 01:00:00,834.94,0.16
CUST-101,ORD-4035,East,Clothing,2023-06-18 02:00:00,2023-06-19 02:00:00,459.73,0.31
CUST-823,ORD-4036,East,Electronics,2023-06-18 03:00:00,2023-06-19 03:00:00,722.36,0.4
CUST-740,ORD-4037,South,Grocery,2023-06-18 04:00:00,2023-06-19 04:00:00,116.38,0.18
CUST-481,ORD-4038,West,Electronics,2023-06-18 05:00:00,2023-06-19 05:00:00,847.66,0.23
CUST-780,ORD-4039,West,Electronics,2023-06-18 06:00:00,2023-06-19 06:00:00,738.36,0.29
CUST-860,ORD-4040,East,Electronics,2023-06-18 07:00:00,2023-06-19 07:00:00,219.6,0.11
CUST-328,ORD-4041,West,Grocery,2023-06-18 08:00:00,2023-06-19 08:00:00,153.83,0.06
CUST-937,ORD-4042,West,Clothing,2023-06-18 09:00:00,2023-06-19 09:00:00,323.13,0.12
CUST-209,ORD-4043,East,Furniture,2023-06-18 10:00:00,2023-06-19 10:00:00,976.31,0.33
CUST-380,ORD-4044,West,Clothing,2023-06-18 11:00:00,2023-06-19 11:00:00,264.26,0.08
CUST-321,ORD-4045,East,Electronics,2023-06-18 12:00:00,2023-06-19 12:00:00,461.57,0.14
CUST-424,ORD-4046,North,Grocery,2023-06-18 13:00:00,2023-06-19 13:00:00,39.72,0.2
CUST-47,ORD-4047,South,Clothing,2023-06-18 14:00:00,2023-06-19 14:00:00,403.26,0.09
CUST-577,ORD-4048,South,Electronics,2023-06-18 15:00:00,2023-06-19 15:00:00,575.61,0.14
CUST-885,ORD-4049,West,Furniture,2023-06-18 16:00:00,2023-06-19 16:00:00,953.59,0.46
CUST-227,ORD-4050,West,Furniture,2023-06-18 17:00:00,2023-06-19 17:00:00,521.57,0.06
CUST-760,ORD-4051,West,Furniture,2023-06-18 18:00:00,2023-06-19 18:00:00,820.92,0.34
CUST-150,ORD-4052,South,Electronics,2023-06-18 19:00:00,2023-06-19 19:00:00,551.66,0.22
CUST-17,ORD-4053,North,Grocery,2023-06-18 20:00:00,2023-06-19 20:00:00,50.38,0.35
CUST-268,ORD-4054,North,Clothing,2023-06-18 21:00:00,2023-06-19 21:00:00,321.86,0.31
CUST-567,ORD-4055,South,Furniture,2023-06-18 22:00:00,2023-06-19 22:00:00,,0.15
CUST-958,ORD-4056,North,Electronics,2023-06-18 23:00:00,2023-06-19 23:00:00,951.09,0.43
CUST-599,ORD-4057,South,Electronics,2023-06-19 00:00:00,2023-06-20 00:00:00,860.54,0.27
CUST-594,ORD-4058,North,Clothing,2023-06-19 01:00:00,2023-06-20 01:00:00,236.07,0.42
CUST-738,ORD-4059,East,Furniture,2023-06-19 02:00:00,2023-06-20 02:00:00,227.91,0.23
CUST-428,ORD-4060,East,Electronics,2023-06-19 03:00:00,2023-06-20 03:00:00,209.16,0.49
CUST-303,ORD-4061,South,Clothing,2023-06-19 04:00:00,2023-06-20 04:00:00,923.27,0.4
CUST-157,ORD-4062,North,Grocery,2023-06-19 05:00:00,2023-06-20 05:00:00,854.14,0.48
CUST-201,ORD-4063,West,Grocery,2023-06-19 06:00:00,2023-06-20 06:00:00,777.13,0.28
CUST-338,ORD-4064,North,Grocery,2023-06-19 07:00:00,2023-06-20 07:00:00,398.81,0.26
CUST-236,ORD-4065,East,Furniture,2023-06-19 08:00:00,2023-06-20 08:00:00,509.34,
CUST-389,ORD-4066,East,Clothing,2023-06-19 09:00:00,2023-06-20 09:00:00,469.69,0.45
CUST-584,ORD-4067,North,Clothing,2023-06-19 10:00:00,2023-06-20 10:00:00,260.86,0.72
CUST-854,ORD-4068,North,Electronics,2023-06-19 11:00:00,2023-06-20 11:00:00,509.98,0.2
CUST-252,ORD-4069,West,Electronics,2023-06-19 12:00:00,2023-06-20 12:00:00,40.19,0.41
CUST-512,ORD-4070,West,Electronics,2023-06-19 13:00:00,2023-06-20 13:00:00,140.49,0.14
CUST-564,ORD-4071,North,Clothing,2023-06-19 14:00:00,2023-06-20 14:00:00,887.72,0.3
CUST-671,ORD-4072,North,Electronics,2023-06-19 15:00:00,2023-06-20 15:00:00,754.16,0.13
CUST-967,ORD-4073,North,Clothing,2023-06-19 16:00:00,2023-06-20 16:00:00,428.64,0.21
CUST-702,ORD-4074,North,Clothing,2023-06-19 17:00:00,2023-06-20 17:00:00,521.98,0.47
CUST-346,ORD-4075,South,Grocery,2023-06-19 18:00:00,2023-06-20 18:00:00,376.3,0.12
CUST-264,ORD-4076,North,Electronics,2023-06-19 19:00:00,2023-06-20 19:00:00,743.37,0.33
CUST-782,ORD-4077,West,Grocery,2023-06-19 20:00:00,2023-06-20 20:00:00,786.35,0.32
CUST-842,ORD-4078,East,Furniture,2023-06-19 21:00:00,2023-06-20 21:00:00,765.65,0.1
CUST-501,ORD-4079,South,Furniture,2023-06-19 22:00:00,2023-06-20 22:00:00,725.39,0.2
CUST-990,ORD-4080,North,Furniture,2023-06-19 23:00:00,2023-06-20 23:00:00,212.46,0.3
CUST-741,ORD-4081,East,Clothing,2023-06-20 00:00:00,2023-06-21 00:00:00,344.59,0.13
CUST-658,ORD-4082,South,Clothing,2023-06-20 01:00:00,2023-06-21 01:00:00,475.15,0.41
CUST-758,ORD-4083,East,Clothing,2023-06-20 02:00:00,2023-06-21 02:00:00,337.49,0.49
CUST-503,ORD-4084,North,Electronics,2023-06-20 03:00:00,2023-06-21 03:00:00,757.39,0.15
CUST-472,ORD-4085,North,Grocery,2023-06-20 04:00:00,2023-06-21 04:00:00,336.06,0.13
CUST-173,ORD-4086,West,Clothing,2023-06-20 05:00:00,2023-06-21 05:00:00,146.85,0.25
CUST-751,ORD-4087,North,Grocery,2023-06-20 06:00:00,2023-06-21 06:00:00,405.05,0.39
CUST-815,ORD-4088,North,Grocery,2023-06-20 07:00:00,2023-06-21 07:00:00,980.12,0.18
CUST-361,ORD-4089,South,Grocery,2023-06-20 08:00:00,2023-06-21 08:00:00,233.62,0.06
CUST-174,ORD-4090,West,Electronics,2023-06-20 09:00:00,2023-06-21 09:00:00,616.04,0.29
CUST-144,ORD-4091,South,Electronics,2023-06-20 10:00:00,2023-06-21 10:00:00,438.64,0.48
CUST-738,ORD-4092,East,Furniture,2023-06-20 11:00:00,2023-06-21 11:00:00,80.31,0.23
CUST-560,ORD-4093,North,Furniture,2023-06-20 12:00:00,2023-06-21 12:00:00,,
CUST-501,ORD-4094,East,Grocery,2023-06-20 13:00:00,2023-06-21 13:00:00,705.14,0.49
CUST-189,ORD-4095,South,Furniture,2023-06-20 14:00:00,2023-06-21 14:00:00,518.09,0.36
CUST-939,ORD-4096,North,Grocery,2023-06-20 15:00:00,2023-06-21 15:00:00,873.39,0.37
CUST-911,ORD-4097,North,Electronics,2023-06-20 16:00:00,2023-06-21 16:00:00,296.05,0.3
CUST-556,ORD-4098,South,Electronics,2023-06-20 17:00:00,2023-06-21 17:00:00,95.39,0.49
CUST-658,ORD-4099,South,Electronics,2023-06-20 18:00:00,2023-06-21 18:00:00,937.2,0.36
CUST-981,ORD-4100,South,Clothing,2023-06-20 19:00:00,2023-06-21 19:00:00,384.41,0.45
CUST-61,ORD-4101,South,Grocery,2023-06-20 20:00:00,2023-06-21 20:00:00,580.64,0.36
CUST-537,ORD-4102,South,Electronics,2023-06-20 21:00:00,2023-06-21 21:00:00,794.08,0.38
CUST-35,ORD-4103,North,Grocery,2023-06-20 22:00:00,2023-06-21 22:00:00,331.07,0.18
CUST-860,ORD-4104,South,Furniture,2023-06-20 23:00:00,2023-06-21 23:00:00,719.0,0.19
CUST-868,ORD-4105,North,Furniture,2023-06-21 00:00:00,2023-06-22 00:00:00,144.06,0.6000000000000001
CUST-77,ORD-4106,North,Electronics,2023-06-21 01:00:00,2023-06-22 01:00:00,298.38,0.18
CUST-968,ORD-4107,South,Grocery,2023-06-21 02:00:00,2023-06-22 02:00:00,153.26,0.3
CUST-838,ORD-4108,South,Electronics,2023-06-21 03:00:00,2023-06-22 03:00:00,813.12,0.16
CUST-685,ORD-4109,West,Furniture,2023-06-21 04:00:00,2023-06-22 04:00:00,230.42,0.42
CUST-50,ORD-4110,North,Electronics,2023-06-21 05:00:00,2023-06-22 05:00:00,720.23,0.1
CUST-783,ORD-4111,South,Grocery,2023-06-21 06:00:00,2023-06-22 06:00:00,943.87,0.42
CUST-7,ORD-4112,South,Furniture,2023-06-21 07:00:00,2023-06-22 07:00:00,532.49,0.32
CUST-423,ORD-4113,South,Clothing,2023-06-21 08:00:00,2023-06-22 08:00:00,544.63,
CUST-141,ORD-4114,West,Furniture,2023-06-21 09:00:00,2023-06-22 09:00:00,466.42,0.29
CUST-863,ORD-4115,West,Clothing,2023-06-21 10:00:00,2023-06-22 10:00:00,332.63,0.18
CUST-646,ORD-4116,East,Electronics,2023-06-21 11:00:00,2023-06-22 11:00:00,480.9,0.2
CUST-237,ORD-4117,North,Electronics,2023-06-21 12:00:00,2023-06-22 12:00:00,606.78,0.21
CUST-70,ORD-4118,East,Grocery,2023-06-21 13:00:00,2023-06-22 13:00:00,986.13,0.08
CUST-725,ORD-4119,South,Clothing,2023-06-21 14:00:00,2023-06-22 14:00:00,938.39,0.49
CUST-155,ORD-4120,West,Electronics,2023-06-21 15:00:00,2023-06-22 15:00:00,863.53,0.06
CUST-10,ORD-4121,West,Clothing,2023-06-21 16:00:00,2023-06-22 16:00:00,890.24,0.35
CUST-224,ORD-4122,East,Electronics,2023-06-21 17:00:00,2023-06-22 17:00:00,473.17,0.22
CUST-518,ORD-4123,West,Furniture,2023-06-21 18:00:00,2023-06-22 18:00:00,660.87,0.34
CUST-467,ORD-4124,South,Electronics,2023-06-21 19:00:00,2023-06-22 19:00:00,896.12,0.21
CUST-383,ORD-4125,West,Grocery,2023-06-21 20:00:00,2023-06-22 20:00:00,399.02,0.35
CUST-62,ORD-4126,East,Furniture,2023-06-21 21:00:00,2023-06-22 21:00:00,962.14,0.38
CUST-633,ORD-4127,South,Grocery,2023-06-21 22:00:00,2023-06-22 22:00:00,421.63,0.36
CUST-654,ORD-4128,East,Furniture,2023-06-21 23:00:00,2023-06-22 23:00:00,605.07,0.1
CUST-683,ORD-4129,West,Clothing,2023-06-22 00:00:00,2023-06-23 00:00:00,712.71,0.35
CUST-957,ORD-4130,East,Grocery,2023-06-22 01:00:00,2023-06-23 01:00:00,951.09,0.18
CUST-632,ORD-4131,East,Electronics,2023-06-22 02:00:00,2023-06-23 02:00:00,252.17,0.06
CUST-935,ORD-4132,North,Clothing,2023-06-22 03:00:00,2023-06-23 03:00:00,748.67,0.24
CUST-495,ORD-4133,West,Electronics,2023-06-22 04:00:00,2023-06-23 04:00:00,525.61,0.25
CUST-676,ORD-4134,West,Furniture,2023-06-22 05:00:00,2023-06-23 05:00:00,275.87,0.26
CUST-500,ORD-4135,East,Furniture,2023-06-22 06:00:00,2023-06-23 06:00:00,778.84,0.37
CUST-17,ORD-4136,North,Electronics,2023-06-22 07:00:00,2023-06-23 07:00:00,556.7,0.19
CUST-7,ORD-4137,West,Electronics,2023-06-22 08:00:00,2023-06-23 08:00:00,664.36,0.19
CUST-545,ORD-4138,South,Clothing,2023-06-22 09:00:00,2023-06-23 09:00:00,329.67,0.08
CUST-565,ORD-4139,East,Electronics,2023-06-22 10:00:00,2023-06-23 10:00:00,486.46,0.36
CUST-422,ORD-4140,West,Grocery,2023-06-22 11:00:00,2023-06-23 11:00:00,621.18,0.31
CUST-13,ORD-4141,South,Grocery,2023-06-22 12:00:00,2023-06-23 12:00:00,410.86,0.21
CUST-18,ORD-4142,West,Electronics,2023-06-22 13:00:00,2023-06-23 13:00:00,206.39,0.37
CUST-543,ORD-4143,South,Grocery,2023-06-22 14:00:00,2023-06-23 14:00:00,962.02,0.29
CUST-740,ORD-4144,East,Electronics,2023-06-22 15:00:00,2023-06-23 15:00:00,516.35,0.26
CUST-282,ORD-4145,West,Clothing,2023-06-22 16:00:00,2023-06-23 16:00:00,736.58,0.28
CUST-549,ORD-4146,West,Grocery,2023-06-22 17:00:00,2023-06-23 17:00:00,416.94,0.34
CUST-294,ORD-4147,North,Grocery,2023-06-22 18:00:00,2023-06-23 18:00:00,361.58,0.35
CUST-18,ORD-4148,East,Electronics,2023-06-22 19:00:00,2023-06-23 19:00:00,413.09,0.18
CUST-515,ORD-4149,South,Grocery,2023-06-22 20:00:00,2023-06-23 20:00:00,415.1,0.11
CUST-833,ORD-4150,West,Furniture,2023-06-22 21:00:00,2023-06-23 21:00:00,548.74,0.12
CUST-715,ORD-4151,West,Clothing,2023-06-22 22:00:00,2023-06-23 22:00:00,,0.34
CUST-691,ORD-4152,South,Clothing,2023-06-22 23:00:00,2023-06-23 23:00:00,502.18,0.44
CUST-441,ORD-4153,East,Grocery,2023-06-23 00:00:00,2023-06-24 00:00:00,143.44,0.23
CUST-826,ORD-4154,North,Grocery,2023-06-23 01:00:00,2023-06-24 01:00:00,501.11,0.13
CUST-963,ORD-4155,North,Furniture,2023-06-23 02:00:00,2023-06-24 02:00:00,177.41,0.39
CUST-932,ORD-4156,West,Furniture,2023-06-23 03:00:00,2023-06-24 03:00:00,134.87,0.42
CUST-184,ORD-4157,South,Grocery,2023-06-23 04:00:00,2023-06-24 04:00:00,933.32,0.45
CUST-110,ORD-4158,West,Grocery,2023-06-23 05:00:00,2023-06-24 05:00:00,608.9,0.32
CUST-941,ORD-4159,South,Furniture,2023-06-23 06:00:00,2023-06-24 06:00:00,662.9,0.44
CUST-99,ORD-4160,North,Electronics,2023-06-23 07:00:00,2023-06-24 07:00:00,407.78,0.06
CUST-537,ORD-4161,East,Furniture,2023-06-23 08:00:00,2023-06-24 08:00:00,909.89,0.1
CUST-153,ORD-4162,South,Electronics,2023-06-23 09:00:00,2023-06-24 09:00:00,641.55,0.09
CUST-247,ORD-4163,North,Clothing,2023-06-23 10:00:00,2023-06-24 10:00:00,771.48,0.37
CUST-197,ORD-4164,West,Clothing,2023-06-23 11:00:00,2023-06-24 11:00:00,374.88,0.08
CUST-635,ORD-4165,South,Furniture,2023-06-23 12:00:00,2023-06-24 12:00:00,960.41,0.27
CUST-540,ORD-4166,East,Electronics,2023-06-23 13:00:00,2023-06-24 13:00:00,822.26,0.26
CUST-259,ORD-4167,West,Furniture,2023-06-23 14:00:00,2023-06-24 14:00:00,855.41,0.19
CUST-835,ORD-4168,West,Furniture,2023-06-23 15:00:00,2023-06-24 15:00:00,180.47,0.44
CUST-363,ORD-4169,North,Electronics,2023-06-23 16:00:00,2023-06-24 16:00:00,278.25,
CUST-274,ORD-4170,South,Furniture,2023-06-23 17:00:00,2023-06-24 17:00:00,292.77,0.21
CUST-815,ORD-4171,West,Clothing,2023-06-23 18:00:00,2023-06-24 18:00:00,278.2,0.4
CUST-407,ORD-4172,East,Grocery,2023-06-23 19:00:00,2023-06-24 19:00:00,856.85,0.06
CUST-81,ORD-4173,South,Grocery,2023-06-23 20:00:00,2023-06-24 20:00:00,41.57,0.35
CUST-383,ORD-4174,East,Furniture,2023-06-23 21:00:00,2023-06-24 21:00:00,85.34,0.42
CUST-983,ORD-4175,West,Electronics,2023-06-23 22:00:00,2023-06-24 22:00:00,,0.47
CUST-416,ORD-4176,East,Electronics,2023-06-23 23:00:00,2023-06-24 23:00:00,207.87,0.44
CUST-471,ORD-4177,North,Clothing,2023-06-24 00:00:00,2023-06-25 00:00:00,239.54,0.19
CUST-579,ORD-4178,East,Electronics,2023-06-24 01:00:00,2023-06-25 01:00:00,799.96,0.31
CUST-250,ORD-4179,South,Electronics,2023-06-24 02:00:00,2023-06-25 02:00:00,567.5,0.08
CUST-714,ORD-4180,East,Clothing,2023-06-24 03:00:00,2023-06-25 03:00:00,15.71,0.17
CUST-232,ORD-4181,East,Furniture,2023-06-24 04:00:00,2023-06-25 04:00:00,435.03,0.09
CUST-308,ORD-4182,North,Grocery,2023-06-24 05:00:00,2023-06-25 05:00:00,413.81,0.19
CUST-701,ORD-4183,East,Clothing,2023-06-24 06:00:00,2023-06-25 06:00:00,122.81,0.44
CUST-848,ORD-4184,East,Furniture,2023-06-24 07:00:00,2023-06-25 07:00:00,679.38,0.21
CUST-869,ORD-4185,West,Clothing,2023-06-24 08:00:00,2023-06-25 08:00:00,705.08,
CUST-83,ORD-4186,West,Furniture,2023-06-24 09:00:00,2023-06-25 09:00:00,723.68,0.25
CUST-670,ORD-4187,South,Clothing,2023-06-24 10:00:00,2023-06-25 10:00:00,731.19,0.26
CUST-879,ORD-4188,West,Furniture,2023-06-24 11:00:00,2023-06-25 11:00:00,10.05,0.49
CUST-666,ORD-4189,West,Clothing,2023-06-24 12:00:00,2023-06-25 12:00:00,954.38,0.27
CUST-778,ORD-4190,West,Furniture,2023-06-24 13:00:00,2023-06-25 13:00:00,816.07,0.33
CUST-33,ORD-4191,West,Clothing,2023-06-24 14:00:00,2023-06-25 14:00:00,904.94,0.24
CUST-96,ORD-4192,North,Grocery,2023-06-24 15:00:00,2023-06-25 15:00:00,25.49,0.08
CUST-416,ORD-4193,West,Grocery,2023-06-24 16:00:00,2023-06-25 16:00:00,934.52,0.27
CUST-389,ORD-4194,North,Electronics,2023-06-24 17:00:00,2023-06-25 17:00:00,811.69,0.42
CUST-387,ORD-4195,North,Furniture,2023-06-24 18:00:00,2023-06-25 18:00:00,838.85,0.09
CUST-566,ORD-4196,West,Clothing,2023-06-24 19:00:00,2023-06-25 19:00:00,102.35,0.08
CUST-488,ORD-4197,East,Furniture,2023-06-24 20:00:00,2023-06-25 20:00:00,741.39,0.12
CUST-58,ORD-4198,North,Grocery,2023-06-24 21:00:00,2023-06-25 21:00:00,960.32,0.39
CUST-653,ORD-4199,East,Furniture,2023-06-24 22:00:00,2023-06-25 22:00:00,681.76,0.38
CUST-10,ORD-4200,East,Clothing,2023-06-24 23:00:00,2023-06-25 23:00:00,574.86,0.3
CUST-720,ORD-4201,West,Furniture,2023-06-25 00:00:00,2023-06-26 00:00:00,946.17,0.26
CUST-176,ORD-4202,South,Clothing,2023-06-25 01:00:00,2023-06-26 01:00:00,448.51,0.45
CUST-85,ORD-4203,West,Grocery,2023-06-25 02:00:00,2023-06-26 02:00:00,603.3,0.4
CUST-512,ORD-4204,South,Grocery,2023-06-25 03:00:00,2023-06-26 03:00:00,481.57,0.42
CUST-866,ORD-4205,South,Grocery,2023-06-25 04:00:00,2023-06-26 04:00:00,933.52,0.42
CUST-445,ORD-4206,West,Electronics,2023-06-25 05:00:00,2023-06-26 05:00:00,85.32,0.34
CUST-661,ORD-4207,West,Grocery,2023-06-25 06:00:00,2023-06-26 06:00:00,506.11,0.26
CUST-804,ORD-4208,South,Furniture,2023-06-25 07:00:00,2023-06-26 07:00:00,690.08,0.44
CUST-340,ORD-4209,West,Electronics,2023-06-25 08:00:00,2023-06-26 08:00:00,793.99,0.47
CUST-580,ORD-4210,South,Grocery,2023-06-25 09:00:00,2023-06-26 09:00:00,587.19,0.06
CUST-879,ORD-4211,East,Furniture,2023-06-25 10:00:00,2023-06-26 10:00:00,909.83,0.07
CUST-998,ORD-4212,West,Furniture,2023-06-25 11:00:00,2023-06-26 11:00:00,942.57,0.48
CUST-98,ORD-4213,East,Furniture,2023-06-25 12:00:00,2023-06-26 12:00:00,73.68,0.17
CUST-917,ORD-4214,North,Clothing,2023-06-25 13:00:00,2023-06-26 13:00:00,408.35,0.44
CUST-541,ORD-4215,East,Electronics,2023-06-25 14:00:00,2023-06-26 14:00:00,33.22,0.22
CUST-942,ORD-4216,East,Furniture,2023-06-25 15:00:00,2023-06-26 15:00:00,336.12,0.1
CUST-44,ORD-4217,South,Clothing,2023-06-25 16:00:00,2023-06-26 16:00:00,541.5,0.09
CUST-236,ORD-4218,East,Grocery,2023-06-25 17:00:00,2023-06-26 17:00:00,911.69,0.12
CUST-217,ORD-4219,West,Furniture,2023-06-25 18:00:00,2023-06-26 18:00:00,848.09,0.16
CUST-923,ORD-4220,South,Clothing,2023-06-25 19:00:00,2023-06-26 19:00:00,136.22,0.27
CUST-889,ORD-4221,North,Furniture,2023-06-25 20:00:00,2023-06-26 20:00:00,102.1,0.37
CUST-709,ORD-4222,West,Electronics,2023-06-25 21:00:00,2023-06-26 21:00:00,593.37,0.49
CUST-909,ORD-4223,North,Electronics,2023-06-25 22:00:00,2023-06-26 22:00:00,536.8,0.25
CUST-581,ORD-4224,East,Grocery,2023-06-25 23:00:00,2023-06-26 23:00:00,273.71,0.28
CUST-487,ORD-4225,West,Furniture,2023-06-26 00:00:00,2023-06-27 00:00:00,900.46,0.28
CUST-278,ORD-4226,West,Clothing,2023-06-26 01:00:00,2023-06-27 01:00:00,928.09,0.29
CUST-48,ORD-4227,North,Grocery,2023-06-26 02:00:00,2023-06-27 02:00:00,408.59,0.28
CUST-947,ORD-4228,West,Furniture,2023-06-26 03:00:00,2023-06-27 03:00:00,891.4,0.05
CUST-77,ORD-4229,West,Grocery,2023-06-26 04:00:00,2023-06-27 04:00:00,390.11,0.05
CUST-701,ORD-4230,West,Clothing,2023-06-26 05:00:00,2023-06-27 05:00:00,739.45,0.09
CUST-948,ORD-4231,East,Grocery,2023-06-26 06:00:00,2023-06-27 06:00:00,481.18,0.1
CUST-288,ORD-4232,North,Grocery,2023-06-26 07:00:00,2023-06-27 07:00:00,131.36,0.37
CUST-921,ORD-4233,West,Grocery,2023-06-26 08:00:00,2023-06-27 08:00:00,928.65,0.14
CUST-557,ORD-4234,South,Furniture,2023-06-26 09:00:00,2023-06-27 09:00:00,459.56,0.45
CUST-578,ORD-4235,South,Clothing,2023-06-26 10:00:00,2023-06-27 10:00:00,737.14,0.47
CUST-674,ORD-4236,South,Electronics,2023-06-26 11:00:00,2023-06-27 11:00:00,373.5,0.49
CUST-34,ORD-4237,South,Furniture,2023-06-26 12:00:00,2023-06-27 12:00:00,28.69,0.47
CUST-184,ORD-4238,East,Electronics,2023-06-26 13:00:00,2023-06-27 13:00:00,109.53,0.255
CUST-952,ORD-4239,West,Electronics,2023-06-26 14:00:00,2023-06-27 14:00:00,501.26,0.28
CUST-871,ORD-4240,North,Furniture,2023-06-26 15:00:00,2023-06-27 15:00:00,693.06,0.13
CUST-323,ORD-4241,West,Furniture,2023-06-26 16:00:00,2023-06-27 16:00:00,341.39,0.41
CUST-17,ORD-4242,East,Clothing,2023-06-26 17:00:00,2023-06-27 17:00:00,,0.45
CUST-985,ORD-4243,South,Clothing,2023-06-26 18:00:00,2023-06-27 18:00:00,701.65,0.43
CUST-213,ORD-4244,East,Grocery,2023-06-26 19:00:00,2023-06-27 19:00:00,706.9,0.25
CUST-602,ORD-4245,West,Electronics,2023-06-26 20:00:00,2023-06-27 20:00:00,497.6,0.39
CUST-148,ORD-4246,North,Clothing,2023-06-26 21:00:00,2023-06-27 21:00:00,915.74,0.09
CUST-771,ORD-4247,East,Grocery,2023-06-26 22:00:00,2023-06-27 22:00:00,494.3,0.07
CUST-841,ORD-4248,North,Clothing,2023-06-26 23:00:00,2023-06-27 23:00:00,455.76,0.39
CUST-730,ORD-4249,East,Furniture,2023-06-27 00:00:00,2023-06-28 00:00:00,207.39,0.24
CUST-841,ORD-4250,North,Clothing,2023-06-27 01:00:00,2023-06-28 01:00:00,314.58,0.5
CUST-408,ORD-4251,North,Electronics,2023-06-27 02:00:00,2023-06-28 02:00:00,51.91,0.09
CUST-952,ORD-4252,South,Clothing,2023-06-27 03:00:00,2023-06-28 03:00:00,637.2,0.44
CUST-79,ORD-4253,North,Electronics,2023-06-27 04:00:00,2023-06-28 04:00:00,256.05,0.27
CUST-307,ORD-4254,South,Furniture,2023-06-27 05:00:00,2023-06-28 05:00:00,311.11,0.42
CUST-167,ORD-4255,West,Electronics,2023-06-27 06:00:00,2023-06-28 06:00:00,773.11,0.42
CUST-578,ORD-4256,West,Clothing,2023-06-27 07:00:00,2023-06-28 07:00:00,166.975,0.46
CUST-247,ORD-4257,South,Grocery,2023-06-27 08:00:00,2023-06-28 08:00:00,249.77,0.18
CUST-581,ORD-4258,South,Furniture,2023-06-27 09:00:00,2023-06-28 09:00:00,177.37,0.48
CUST-855,ORD-4259,East,Clothing,2023-06-27 10:00:00,2023-06-28 10:00:00,777.11,0.12
CUST-870,ORD-4260,East,Furniture,2023-06-27 11:00:00,2023-06-28 11:00:00,138.41,0.09
CUST-399,ORD-4261,East,Furniture,2023-06-27 12:00:00,2023-06-28 12:00:00,459.22,0.24
CUST-694,ORD-4262,West,Clothing,2023-06-27 13:00:00,2023-06-28 13:00:00,511.86,0.42
CUST-919,ORD-4263,East,Clothing,2023-06-27 14:00:00,2023-06-28 14:00:00,690.52,0.26
CUST-554,ORD-4264,North,Grocery,2023-06-27 15:00:00,2023-06-28 15:00:00,636.95,0.42
CUST-340,ORD-4265,North,Furniture,2023-06-27 16:00:00,2023-06-28 16:00:00,812.61,0.38
CUST-394,ORD-4266,East,Furniture,2023-06-27 17:00:00,2023-06-28 17:00:00,54.3,0.14
CUST-774,ORD-4267,North,Clothing,2023-06-27 18:00:00,2023-06-28 18:00:00,303.48,0.48
CUST-758,ORD-4268,West,Electronics,2023-06-27 19:00:00,2023-06-28 19:00:00,287.33,0.08
CUST-144,ORD-4269,North,Clothing,2023-06-27 20:00:00,2023-06-28 20:00:00,154.56,0.45
CUST-810,ORD-4270,West,Furniture,2023-06-27 21:00:00,2023-06-28 21:00:00,296.29,0.19
CUST-706,ORD-4271,South,Clothing,2023-06-27 22:00:00,2023-06-28 22:00:00,316.67,0.28
CUST-742,ORD-4272,South,Grocery,2023-06-27 23:00:00,2023-06-28 23:00:00,526.67,0.24
CUST-81,ORD-4273,South,Electronics,2023-06-28 00:00:00,2023-06-29 00:00:00,667.07,0.13
CUST-513,ORD-4274,South,Clothing,2023-06-28 01:00:00,2023-06-29 01:00:00,387.29,0.21
CUST-764,ORD-4275,North,Grocery,2023-06-28 02:00:00,2023-06-29 02:00:00,722.28,0.14
CUST-998,ORD-4276,East,Furniture,2023-06-28 03:00:00,2023-06-29 03:00:00,342.8,0.14
CUST-355,ORD-4277,North,Clothing,2023-06-28 04:00:00,2023-06-29 04:00:00,297.38,0.13
CUST-55,ORD-4278,West,Furniture,2023-06-28 05:00:00,2023-06-29 05:00:00,545.78,0.27
CUST-101,ORD-4279,North,Grocery,2023-06-28 06:00:00,2023-06-29 06:00:00,33.48,0.41
CUST-448,ORD-4280,North,Furniture,2023-06-28 07:00:00,2023-06-29 07:00:00,88.99,0.31
CUST-238,ORD-4281,West,Grocery,2023-06-28 08:00:00,2023-06-29 08:00:00,423.79,0.45
CUST-859,ORD-4282,South,Grocery,2023-06-28 09:00:00,2023-06-29 09:00:00,943.48,0.34
CUST-78,ORD-4283,South,Grocery,2023-06-28 10:00:00,2023-06-29 10:00:00,724.3,0.36
CUST-349,ORD-4284,South,Clothing,2023-06-28 11:00:00,2023-06-29 11:00:00,97.25,0.35
CUST-620,ORD-4285,East,Furniture,2023-06-28 12:00:00,2023-06-29 12:00:00,847.85,0.375
CUST-788,ORD-4286,West,Furniture,2023-06-28 13:00:00,2023-06-29 13:00:00,734.98,0.36
CUST-629,ORD-4287,West,Electronics,2023-06-28 14:00:00,2023-06-29 14:00:00,614.84,0.08
CUST-978,ORD-4288,North,Electronics,2023-06-28 15:00:00,2023-06-29 15:00:00,822.09,0.44
CUST-610,ORD-4289,East,Electronics,2023-06-28 16:00:00,2023-06-29 16:00:00,410.07,0.4
CUST-407,ORD-4290,South,Electronics,2023-06-28 17:00:00,2023-06-29 17:00:00,229.29,0.16
CUST-993,ORD-4291,East,Furniture,2023-06-28 18:00:00,2023-06-29 18:00:00,516.9,0.4
CUST-793,ORD-4292,West,Grocery,2023-06-28 19:00:00,2023-06-29 19:00:00,553.35,
CUST-335,ORD-4293,West,Grocery,2023-06-28 20:00:00,2023-06-29 20:00:00,542.94,0.15
CUST-31,ORD-4294,North,Clothing,2023-06-28 21:00:00,2023-06-29 21:00:00,569.42,0.08
CUST-650,ORD-4295,North,Grocery,2023-06-28 22:00:00,2023-06-29 22:00:00,949.22,0.4
CUST-280,ORD-4296,West,Furniture,2023-06-28 23:00:00,2023-06-29 23:00:00,903.22,0.39
CUST-803,ORD-4297,South,Furniture,2023-06-29 00:00:00,2023-06-30 00:00:00,876.96,0.42
CUST-462,ORD-4298,South,Furniture,2023-06-29 01:00:00,2023-06-30 01:00:00,803.4,0.05
CUST-503,ORD-4299,East,Clothing,2023-06-29 02:00:00,2023-06-30 02:00:00,943.99,0.28
CUST-234,ORD-4300,West,Electronics,2023-06-29 03:00:00,2023-06-30 03:00:00,107.51,0.37
CUST-365,ORD-4301,West,Grocery,2023-06-29 04:00:00,2023-06-30 04:00:00,272.47,0.12
CUST-567,ORD-4302,South,Furniture,2023-06-29 05:00:00,2023-06-30 05:00:00,500.11,0.34
CUST-964,ORD-4303,South,Furniture,2023-06-29 06:00:00,2023-06-30 06:00:00,848.07,0.09
CUST-385,ORD-4304,West,Electronics,2023-06-29 07:00:00,2023-06-30 07:00:00,510.11,0.13
CUST-443,ORD-4305,North,Furniture,2023-06-29 08:00:00,2023-06-30 08:00:00,750.55,0.26
CUST-191,ORD-4306,West,Grocery,2023-06-29 09:00:00,2023-06-30 09:00:00,147.57,0.34
CUST-697,ORD-4307,West,Clothing,2023-06-29 10:00:00,2023-06-30 10:00:00,259.89,0.12
CUST-600,ORD-4308,South,Furniture,2023-06-29 11:00:00,2023-06-30 11:00:00,734.46,0.13
CUST-677,ORD-4309,South,Grocery,2023-06-29 12:00:00,2023-06-30 12:00:00,173.09,0.14
CUST-390,ORD-4310,North,Furniture,2023-06-29 13:00:00,2023-06-30 13:00:00,357.84,0.16
CUST-88,ORD-4311,North,Electronics,2023-06-29 14:00:00,2023-06-30 14:00:00,272.22,0.15
CUST-791,ORD-4312,East,Furniture,2023-06-29 15:00:00,2023-06-30 15:00:00,356.36,0.23
CUST-634,ORD-4313,West,Furniture,2023-06-29 16:00:00,2023-06-30 16:00:00,711.24,0.34
CUST-303,ORD-4314,South,Clothing,2023-06-29 17:00:00,2023-06-30 17:00:00,374.17,0.25
CUST-818,ORD-4315,North,Electronics,2023-06-29 18:00:00,2023-06-30 18:00:00,559.71,0.4
CUST-253,ORD-4316,East,Electronics,2023-06-29 19:00:00,2023-06-30 19:00:00,108.93,0.37
CUST-731,ORD-4317,East,Clothing,2023-06-29 20:00:00,2023-06-30 20:00:00,806.97,0.11
CUST-76,ORD-4318,South,Furniture,2023-06-29 21:00:00,2023-06-30 21:00:00,376.19,0.07
CUST-85,ORD-4319,South,Grocery,2023-06-29 22:00:00,2023-06-30 22:00:00,652.05,0.45
CUST-275,ORD-4320,East,Electronics,2023-06-29 23:00:00,2023-06-30 23:00:00,728.14,0.09
CUST-158,ORD-4321,North,Electronics,2023-06-30 00:00:00,2023-07-01 00:00:00,217.56,0.12
CUST-390,ORD-4322,East,Furniture,2023-06-30 01:00:00,2023-07-01 01:00:00,885.83,0.06
CUST-729,ORD-4323,West,Furniture,2023-06-30 02:00:00,2023-07-01 02:00:00,620.06,0.33
CUST-803,ORD-4324,West,Electronics,2023-06-30 03:00:00,2023-07-01 03:00:00,434.44,0.31
CUST-650,ORD-4325,South,Furniture,2023-06-30 04:00:00,2023-07-01 04:00:00,190.51,0.49
CUST-158,ORD-4326,North,Grocery,2023-06-30 05:00:00,2023-07-01 05:00:00,942.88,0.45
CUST-758,ORD-4327,North,Electronics,2023-06-30 06:00:00,2023-07-01 06:00:00,757.52,0.23
CUST-399,ORD-4328,West,Grocery,2023-06-30 07:00:00,2023-07-01 07:00:00,,0.22
CUST-325,ORD-4329,East,Grocery,2023-06-30 08:00:00,2023-07-01 08:00:00,344.33,0.18
CUST-370,ORD-4330,South,Furniture,2023-06-30 09:00:00,2023-07-01 09:00:00,811.58,0.12
CUST-110,ORD-4331,East,Grocery,2023-06-30 10:00:00,2023-07-01 10:00:00,698.72,0.11
CUST-94,ORD-4332,East,Furniture,2023-06-30 11:00:00,2023-07-01 11:00:00,768.13,0.11
CUST-6,ORD-4333,East,Clothing,2023-06-30 12:00:00,2023-07-01 12:00:00,446.79,0.1
CUST-966,ORD-4334,North,Furniture,2023-06-30 13:00:00,2023-07-01 13:00:00,719.31,0.16
CUST-316,ORD-4335,West,Grocery,2023-06-30 14:00:00,2023-07-01 14:00:00,392.63,0.19
CUST-456,ORD-4336,North,Clothing,2023-06-30 15:00:00,2023-07-01 15:00:00,219.15,0.48
CUST-369,ORD-4337,West,Furniture,2023-06-30 16:00:00,2023-07-01 16:00:00,636.35,0.31
CUST-780,ORD-4338,South,Grocery,2023-06-30 17:00:00,2023-07-01 17:00:00,976.25,0.49
CUST-277,ORD-4339,South,Electronics,2023-06-30 18:00:00,2023-07-01 18:00:00,317.49,0.22
CUST-105,ORD-4340,East,Electronics,2023-06-30 19:00:00,2023-07-01 19:00:00,466.36,0.26
CUST-136,ORD-4341,West,Furniture,2023-06-30 20:00:00,2023-07-01 20:00:00,677.26,0.2
CUST-90,ORD-4342,West,Furniture,2023-06-30 21:00:00,2023-07-01 21:00:00,546.09,0.13
CUST-192,ORD-4343,West,Electronics,2023-06-30 22:00:00,2023-07-01 22:00:00,844.99,0.11
CUST-442,ORD-4344,East,Grocery,2023-06-30 23:00:00,2023-07-01 23:00:00,764.13,0.48
CUST-460,ORD-4345,East,Grocery,2023-07-01 00:00:00,2023-07-02 00:00:00,67.71,0.49
CUST-571,ORD-4346,South,Grocery,2023-07-01 01:00:00,2023-07-02 01:00:00,499.22,0.07
CUST-569,ORD-4347,North,Furniture,2023-07-01 02:00:00,2023-07-02 02:00:00,754.88,0.12
CUST-525,ORD-4348,West,Clothing,2023-07-01 03:00:00,2023-07-02 03:00:00,865.26,0.24
CUST-418,ORD-4349,West,Clothing,2023-07-01 04:00:00,2023-07-02 04:00:00,654.69,0.13
CUST-106,ORD-4350,North,Clothing,2023-07-01 05:00:00,2023-07-02 05:00:00,857.72,0.21
CUST-27,ORD-4351,West,Clothing,2023-07-01 06:00:00,2023-07-02 06:00:00,121.26,0.11
CUST-92,ORD-4352,East,Clothing,2023-07-01 07:00:00,2023-07-02 07:00:00,354.26,0.26
CUST-363,ORD-4353,East,Furniture,2023-07-01 08:00:00,2023-07-02 08:00:00,877.66,0.17
CUST-568,ORD-4354,West,Furniture,2023-07-01 09:00:00,2023-07-02 09:00:00,209.64,0.21
CUST-96,ORD-4355,East,Clothing,2023-07-01 10:00:00,2023-07-02 10:00:00,87.46,0.09
CUST-612,ORD-4356,East,Furniture,2023-07-01 11:00:00,2023-07-02 11:00:00,790.24,0.24
CUST-613,ORD-4357,West,Furniture,2023-07-01 12:00:00,2023-07-02 12:00:00,837.13,0.49
CUST-804,ORD-4358,South,Clothing,2023-07-01 13:00:00,2023-07-02 13:00:00,171.03,0.2
CUST-333,ORD-4359,North,Grocery,2023-07-01 14:00:00,2023-07-02 14:00:00,855.8,0.44
CUST-885,ORD-4360,East,Furniture,2023-07-01 15:00:00,2023-07-02 15:00:00,689.9,0.43
CUST-395,ORD-4361,South,Grocery,2023-07-01 16:00:00,2023-07-02 16:00:00,524.88,0.48
CUST-13,ORD-4362,East,Furniture,2023-07-01 17:00:00,2023-07-02 17:00:00,831.95,0.41
CUST-299,ORD-4363,East,Furniture,2023-07-01 18:00:00,2023-07-02 18:00:00,425.06,0.35
CUST-424,ORD-4364,North,Clothing,2023-07-01 19:00:00,2023-07-02 19:00:00,202.05,0.44
CUST-398,ORD-4365,East,Furniture,2023-07-01 20:00:00,2023-07-02 20:00:00,292.0,0.08
CUST-798,ORD-4366,North,Electronics,2023-07-01 21:00:00,2023-07-02 21:00:00,510.11,0.26
CUST-87,ORD-4367,North,Electronics,2023-07-01 22:00:00,2023-07-02 22:00:00,536.02,0.5
CUST-743,ORD-4368,North,Clothing,2023-07-01 23:00:00,2023-07-02 23:00:00,807.53,0.4
CUST-923,ORD-4369,South,Grocery,2023-07-02 00:00:00,2023-07-03 00:00:00,793.44,0.48
CUST-573,ORD-4370,West,Grocery,2023-07-02 01:00:00,2023-07-03 01:00:00,585.55,0.4
CUST-927,ORD-4371,South,Grocery,2023-07-02 02:00:00,2023-07-03 02:00:00,782.98,0.44
CUST-249,ORD-4372,West,Electronics,2023-07-02 03:00:00,2023-07-03 03:00:00,199.86,0.37
CUST-586,ORD-4373,West,Grocery,2023-07-02 04:00:00,2023-07-03 04:00:00,59.56,0.39
CUST-534,ORD-4374,North,Grocery,2023-07-02 05:00:00,2023-07-03 05:00:00,874.9,0.29
CUST-174,ORD-4375,East,Clothing,2023-07-02 06:00:00,2023-07-03 06:00:00,84.8,0.47
CUST-702,ORD-4376,North,Grocery,2023-07-02 07:00:00,2023-07-03 07:00:00,254.22,0.42
CUST-390,ORD-4377,East,Electronics,2023-07-02 08:00:00,2023-07-03 08:00:00,698.37,0.43
CUST-174,ORD-4378,West,Electronics,2023-07-02 09:00:00,2023-07-03 09:00:00,415.35,0.35
CUST-143,ORD-4379,North,Electronics,2023-07-02 10:00:00,2023-07-03 10:00:00,877.55,0.19
CUST-276,ORD-4380,East,Clothing,2023-07-02 11:00:00,2023-07-03 11:00:00,305.0,0.07
CUST-309,ORD-4381,South,Clothing,2023-07-02 12:00:00,2023-07-03 12:00:00,21.75,0.47
CUST-275,ORD-4382,East,Furniture,2023-07-02 13:00:00,2023-07-03 13:00:00,307.65,0.31
CUST-505,ORD-4383,North,Grocery,2023-07-02 14:00:00,2023-07-03 14:00:00,582.29,0.18
CUST-150,ORD-4384,South,Clothing,2023-07-02 15:00:00,2023-07-03 15:00:00,382.18,0.12
CUST-65,ORD-4385,East,Electronics,2023-07-02 16:00:00,2023-07-03 16:00:00,539.52,0.42
CUST-172,ORD-4386,East,Electronics,2023-07-02 17:00:00,2023-07-03 17:00:00,877.83,0.43
CUST-446,ORD-4387,East,Clothing,2023-07-02 18:00:00,2023-07-03 18:00:00,913.36,0.42
CUST-283,ORD-4388,East,Clothing,2023-07-02 19:00:00,2023-07-03 19:00:00,273.31,0.34
CUST-432,ORD-4389,East,Clothing,2023-07-02 20:00:00,2023-07-03 20:00:00,467.52,0.21
CUST-307,ORD-4390,South,Furniture,2023-07-02 21:00:00,2023-07-03 21:00:00,553.65,0.19
CUST-496,ORD-4391,West,Electronics,2023-07-02 22:00:00,2023-07-03 22:00:00,949.62,0.05
CUST-802,ORD-4392,South,Furniture,2023-07-02 23:00:00,2023-07-03 23:00:00,998.63,0.43
CUST-79,ORD-4393,South,Furniture,2023-07-03 00:00:00,2023-07-04 00:00:00,243.05,0.09
CUST-370,ORD-4394,South,Grocery,2023-07-03 01:00:00,2023-07-04 01:00:00,729.71,0.33
CUST-258,ORD-4395,West,Electronics,2023-07-03 02:00:00,2023-07-04 02:00:00,384.25,0.42000000000000004
CUST-967,ORD-4396,North,Electronics,2023-07-03 03:00:00,2023-07-04 03:00:00,18.03,0.43499999999999994
CUST-253,ORD-4397,West,Clothing,2023-07-03 04:00:00,2023-07-04 04:00:00,19.16,0.47
CUST-739,ORD-4398,South,Clothing,2023-07-03 05:00:00,2023-07-04 05:00:00,465.96,0.06
CUST-641,ORD-4399,East,Grocery,2023-07-03 06:00:00,2023-07-04 06:00:00,493.45,0.4
CUST-508,ORD-4400,East,Furniture,2023-07-03 07:00:00,2023-07-04 07:00:00,32.34,0.07
CUST-609,ORD-4401,South,Clothing,2023-07-03 08:00:00,2023-07-04 08:00:00,690.06,0.07
CUST-632,ORD-4402,East,Clothing,2023-07-03 09:00:00,2023-07-04 09:00:00,301.06,0.24
CUST-201,ORD-4403,South,Electronics,2023-07-03 10:00:00,2023-07-04 10:00:00,564.29,0.08
CUST-469,ORD-4404,East,Electronics,2023-07-03 11:00:00,2023-07-04 11:00:00,307.91,0.41
CUST-110,ORD-4405,West,Clothing,2023-07-03 12:00:00,2023-07-04 12:00:00,175.46,0.43499999999999994
CUST-139,ORD-4406,North,Electronics,2023-07-03 13:00:00,2023-07-04 13:00:00,413.1,0.06
CUST-312,ORD-4407,North,Grocery,2023-07-03 14:00:00,2023-07-04 14:00:00,239.95,0.07
CUST-7,ORD-4408,West,Clothing,2023-07-03 15:00:00,2023-07-04 15:00:00,539.45,0.33
CUST-972,ORD-4409,West,Electronics,2023-07-03 16:00:00,2023-07-04 16:00:00,206.84,0.41
CUST-406,ORD-4410,South,Grocery,2023-07-03 17:00:00,2023-07-04 17:00:00,513.32,0.25
CUST-341,ORD-4411,South,Electronics,2023-07-03 18:00:00,2023-07-04 18:00:00,165.8,0.3
CUST-862,ORD-4412,South,Electronics,2023-07-03 19:00:00,2023-07-04 19:00:00,674.26,0.41
CUST-636,ORD-4413,East,Electronics,2023-07-03 20:00:00,2023-07-04 20:00:00,756.4,0.32
CUST-390,ORD-4414,South,Clothing,2023-07-03 21:00:00,2023-07-04 21:00:00,119.29,0.15
CUST-824,ORD-4415,West,Furniture,2023-07-03 22:00:00,2023-07-04 22:00:00,473.12,0.33
CUST-883,ORD-4416,North,Electronics,2023-07-03 23:00:00,2023-07-04 23:00:00,80.16,0.33
CUST-338,ORD-4417,East,Grocery,2023-07-04 00:00:00,2023-07-05 00:00:00,602.2,0.38
CUST-451,ORD-4418,South,Clothing,2023-07-04 01:00:00,2023-07-05 01:00:00,271.76,0.33
CUST-343,ORD-4419,East,Clothing,2023-07-04 02:00:00,2023-07-05 02:00:00,532.35,0.49
CUST-441,ORD-4420,East,Grocery,2023-07-04 03:00:00,2023-07-05 03:00:00,522.29,0.14
CUST-836,ORD-4421,South,Electronics,2023-07-04 04:00:00,2023-07-05 04:00:00,925.11,0.48
CUST-844,ORD-4422,East,Furniture,2023-07-04 05:00:00,2023-07-05 05:00:00,553.59,0.29
CUST-881,ORD-4423,North,Electronics,2023-07-04 06:00:00,2023-07-05 06:00:00,587.17,0.35
CUST-667,ORD-4424,West,Grocery,2023-07-04 07:00:00,2023-07-05 07:00:00,407.64,0.09
CUST-998,ORD-4425,West,Clothing,2023-07-04 08:00:00,2023-07-05 08:00:00,949.59,0.22
CUST-609,ORD-4426,North,Furniture,2023-07-04 09:00:00,2023-07-05 09:00:00,779.41,0.4
CUST-140,ORD-4427,East,Clothing,2023-07-04 10:00:00,2023-07-05 10:00:00,292.55,0.37
CUST-308,ORD-4428,South,Grocery,2023-07-04 11:00:00,2023-07-05 11:00:00,845.77,0.07
CUST-329,ORD-4429,East,Electronics,2023-07-04 12:00:00,2023-07-05 12:00:00,438.07,0.3
CUST-618,ORD-4430,North,Furniture,2023-07-04 13:00:00,2023-07-05 13:00:00,830.38,0.09
CUST-971,ORD-4431,East,Clothing,2023-07-04 14:00:00,2023-07-05 14:00:00,824.66,0.5
CUST-712,ORD-4432,West,Clothing,2023-07-04 15:00:00,2023-07-05 15:00:00,196.98,0.45
CUST-206,ORD-4433,East,Clothing,2023-07-04 16:00:00,2023-07-05 16:00:00,704.13,0.06
CUST-491,ORD-4434,North,Electronics,2023-07-04 17:00:00,2023-07-05 17:00:00,297.74,0.44
CUST-322,ORD-4435,West,Furniture,2023-07-04 18:00:00,2023-07-05 18:00:00,304.52,0.46
CUST-182,ORD-4436,East,Electronics,2023-07-04 19:00:00,2023-07-05 19:00:00,303.38,0.21
CUST-988,ORD-4437,East,Electronics,2023-07-04 20:00:00,2023-07-05 20:00:00,728.31,0.37
CUST-408,ORD-4438,West,Electronics,2023-07-04 21:00:00,2023-07-05 21:00:00,237.53,0.25
CUST-992,ORD-4439,South,Grocery,2023-07-04 22:00:00,2023-07-05 22:00:00,10.9,0.34
CUST-327,ORD-4440,West,Grocery,2023-07-04 23:00:00,2023-07-05 23:00:00,718.08,0.2
CUST-299,ORD-4441,South,Grocery,2023-07-05 00:00:00,2023-07-06 00:00:00,179.47,0.2
CUST-753,ORD-4442,North,Furniture,2023-07-05 01:00:00,2023-07-06 01:00:00,113.44,0.24
CUST-712,ORD-4443,North,Electronics,2023-07-05 02:00:00,2023-07-06 02:00:00,245.14,0.12
CUST-649,ORD-4444,West,Electronics,2023-07-05 03:00:00,2023-07-06 03:00:00,386.1,0.42
CUST-503,ORD-4445,West,Grocery,2023-07-05 04:00:00,2023-07-06 04:00:00,481.15,0.21
CUST-991,ORD-4446,North,Electronics,2023-07-05 05:00:00,2023-07-06 05:00:00,54.12,0.23
CUST-590,ORD-4447,South,Electronics,2023-07-05 06:00:00,2023-07-06 06:00:00,970.87,0.45
CUST-801,ORD-4448,North,Clothing,2023-07-05 07:00:00,2023-07-06 07:00:00,718.9,0.27
CUST-249,ORD-4449,West,Electronics,2023-07-05 08:00:00,2023-07-06 08:00:00,329.96,0.29
CUST-334,ORD-4450,North,Clothing,2023-07-05 09:00:00,2023-07-06 09:00:00,325.51,0.48
CUST-386,ORD-4451,West,Electronics,2023-07-05 10:00:00,2023-07-06 10:00:00,454.06,0.45
CUST-288,ORD-4452,West,Furniture,2023-07-05 11:00:00,2023-07-06 11:00:00,629.98,0.13
CUST-837,ORD-4453,North,Grocery,2023-07-05 12:00:00,2023-07-06 12:00:00,154.91,0.26
CUST-805,ORD-4454,South,Clothing,2023-07-05 13:00:00,2023-07-06 13:00:00,197.04,0.49
CUST-403,ORD-4455,East,Grocery,2023-07-05 14:00:00,2023-07-06 14:00:00,860.84,0.22
CUST-374,ORD-4456,North,Clothing,2023-07-05 15:00:00,2023-07-06 15:00:00,263.69,0.22
CUST-117,ORD-4457,East,Clothing,2023-07-05 16:00:00,2023-07-06 16:00:00,386.39,0.14
CUST-955,ORD-4458,North,Clothing,2023-07-05 17:00:00,2023-07-06 17:00:00,872.56,0.1
CUST-578,ORD-4459,East,Furniture,2023-07-05 18:00:00,2023-07-06 18:00:00,666.52,0.38
CUST-205,ORD-4460,South,Electronics,2023-07-05 19:00:00,2023-07-06 19:00:00,348.29,0.4
CUST-607,ORD-4461,South,Clothing,2023-07-05 20:00:00,2023-07-06 20:00:00,686.86,0.49
CUST-559,ORD-4462,North,Furniture,2023-07-05 21:00:00,2023-07-06 21:00:00,29.49,0.4
CUST-185,ORD-4463,West,Clothing,2023-07-05 22:00:00,2023-07-06 22:00:00,738.29,0.16
CUST-699,ORD-4464,East,Electronics,2023-07-05 23:00:00,2023-07-06 23:00:00,492.15,0.07
CUST-787,ORD-4465,West,Clothing,2023-07-06 00:00:00,2023-07-07 00:00:00,815.05,0.49
CUST-564,ORD-4466,West,Furniture,2023-07-06 01:00:00,2023-07-07 01:00:00,955.09,0.2
CUST-28,ORD-4467,West,Electronics,2023-07-06 02:00:00,2023-07-07 02:00:00,926.53,0.19
CUST-976,ORD-4468,South,Furniture,2023-07-06 03:00:00,2023-07-07 03:00:00,910.17,0.46
CUST-745,ORD-4469,North,Electronics,2023-07-06 04:00:00,2023-07-07 04:00:00,517.05,0.31
CUST-473,ORD-4470,North,Electronics,2023-07-06 05:00:00,2023-07-07 05:00:00,366.54,0.15
CUST-966,ORD-4471,South,Grocery,2023-07-06 06:00:00,2023-07-07 06:00:00,470.38,0.45
CUST-726,ORD-4472,South,Grocery,2023-07-06 07:00:00,2023-07-07 07:00:00,693.0,0.5
CUST-215,ORD-4473,North,Grocery,2023-07-06 08:00:00,2023-07-07 08:00:00,885.16,0.09
CUST-449,ORD-4474,West,Electronics,2023-07-06 09:00:00,2023-07-07 09:00:00,214.92,0.44
CUST-817,ORD-4475,East,Clothing,2023-07-06 10:00:00,2023-07-07 10:00:00,919.01,0.23
CUST-299,ORD-4476,East,Furniture,2023-07-06 11:00:00,2023-07-07 11:00:00,,0.29
CUST-852,ORD-4477,East,Furniture,2023-07-06 12:00:00,2023-07-07 12:00:00,979.07,0.46
CUST-710,ORD-4478,West,Furniture,2023-07-06 13:00:00,2023-07-07 13:00:00,881.45,0.49
CUST-71,ORD-4479,North,Grocery,2023-07-06 14:00:00,2023-07-07 14:00:00,287.14,0.17
CUST-839,ORD-4480,South,Electronics,2023-07-06 15:00:00,2023-07-07 15:00:00,114.9,0.15
CUST-869,ORD-4481,North,Grocery,2023-07-06 16:00:00,2023-07-07 16:00:00,121.12,0.09
CUST-815,ORD-4482,West,Clothing,2023-07-06 17:00:00,2023-07-07 17:00:00,298.31,0.3
CUST-815,ORD-4483,South,Electronics,2023-07-06 18:00:00,2023-07-07 18:00:00,618.04,0.06
CUST-419,ORD-4484,West,Furniture,2023-07-06 19:00:00,2023-07-07 19:00:00,806.28,0.24
CUST-690,ORD-4485,East,Grocery,2023-07-06 20:00:00,2023-07-07 20:00:00,900.26,0.08
CUST-512,ORD-4486,East,Grocery,2023-07-06 21:00:00,2023-07-07 21:00:00,627.52,0.23
CUST-143,ORD-4487,West,Clothing,2023-07-06 22:00:00,2023-07-07 22:00:00,15.57,0.07
CUST-649,ORD-4488,South,Clothing,2023-07-06 23:00:00,2023-07-07 23:00:00,194.45,0.43
CUST-311,ORD-4489,South,Grocery,2023-07-07 00:00:00,2023-07-08 00:00:00,108.73,0.14
CUST-248,ORD-4490,North,Clothing,2023-07-07 01:00:00,2023-07-08 01:00:00,369.69,0.2
CUST-259,ORD-4491,East,Furniture,2023-07-07 02:00:00,2023-07-08 02:00:00,506.34,0.44
CUST-675,ORD-4492,North,Clothing,2023-07-07 03:00:00,2023-07-08 03:00:00,52.96,0.39
CUST-158,ORD-4493,North,Clothing,2023-07-07 04:00:00,2023-07-08 04:00:00,354.99,0.15
CUST-733,ORD-4494,West,Grocery,2023-07-07 05:00:00,2023-07-08 05:00:00,187.39,0.08
CUST-434,ORD-4495,West,Grocery,2023-07-07 06:00:00,2023-07-08 06:00:00,650.6,0.37
CUST-809,ORD-4496,North,Electronics,2023-07-07 07:00:00,2023-07-08 07:00:00,469.63,0.23
CUST-387,ORD-4497,East,Electronics,2023-07-07 08:00:00,2023-07-08 08:00:00,500.36,0.39
CUST-76,ORD-4498,West,Grocery,2023-07-07 09:00:00,2023-07-08 09:00:00,433.41,0.25
CUST-460,ORD-4499,North,Clothing,2023-07-07 10:00:00,2023-07-08 10:00:00,956.46,0.21
CUST-613,ORD-4500,North,Clothing,2023-07-07 11:00:00,2023-07-08 11:00:00,222.59,0.25
CUST-491,ORD-4501,North,Electronics,2023-07-07 12:00:00,2023-07-08 12:00:00,521.5,0.39
CUST-597,ORD-4502,North,Electronics,2023-07-07 13:00:00,2023-07-08 13:00:00,738.66,0.46
CUST-411,ORD-4503,North,Electronics,2023-07-07 14:00:00,2023-07-08 14:00:00,561.28,0.07
CUST-548,ORD-4504,North,Furniture,2023-07-07 15:00:00,2023-07-08 15:00:00,929.73,0.29
CUST-519,ORD-4505,West,Furniture,2023-07-07 16:00:00,2023-07-08 16:00:00,384.19,0.06
CUST-946,ORD-4506,East,Electronics,2023-07-07 17:00:00,2023-07-08 17:00:00,469.04,0.26
CUST-943,ORD-4507,North,Clothing,2023-07-07 18:00:00,2023-07-08 18:00:00,97.64,0.45
CUST-891,ORD-4508,South,Electronics,2023-07-07 19:00:00,2023-07-08 19:00:00,612.91,0.21
CUST-709,ORD-4509,West,Furniture,2023-07-07 20:00:00,2023-07-08 20:00:00,295.33,0.47
CUST-429,ORD-4510,West,Clothing,2023-07-07 21:00:00,2023-07-08 21:00:00,168.71,0.33
CUST-557,ORD-4511,North,Furniture,2023-07-07 22:00:00,2023-07-08 22:00:00,549.09,0.47
CUST-38,ORD-4512,West,Clothing,2023-07-07 23:00:00,2023-07-08 23:00:00,536.99,0.39
CUST-810,ORD-4513,North,Furniture,2023-07-08 00:00:00,2023-07-09 00:00:00,85.11,0.1
CUST-992,ORD-4514,East,Clothing,2023-07-08 01:00:00,2023-07-09 01:00:00,701.23,0.15
CUST-369,ORD-4515,East,Clothing,2023-07-08 02:00:00,2023-07-09 02:00:00,627.53,0.23
CUST-719,ORD-4516,West,Clothing,2023-07-08 03:00:00,2023-07-09 03:00:00,197.13,0.13
CUST-917,ORD-4517,West,Clothing,2023-07-08 04:00:00,2023-07-09 04:00:00,474.74,0.27
CUST-832,ORD-4518,South,Grocery,2023-07-08 05:00:00,2023-07-09 05:00:00,723.12,0.26
CUST-550,ORD-4519,West,Furniture,2023-07-08 06:00:00,2023-07-09 06:00:00,534.14,0.48
CUST-609,ORD-4520,South,Furniture,2023-07-08 07:00:00,2023-07-09 07:00:00,401.53,0.25
CUST-654,ORD-4521,East,Grocery,2023-07-08 08:00:00,2023-07-09 08:00:00,329.12,0.4
CUST-937,ORD-4522,East,Clothing,2023-07-08 09:00:00,2023-07-09 09:00:00,614.29,0.47
CUST-88,ORD-4523,North,Clothing,2023-07-08 10:00:00,2023-07-09 10:00:00,939.72,0.44
CUST-112,ORD-4524,East,Furniture,2023-07-08 11:00:00,2023-07-09 11:00:00,675.03,0.14
CUST-788,ORD-4525,South,Grocery,2023-07-08 12:00:00,2023-07-09 12:00:00,84.0,0.27
CUST-255,ORD-4526,West,Clothing,2023-07-08 13:00:00,2023-07-09 13:00:00,466.08,0.21
CUST-674,ORD-4527,North,Clothing,2023-07-08 14:00:00,2023-07-09 14:00:00,891.92,0.23
CUST-681,ORD-4528,South,Clothing,2023-07-08 15:00:00,2023-07-09 15:00:00,103.52,0.21
CUST-364,ORD-4529,West,Electronics,2023-07-08 16:00:00,2023-07-09 16:00:00,988.99,0.42
CUST-171,ORD-4530,North,Grocery,2023-07-08 17:00:00,2023-07-09 17:00:00,949.58,
CUST-663,ORD-4531,East,Clothing,2023-07-08 18:00:00,2023-07-09 18:00:00,87.49,0.29
CUST-628,ORD-4532,South,Electronics,2023-07-08 19:00:00,2023-07-09 19:00:00,934.08,0.49
CUST-46,ORD-4533,West,Grocery,2023-07-08 20:00:00,2023-07-09 20:00:00,369.5,0.08
CUST-577,ORD-4534,North,Clothing,2023-07-08 21:00:00,2023-07-09 21:00:00,,0.27
CUST-661,ORD-4535,North,Furniture,2023-07-08 22:00:00,2023-07-09 22:00:00,424.2,0.4
CUST-694,ORD-4536,East,Electronics,2023-07-08 23:00:00,2023-07-09 23:00:00,446.45,0.12
CUST-663,ORD-4537,West,Electronics,2023-07-09 00:00:00,2023-07-10 00:00:00,637.9,0.33
CUST-410,ORD-4538,East,Clothing,2023-07-09 01:00:00,2023-07-10 01:00:00,776.73,0.16
CUST-991,ORD-4539,East,Clothing,2023-07-09 02:00:00,2023-07-10 02:00:00,43.45,0.44
CUST-771,ORD-4540,West,Electronics,2023-07-09 03:00:00,2023-07-10 03:00:00,597.22,0.2
CUST-340,ORD-4541,West,Furniture,2023-07-09 04:00:00,2023-07-10 04:00:00,194.87,0.2
CUST-989,ORD-4542,West,Furniture,2023-07-09 05:00:00,2023-07-10 05:00:00,352.49,0.32
CUST-816,ORD-4543,South,Grocery,2023-07-09 06:00:00,2023-07-10 06:00:00,354.49,0.13
CUST-441,ORD-4544,West,Clothing,2023-07-09 07:00:00,2023-07-10 07:00:00,474.37,0.18
CUST-109,ORD-4545,North,Furniture,2023-07-09 08:00:00,2023-07-10 08:00:00,340.8,0.24
CUST-11,ORD-4546,East,Grocery,2023-07-09 09:00:00,2023-07-10 09:00:00,116.29,0.21
CUST-101,ORD-4547,South,Furniture,2023-07-09 10:00:00,2023-07-10 10:00:00,154.17,0.29
CUST-265,ORD-4548,West,Clothing,2023-07-09 11:00:00,2023-07-10 11:00:00,43.1,0.32
CUST-228,ORD-4549,South,Grocery,2023-07-09 12:00:00,2023-07-10 12:00:00,475.55,0.31
CUST-523,ORD-4550,West,Grocery,2023-07-09 13:00:00,2023-07-10 13:00:00,954.9,0.34
CUST-765,ORD-4551,South,Grocery,2023-07-09 14:00:00,2023-07-10 14:00:00,124.52,0.19
CUST-532,ORD-4552,East,Furniture,2023-07-09 15:00:00,2023-07-10 15:00:00,946.8,0.11
CUST-572,ORD-4553,East,Clothing,2023-07-09 16:00:00,2023-07-10 16:00:00,736.03,0.39
CUST-595,ORD-4554,North,Grocery,2023-07-09 17:00:00,2023-07-10 17:00:00,641.12,0.43
CUST-705,ORD-4555,North,Electronics,2023-07-09 18:00:00,2023-07-10 18:00:00,648.82,0.17
CUST-590,ORD-4556,West,Clothing,2023-07-09 19:00:00,2023-07-10 19:00:00,828.46,0.23
CUST-227,ORD-4557,East,Electronics,2023-07-09 20:00:00,2023-07-10 20:00:00,115.85,0.27
CUST-457,ORD-4558,South,Electronics,2023-07-09 21:00:00,2023-07-10 21:00:00,509.71,0.29
CUST-384,ORD-4559,South,Grocery,2023-07-09 22:00:00,2023-07-10 22:00:00,700.12,0.35
CUST-401,ORD-4560,South,Grocery,2023-07-09 23:00:00,2023-07-10 23:00:00,590.95,0.07
CUST-475,ORD-4561,North,Furniture,2023-07-10 00:00:00,2023-07-11 00:00:00,834.45,0.37
CUST-791,ORD-4562,South,Furniture,2023-07-10 01:00:00,2023-07-11 01:00:00,81.55,0.08
CUST-696,ORD-4563,North,Furniture,2023-07-10 02:00:00,2023-07-11 02:00:00,693.79,0.26
CUST-603,ORD-4564,North,Clothing,2023-07-10 03:00:00,2023-07-11 03:00:00,538.69,0.42
CUST-708,ORD-4565,West,Furniture,2023-07-10 04:00:00,2023-07-11 04:00:00,385.37,0.25
CUST-513,ORD-4566,South,Electronics,2023-07-10 05:00:00,2023-07-11 05:00:00,346.87,0.12
CUST-155,ORD-4567,South,Furniture,2023-07-10 06:00:00,2023-07-11 06:00:00,624.62,0.49
CUST-354,ORD-4568,East,Grocery,2023-07-10 07:00:00,2023-07-11 07:00:00,892.09,0.45
CUST-26,ORD-4569,West,Furniture,2023-07-10 08:00:00,2023-07-11 08:00:00,501.21,0.4
CUST-495,ORD-4570,East,Clothing,2023-07-10 09:00:00,2023-07-11 09:00:00,826.48,0.24
CUST-108,ORD-4571,West,Clothing,2023-07-10 10:00:00,2023-07-11 10:00:00,408.13,0.13
CUST-303,ORD-4572,South,Electronics,2023-07-10 11:00:00,2023-07-11 11:00:00,111.37,0.47
CUST-426,ORD-4573,North,Clothing,2023-07-10 12:00:00,2023-07-11 12:00:00,70.89,0.29
CUST-943,ORD-4574,North,Furniture,2023-07-10 13:00:00,2023-07-11 13:00:00,60.82,0.43
CUST-985,ORD-4575,North,Grocery,2023-07-10 14:00:00,2023-07-11 14:00:00,386.35,0.2
CUST-88,ORD-4576,North,Clothing,2023-07-10 15:00:00,2023-07-11 15:00:00,343.87,0.2
CUST-119,ORD-4577,North,Electronics,2023-07-10 16:00:00,2023-07-11 16:00:00,720.76,0.49
CUST-852,ORD-4578,East,Furniture,2023-07-10 17:00:00,2023-07-11 17:00:00,745.39,0.28
CUST-964,ORD-4579,West,Electronics,2023-07-10 18:00:00,2023-07-11 18:00:00,60.35,0.11
CUST-748,ORD-4580,South,Clothing,2023-07-10 19:00:00,2023-07-11 19:00:00,228.91,0.15
CUST-146,ORD-4581,East,Clothing,2023-07-10 20:00:00,2023-07-11 20:00:00,281.52,0.27
CUST-357,ORD-4582,West,Electronics,2023-07-10 21:00:00,2023-07-11 21:00:00,552.14,0.07
CUST-320,ORD-4583,North,Furniture,2023-07-10 22:00:00,2023-07-11 22:00:00,153.07,0.26
CUST-352,ORD-4584,West,Clothing,2023-07-10 23:00:00,2023-07-11 23:00:00,142.6,0.24
CUST-467,ORD-4585,West,Grocery,2023-07-11 00:00:00,2023-07-12 00:00:00,944.35,0.4
CUST-804,ORD-4586,North,Clothing,2023-07-11 01:00:00,2023-07-12 01:00:00,806.16,0.21
CUST-212,ORD-4587,North,Furniture,2023-07-11 02:00:00,2023-07-12 02:00:00,188.85,0.49
CUST-534,ORD-4588,North,Clothing,2023-07-11 03:00:00,2023-07-12 03:00:00,412.5,0.13
CUST-495,ORD-4589,South,Electronics,2023-07-11 04:00:00,2023-07-12 04:00:00,362.07,0.32
CUST-357,ORD-4590,North,Clothing,2023-07-11 05:00:00,2023-07-12 05:00:00,793.09,0.09
CUST-488,ORD-4591,South,Clothing,2023-07-11 06:00:00,2023-07-12 06:00:00,515.11,0.38
CUST-100,ORD-4592,North,Furniture,2023-07-11 07:00:00,2023-07-12 07:00:00,136.57,0.5
CUST-449,ORD-4593,South,Electronics,2023-07-11 08:00:00,2023-07-12 08:00:00,741.6,0.42
CUST-740,ORD-4594,West,Furniture,2023-07-11 09:00:00,2023-07-12 09:00:00,402.92,0.3
CUST-714,ORD-4595,East,Clothing,2023-07-11 10:00:00,2023-07-12 10:00:00,270.3,0.27
CUST-464,ORD-4596,West,Grocery,2023-07-11 11:00:00,2023-07-12 11:00:00,381.74,0.43
CUST-327,ORD-4597,West,Clothing,2023-07-11 12:00:00,2023-07-12 12:00:00,502.78,0.47
CUST-69,ORD-4598,North,Furniture,2023-07-11 13:00:00,2023-07-12 13:00:00,349.68,0.5
CUST-308,ORD-4599,South,Grocery,2023-07-11 14:00:00,2023-07-12 14:00:00,249.49,0.23
CUST-46,ORD-4600,East,Furniture,2023-07-11 15:00:00,2023-07-12 15:00:00,404.52,0.5
CUST-830,ORD-4601,North,Furniture,2023-07-11 16:00:00,2023-07-12 16:00:00,28.98,0.12
CUST-728,ORD-4602,North,Electronics,2023-07-11 17:00:00,2023-07-12 17:00:00,774.77,0.16
CUST-118,ORD-4603,North,Grocery,2023-07-11 18:00:00,2023-07-12 18:00:00,179.24,0.09
CUST-24,ORD-4604,West,Clothing,2023-07-11 19:00:00,2023-07-12 19:00:00,53.47,0.17
CUST-870,ORD-4605,South,Furniture,2023-07-11 20:00:00,2023-07-12 20:00:00,657.16,0.4
CUST-352,ORD-4606,South,Clothing,2023-07-11 21:00:00,2023-07-12 21:00:00,776.2,0.43
CUST-664,ORD-4607,East,Electronics,2023-07-11 22:00:00,2023-07-12 22:00:00,815.69,0.4
CUST-112,ORD-4608,South,Electronics,2023-07-11 23:00:00,2023-07-12 23:00:00,498.57,0.33
CUST-694,ORD-4609,South,Grocery,2023-07-12 00:00:00,2023-07-13 00:00:00,213.31,0.28
CUST-820,ORD-4610,North,Electronics,2023-07-12 01:00:00,2023-07-13 01:00:00,739.86,0.37
CUST-169,ORD-4611,North,Electronics,2023-07-12 02:00:00,2023-07-13 02:00:00,702.72,0.23
CUST-953,ORD-4612,West,Clothing,2023-07-12 03:00:00,2023-07-13 03:00:00,253.81,0.43
CUST-759,ORD-4613,North,Electronics,2023-07-12 04:00:00,2023-07-13 04:00:00,904.37,0.35
CUST-250,ORD-4614,North,Electronics,2023-07-12 05:00:00,2023-07-13 05:00:00,113.33,0.36
CUST-529,ORD-4615,North,Furniture,2023-07-12 06:00:00,2023-07-13 06:00:00,491.43,0.29
CUST-179,ORD-4616,North,Electronics,2023-07-12 07:00:00,2023-07-13 07:00:00,861.65,0.45
CUST-566,ORD-4617,West,Furniture,2023-07-12 08:00:00,2023-07-13 08:00:00,691.02,0.16
CUST-164,ORD-4618,North,Electronics,2023-07-12 09:00:00,2023-07-13 09:00:00,939.36,0.22
CUST-339,ORD-4619,East,Electronics,2023-07-12 10:00:00,2023-07-13 10:00:00,725.09,0.4
CUST-574,ORD-4620,East,Grocery,2023-07-12 11:00:00,2023-07-13 11:00:00,198.55,0.27
CUST-437,ORD-4621,East,Grocery,2023-07-12 12:00:00,2023-07-13 12:00:00,447.73,0.45
CUST-982,ORD-4622,East,Furniture,2023-07-12 13:00:00,2023-07-13 13:00:00,80.79,0.21
CUST-474,ORD-4623,North,Electronics,2023-07-12 14:00:00,2023-07-13 14:00:00,395.76,0.22
CUST-238,ORD-4624,East,Clothing,2023-07-12 15:00:00,2023-07-13 15:00:00,744.19,0.45
CUST-817,ORD-4625,North,Grocery,2023-07-12 16:00:00,2023-07-13 16:00:00,392.58,0.26
CUST-415,ORD-4626,West,Clothing,2023-07-12 17:00:00,2023-07-13 17:00:00,336.99,0.28
CUST-645,ORD-4627,East,Grocery,2023-07-12 18:00:00,2023-07-13 18:00:00,599.4,0.2
CUST-189,ORD-4628,South,Grocery,2023-07-12 19:00:00,2023-07-13 19:00:00,873.48,0.17
CUST-191,ORD-4629,East,Electronics,2023-07-12 20:00:00,2023-07-13 20:00:00,57.11,0.35
CUST-656,ORD-4630,East,Grocery,2023-07-12 21:00:00,2023-07-13 21:00:00,391.62,0.1
CUST-674,ORD-4631,North,Clothing,2023-07-12 22:00:00,2023-07-13 22:00:00,166.66,0.45
CUST-443,ORD-4632,East,Grocery,2023-07-12 23:00:00,2023-07-13 23:00:00,698.4,0.4
CUST-406,ORD-4633,South,Furniture,2023-07-13 00:00:00,2023-07-14 00:00:00,114.67,0.14
CUST-30,ORD-4634,North,Electronics,2023-07-13 01:00:00,2023-07-14 01:00:00,668.16,0.36
CUST-756,ORD-4635,North,Electronics,2023-07-13 02:00:00,2023-07-14 02:00:00,293.32,0.32
CUST-629,ORD-4636,West,Furniture,2023-07-13 03:00:00,2023-07-14 03:00:00,206.93,0.13
CUST-905,ORD-4637,West,Furniture,2023-07-13 04:00:00,2023-07-14 04:00:00,936.99,0.17
CUST-203,ORD-4638,East,Furniture,2023-07-13 05:00:00,2023-07-14 05:00:00,28.34,0.23
CUST-461,ORD-4639,West,Grocery,2023-07-13 06:00:00,2023-07-14 06:00:00,443.4,0.36
CUST-607,ORD-4640,West,Electronics,2023-07-13 07:00:00,2023-07-14 07:00:00,31.41,0.34
CUST-440,ORD-4641,West,Furniture,2023-07-13 08:00:00,2023-07-14 08:00:00,488.76,0.29
CUST-399,ORD-4642,North,Grocery,2023-07-13 09:00:00,2023-07-14 09:00:00,506.04,0.4
CUST-5,ORD-4643,North,Furniture,2023-07-13 10:00:00,2023-07-14 10:00:00,328.45,0.39
CUST-722,ORD-4644,North,Clothing,2023-07-13 11:00:00,2023-07-14 11:00:00,140.84,
CUST-220,ORD-4645,West,Clothing,2023-07-13 12:00:00,2023-07-14 12:00:00,382.62,0.4
CUST-211,ORD-4646,North,Electronics,2023-07-13 13:00:00,2023-07-14 13:00:00,675.54,0.2
CUST-286,ORD-4647,West,Grocery,2023-07-13 14:00:00,2023-07-14 14:00:00,784.57,0.45
CUST-771,ORD-4648,North,Clothing,2023-07-13 15:00:00,2023-07-14 15:00:00,535.44,0.33
CUST-721,ORD-4649,North,Clothing,2023-07-13 16:00:00,2023-07-14 16:00:00,593.94,0.42
CUST-829,ORD-4650,South,Grocery,2023-07-13 17:00:00,2023-07-14 17:00:00,208.61,0.3
CUST-816,ORD-4651,East,Furniture,2023-07-13 18:00:00,2023-07-14 18:00:00,294.46,0.15
CUST-65,ORD-4652,West,Grocery,2023-07-13 19:00:00,2023-07-14 19:00:00,170.28,0.29
CUST-592,ORD-4653,South,Furniture,2023-07-13 20:00:00,2023-07-14 20:00:00,256.8,0.22
CUST-105,ORD-4654,North,Clothing,2023-07-13 21:00:00,2023-07-14 21:00:00,232.64,0.36
CUST-819,ORD-4655,West,Clothing,2023-07-13 22:00:00,2023-07-14 22:00:00,524.25,0.26
CUST-893,ORD-4656,North,Clothing,2023-07-13 23:00:00,2023-07-14 23:00:00,567.06,0.43
CUST-550,ORD-4657,East,Electronics,2023-07-14 00:00:00,2023-07-15 00:00:00,,0.36
CUST-192,ORD-4658,South,Electronics,2023-07-14 01:00:00,2023-07-15 01:00:00,203.61,0.36
CUST-375,ORD-4659,East,Electronics,2023-07-14 02:00:00,2023-07-15 02:00:00,645.26,0.15
CUST-334,ORD-4660,South,Grocery,2023-07-14 03:00:00,2023-07-15 03:00:00,819.09,0.49
CUST-202,ORD-4661,North,Clothing,2023-07-14 04:00:00,2023-07-15 04:00:00,564.64,0.43
CUST-469,ORD-4662,East,Clothing,2023-07-14 05:00:00,2023-07-15 05:00:00,262.45,0.41
CUST-117,ORD-4663,East,Grocery,2023-07-14 06:00:00,2023-07-15 06:00:00,269.92,0.2
CUST-269,ORD-4664,North,Electronics,2023-07-14 07:00:00,2023-07-15 07:00:00,48.86,0.29
CUST-687,ORD-4665,East,Grocery,2023-07-14 08:00:00,2023-07-15 08:00:00,312.39,0.11
CUST-884,ORD-4666,West,Electronics,2023-07-14 09:00:00,2023-07-15 09:00:00,747.16,0.29
CUST-502,ORD-4667,South,Clothing,2023-07-14 10:00:00,2023-07-15 10:00:00,57.04,0.12
CUST-541,ORD-4668,South,Furniture,2023-07-14 11:00:00,2023-07-15 11:00:00,227.1,0.3
CUST-990,ORD-4669,South,Electronics,2023-07-14 12:00:00,2023-07-15 12:00:00,709.17,0.34
CUST-655,ORD-4670,West,Clothing,2023-07-14 13:00:00,2023-07-15 13:00:00,784.83,0.23
CUST-321,ORD-4671,South,Clothing,2023-07-14 14:00:00,2023-07-15 14:00:00,460.77,0.27
CUST-612,ORD-4672,North,Furniture,2023-07-14 15:00:00,2023-07-15 15:00:00,701.09,0.44
CUST-398,ORD-4673,East,Clothing,2023-07-14 16:00:00,2023-07-15 16:00:00,394.07,0.1
CUST-626,ORD-4674,West,Clothing,2023-07-14 17:00:00,2023-07-15 17:00:00,168.31,0.41
CUST-402,ORD-4675,South,Electronics,2023-07-14 18:00:00,2023-07-15 18:00:00,404.17,0.13
CUST-602,ORD-4676,North,Electronics,2023-07-14 19:00:00,2023-07-15 19:00:00,584.17,0.07
CUST-117,ORD-4677,East,Furniture,2023-07-14 20:00:00,2023-07-15 20:00:00,948.57,0.13
CUST-357,ORD-4678,East,Furniture,2023-07-14 21:00:00,2023-07-15 21:00:00,78.06,0.39
CUST-361,ORD-4679,West,Clothing,2023-07-14 22:00:00,2023-07-15 22:00:00,512.32,0.23
CUST-866,ORD-4680,West,Electronics,2023-07-14 23:00:00,2023-07-15 23:00:00,335.63,0.44
CUST-469,ORD-4681,West,Furniture,2023-07-15 00:00:00,2023-07-16 00:00:00,513.23,0.29
CUST-633,ORD-4682,North,Furniture,2023-07-15 01:00:00,2023-07-16 01:00:00,33.74,0.06
CUST-177,ORD-4683,North,Grocery,2023-07-15 02:00:00,2023-07-16 02:00:00,319.9,
CUST-834,ORD-4684,West,Furniture,2023-07-15 03:00:00,2023-07-16 03:00:00,821.67,0.1
CUST-690,ORD-4685,South,Clothing,2023-07-15 04:00:00,2023-07-16 04:00:00,558.4,0.41
CUST-723,ORD-4686,East,Electronics,2023-07-15 05:00:00,2023-07-16 05:00:00,456.08,0.13
CUST-820,ORD-4687,East,Furniture,2023-07-15 06:00:00,2023-07-16 06:00:00,292.67,0.21
CUST-305,ORD-4688,North,Grocery,2023-07-15 07:00:00,2023-07-16 07:00:00,305.06,0.39
CUST-941,ORD-4689,East,Electronics,2023-07-15 08:00:00,2023-07-16 08:00:00,389.27,0.48
CUST-630,ORD-4690,South,Furniture,2023-07-15 09:00:00,2023-07-16 09:00:00,837.22,0.22
CUST-605,ORD-4691,East,Grocery,2023-07-15 10:00:00,2023-07-16 10:00:00,967.54,0.42
CUST-87,ORD-4692,North,Furniture,2023-07-15 11:00:00,2023-07-16 11:00:00,444.27,0.14
CUST-689,ORD-4693,North,Electronics,2023-07-15 12:00:00,2023-07-16 12:00:00,399.42,0.41
CUST-138,ORD-4694,South,Electronics,2023-07-15 13:00:00,2023-07-16 13:00:00,848.09,0.35
CUST-321,ORD-4695,South,Electronics,2023-07-15 14:00:00,2023-07-16 14:00:00,432.64,0.14
CUST-121,ORD-4696,East,Clothing,2023-07-15 15:00:00,2023-07-16 15:00:00,556.5,0.19
CUST-245,ORD-4697,East,Furniture,2023-07-15 16:00:00,2023-07-16 16:00:00,238.63,0.11
CUST-313,ORD-4698,North,Clothing,2023-07-15 17:00:00,2023-07-16 17:00:00,746.07,0.22
CUST-120,ORD-4699,South,Electronics,2023-07-15 18:00:00,2023-07-16 18:00:00,536.67,0.14
CUST-188,ORD-4700,South,Grocery,2023-07-15 19:00:00,2023-07-16 19:00:00,810.94,0.34
CUST-383,ORD-4701,South,Furniture,2023-07-15 20:00:00,2023-07-16 20:00:00,782.93,0.5
CUST-711,ORD-4702,East,Clothing,2023-07-15 21:00:00,2023-07-16 21:00:00,222.85,
CUST-145,ORD-4703,South,Furniture,2023-07-15 22:00:00,2023-07-16 22:00:00,718.48,0.29
CUST-524,ORD-4704,North,Grocery,2023-07-15 23:00:00,2023-07-16 23:00:00,802.05,0.31
CUST-398,ORD-4705,North,Clothing,2023-07-16 00:00:00,2023-07-17 00:00:00,352.65,0.46
CUST-429,ORD-4706,East,Electronics,2023-07-16 01:00:00,2023-07-17 01:00:00,180.88,0.28
CUST-611,ORD-4707,West,Clothing,2023-07-16 02:00:00,2023-07-17 02:00:00,12.61,0.29
CUST-142,ORD-4708,East,Furniture,2023-07-16 03:00:00,2023-07-17 03:00:00,456.39,0.26
CUST-589,ORD-4709,West,Furniture,2023-07-16 04:00:00,2023-07-17 04:00:00,358.91,0.17
CUST-393,ORD-4710,South,Furniture,2023-07-16 05:00:00,2023-07-17 05:00:00,559.36,0.08
CUST-434,ORD-4711,East,Furniture,2023-07-16 06:00:00,2023-07-17 06:00:00,196.16,0.23
CUST-191,ORD-4712,North,Electronics,2023-07-16 07:00:00,2023-07-17 07:00:00,861.07,0.07
CUST-499,ORD-4713,South,Clothing,2023-07-16 08:00:00,2023-07-17 08:00:00,265.18,0.3
CUST-651,ORD-4714,North,Electronics,2023-07-16 09:00:00,2023-07-17 09:00:00,234.17,0.19
CUST-551,ORD-4715,South,Electronics,2023-07-16 10:00:00,2023-07-17 10:00:00,485.91,0.29
CUST-711,ORD-4716,East,Electronics,2023-07-16 11:00:00,2023-07-17 11:00:00,503.86,0.11
CUST-942,ORD-4717,West,Furniture,2023-07-16 12:00:00,2023-07-17 12:00:00,222.93,0.47
CUST-661,ORD-4718,South,Furniture,2023-07-16 13:00:00,2023-07-17 13:00:00,279.14,0.45
CUST-954,ORD-4719,West,Furniture,2023-07-16 14:00:00,2023-07-17 14:00:00,178.01,0.14
CUST-178,ORD-4720,South,Clothing,2023-07-16 15:00:00,2023-07-17 15:00:00,721.28,0.2
CUST-569,ORD-4721,North,Grocery,2023-07-16 16:00:00,2023-07-17 16:00:00,772.39,0.33
CUST-171,ORD-4722,North,Furniture,2023-07-16 17:00:00,2023-07-17 17:00:00,467.71,0.09
CUST-502,ORD-4723,South,Clothing,2023-07-16 18:00:00,2023-07-17 18:00:00,716.95,0.21
CUST-296,ORD-4724,West,Furniture,2023-07-16 19:00:00,2023-07-17 19:00:00,738.58,
CUST-144,ORD-4725,East,Furniture,2023-07-16 20:00:00,2023-07-17 20:00:00,146.89,0.46
CUST-192,ORD-4726,East,Electronics,2023-07-16 21:00:00,2023-07-17 21:00:00,966.52,0.43
CUST-323,ORD-4727,North,Electronics,2023-07-16 22:00:00,2023-07-17 22:00:00,822.82,0.31
CUST-863,ORD-4728,East,Electronics,2023-07-16 23:00:00,2023-07-17 23:00:00,212.44,0.28
CUST-462,ORD-4729,North,Clothing,2023-07-17 00:00:00,2023-07-18 00:00:00,194.3,0.47
CUST-635,ORD-4730,East,Grocery,2023-07-17 01:00:00,2023-07-18 01:00:00,134.4,0.47
CUST-55,ORD-4731,South,Grocery,2023-07-17 02:00:00,2023-07-18 02:00:00,146.99,0.49
CUST-887,ORD-4732,North,Clothing,2023-07-17 03:00:00,2023-07-18 03:00:00,750.68,0.11
CUST-368,ORD-4733,North,Furniture,2023-07-17 04:00:00,2023-07-18 04:00:00,474.96,0.12
CUST-975,ORD-4734,South,Clothing,2023-07-17 05:00:00,2023-07-18 05:00:00,785.1,0.35
CUST-10,ORD-4735,North,Furniture,2023-07-17 06:00:00,2023-07-18 06:00:00,748.79,0.29
CUST-497,ORD-4736,East,Clothing,2023-07-17 07:00:00,2023-07-18 07:00:00,608.57,0.06
CUST-140,ORD-4737,East,Clothing,2023-07-17 08:00:00,2023-07-18 08:00:00,689.5,0.08
CUST-200,ORD-4738,North,Clothing,2023-07-17 09:00:00,2023-07-18 09:00:00,28.17,0.45
CUST-835,ORD-4739,East,Grocery,2023-07-17 10:00:00,2023-07-18 10:00:00,318.66,0.44
CUST-394,ORD-4740,West,Electronics,2023-07-17 11:00:00,2023-07-18 11:00:00,641.44,0.21
CUST-987,ORD-4741,North,Clothing,2023-07-17 12:00:00,2023-07-18 12:00:00,19.25,0.45
CUST-576,ORD-4742,South,Grocery,2023-07-17 13:00:00,2023-07-18 13:00:00,42.65,0.32
CUST-518,ORD-4743,West,Electronics,2023-07-17 14:00:00,2023-07-18 14:00:00,853.37,0.41
CUST-669,ORD-4744,North,Electronics,2023-07-17 15:00:00,2023-07-18 15:00:00,687.18,0.24
CUST-507,ORD-4745,South,Clothing,2023-07-17 16:00:00,2023-07-18 16:00:00,272.72,0.1
CUST-419,ORD-4746,East,Furniture,2023-07-17 17:00:00,2023-07-18 17:00:00,691.08,0.25
CUST-702,ORD-4747,South,Furniture,2023-07-17 18:00:00,2023-07-18 18:00:00,794.53,0.26
CUST-504,ORD-4748,West,Furniture,2023-07-17 19:00:00,2023-07-18 19:00:00,313.73,0.3
CUST-426,ORD-4749,East,Clothing,2023-07-17 20:00:00,2023-07-18 20:00:00,45.68,0.1
CUST-728,ORD-4750,North,Furniture,2023-07-17 21:00:00,2023-07-18 21:00:00,933.45,0.5
CUST-861,ORD-4751,East,Grocery,2023-07-17 22:00:00,2023-07-18 22:00:00,351.73,0.16
CUST-455,ORD-4752,North,Grocery,2023-07-17 23:00:00,2023-07-18 23:00:00,115.42,0.14
CUST-501,ORD-4753,North,Grocery,2023-07-18 00:00:00,2023-07-19 00:00:00,496.94,0.29
CUST-172,ORD-4754,South,Grocery,2023-07-18 01:00:00,2023-07-19 01:00:00,770.78,0.29
CUST-85,ORD-4755,South,Electronics,2023-07-18 02:00:00,2023-07-19 02:00:00,229.43,0.25
CUST-579,ORD-4756,South,Grocery,2023-07-18 03:00:00,2023-07-19 03:00:00,276.8,0.4
CUST-32,ORD-4757,West,Furniture,2023-07-18 04:00:00,2023-07-19 04:00:00,250.29,0.28
CUST-815,ORD-4758,West,Clothing,2023-07-18 05:00:00,2023-07-19 05:00:00,991.76,0.32
CUST-780,ORD-4759,South,Furniture,2023-07-18 06:00:00,2023-07-19 06:00:00,205.43,0.38
CUST-226,ORD-4760,West,Grocery,2023-07-18 07:00:00,2023-07-19 07:00:00,579.77,0.06
CUST-300,ORD-4761,East,Electronics,2023-07-18 08:00:00,2023-07-19 08:00:00,926.01,0.31
CUST-34,ORD-4762,East,Grocery,2023-07-18 09:00:00,2023-07-19 09:00:00,155.43,0.45
CUST-282,ORD-4763,West,Clothing,2023-07-18 10:00:00,2023-07-19 10:00:00,971.15,0.06
CUST-231,ORD-4764,West,Furniture,2023-07-18 11:00:00,2023-07-19 11:00:00,948.0,0.23
CUST-551,ORD-4765,East,Clothing,2023-07-18 12:00:00,2023-07-19 12:00:00,885.73,0.47
CUST-296,ORD-4766,North,Clothing,2023-07-18 13:00:00,2023-07-19 13:00:00,222.41,0.21
CUST-173,ORD-4767,East,Clothing,2023-07-18 14:00:00,2023-07-19 14:00:00,637.71,0.26
CUST-800,ORD-4768,East,Furniture,2023-07-18 15:00:00,2023-07-19 15:00:00,763.28,0.49
CUST-469,ORD-4769,West,Grocery,2023-07-18 16:00:00,2023-07-19 16:00:00,986.17,0.14
CUST-580,ORD-4770,East,Clothing,2023-07-18 17:00:00,2023-07-19 17:00:00,188.62,0.08
CUST-761,ORD-4771,West,Furniture,2023-07-18 18:00:00,2023-07-19 18:00:00,768.37,0.44
CUST-792,ORD-4772,West,Electronics,2023-07-18 19:00:00,2023-07-19 19:00:00,345.41,0.44
CUST-785,ORD-4773,South,Furniture,2023-07-18 20:00:00,2023-07-19 20:00:00,183.87,0.26
CUST-508,ORD-4774,East,Electronics,2023-07-18 21:00:00,2023-07-19 21:00:00,427.16,0.28
CUST-563,ORD-4775,North,Furniture,2023-07-18 22:00:00,2023-07-19 22:00:00,795.9,0.43
CUST-524,ORD-4776,South,Grocery,2023-07-18 23:00:00,2023-07-19 23:00:00,470.2,0.38
CUST-116,ORD-4777,West,Clothing,2023-07-19 00:00:00,2023-07-20 00:00:00,542.15,0.17
CUST-587,ORD-4778,West,Grocery,2023-07-19 01:00:00,2023-07-20 01:00:00,995.21,0.06
CUST-117,ORD-4779,North,Furniture,2023-07-19 02:00:00,2023-07-20 02:00:00,405.12,0.27
CUST-275,ORD-4780,West,Clothing,2023-07-19 03:00:00,2023-07-20 03:00:00,619.25,0.44
CUST-794,ORD-4781,East,Electronics,2023-07-19 04:00:00,2023-07-20 04:00:00,371.59,0.45
CUST-557,ORD-4782,South,Furniture,2023-07-19 05:00:00,2023-07-20 05:00:00,398.86,0.48
CUST-844,ORD-4783,West,Clothing,2023-07-19 06:00:00,2023-07-20 06:00:00,698.68,0.45
CUST-376,ORD-4784,West,Electronics,2023-07-19 07:00:00,2023-07-20 07:00:00,938.51,0.31
CUST-556,ORD-4785,North,Electronics,2023-07-19 08:00:00,2023-07-20 08:00:00,546.94,0.25
CUST-843,ORD-4786,East,Grocery,2023-07-19 09:00:00,2023-07-20 09:00:00,770.72,0.4
CUST-775,ORD-4787,West,Furniture,2023-07-19 10:00:00,2023-07-20 10:00:00,98.31,0.38
CUST-43,ORD-4788,North,Electronics,2023-07-19 11:00:00,2023-07-20 11:00:00,219.05,0.29
CUST-779,ORD-4789,West,Clothing,2023-07-19 12:00:00,2023-07-20 12:00:00,507.11,0.09
CUST-737,ORD-4790,North,Electronics,2023-07-19 13:00:00,2023-07-20 13:00:00,29.81,0.47
CUST-452,ORD-4791,North,Electronics,2023-07-19 14:00:00,2023-07-20 14:00:00,260.33,0.26
CUST-560,ORD-4792,East,Grocery,2023-07-19 15:00:00,2023-07-20 15:00:00,522.23,0.21
CUST-224,ORD-4793,West,Grocery,2023-07-19 16:00:00,2023-07-20 16:00:00,24.81,0.33
CUST-436,ORD-4794,East,Clothing,2023-07-19 17:00:00,2023-07-20 17:00:00,271.9,0.35
CUST-105,ORD-4795,North,Grocery,2023-07-19 18:00:00,2023-07-20 18:00:00,518.89,0.14
CUST-754,ORD-4796,South,Electronics,2023-07-19 19:00:00,2023-07-20 19:00:00,577.42,0.43
CUST-850,ORD-4797,West,Electronics,2023-07-19 20:00:00,2023-07-20 20:00:00,926.49,0.18
CUST-670,ORD-4798,South,Grocery,2023-07-19 21:00:00,2023-07-20 21:00:00,648.89,0.13
CUST-770,ORD-4799,West,Electronics,2023-07-19 22:00:00,2023-07-20 22:00:00,420.59,0.23
CUST-254,ORD-4800,East,Electronics,2023-07-19 23:00:00,2023-07-20 23:00:00,931.05,0.38
CUST-305,ORD-4801,East,Clothing,2023-07-20 00:00:00,2023-07-21 00:00:00,787.03,0.48
CUST-896,ORD-4802,East,Grocery,2023-07-20 01:00:00,2023-07-21 01:00:00,208.01,0.41
CUST-34,ORD-4803,East,Electronics,2023-07-20 02:00:00,2023-07-21 02:00:00,139.53,0.47
CUST-461,ORD-4804,East,Grocery,2023-07-20 03:00:00,2023-07-21 03:00:00,679.05,0.11
CUST-270,ORD-4805,South,Clothing,2023-07-20 04:00:00,2023-07-21 04:00:00,564.28,0.12
CUST-357,ORD-4806,East,Grocery,2023-07-20 05:00:00,2023-07-21 05:00:00,791.78,0.3
CUST-883,ORD-4807,North,Electronics,2023-07-20 06:00:00,2023-07-21 06:00:00,741.42,0.18
CUST-837,ORD-4808,North,Grocery,2023-07-20 07:00:00,2023-07-21 07:00:00,628.96,0.42
CUST-90,ORD-4809,South,Electronics,2023-07-20 08:00:00,2023-07-21 08:00:00,986.52,0.35
CUST-450,ORD-4810,West,Electronics,2023-07-20 09:00:00,2023-07-21 09:00:00,538.25,0.49
CUST-887,ORD-4811,North,Electronics,2023-07-20 10:00:00,2023-07-21 10:00:00,121.97,0.16
CUST-121,ORD-4812,West,Clothing,2023-07-20 11:00:00,2023-07-21 11:00:00,,0.27
CUST-795,ORD-4813,South,Grocery,2023-07-20 12:00:00,2023-07-21 12:00:00,259.33,0.28
CUST-832,ORD-4814,West,Clothing,2023-07-20 13:00:00,2023-07-21 13:00:00,779.53,0.16
CUST-243,ORD-4815,West,Grocery,2023-07-20 14:00:00,2023-07-21 14:00:00,957.54,0.32
CUST-215,ORD-4816,West,Clothing,2023-07-20 15:00:00,2023-07-21 15:00:00,699.83,0.25
CUST-831,ORD-4817,West,Furniture,2023-07-20 16:00:00,2023-07-21 16:00:00,600.07,0.25
CUST-756,ORD-4818,South,Electronics,2023-07-20 17:00:00,2023-07-21 17:00:00,465.78,0.21
CUST-603,ORD-4819,North,Electronics,2023-07-20 18:00:00,2023-07-21 18:00:00,370.77,0.06
CUST-706,ORD-4820,East,Clothing,2023-07-20 19:00:00,2023-07-21 19:00:00,359.47,0.28
CUST-360,ORD-4821,West,Furniture,2023-07-20 20:00:00,2023-07-21 20:00:00,640.01,0.2
CUST-882,ORD-4822,North,Electronics,2023-07-20 21:00:00,2023-07-21 21:00:00,753.76,0.05
CUST-728,ORD-4823,North,Grocery,2023-07-20 22:00:00,2023-07-21 22:00:00,681.73,0.19
CUST-625,ORD-4824,South,Clothing,2023-07-20 23:00:00,2023-07-21 23:00:00,206.43,0.18
CUST-648,ORD-4825,North,Electronics,2023-07-21 00:00:00,2023-07-22 00:00:00,499.05,0.23
CUST-439,ORD-4826,South,Electronics,2023-07-21 01:00:00,2023-07-22 01:00:00,793.72,0.11
CUST-170,ORD-4827,West,Clothing,2023-07-21 02:00:00,2023-07-22 02:00:00,480.95,0.28
CUST-631,ORD-4828,West,Clothing,2023-07-21 03:00:00,2023-07-22 03:00:00,541.26,0.36
CUST-143,ORD-4829,East,Grocery,2023-07-21 04:00:00,2023-07-22 04:00:00,773.42,0.33
CUST-804,ORD-4830,East,Grocery,2023-07-21 05:00:00,2023-07-22 05:00:00,332.325,0.41
CUST-212,ORD-4831,East,Electronics,2023-07-21 06:00:00,2023-07-22 06:00:00,415.25,0.25
CUST-834,ORD-4832,North,Electronics,2023-07-21 07:00:00,2023-07-22 07:00:00,896.46,0.28
CUST-212,ORD-4833,West,Clothing,2023-07-21 08:00:00,2023-07-22 08:00:00,170.94,0.41
CUST-825,ORD-4834,South,Electronics,2023-07-21 09:00:00,2023-07-22 09:00:00,995.56,0.24
CUST-61,ORD-4835,East,Electronics,2023-07-21 10:00:00,2023-07-22 10:00:00,127.66,0.37
CUST-584,ORD-4836,South,Clothing,2023-07-21 11:00:00,2023-07-22 11:00:00,24.8,0.25
CUST-360,ORD-4837,South,Electronics,2023-07-21 12:00:00,2023-07-22 12:00:00,891.12,0.24
CUST-546,ORD-4838,East,Electronics,2023-07-21 13:00:00,2023-07-22 13:00:00,252.5,0.39
CUST-288,ORD-4839,West,Furniture,2023-07-21 14:00:00,2023-07-22 14:00:00,732.4,0.13
CUST-612,ORD-4840,East,Grocery,2023-07-21 15:00:00,2023-07-22 15:00:00,812.91,0.2
CUST-552,ORD-4841,South,Clothing,2023-07-21 16:00:00,2023-07-22 16:00:00,860.4,0.15
CUST-173,ORD-4842,East,Furniture,2023-07-21 17:00:00,2023-07-22 17:00:00,991.68,0.21
CUST-332,ORD-4843,South,Grocery,2023-07-21 18:00:00,2023-07-22 18:00:00,301.1,0.15
CUST-721,ORD-4844,South,Grocery,2023-07-21 19:00:00,2023-07-22 19:00:00,713.14,0.31
CUST-300,ORD-4845,East,Grocery,2023-07-21 20:00:00,2023-07-22 20:00:00,124.25,0.41
CUST-297,ORD-4846,North,Furniture,2023-07-21 21:00:00,2023-07-22 21:00:00,412.74,0.4
CUST-587,ORD-4847,East,Furniture,2023-07-21 22:00:00,2023-07-22 22:00:00,849.49,0.21
CUST-274,ORD-4848,North,Grocery,2023-07-21 23:00:00,2023-07-22 23:00:00,373.98,0.49
CUST-976,ORD-4849,South,Electronics,2023-07-22 00:00:00,2023-07-23 00:00:00,595.18,0.32
CUST-879,ORD-4850,South,Electronics,2023-07-22 01:00:00,2023-07-23 01:00:00,508.74,0.23
CUST-527,ORD-4851,North,Furniture,2023-07-22 02:00:00,2023-07-23 02:00:00,649.49,0.43
CUST-922,ORD-4852,South,Furniture,2023-07-22 03:00:00,2023-07-23 03:00:00,973.17,0.38
CUST-696,ORD-4853,North,Furniture,2023-07-22 04:00:00,2023-07-23 04:00:00,65.18,0.39
CUST-835,ORD-4854,North,Grocery,2023-07-22 05:00:00,2023-07-23 05:00:00,578.22,0.14
CUST-98,ORD-4855,South,Electronics,2023-07-22 06:00:00,2023-07-23 06:00:00,864.4,0.26
CUST-139,ORD-4856,West,Furniture,2023-07-22 07:00:00,2023-07-23 07:00:00,486.57,0.44
CUST-986,ORD-4857,North,Furniture,2023-07-22 08:00:00,2023-07-23 08:00:00,87.74,0.28
CUST-769,ORD-4858,East,Clothing,2023-07-22 09:00:00,2023-07-23 09:00:00,564.93,0.36
CUST-805,ORD-4859,East,Grocery,2023-07-22 10:00:00,2023-07-23 10:00:00,338.75,0.31
CUST-422,ORD-4860,South,Clothing,2023-07-22 11:00:00,2023-07-23 11:00:00,163.39,0.43
CUST-941,ORD-4861,West,Electronics,2023-07-22 12:00:00,2023-07-23 12:00:00,850.54,0.18
CUST-61,ORD-4862,South,Clothing,2023-07-22 13:00:00,2023-07-23 13:00:00,526.38,0.31
CUST-284,ORD-4863,West,Clothing,2023-07-22 14:00:00,2023-07-23 14:00:00,933.94,0.11
CUST-888,ORD-4864,North,Clothing,2023-07-22 15:00:00,2023-07-23 15:00:00,403.98,0.36
CUST-672,ORD-4865,North,Grocery,2023-07-22 16:00:00,2023-07-23 16:00:00,696.04,0.38
CUST-130,ORD-4866,North,Electronics,2023-07-22 17:00:00,2023-07-23 17:00:00,,0.07
CUST-719,ORD-4867,North,Clothing,2023-07-22 18:00:00,2023-07-23 18:00:00,433.55,0.35
CUST-887,ORD-4868,East,Grocery,2023-07-22 19:00:00,2023-07-23 19:00:00,205.51,0.24
CUST-136,ORD-4869,East,Electronics,2023-07-22 20:00:00,2023-07-23 20:00:00,911.69,0.11
CUST-256,ORD-4870,South,Furniture,2023-07-22 21:00:00,2023-07-23 21:00:00,182.84,0.24
CUST-150,ORD-4871,West,Clothing,2023-07-22 22:00:00,2023-07-23 22:00:00,293.2,0.14
CUST-729,ORD-4872,North,Electronics,2023-07-22 23:00:00,2023-07-23 23:00:00,521.67,0.24
CUST-330,ORD-4873,North,Clothing,2023-07-23 00:00:00,2023-07-24 00:00:00,270.73,0.22
CUST-849,ORD-4874,West,Furniture,2023-07-23 01:00:00,2023-07-24 01:00:00,217.77,0.38
CUST-254,ORD-4875,West,Electronics,2023-07-23 02:00:00,2023-07-24 02:00:00,603.11,0.4
CUST-780,ORD-4876,South,Grocery,2023-07-23 03:00:00,2023-07-24 03:00:00,98.04,0.32
CUST-864,ORD-4877,West,Electronics,2023-07-23 04:00:00,2023-07-24 04:00:00,67.59,0.06
CUST-693,ORD-4878,North,Grocery,2023-07-23 05:00:00,2023-07-24 05:00:00,378.52,0.47
CUST-403,ORD-4879,North,Electronics,2023-07-23 06:00:00,2023-07-24 06:00:00,723.46,0.36
CUST-502,ORD-4880,North,Grocery,2023-07-23 07:00:00,2023-07-24 07:00:00,559.26,0.07
CUST-146,ORD-4881,North,Furniture,2023-07-23 08:00:00,2023-07-24 08:00:00,428.65,0.42
CUST-592,ORD-4882,North,Furniture,2023-07-23 09:00:00,2023-07-24 09:00:00,570.09,0.14
CUST-648,ORD-4883,South,Furniture,2023-07-23 10:00:00,2023-07-24 10:00:00,371.8,0.31
CUST-276,ORD-4884,North,Electronics,2023-07-23 11:00:00,2023-07-24 11:00:00,936.78,0.26
CUST-643,ORD-4885,South,Furniture,2023-07-23 12:00:00,2023-07-24 12:00:00,64.36,0.24
CUST-425,ORD-4886,North,Clothing,2023-07-23 13:00:00,2023-07-24 13:00:00,676.66,0.45
CUST-385,ORD-4887,East,Furniture,2023-07-23 14:00:00,2023-07-24 14:00:00,892.37,0.25
CUST-463,ORD-4888,East,Grocery,2023-07-23 15:00:00,2023-07-24 15:00:00,805.85,0.08
CUST-78,ORD-4889,East,Grocery,2023-07-23 16:00:00,2023-07-24 16:00:00,192.2,0.48
CUST-649,ORD-4890,East,Grocery,2023-07-23 17:00:00,2023-07-24 17:00:00,302.97,0.46
CUST-814,ORD-4891,South,Electronics,2023-07-23 18:00:00,2023-07-24 18:00:00,719.88,0.36
CUST-902,ORD-4892,South,Clothing,2023-07-23 19:00:00,2023-07-24 19:00:00,93.43,0.26
CUST-788,ORD-4893,West,Furniture,2023-07-23 20:00:00,2023-07-24 20:00:00,813.74,0.09
CUST-96,ORD-4894,North,Clothing,2023-07-23 21:00:00,2023-07-24 21:00:00,721.72,0.41
CUST-413,ORD-4895,East,Clothing,2023-07-23 22:00:00,2023-07-24 22:00:00,732.31,0.08
CUST-528,ORD-4896,South,Grocery,2023-07-23 23:00:00,2023-07-24 23:00:00,109.24,0.08
CUST-768,ORD-4897,North,Grocery,2023-07-24 00:00:00,2023-07-25 00:00:00,720.58,0.29
CUST-285,ORD-4898,North,Grocery,2023-07-24 01:00:00,2023-07-25 01:00:00,683.02,0.12
CUST-712,ORD-4899,South,Electronics,2023-07-24 02:00:00,2023-07-25 02:00:00,832.61,0.05
CUST-959,ORD-4900,East,Clothing,2023-07-24 03:00:00,2023-07-25 03:00:00,51.18,0.24
CUST-899,ORD-4901,West,Clothing,2023-07-24 04:00:00,2023-07-25 04:00:00,32.88,0.11
CUST-378,ORD-4902,North,Electronics,2023-07-24 05:00:00,2023-07-25 05:00:00,379.28,0.12
CUST-466,ORD-4903,West,Electronics,2023-07-24 06:00:00,2023-07-25 06:00:00,157.3,0.08
CUST-974,ORD-4904,East,Electronics,2023-07-24 07:00:00,2023-07-25 07:00:00,562.8,0.14
CUST-500,ORD-4905,East,Clothing,2023-07-24 08:00:00,2023-07-25 08:00:00,918.18,0.37
CUST-336,ORD-4906,West,Clothing,2023-07-24 09:00:00,2023-07-25 09:00:00,397.56,0.41
CUST-596,ORD-4907,East,Grocery,2023-07-24 10:00:00,2023-07-25 10:00:00,846.5,0.25
CUST-3,ORD-4908,North,Grocery,2023-07-24 11:00:00,2023-07-25 11:00:00,10.24,0.28
CUST-890,ORD-4909,West,Clothing,2023-07-24 12:00:00,2023-07-25 12:00:00,176.83,0.06
CUST-793,ORD-4910,East,Grocery,2023-07-24 13:00:00,2023-07-25 13:00:00,40.12,0.08
CUST-868,ORD-4911,West,Electronics,2023-07-24 14:00:00,2023-07-25 14:00:00,334.87,0.17
CUST-751,ORD-4912,North,Furniture,2023-07-24 15:00:00,2023-07-25 15:00:00,909.11,0.29
CUST-96,ORD-4913,East,Grocery,2023-07-24 16:00:00,2023-07-25 16:00:00,105.98,0.38
CUST-749,ORD-4914,North,Clothing,2023-07-24 17:00:00,2023-07-25 17:00:00,610.35,0.32
CUST-996,ORD-4915,East,Grocery,2023-07-24 18:00:00,2023-07-25 18:00:00,456.98,0.23
CUST-470,ORD-4916,South,Grocery,2023-07-24 19:00:00,2023-07-25 19:00:00,,0.1
CUST-651,ORD-4917,East,Grocery,2023-07-24 20:00:00,2023-07-25 20:00:00,131.29,0.4
CUST-681,ORD-4918,West,Furniture,2023-07-24 21:00:00,2023-07-25 21:00:00,219.91,0.21
CUST-715,ORD-4919,East,Electronics,2023-07-24 22:00:00,2023-07-25 22:00:00,39.25,0.38
CUST-367,ORD-4920,North,Clothing,2023-07-24 23:00:00,2023-07-25 23:00:00,439.6,0.28
CUST-871,ORD-4921,North,Furniture,2023-07-25 00:00:00,2023-07-26 00:00:00,285.05,0.38
CUST-65,ORD-4922,East,Clothing,2023-07-25 01:00:00,2023-07-26 01:00:00,871.21,0.46
CUST-815,ORD-4923,West,Clothing,2023-07-25 02:00:00,2023-07-26 02:00:00,608.89,0.46
CUST-548,ORD-4924,South,Clothing,2023-07-25 03:00:00,2023-07-26 03:00:00,,0.29
CUST-408,ORD-4925,West,Furniture,2023-07-25 04:00:00,2023-07-26 04:00:00,536.59,0.28
CUST-224,ORD-4926,South,Electronics,2023-07-25 05:00:00,2023-07-26 05:00:00,100.93,0.17
CUST-992,ORD-4927,North,Clothing,2023-07-25 06:00:00,2023-07-26 06:00:00,450.57,0.47
CUST-440,ORD-4928,West,Electronics,2023-07-25 07:00:00,2023-07-26 07:00:00,999.51,0.26
CUST-845,ORD-4929,South,Electronics,2023-07-25 08:00:00,2023-07-26 08:00:00,836.88,0.11
CUST-217,ORD-4930,East,Grocery,2023-07-25 09:00:00,2023-07-26 09:00:00,894.52,0.24
CUST-507,ORD-4931,North,Furniture,2023-07-25 10:00:00,2023-07-26 10:00:00,824.99,0.11
CUST-275,ORD-4932,East,Furniture,2023-07-25 11:00:00,2023-07-26 11:00:00,112.01,0.28
CUST-331,ORD-4933,North,Grocery,2023-07-25 12:00:00,2023-07-26 12:00:00,235.17,0.3
CUST-849,ORD-4934,West,Grocery,2023-07-25 13:00:00,2023-07-26 13:00:00,13.09,0.2
CUST-291,ORD-4935,West,Electronics,2023-07-25 14:00:00,2023-07-26 14:00:00,310.48,0.08
CUST-346,ORD-4936,North,Clothing,2023-07-25 15:00:00,2023-07-26 15:00:00,117.52,0.47
CUST-561,ORD-4937,North,Furniture,2023-07-25 16:00:00,2023-07-26 16:00:00,478.07,0.4
CUST-592,ORD-4938,North,Clothing,2023-07-25 17:00:00,2023-07-26 17:00:00,680.36,0.43
CUST-134,ORD-4939,West,Clothing,2023-07-25 18:00:00,2023-07-26 18:00:00,875.76,0.22
CUST-580,ORD-4940,South,Grocery,2023-07-25 19:00:00,2023-07-26 19:00:00,751.72,0.39
CUST-873,ORD-4941,East,Clothing,2023-07-25 20:00:00,2023-07-26 20:00:00,939.2,0.27
CUST-497,ORD-4942,East,Electronics,2023-07-25 21:00:00,2023-07-26 21:00:00,63.36,0.14
CUST-808,ORD-4943,West,Grocery,2023-07-25 22:00:00,2023-07-26 22:00:00,22.06,0.11
CUST-352,ORD-4944,East,Clothing,2023-07-25 23:00:00,2023-07-26 23:00:00,664.72,0.21
CUST-916,ORD-4945,North,Grocery,2023-07-26 00:00:00,2023-07-27 00:00:00,296.46,0.11
CUST-699,ORD-4946,South,Electronics,2023-07-26 01:00:00,2023-07-27 01:00:00,260.97,0.5
CUST-781,ORD-4947,East,Electronics,2023-07-26 02:00:00,2023-07-27 02:00:00,337.58,0.07
CUST-50,ORD-4948,South,Clothing,2023-07-26 03:00:00,2023-07-27 03:00:00,277.1,0.25
CUST-48,ORD-4949,North,Grocery,2023-07-26 04:00:00,2023-07-27 04:00:00,516.32,0.25
CUST-102,ORD-4950,East,Clothing,2023-07-26 05:00:00,2023-07-27 05:00:00,445.75,0.19
CUST-642,ORD-4951,West,Clothing,2023-07-26 06:00:00,2023-07-27 06:00:00,517.3,0.31
CUST-803,ORD-4952,South,Grocery,2023-07-26 07:00:00,2023-07-27 07:00:00,675.99,0.12
CUST-857,ORD-4953,North,Clothing,2023-07-26 08:00:00,2023-07-27 08:00:00,393.26,0.4
CUST-471,ORD-4954,South,Electronics,2023-07-26 09:00:00,2023-07-27 09:00:00,258.79,0.2
CUST-17,ORD-4955,East,Grocery,2023-07-26 10:00:00,2023-07-27 10:00:00,174.54,0.32
CUST-128,ORD-4956,East,Grocery,2023-07-26 11:00:00,2023-07-27 11:00:00,355.98,0.37
CUST-952,ORD-4957,West,Grocery,2023-07-26 12:00:00,2023-07-27 12:00:00,744.39,0.45
CUST-879,ORD-4958,North,Grocery,2023-07-26 13:00:00,2023-07-27 13:00:00,759.14,0.43
CUST-162,ORD-4959,North,Clothing,2023-07-26 14:00:00,2023-07-27 14:00:00,670.24,0.32
CUST-452,ORD-4960,West,Clothing,2023-07-26 15:00:00,2023-07-27 15:00:00,241.69,0.22
CUST-468,ORD-4961,West,Electronics,2023-07-26 16:00:00,2023-07-27 16:00:00,592.21,0.28
CUST-1,ORD-4962,North,Furniture,2023-07-26 17:00:00,2023-07-27 17:00:00,574.98,0.4
CUST-982,ORD-4963,South,Furniture,2023-07-26 18:00:00,2023-07-27 18:00:00,489.42,0.44
CUST-439,ORD-4964,South,Electronics,2023-07-26 19:00:00,2023-07-27 19:00:00,554.48,0.1
CUST-208,ORD-4965,West,Furniture,2023-07-26 20:00:00,2023-07-27 20:00:00,496.87,0.22
CUST-706,ORD-4966,South,Electronics,2023-07-26 21:00:00,2023-07-27 21:00:00,569.8,0.4
CUST-932,ORD-4967,North,Clothing,2023-07-26 22:00:00,2023-07-27 22:00:00,718.35,0.24
CUST-136,ORD-4968,East,Grocery,2023-07-26 23:00:00,2023-07-27 23:00:00,118.53,0.2
CUST-904,ORD-4969,East,Grocery,2023-07-27 00:00:00,2023-07-28 00:00:00,752.13,0.24
CUST-666,ORD-4970,South,Clothing,2023-07-27 01:00:00,2023-07-28 01:00:00,144.53,0.32
CUST-310,ORD-4971,West,Grocery,2023-07-27 02:00:00,2023-07-28 02:00:00,75.96,0.5
CUST-163,ORD-4972,West,Grocery,2023-07-27 03:00:00,2023-07-28 03:00:00,,0.27
CUST-896,ORD-4973,West,Furniture,2023-07-27 04:00:00,2023-07-28 04:00:00,957.42,0.14
CUST-956,ORD-4974,West,Clothing,2023-07-27 05:00:00,2023-07-28 05:00:00,69.83,0.12
CUST-898,ORD-4975,West,Furniture,2023-07-27 06:00:00,2023-07-28 06:00:00,448.82,0.07
CUST-281,ORD-4976,South,Furniture,2023-07-27 07:00:00,2023-07-28 07:00:00,194.38,0.3
CUST-96,ORD-4977,East,Grocery,2023-07-27 08:00:00,2023-07-28 08:00:00,490.49,0.3
CUST-671,ORD-4978,East,Grocery,2023-07-27 09:00:00,2023-07-28 09:00:00,,0.14
CUST-370,ORD-4979,South,Clothing,2023-07-27 10:00:00,2023-07-28 10:00:00,951.11,0.36
CUST-257,ORD-4980,West,Grocery,2023-07-27 11:00:00,2023-07-28 11:00:00,637.91,0.38
CUST-85,ORD-4981,South,Grocery,2023-07-27 12:00:00,2023-07-28 12:00:00,360.37,0.17
CUST-381,ORD-4982,East,Clothing,2023-07-27 13:00:00,2023-07-28 13:00:00,607.29,0.2
CUST-681,ORD-4983,North,Grocery,2023-07-27 14:00:00,2023-07-28 14:00:00,318.88,0.5
CUST-926,ORD-4984,South,Furniture,2023-07-27 15:00:00,2023-07-28 15:00:00,910.73,0.22
CUST-665,ORD-4985,West,Clothing,2023-07-27 16:00:00,2023-07-28 16:00:00,871.7,0.39
CUST-170,ORD-4986,East,Grocery,2023-07-27 17:00:00,2023-07-28 17:00:00,562.65,0.25
CUST-54,ORD-4987,East,Electronics,2023-07-27 18:00:00,2023-07-28 18:00:00,331.55,0.41
CUST-406,ORD-4988,East,Clothing,2023-07-27 19:00:00,2023-07-28 19:00:00,300.46,0.6000000000000001
CUST-641,ORD-4989,East,Clothing,2023-07-27 20:00:00,2023-07-28 20:00:00,43.08,0.35
CUST-313,ORD-4990,West,Electronics,2023-07-27 21:00:00,2023-07-28 21:00:00,817.66,0.43
CUST-744,ORD-4991,North,Grocery,2023-07-27 22:00:00,2023-07-28 22:00:00,455.88,0.47
CUST-717,ORD-4992,East,Grocery,2023-07-27 23:00:00,2023-07-28 23:00:00,331.88,0.31
CUST-774,ORD-4993,South,Clothing,2023-07-28 00:00:00,2023-07-29 00:00:00,476.4,0.16
CUST-240,ORD-4994,North,Clothing,2023-07-28 01:00:00,2023-07-29 01:00:00,820.55,0.23
CUST-440,ORD-4995,East,Grocery,2023-07-28 02:00:00,2023-07-29 02:00:00,133.37,0.39
CUST-672,ORD-4996,North,Grocery,2023-07-28 03:00:00,2023-07-29 03:00:00,859.08,0.34
CUST-94,ORD-4997,South,Furniture,2023-07-28 04:00:00,2023-07-29 04:00:00,898.53,0.13
CUST-721,ORD-4998,East,Clothing,2023-07-28 05:00:00,2023-07-29 05:00:00,947.24,0.07
CUST-98,ORD-4999,South,Clothing,2023-07-28 06:00:00,2023-07-29 06:00:00,403.51,0.36
CUST-2,ORD-5000,West,Electronics,2023-07-28 07:00:00,2023-07-29 07:00:00,112.485,0.16
